,Open,Low,High,Close,Change,ChangePercent,Date_Gregorian,Date_Jalali,weekday_en,weekday_fa
0,"13,700","13,700","13,700","13,700",260,1.93%,2011-11-26,1390/09/05,Saturday,شنبه
1,"13,440","13,440","13,440","13,440",90,0.67%,2011-11-27,1390/09/06,Sunday,یکشنبه
2,"13,350","13,350","13,350","13,350",-,-,2011-11-28,1390/09/07,Monday,دوشنبه
3,"13,500","13,500","13,500","13,500",90,0.67%,2011-11-30,1390/09/09,Wednesday,چهارشنبه
4,"13,610","13,610","13,610","13,610",13,0.1%,2011-12-03,1390/09/12,Saturday,شنبه
5,"13,550","13,550","13,550","13,550",57,0.42%,2011-12-07,1390/09/16,Wednesday,چهارشنبه
6,"13,450","13,450","13,450","13,450",80,0.59%,2011-12-10,1390/09/19,Saturday,شنبه
7,"13,530","13,530","13,530","13,530",100,0.74%,2011-12-11,1390/09/20,Sunday,یکشنبه
8,"13,630","13,630","13,630","13,630",140,1.03%,2011-12-12,1390/09/21,Monday,دوشنبه
9,"13,770","13,770","13,770","13,770",60,0.44%,2011-12-13,1390/09/22,Tuesday,سه‌شنبه
10,"13,710","13,710","13,710","13,710",20,0.15%,2011-12-14,1390/09/23,Wednesday,چهارشنبه
11,"14,080","14,080","14,080","14,080",420,2.98%,2011-12-17,1390/09/26,Saturday,شنبه
12,"14,500","14,500","14,500","14,500",800,5.52%,2011-12-18,1390/09/27,Sunday,یکشنبه
13,"15,300","15,300","15,300","15,300",150,0.99%,2011-12-19,1390/09/28,Monday,دوشنبه
14,"15,150","15,150","15,150","15,150",920,6.47%,2011-12-20,1390/09/29,Tuesday,سه‌شنبه
15,"14,230","14,230","14,230","14,230",74,0.52%,2011-12-21,1390/09/30,Wednesday,چهارشنبه
16,"14,800","14,800","14,800","14,800",450,3.04%,2011-12-24,1390/10/03,Saturday,شنبه
17,"15,250","15,250","15,250","15,250",100,0.66%,2011-12-25,1390/10/04,Sunday,یکشنبه
18,"15,150","15,150","15,150","15,150",50,0.33%,2011-12-26,1390/10/05,Monday,دوشنبه
19,"15,200","15,200","15,200","15,200",20,0.13%,2011-12-27,1390/10/06,Tuesday,سه‌شنبه
20,"15,220","15,220","15,220","15,220",168,1.1%,2011-12-28,1390/10/07,Wednesday,چهارشنبه
21,"15,900","15,900","15,900","15,900",1500,9.43%,2011-12-31,1390/10/10,Saturday,شنبه
22,"17,400","17,400","17,400","17,400",1200,7.41%,2012-01-01,1390/10/11,Sunday,یکشنبه
23,"16,200","16,200","16,200","16,200",400,2.53%,2012-01-02,1390/10/12,Monday,دوشنبه
24,"15,800","15,800","15,800","15,800",180,1.14%,2012-01-03,1390/10/13,Tuesday,سه‌شنبه
25,"15,980","15,980","15,980","15,980",1,0.01%,2012-01-04,1390/10/14,Wednesday,چهارشنبه
26,"16,550","16,550","16,550","16,550",350,2.11%,2012-01-07,1390/10/17,Saturday,شنبه
27,"16,900","16,900","16,900","16,900",-,-,2012-01-08,1390/10/18,Sunday,یکشنبه
28,"16,900","16,900","16,900","16,900",20,0.12%,2012-01-09,1390/10/19,Monday,دوشنبه
29,"16,920","16,920","16,920","16,920",30,0.18%,2012-01-10,1390/10/20,Tuesday,سه‌شنبه
30,"16,950","16,950","16,950","16,950",36,0.21%,2012-01-11,1390/10/21,Wednesday,چهارشنبه
31,"16,900","16,900","16,900","16,900",500,2.96%,2012-01-15,1390/10/25,Sunday,یکشنبه
32,"17,400","17,400","17,400","17,400",800,4.6%,2012-01-16,1390/10/26,Monday,دوشنبه
33,"18,200","18,200","18,200","18,200",-,-,2012-01-17,1390/10/27,Tuesday,سه‌شنبه
34,"18,200","18,200","18,200","18,200",590,3.24%,2012-01-18,1390/10/28,Wednesday,چهارشنبه
35,"19,400","18,900","19,700","19,300",200,1.05%,2012-01-20,1390/10/30,Friday,جمعه
36,"19,500","18,700","19,600","19,100",2100,12.35%,2012-01-22,1390/11/02,Sunday,یکشنبه
37,"17,000","17,000","17,000","17,000",100,0.59%,2012-01-25,1390/11/05,Wednesday,چهارشنبه
38,"18,300","18,300","18,300","18,300",-,-,2012-01-28,1390/11/08,Saturday,شنبه
39,"18,300","18,300","18,300","18,300",-,-,2012-01-29,1390/11/09,Sunday,یکشنبه
40,"18,300","18,300","18,300","18,300",470,2.64%,2012-01-31,1390/11/11,Tuesday,سه‌شنبه
41,"17,900","17,460","18,190","17,830",670,3.76%,2012-02-01,1390/11/12,Wednesday,چهارشنبه
42,"18,500","18,500","18,500","18,500",300,1.62%,2012-02-04,1390/11/15,Saturday,شنبه
43,"18,800","18,800","18,800","18,800",100,0.53%,2012-02-05,1390/11/16,Sunday,یکشنبه
44,"18,900","18,900","18,900","18,900",300,1.59%,2012-02-06,1390/11/17,Monday,دوشنبه
45,"19,200","19,200","19,200","19,200",150,0.78%,2012-02-07,1390/11/18,Tuesday,سه‌شنبه
46,"19,260","19,030","19,550","19,350",350,1.84%,2012-02-08,1390/11/19,Wednesday,چهارشنبه
47,"19,000","19,000","19,000","19,000",350,1.84%,2012-02-12,1390/11/23,Sunday,یکشنبه
48,"19,350","19,350","19,350","19,350",150,0.78%,2012-02-13,1390/11/24,Monday,دوشنبه
49,"19,500","19,500","19,500","19,500",100,0.51%,2012-02-14,1390/11/25,Tuesday,سه‌شنبه
50,"19,600","19,600","19,600","19,600",40,0.2%,2012-02-15,1390/11/26,Wednesday,چهارشنبه
51,"19,200","19,200","19,200","19,200",200,1.04%,2012-02-18,1390/11/29,Saturday,شنبه
52,"19,400","19,400","19,400","19,400",50,0.26%,2012-02-19,1390/11/30,Sunday,یکشنبه
53,"19,450","19,450","19,450","19,450",100,0.52%,2012-02-20,1390/12/01,Monday,دوشنبه
54,"19,350","19,350","19,350","19,350",-,-,2012-02-21,1390/12/02,Tuesday,سه‌شنبه
55,"19,350","19,350","19,350","19,350",17,0.09%,2012-02-22,1390/12/03,Wednesday,چهارشنبه
56,"19,300","19,300","19,300","19,300",600,3.21%,2012-02-25,1390/12/06,Saturday,شنبه
57,"18,700","18,700","18,700","18,700",200,1.08%,2012-02-26,1390/12/07,Sunday,یکشنبه
58,"18,500","18,500","18,500","18,500",700,3.78%,2012-02-27,1390/12/08,Monday,دوشنبه
59,"19,200","19,200","19,200","19,200",50,0.26%,2012-02-28,1390/12/09,Tuesday,سه‌شنبه
60,"19,250","19,250","19,250","19,250",-,-,2012-02-29,1390/12/10,Wednesday,چهارشنبه
61,"19,000","19,000","19,000","19,000",100,0.53%,2012-03-03,1390/12/13,Saturday,شنبه
62,"19,100","19,100","19,100","19,100",150,0.79%,2012-03-04,1390/12/14,Sunday,یکشنبه
63,"18,950","18,950","18,950","18,950",100,0.53%,2012-03-05,1390/12/15,Monday,دوشنبه
64,"18,850","18,850","18,850","18,850",150,0.8%,2012-03-06,1390/12/16,Tuesday,سه‌شنبه
65,"19,000","19,000","19,000","19,000",200,1.06%,2012-03-07,1390/12/17,Wednesday,چهارشنبه
66,"18,700","18,700","18,700","18,700",150,0.8%,2012-03-10,1390/12/20,Saturday,شنبه
67,"18,850","18,850","18,850","18,850",50,0.27%,2012-03-11,1390/12/21,Sunday,یکشنبه
68,"18,800","18,800","18,800","18,800",200,1.08%,2012-03-12,1390/12/22,Monday,دوشنبه
69,"18,600","18,600","18,600","18,600",100,0.54%,2012-03-13,1390/12/23,Tuesday,سه‌شنبه
70,"18,500","18,500","18,500","18,500",20,0.11%,2012-03-14,1390/12/24,Wednesday,چهارشنبه
71,"19,150","19,150","19,150","19,150",27,0.14%,2012-03-17,1390/12/27,Saturday,شنبه
72,"18,900","18,900","18,900","18,900",100,0.53%,2012-03-24,1391/01/05,Saturday,شنبه
73,"19,000","19,000","19,000","19,000",-,-,2012-03-25,1391/01/06,Sunday,یکشنبه
74,"19,200","19,200","19,200","19,200",-,-,2012-03-27,1391/01/08,Tuesday,سه‌شنبه
75,"19,200","19,200","19,200","19,200",10,0.05%,2012-03-28,1391/01/09,Wednesday,چهارشنبه
76,"19,000","19,000","19,000","19,000",50,0.26%,2012-04-02,1391/01/14,Monday,دوشنبه
77,"18,950","18,950","18,950","18,950",50,0.26%,2012-04-03,1391/01/15,Tuesday,سه‌شنبه
78,"19,000","19,000","19,000","19,000",-,-,2012-04-04,1391/01/16,Wednesday,چهارشنبه
79,"19,010","19,010","19,010","19,010",10,0.05%,2012-04-07,1391/01/19,Saturday,شنبه
80,"19,000","19,000","19,000","19,000",350,1.88%,2012-04-08,1391/01/20,Sunday,یکشنبه
81,"18,650","18,650","18,650","18,650",150,0.8%,2012-04-09,1391/01/21,Monday,دوشنبه
82,"18,800","18,800","18,800","18,800",40,0.21%,2012-04-10,1391/01/22,Tuesday,سه‌شنبه
83,"18,840","18,840","18,840","18,840",28,0.15%,2012-04-11,1391/01/23,Wednesday,چهارشنبه
84,"17,300","17,300","17,300","17,300",500,2.89%,2012-04-14,1391/01/26,Saturday,شنبه
85,"17,800","17,800","17,800","17,800",200,1.12%,2012-04-15,1391/01/27,Sunday,یکشنبه
86,"18,000","18,000","18,000","18,000",240,1.33%,2012-04-16,1391/01/28,Monday,دوشنبه
87,"18,240","18,240","18,240","18,240",60,0.33%,2012-04-17,1391/01/29,Tuesday,سه‌شنبه
88,"18,180","18,180","18,180","18,180",115,0.64%,2012-04-18,1391/01/30,Wednesday,چهارشنبه
89,"17,950","17,950","17,950","17,950",160,0.9%,2012-04-21,1391/02/02,Saturday,شنبه
90,"17,790","17,790","17,790","17,790",210,1.19%,2012-04-22,1391/02/03,Sunday,یکشنبه
91,"17,580","17,580","17,580","17,580",61,0.35%,2012-04-23,1391/02/04,Monday,دوشنبه
92,"16,959","16,623","17,363","17,185",155,0.9%,2012-04-25,1391/02/06,Wednesday,چهارشنبه
93,"17,340","17,340","17,340","17,340",90,0.52%,2012-04-28,1391/02/09,Saturday,شنبه
94,"17,250","17,250","17,250","17,250",150,0.88%,2012-04-29,1391/02/10,Sunday,یکشنبه
95,"17,100","17,100","17,100","17,100",10,0.06%,2012-04-30,1391/02/11,Monday,دوشنبه
96,"17,090","17,090","17,090","17,090",40,0.23%,2012-05-01,1391/02/12,Tuesday,سه‌شنبه
97,"17,050","17,050","17,050","17,050",258,1.54%,2012-05-02,1391/02/13,Wednesday,چهارشنبه
98,"16,720","16,720","16,720","16,720",80,0.48%,2012-05-05,1391/02/16,Saturday,شنبه
99,"16,640","16,640","16,640","16,640",90,0.54%,2012-05-06,1391/02/17,Sunday,یکشنبه
100,"16,550","16,550","16,550","16,550",50,0.3%,2012-05-07,1391/02/18,Monday,دوشنبه
101,"16,500","16,500","16,500","16,500",310,1.91%,2012-05-08,1391/02/19,Tuesday,سه‌شنبه
102,"16,190","16,190","16,190","16,190",254,1.59%,2012-05-09,1391/02/20,Wednesday,چهارشنبه
103,"15,750","15,750","15,750","15,750",500,3.17%,2012-05-12,1391/02/23,Saturday,شنبه
104,"16,250","16,250","16,250","16,250",440,2.71%,2012-05-13,1391/02/24,Sunday,یکشنبه
105,"16,690","16,690","16,690","16,690",310,1.89%,2012-05-14,1391/02/25,Monday,دوشنبه
106,"16,380","16,380","16,380","16,380",270,1.65%,2012-05-15,1391/02/26,Tuesday,سه‌شنبه
107,"16,650","16,650","16,650","16,650",139,0.83%,2012-05-16,1391/02/27,Wednesday,چهارشنبه
108,"16,760","16,760","16,760","16,760",90,0.54%,2012-05-19,1391/02/30,Saturday,شنبه
109,"16,850","16,850","16,850","16,850",160,0.96%,2012-05-20,1391/02/31,Sunday,یکشنبه
110,"16,690","16,690","16,690","16,690",20,0.12%,2012-05-21,1391/03/01,Monday,دوشنبه
111,"16,710","16,710","16,710","16,710",890,5.33%,2012-05-22,1391/03/02,Tuesday,سه‌شنبه
112,"17,600","17,600","17,600","17,600",30,0.17%,2012-05-23,1391/03/03,Wednesday,چهارشنبه
113,"17,200","17,200","17,200","17,200",100,0.58%,2012-05-26,1391/03/06,Saturday,شنبه
114,"17,300","17,300","17,300","17,300",300,1.73%,2012-05-27,1391/03/07,Sunday,یکشنبه
115,"17,600","17,600","17,600","17,600",80,0.45%,2012-05-28,1391/03/08,Monday,دوشنبه
116,"17,680","17,680","17,680","17,680",20,0.11%,2012-05-29,1391/03/09,Tuesday,سه‌شنبه
117,"17,700","17,700","17,700","17,700",-,-,2012-05-30,1391/03/10,Wednesday,چهارشنبه
118,"17,756","17,462","18,061","17,700",-,-,2012-06-01,1391/03/12,Friday,جمعه
119,"17,700","17,700","17,700","17,700",150,0.85%,2012-06-05,1391/03/16,Tuesday,سه‌شنبه
120,"17,850","17,850","17,850","17,850",280,1.57%,2012-06-06,1391/03/17,Wednesday,چهارشنبه
121,"18,210","18,210","18,210","18,210",60,0.33%,2012-06-09,1391/03/20,Saturday,شنبه
122,"18,150","18,150","18,150","18,150",250,1.4%,2012-06-10,1391/03/21,Sunday,یکشنبه
123,"17,900","17,900","17,900","17,900",300,1.7%,2012-06-11,1391/03/22,Monday,دوشنبه
124,"17,600","17,600","17,600","17,600",200,1.14%,2012-06-12,1391/03/23,Tuesday,سه‌شنبه
125,"17,800","17,800","17,800","17,800",30,0.17%,2012-06-13,1391/03/24,Wednesday,چهارشنبه
126,"18,000","18,000","18,000","18,000",-,-,2012-06-16,1391/03/27,Saturday,شنبه
127,"18,280","18,280","18,280","18,280",20,0.11%,2012-06-19,1391/03/30,Tuesday,سه‌شنبه
128,"18,300","18,300","18,300","18,300",460,2.51%,2012-06-20,1391/03/31,Wednesday,چهارشنبه
129,"19,050","19,050","19,050","19,050",100,0.53%,2012-06-23,1391/04/03,Saturday,شنبه
130,"18,950","18,950","18,950","18,950",250,1.32%,2012-06-24,1391/04/04,Sunday,یکشنبه
131,"19,200","19,200","19,200","19,200",200,1.04%,2012-06-25,1391/04/05,Monday,دوشنبه
132,"19,400","19,400","19,400","19,400",750,3.87%,2012-06-26,1391/04/06,Tuesday,سه‌شنبه
133,"20,150","20,150","20,150","20,150",-,-,2012-06-27,1391/04/07,Wednesday,چهارشنبه
134,"20,150","20,150","20,150","20,150",620,3.17%,2012-06-28,1391/04/08,Thursday,پنج‌شنبه
135,"19,890","19,520","19,890","19,530",100,0.51%,2012-06-30,1391/04/10,Saturday,شنبه
136,"19,460","19,280","19,560","19,430",330,1.7%,2012-07-01,1391/04/11,Sunday,یکشنبه
137,"19,410","19,400","19,760","19,760",80,0.41%,2012-07-02,1391/04/12,Monday,دوشنبه
138,"19,800","19,610","19,830","19,680",169,0.87%,2012-07-03,1391/04/13,Tuesday,سه‌شنبه
139,"19,390","19,040","19,390","19,100",30,0.16%,2012-07-07,1391/04/17,Saturday,شنبه
140,"19,020","18,810","19,160","19,130",230,1.2%,2012-07-08,1391/04/18,Sunday,یکشنبه
141,"19,200","19,200","19,460","19,360",220,1.15%,2012-07-09,1391/04/19,Monday,دوشنبه
142,"19,330","19,100","19,340","19,140",80,0.42%,2012-07-10,1391/04/20,Tuesday,سه‌شنبه
143,"19,170","19,150","19,240","19,220",5,0.03%,2012-07-11,1391/04/21,Wednesday,چهارشنبه
144,"19,130","19,010","19,130","19,020",180,0.95%,2012-07-14,1391/04/24,Saturday,شنبه
145,"18,900","18,900","19,200","19,200",110,0.58%,2012-07-15,1391/04/25,Sunday,یکشنبه
146,"19,280","19,090","19,280","19,090",60,0.31%,2012-07-16,1391/04/26,Monday,دوشنبه
147,"19,040","19,030","19,220","19,150",50,0.26%,2012-07-17,1391/04/27,Tuesday,سه‌شنبه
148,"19,140","19,080","19,140","19,100",-,-,2012-07-18,1391/04/28,Wednesday,چهارشنبه
149,"19,070","18,980","19,080","18,990",90,0.47%,2012-07-21,1391/04/31,Saturday,شنبه
150,"18,960","18,960","19,090","19,080",130,0.68%,2012-07-22,1391/05/01,Sunday,یکشنبه
151,"19,100","19,100","19,230","19,210",80,0.42%,2012-07-23,1391/05/02,Monday,دوشنبه
152,"19,200","19,200","19,340","19,290",280,1.45%,2012-07-24,1391/05/03,Tuesday,سه‌شنبه
153,"19,350","19,350","19,600","19,570",3,0.02%,2012-07-25,1391/05/04,Wednesday,چهارشنبه
154,"19,650","19,420","19,650","19,470",210,1.08%,2012-07-28,1391/05/07,Saturday,شنبه
155,"19,500","19,500","19,680","19,680",30,0.15%,2012-07-29,1391/05/08,Sunday,یکشنبه
156,"19,710","19,630","19,710","19,710",360,1.83%,2012-07-30,1391/05/09,Monday,دوشنبه
157,"19,820","19,800","20,080","20,070",120,0.6%,2012-07-31,1391/05/10,Tuesday,سه‌شنبه
158,"20,080","20,080","20,250","20,190",-,-,2012-08-01,1391/05/11,Wednesday,چهارشنبه
159,"20,040","20,040","20,480","20,440",1020,4.99%,2012-08-04,1391/05/14,Saturday,شنبه
160,"20,700","20,700","21,550","21,460",520,2.42%,2012-08-05,1391/05/15,Sunday,یکشنبه
161,"21,800","21,570","22,100","21,980",1130,5.42%,2012-08-06,1391/05/16,Monday,دوشنبه
162,"21,970","20,850","21,970","20,850",100,0.48%,2012-08-07,1391/05/17,Tuesday,سه‌شنبه
163,"20,700","20,570","20,950","20,950",322,1.54%,2012-08-08,1391/05/18,Wednesday,چهارشنبه
164,"21,390","21,370","21,520","21,480",180,0.85%,2012-08-11,1391/05/21,Saturday,شنبه
165,"21,400","21,290","21,410","21,300",90,0.42%,2012-08-12,1391/05/22,Sunday,یکشنبه
166,"21,290","21,210","21,310","21,210",140,0.66%,2012-08-13,1391/05/23,Monday,دوشنبه
167,"21,230","21,070","21,240","21,070",190,0.9%,2012-08-14,1391/05/24,Tuesday,سه‌شنبه
168,"21,110","21,060","21,260","21,260",9,0.04%,2012-08-15,1391/05/25,Wednesday,چهارشنبه
169,"21,230","20,960","21,680","21,240",120,0.56%,2012-08-17,1391/05/27,Friday,جمعه
170,"21,360","21,290","21,360","21,360",270,1.26%,2012-08-21,1391/05/31,Tuesday,سه‌شنبه
171,"21,420","21,420","21,690","21,630",71,0.33%,2012-08-22,1391/06/01,Wednesday,چهارشنبه
172,"22,000","21,650","22,000","21,730",230,1.06%,2012-08-25,1391/06/04,Saturday,شنبه
173,"21,750","21,720","21,960","21,960",20,0.09%,2012-08-26,1391/06/05,Sunday,یکشنبه
174,"21,930","21,930","21,940","21,940",-,-,2012-08-27,1391/06/06,Monday,دوشنبه
175,"21,930","21,930","21,950","21,940",109,0.5%,2012-08-28,1391/06/07,Tuesday,سه‌شنبه
176,"21,894","21,716","22,266","21,914",324,1.5%,2012-08-29,1391/06/08,Wednesday,چهارشنبه
177,"21,780","21,590","21,780","21,590",140,0.65%,2012-09-01,1391/06/11,Saturday,شنبه
178,"21,500","21,330","21,730","21,730",90,0.41%,2012-09-02,1391/06/12,Sunday,یکشنبه
179,"21,820","21,750","21,910","21,820",360,1.65%,2012-09-03,1391/06/13,Monday,دوشنبه
180,"21,820","21,810","22,190","22,180",30,0.14%,2012-09-04,1391/06/14,Tuesday,سه‌شنبه
181,"22,370","22,210","22,500","22,210",166,0.75%,2012-09-05,1391/06/15,Wednesday,چهارشنبه
182,"23,140","23,140","24,480","24,480",1120,4.58%,2012-09-08,1391/06/18,Saturday,شنبه
183,"24,900","24,900","26,300","25,600",850,3.43%,2012-09-09,1391/06/19,Sunday,یکشنبه
184,"25,200","24,250","25,200","24,750",16,0.06%,2012-09-10,1391/06/20,Monday,دوشنبه
185,"23,865","23,686","24,378","24,195",275,1.14%,2012-09-12,1391/06/22,Wednesday,چهارشنبه
186,"24,350","24,320","24,550","24,470",460,1.88%,2012-09-15,1391/06/25,Saturday,شنبه
187,"24,470","24,470","25,240","24,930",570,2.34%,2012-09-16,1391/06/26,Sunday,یکشنبه
188,"24,700","24,300","24,820","24,360",80,0.33%,2012-09-17,1391/06/27,Monday,دوشنبه
189,"24,210","23,990","24,360","24,280",100,0.41%,2012-09-18,1391/06/28,Tuesday,سه‌شنبه
190,"24,340","24,340","24,410","24,380",93,0.38%,2012-09-19,1391/06/29,Wednesday,چهارشنبه
191,"24,660","24,510","24,780","24,760",440,1.78%,2012-09-22,1391/07/01,Saturday,شنبه
192,"24,600","24,600","25,300","25,200",280,1.11%,2012-09-23,1391/07/02,Sunday,یکشنبه
193,"25,310","25,310","26,530","25,480",820,3.22%,2012-09-24,1391/07/03,Monday,دوشنبه
194,"26,150","26,120","26,460","26,300",600,2.28%,2012-09-25,1391/07/04,Tuesday,سه‌شنبه
195,"26,760","26,760","26,900","26,900",50,0.19%,2012-09-26,1391/07/05,Wednesday,چهارشنبه
196,"29,600","29,410","29,800","29,800",4900,16.44%,2012-09-29,1391/07/08,Saturday,شنبه
197,"29,680","29,680","34,700","34,700",1400,4.03%,2012-09-30,1391/07/09,Sunday,یکشنبه
198,"33,300","33,300","36,100","36,100",2100,6.18%,2012-10-01,1391/07/10,Monday,دوشنبه
199,"35,700","30,000","36,300","34,000",4000,13.33%,2012-10-02,1391/07/11,Tuesday,سه‌شنبه
200,"31,000","29,600","32,000","30,000",-,-,2012-10-03,1391/07/12,Wednesday,چهارشنبه
201,"29,800","28,500","31,200","30,000",3400,11.33%,2012-10-06,1391/07/15,Saturday,شنبه
202,"30,670","30,670","33,400","33,400",400,1.21%,2012-10-07,1391/07/16,Sunday,یکشنبه
203,"34,000","33,000","34,500","33,000",-,-,2012-10-08,1391/07/17,Monday,دوشنبه
204,"32,200","31,250","33,500","33,000",250,0.76%,2012-10-09,1391/07/18,Tuesday,سه‌شنبه
205,"33,000","33,000","33,450","33,250",698,2.1%,2012-10-10,1391/07/19,Wednesday,چهارشنبه
206,"33,700","33,500","34,200","34,000",1200,3.53%,2012-10-13,1391/07/22,Saturday,شنبه
207,"34,600","34,600","35,400","35,200",800,2.27%,2012-10-14,1391/07/23,Sunday,یکشنبه
208,"36,000","36,000","36,000","36,000",2650,7.95%,2012-10-15,1391/07/24,Monday,دوشنبه
209,"33,350","33,350","33,350","33,350",1950,5.85%,2012-10-16,1391/07/25,Tuesday,سه‌شنبه
210,"33,350","33,350","36,000","35,300",540,1.53%,2012-10-17,1391/07/26,Wednesday,چهارشنبه
211,"35,500","35,000","35,500","35,400",600,1.69%,2012-10-20,1391/07/29,Saturday,شنبه
212,"36,000","36,000","36,000","36,000",3300,10.09%,2012-10-21,1391/07/30,Sunday,یکشنبه
213,"33,000","32,700","33,000","32,700",1300,3.98%,2012-10-22,1391/08/01,Monday,دوشنبه
214,"34,000","34,000","34,000","34,000",-,-,2012-10-23,1391/08/02,Tuesday,سه‌شنبه
215,"34,000","34,000","34,000","34,000",-,-,2012-10-24,1391/08/03,Wednesday,چهارشنبه
216,"34,000","34,000","34,000","34,000",1100,3.34%,2012-10-25,1391/08/04,Thursday,پنج‌شنبه
217,"32,900","32,900","32,900","32,900",500,1.52%,2012-10-27,1391/08/06,Saturday,شنبه
218,"33,400","33,400","33,400","33,400",400,1.21%,2012-10-28,1391/08/07,Sunday,یکشنبه
219,"33,000","33,000","33,000","33,000",100,0.3%,2012-10-29,1391/08/08,Monday,دوشنبه
220,"32,900","32,900","32,900","32,900",-,-,2012-10-30,1391/08/09,Tuesday,سه‌شنبه
221,"32,900","32,900","32,900","32,900",-,-,2012-10-31,1391/08/10,Wednesday,چهارشنبه
222,"32,900","32,900","32,900","32,900",3400,11.53%,2012-11-01,1391/08/11,Thursday,پنج‌شنبه
223,"29,500","29,500","29,500","29,500",2500,8.47%,2012-11-04,1391/08/14,Sunday,یکشنبه
224,"32,000","32,000","32,000","32,000",200,0.63%,2012-11-05,1391/08/15,Monday,دوشنبه
225,"31,800","31,800","31,800","31,800",-,-,2012-11-06,1391/08/16,Tuesday,سه‌شنبه
226,"31,800","31,800","31,800","31,800",-,-,2012-11-07,1391/08/17,Wednesday,چهارشنبه
227,"31,800","31,800","31,800","31,800",1100,3.58%,2012-11-08,1391/08/18,Thursday,پنج‌شنبه
228,"30,700","30,700","30,700","30,700",200,0.66%,2012-11-10,1391/08/20,Saturday,شنبه
229,"30,500","30,500","30,500","30,500",500,1.67%,2012-11-11,1391/08/21,Sunday,یکشنبه
230,"30,000","30,000","30,000","30,000",200,0.67%,2012-11-12,1391/08/22,Monday,دوشنبه
231,"29,800","29,800","29,800","29,800",-,-,2012-11-13,1391/08/23,Tuesday,سه‌شنبه
232,"29,800","29,800","29,800","29,800",-,-,2012-11-14,1391/08/24,Wednesday,چهارشنبه
233,"29,800","29,800","29,800","29,800",1300,4.56%,2012-11-15,1391/08/25,Thursday,پنج‌شنبه
234,"28,500","28,500","28,500","28,500",500,1.79%,2012-11-17,1391/08/27,Saturday,شنبه
235,"28,000","28,000","28,000","28,000",1500,5.66%,2012-11-18,1391/08/28,Sunday,یکشنبه
236,"26,500","26,500","26,500","26,500",1900,7.17%,2012-11-19,1391/08/29,Monday,دوشنبه
237,"28,400","28,400","28,400","28,400",600,2.11%,2012-11-20,1391/08/30,Tuesday,سه‌شنبه
238,"28,400","28,400","29,000","29,000",-,-,2012-11-21,1391/09/01,Wednesday,چهارشنبه
239,"29,000","29,000","29,000","29,000",1000,3.57%,2012-11-22,1391/09/02,Thursday,پنج‌شنبه
240,"28,000","28,000","28,000","28,000",1000,3.57%,2012-11-26,1391/09/06,Monday,دوشنبه
241,"29,000","29,000","29,000","29,000",300,1.05%,2012-11-27,1391/09/07,Tuesday,سه‌شنبه
242,"28,700","28,700","28,700","28,700",350,1.22%,2012-11-28,1391/09/08,Wednesday,چهارشنبه
243,"29,300","29,300","29,300","29,300",-,-,2012-12-01,1391/09/11,Saturday,شنبه
244,"29,300","29,300","29,300","29,300",200,0.69%,2012-12-02,1391/09/12,Sunday,یکشنبه
245,"29,100","29,100","29,100","29,100",200,0.69%,2012-12-03,1391/09/13,Monday,دوشنبه
246,"29,300","29,300","29,300","29,300",-,-,2012-12-04,1391/09/14,Tuesday,سه‌شنبه
247,"29,300","29,300","29,300","29,300",-,-,2012-12-05,1391/09/15,Wednesday,چهارشنبه
248,"29,300","29,300","29,300","29,300",300,1.03%,2012-12-06,1391/09/16,Thursday,پنج‌شنبه
249,"29,000","29,000","29,000","29,000",800,2.76%,2012-12-08,1391/09/18,Saturday,شنبه
250,"29,800","29,800","29,800","29,800",300,1.01%,2012-12-09,1391/09/19,Sunday,یکشنبه
251,"30,100","30,100","30,100","30,100",150,0.5%,2012-12-10,1391/09/20,Monday,دوشنبه
252,"29,950","29,950","29,950","29,950",250,0.83%,2012-12-11,1391/09/21,Tuesday,سه‌شنبه
253,"30,200","30,200","30,200","30,200",470,1.58%,2012-12-12,1391/09/22,Wednesday,چهارشنبه
254,"30,000","30,000","30,000","30,000",330,1.1%,2012-12-15,1391/09/25,Saturday,شنبه
255,"30,000","30,000","30,330","30,330",770,2.54%,2012-12-16,1391/09/26,Sunday,یکشنبه
256,"30,900","30,900","31,100","31,100",250,0.81%,2012-12-17,1391/09/27,Monday,دوشنبه
257,"31,250","30,850","31,350","30,850",150,0.49%,2012-12-18,1391/09/28,Tuesday,سه‌شنبه
258,"31,000","31,000","31,000","31,000",100,0.32%,2012-12-19,1391/09/29,Wednesday,چهارشنبه
259,"31,800","31,800","32,400","32,400",920,2.84%,2012-12-22,1391/10/02,Saturday,شنبه
260,"33,500","33,320","33,500","33,320",-,-,2012-12-23,1391/10/03,Sunday,یکشنبه
261,"34,200","33,320","34,200","33,320",570,1.74%,2012-12-24,1391/10/04,Monday,دوشنبه
262,"32,640","32,480","33,280","32,750",150,0.46%,2012-12-25,1391/10/05,Tuesday,سه‌شنبه
263,"32,850","32,600","32,850","32,600",20,0.06%,2012-12-26,1391/10/06,Wednesday,چهارشنبه
264,"31,950","31,600","32,300","32,300",100,0.31%,2012-12-29,1391/10/09,Saturday,شنبه
265,"32,900","32,400","32,900","32,400",-,-,2012-12-30,1391/10/10,Sunday,یکشنبه
266,"32,400","32,400","32,550","32,400",50,0.15%,2012-12-31,1391/10/11,Monday,دوشنبه
267,"32,350","32,350","32,500","32,450",72,0.22%,2013-01-01,1391/10/12,Tuesday,سه‌شنبه
268,"32,400","32,330","32,460","32,460",110,0.34%,2013-01-05,1391/10/16,Saturday,شنبه
269,"32,400","32,300","32,400","32,350",310,0.96%,2013-01-06,1391/10/17,Sunday,یکشنبه
270,"32,420","32,400","32,660","32,660",190,0.58%,2013-01-07,1391/10/18,Monday,دوشنبه
271,"32,550","32,550","33,250","32,850",50,0.15%,2013-01-08,1391/10/19,Tuesday,سه‌شنبه
272,"32,800","32,800","32,800","32,800",-,-,2013-01-09,1391/10/20,Wednesday,چهارشنبه
273,"32,900","32,850","32,950","32,900",150,0.46%,2013-01-13,1391/10/24,Sunday,یکشنبه
274,"32,930","32,900","33,100","33,050",-,-,2013-01-14,1391/10/25,Monday,دوشنبه
275,"33,300","33,010","33,300","33,050",-,-,2013-01-15,1391/10/26,Tuesday,سه‌شنبه
276,"33,080","33,050","33,080","33,050",273,0.83%,2013-01-16,1391/10/27,Wednesday,چهارشنبه
277,"33,300","33,300","34,350","34,100",2090,6.13%,2013-01-19,1391/10/30,Saturday,شنبه
278,"35,240","35,240","36,500","36,190",590,1.66%,2013-01-21,1391/11/02,Monday,دوشنبه
279,"36,500","34,960","36,500","35,600",350,0.99%,2013-01-22,1391/11/03,Tuesday,سه‌شنبه
280,"35,400","35,200","35,400","35,250",173,0.49%,2013-01-23,1391/11/04,Wednesday,چهارشنبه
281,"35,600","35,600","36,520","36,520",20,0.05%,2013-01-26,1391/11/07,Saturday,شنبه
282,"36,300","36,000","36,710","36,500",100,0.27%,2013-01-27,1391/11/08,Sunday,یکشنبه
283,"36,600","36,600","36,600","36,600",2300,6.28%,2013-01-28,1391/11/09,Monday,دوشنبه
284,"37,800","37,800","38,900","38,900",70,0.18%,2013-01-30,1391/11/11,Wednesday,چهارشنبه
285,"38,100","37,800","38,100","38,100",150,0.39%,2013-02-02,1391/11/14,Saturday,شنبه
286,"37,700","37,700","38,250","38,250",250,0.65%,2013-02-03,1391/11/15,Sunday,یکشنبه
287,"38,900","38,500","38,900","38,500",1350,3.63%,2013-02-04,1391/11/16,Monday,دوشنبه
288,"37,700","37,150","37,700","37,150",1050,2.83%,2013-02-05,1391/11/17,Tuesday,سه‌شنبه
289,"37,900","37,900","38,200","38,200",210,0.55%,2013-02-06,1391/11/18,Wednesday,چهارشنبه
290,"38,250","37,710","38,640","37,950",750,2.02%,2013-02-08,1391/11/20,Friday,جمعه
291,"37,500","37,200","37,500","37,200",700,1.92%,2013-02-11,1391/11/23,Monday,دوشنبه
292,"36,000","35,900","36,500","36,500",1000,2.74%,2013-02-12,1391/11/24,Tuesday,سه‌شنبه
293,"36,900","36,900","37,500","37,500",130,0.35%,2013-02-13,1391/11/25,Wednesday,چهارشنبه
294,"37,000","36,800","37,000","36,800",300,0.82%,2013-02-16,1391/11/28,Saturday,شنبه
295,"36,600","36,600","37,100","37,100",150,0.4%,2013-02-17,1391/11/29,Sunday,یکشنبه
296,"37,400","37,250","37,500","37,250",350,0.95%,2013-02-18,1391/11/30,Monday,دوشنبه
297,"36,800","36,800","37,100","36,900",150,0.41%,2013-02-19,1391/12/01,Tuesday,سه‌شنبه
298,"36,700","36,700","36,750","36,750",2,0.01%,2013-02-20,1391/12/02,Wednesday,چهارشنبه
299,"36,650","36,550","36,750","36,750",710,1.93%,2013-02-23,1391/12/05,Saturday,شنبه
300,"36,890","36,890","37,460","37,460",190,0.51%,2013-02-24,1391/12/06,Sunday,یکشنبه
301,"37,450","37,450","37,850","37,650",600,1.62%,2013-02-25,1391/12/07,Monday,دوشنبه
302,"37,900","37,050","37,900","37,050",300,0.82%,2013-02-26,1391/12/08,Tuesday,سه‌شنبه
303,"37,000","36,750","37,000","36,750",137,0.37%,2013-02-27,1391/12/09,Wednesday,چهارشنبه
304,"36,100","34,900","36,100","34,900",1850,5.6%,2013-03-02,1391/12/12,Saturday,شنبه
305,"33,900","32,850","33,900","33,050",1350,4.08%,2013-03-03,1391/12/13,Sunday,یکشنبه
306,"33,300","33,300","34,700","34,400",1500,4.36%,2013-03-04,1391/12/14,Monday,دوشنبه
307,"34,800","34,800","35,900","35,900",200,0.56%,2013-03-05,1391/12/15,Tuesday,سه‌شنبه
308,"36,400","35,700","36,400","35,700",80,0.22%,2013-03-06,1391/12/16,Wednesday,چهارشنبه
309,"34,850","34,450","34,850","34,750",350,1.01%,2013-03-09,1391/12/19,Saturday,شنبه
310,"35,300","34,900","35,500","35,100",350,1.01%,2013-03-10,1391/12/20,Sunday,یکشنبه
311,"35,050","34,700","35,050","34,750",350,1.02%,2013-03-11,1391/12/21,Monday,دوشنبه
312,"34,300","34,100","34,450","34,400",400,1.18%,2013-03-12,1391/12/22,Tuesday,سه‌شنبه
313,"34,200","34,000","34,250","34,000",600,1.8%,2013-03-13,1391/12/23,Wednesday,چهارشنبه
314,"33,400","33,400","34,200","34,100",50,0.15%,2013-03-16,1391/12/26,Saturday,شنبه
315,"34,000","33,950","34,050","34,050",455,1.34%,2013-03-17,1391/12/27,Sunday,یکشنبه
316,"34,220","33,942","35,408","34,958",637,1.86%,2013-03-24,1392/01/04,Sunday,یکشنبه
317,"34,210","33,501","34,791","34,321",244,0.72%,2013-03-25,1392/01/05,Monday,دوشنبه
318,"34,150","33,436","34,703","34,077",141,0.41%,2013-03-26,1392/01/06,Tuesday,سه‌شنبه
319,"34,346","33,537","34,555","34,218",26,0.08%,2013-03-27,1392/01/07,Wednesday,چهارشنبه
320,"34,117","33,844","34,500","34,244",623,1.82%,2013-03-29,1392/01/09,Friday,جمعه
321,"34,322","33,820","35,456","34,867",392,1.14%,2013-03-30,1392/01/10,Saturday,شنبه
322,"34,326","33,687","34,885","34,475",474,1.37%,2013-04-02,1392/01/13,Tuesday,سه‌شنبه
323,"34,288","33,797","35,389","34,949",1401,4.01%,2013-04-03,1392/01/14,Wednesday,چهارشنبه
324,"36,000","35,950","36,400","36,350",950,2.68%,2013-04-06,1392/01/17,Saturday,شنبه
325,"36,150","35,400","36,150","35,400",-,-,2013-04-07,1392/01/18,Sunday,یکشنبه
326,"35,400","35,400","35,650","35,400",250,0.71%,2013-04-08,1392/01/19,Monday,دوشنبه
327,"35,500","35,150","35,500","35,150",100,0.29%,2013-04-09,1392/01/20,Tuesday,سه‌شنبه
328,"35,300","35,050","35,300","35,050",48,0.14%,2013-04-10,1392/01/21,Wednesday,چهارشنبه
329,"35,131","34,389","35,320","35,127",77,0.22%,2013-04-12,1392/01/23,Friday,جمعه
330,"35,200","35,000","35,200","35,050",200,0.57%,2013-04-15,1392/01/26,Monday,دوشنبه
331,"35,100","35,100","35,250","35,250",50,0.14%,2013-04-16,1392/01/27,Tuesday,سه‌شنبه
332,"35,350","35,300","35,350","35,300",10,0.03%,2013-04-17,1392/01/28,Wednesday,چهارشنبه
333,"35,150","35,150","35,350","35,350",150,0.42%,2013-04-20,1392/01/31,Saturday,شنبه
334,"35,450","35,400","35,500","35,500",100,0.28%,2013-04-21,1392/02/01,Sunday,یکشنبه
335,"35,600","35,450","35,600","35,600",800,2.25%,2013-04-22,1392/02/02,Monday,دوشنبه
336,"35,650","35,650","36,400","36,400",250,0.69%,2013-04-23,1392/02/03,Tuesday,سه‌شنبه
337,"36,350","36,150","36,350","36,150",246,0.69%,2013-04-24,1392/02/04,Wednesday,چهارشنبه
338,"35,700","35,600","35,850","35,850",50,0.14%,2013-04-27,1392/02/07,Saturday,شنبه
339,"35,800","35,800","36,100","35,900",100,0.28%,2013-04-28,1392/02/08,Sunday,یکشنبه
340,"35,950","35,800","35,950","35,800",100,0.28%,2013-04-29,1392/02/09,Monday,دوشنبه
341,"35,750","35,700","35,750","35,700",150,0.42%,2013-04-30,1392/02/10,Tuesday,سه‌شنبه
342,"35,400","35,400","35,550","35,550",12,0.03%,2013-05-01,1392/02/11,Wednesday,چهارشنبه
343,"35,800","35,750","36,000","36,000",300,0.84%,2013-05-04,1392/02/14,Saturday,شنبه
344,"35,850","35,700","35,850","35,700",100,0.28%,2013-05-05,1392/02/15,Sunday,یکشنبه
345,"35,650","35,550","35,650","35,600",150,0.42%,2013-05-06,1392/02/16,Monday,دوشنبه
346,"35,650","35,450","35,650","35,450",100,0.28%,2013-05-07,1392/02/17,Tuesday,سه‌شنبه
347,"35,350","35,300","35,350","35,350",573,1.65%,2013-05-08,1392/02/18,Wednesday,چهارشنبه
348,"34,850","34,700","34,900","34,900",400,1.15%,2013-05-11,1392/02/21,Saturday,شنبه
349,"34,850","34,850","35,300","35,300",50,0.14%,2013-05-12,1392/02/22,Sunday,یکشنبه
350,"35,270","35,250","35,300","35,250",200,0.57%,2013-05-13,1392/02/23,Monday,دوشنبه
351,"35,000","34,750","35,050","35,050",100,0.29%,2013-05-14,1392/02/24,Tuesday,سه‌شنبه
352,"35,100","35,100","35,150","35,150",95,0.27%,2013-05-15,1392/02/25,Wednesday,چهارشنبه
353,"34,800","34,750","34,900","34,750",50,0.14%,2013-05-18,1392/02/28,Saturday,شنبه
354,"34,550","34,500","34,750","34,700",200,0.58%,2013-05-19,1392/02/29,Sunday,یکشنبه
355,"35,000","34,900","35,000","34,900",750,2.15%,2013-05-20,1392/02/30,Monday,دوشنبه
356,"35,600","35,450","35,700","35,650",200,0.56%,2013-05-21,1392/02/31,Tuesday,سه‌شنبه
357,"35,550","35,400","35,550","35,450",211,0.6%,2013-05-22,1392/03/01,Wednesday,چهارشنبه
358,"35,850","35,850","36,280","36,150",130,0.36%,2013-05-25,1392/03/04,Saturday,شنبه
359,"36,100","36,100","36,280","36,280",570,1.57%,2013-05-26,1392/03/05,Sunday,یکشنبه
360,"36,300","36,300","36,850","36,850",270,0.74%,2013-05-27,1392/03/06,Monday,دوشنبه
361,"36,900","36,480","36,900","36,580",380,1.05%,2013-05-28,1392/03/07,Tuesday,سه‌شنبه
362,"36,450","36,150","36,450","36,200",140,0.39%,2013-05-29,1392/03/08,Wednesday,چهارشنبه
363,"36,480","36,280","36,500","36,280",70,0.19%,2013-06-01,1392/03/11,Saturday,شنبه
364,"36,320","36,280","36,350","36,350",128,0.35%,2013-06-02,1392/03/12,Sunday,یکشنبه
365,"36,405","36,182","36,747","36,459",159,0.44%,2013-06-05,1392/03/15,Wednesday,چهارشنبه
366,"36,650","36,300","36,650","36,300",100,0.28%,2013-06-08,1392/03/18,Saturday,شنبه
367,"36,300","36,200","36,300","36,200",350,0.98%,2013-06-09,1392/03/19,Sunday,یکشنبه
368,"35,950","35,850","36,000","35,850",600,1.67%,2013-06-10,1392/03/20,Monday,دوشنبه
369,"35,950","35,950","36,450","36,450",150,0.41%,2013-06-11,1392/03/21,Tuesday,سه‌شنبه
370,"36,350","36,300","36,350","36,300",640,1.79%,2013-06-12,1392/03/22,Wednesday,چهارشنبه
371,"34,400","34,400","35,200","35,100",550,1.59%,2013-06-15,1392/03/25,Saturday,شنبه
372,"35,000","34,500","35,000","34,550",50,0.14%,2013-06-16,1392/03/26,Sunday,یکشنبه
373,"35,000","34,500","35,000","34,500",500,1.47%,2013-06-17,1392/03/27,Monday,دوشنبه
374,"34,400","33,900","34,400","34,000",1000,3.03%,2013-06-18,1392/03/28,Tuesday,سه‌شنبه
375,"33,500","32,850","33,500","33,000",800,2.48%,2013-06-19,1392/03/29,Wednesday,چهارشنبه
376,"30,700","29,800","31,500","30,900",1650,5.34%,2013-06-22,1392/04/01,Saturday,شنبه
377,"32,400","32,400","33,200","32,950",650,1.97%,2013-06-25,1392/04/04,Tuesday,سه‌شنبه
378,"33,700","33,600","34,000","33,600",380,1.14%,2013-06-26,1392/04/05,Wednesday,چهارشنبه
379,"33,600","33,400","33,600","33,500",400,1.19%,2013-06-29,1392/04/08,Saturday,شنبه
380,"34,100","33,750","34,100","33,900",200,0.59%,2013-06-30,1392/04/09,Sunday,یکشنبه
381,"34,000","33,700","34,000","33,700",100,0.3%,2013-07-01,1392/04/10,Monday,دوشنبه
382,"33,550","33,400","33,650","33,600",50,0.15%,2013-07-02,1392/04/11,Tuesday,سه‌شنبه
383,"33,550","33,550","33,650","33,650",192,0.57%,2013-07-03,1392/04/12,Wednesday,چهارشنبه
384,"33,200","32,950","33,200","32,950",400,1.21%,2013-07-06,1392/04/15,Saturday,شنبه
385,"33,350","33,300","33,500","33,350",250,0.76%,2013-07-07,1392/04/16,Sunday,یکشنبه
386,"33,150","32,950","33,150","33,100",100,0.3%,2013-07-08,1392/04/17,Monday,دوشنبه
387,"33,050","32,900","33,050","33,000",150,0.45%,2013-07-09,1392/04/18,Tuesday,سه‌شنبه
388,"33,300","33,100","33,300","33,150",36,0.11%,2013-07-10,1392/04/19,Wednesday,چهارشنبه
389,"32,700","32,350","32,700","32,700",100,0.31%,2013-07-13,1392/04/22,Saturday,شنبه
390,"32,750","32,550","32,750","32,600",-,-,2013-07-14,1392/04/23,Sunday,یکشنبه
391,"32,550","32,550","32,600","32,600",450,1.4%,2013-07-15,1392/04/24,Monday,دوشنبه
392,"32,500","32,100","32,500","32,150",500,1.58%,2013-07-16,1392/04/25,Tuesday,سه‌شنبه
393,"32,000","31,650","32,000","31,650",50,0.16%,2013-07-17,1392/04/26,Wednesday,چهارشنبه
394,"30,800","30,700","31,150","31,150",450,1.44%,2013-07-20,1392/04/29,Saturday,شنبه
395,"31,850","31,450","31,850","31,600",400,1.28%,2013-07-21,1392/04/30,Sunday,یکشنبه
396,"31,450","31,150","31,450","31,200",450,1.44%,2013-07-22,1392/04/31,Monday,دوشنبه
397,"31,300","31,200","31,650","31,650",50,0.16%,2013-07-23,1392/05/01,Tuesday,سه‌شنبه
398,"31,500","31,500","31,650","31,600",70,0.22%,2013-07-24,1392/05/02,Wednesday,چهارشنبه
399,"31,900","31,700","31,900","31,800",100,0.32%,2013-07-27,1392/05/05,Saturday,شنبه
400,"31,700","31,600","31,750","31,700",-,-,2013-07-28,1392/05/06,Sunday,یکشنبه
401,"31,750","31,750","31,800","31,800",120,0.38%,2013-07-31,1392/05/09,Wednesday,چهارشنبه
402,"32,650","32,400","32,800","32,400",400,1.25%,2013-08-03,1392/05/12,Saturday,شنبه
403,"32,150","31,900","32,200","32,000",100,0.31%,2013-08-04,1392/05/13,Sunday,یکشنبه
404,"31,900","31,750","31,950","31,900",350,1.1%,2013-08-05,1392/05/14,Monday,دوشنبه
405,"32,050","32,050","32,350","32,250",100,0.31%,2013-08-06,1392/05/15,Tuesday,سه‌شنبه
406,"32,300","32,100","32,350","32,150",31,0.1%,2013-08-07,1392/05/16,Wednesday,چهارشنبه
407,"32,300","32,200","32,400","32,250",300,0.94%,2013-08-11,1392/05/20,Sunday,یکشنبه
408,"32,100","31,900","32,100","31,950",-,-,2013-08-12,1392/05/21,Monday,دوشنبه
409,"31,900","31,800","31,950","31,950",50,0.16%,2013-08-13,1392/05/22,Tuesday,سه‌شنبه
410,"32,000","32,000","32,050","32,000",300,0.95%,2013-08-14,1392/05/23,Wednesday,چهارشنبه
411,"31,650","31,550","31,650","31,580",130,0.41%,2013-08-17,1392/05/26,Saturday,شنبه
412,"31,650","31,450","31,700","31,450",450,1.45%,2013-08-18,1392/05/27,Sunday,یکشنبه
413,"31,450","31,000","31,450","31,000",50,0.16%,2013-08-19,1392/05/28,Monday,دوشنبه
414,"30,900","30,800","31,000","30,950",250,0.81%,2013-08-20,1392/05/29,Tuesday,سه‌شنبه
415,"31,000","30,950","31,200","31,200",-,-,2013-08-21,1392/05/30,Wednesday,چهارشنبه
416,"31,300","31,150","31,300","31,200",50,0.16%,2013-08-24,1392/06/02,Saturday,شنبه
417,"31,350","31,150","31,350","31,250",500,1.6%,2013-08-25,1392/06/03,Sunday,یکشنبه
418,"31,250","31,250","31,800","31,750",1250,3.94%,2013-08-26,1392/06/04,Monday,دوشنبه
419,"31,800","31,800","33,000","33,000",600,1.85%,2013-08-27,1392/06/05,Tuesday,سه‌شنبه
420,"32,800","32,200","32,800","32,400",130,0.4%,2013-08-28,1392/06/06,Wednesday,چهارشنبه
421,"32,550","32,350","32,550","32,400",180,0.56%,2013-08-31,1392/06/09,Saturday,شنبه
422,"32,800","32,800","33,300","33,050",150,0.45%,2013-09-03,1392/06/12,Tuesday,سه‌شنبه
423,"33,050","33,050","33,200","33,200",170,0.51%,2013-09-04,1392/06/13,Wednesday,چهارشنبه
424,"32,700","32,700","32,900","32,900",50,0.15%,2013-09-07,1392/06/16,Saturday,شنبه
425,"32,850","32,800","32,950","32,850",850,2.66%,2013-09-08,1392/06/17,Sunday,یکشنبه
426,"32,750","32,000","32,750","32,000",200,0.63%,2013-09-09,1392/06/18,Monday,دوشنبه
427,"31,900","31,750","32,050","31,800",-,-,2013-09-10,1392/06/19,Tuesday,سه‌شنبه
428,"31,750","31,650","31,800","31,800",80,0.25%,2013-09-11,1392/06/20,Wednesday,چهارشنبه
429,"31,800","31,700","31,800","31,700",400,1.28%,2013-09-14,1392/06/23,Saturday,شنبه
430,"31,600","31,200","31,600","31,300",700,2.29%,2013-09-15,1392/06/24,Sunday,یکشنبه
431,"30,900","30,600","31,050","30,600",200,0.65%,2013-09-16,1392/06/25,Monday,دوشنبه
432,"30,700","30,700","30,850","30,800",-,-,2013-09-17,1392/06/26,Tuesday,سه‌شنبه
433,"30,950","30,800","31,000","30,800",670,2.22%,2013-09-18,1392/06/27,Wednesday,چهارشنبه
434,"29,300","29,000","29,500","29,300",50,0.17%,2013-09-21,1392/06/30,Saturday,شنبه
435,"29,400","29,250","29,550","29,350",-,-,2013-09-22,1392/06/31,Sunday,یکشنبه
436,"29,150","29,150","29,500","29,350",1350,4.6%,2013-09-23,1392/07/01,Monday,دوشنبه
437,"29,700","29,700","31,250","30,700",200,0.66%,2013-09-24,1392/07/02,Tuesday,سه‌شنبه
438,"30,800","30,500","30,800","30,500",50,0.16%,2013-09-25,1392/07/03,Wednesday,چهارشنبه
439,"30,700","30,550","31,000","30,650",300,0.99%,2013-09-28,1392/07/06,Saturday,شنبه
440,"30,650","30,250","30,650","30,350",200,0.66%,2013-09-29,1392/07/07,Sunday,یکشنبه
441,"30,500","30,400","30,550","30,550",-,-,2013-09-30,1392/07/08,Monday,دوشنبه
442,"30,700","30,500","30,700","30,550",200,0.66%,2013-10-01,1392/07/09,Tuesday,سه‌شنبه
443,"30,500","30,350","30,500","30,350",169,0.56%,2013-10-02,1392/07/10,Wednesday,چهارشنبه
444,"30,800","30,550","30,800","30,550",100,0.33%,2013-10-05,1392/07/13,Saturday,شنبه
445,"30,550","30,350","30,550","30,450",50,0.16%,2013-10-06,1392/07/14,Sunday,یکشنبه
446,"30,450","30,400","30,500","30,500",150,0.49%,2013-10-07,1392/07/15,Monday,دوشنبه
447,"30,400","30,350","30,400","30,350",50,0.16%,2013-10-08,1392/07/16,Tuesday,سه‌شنبه
448,"30,400","30,400","30,450","30,400",50,0.16%,2013-10-09,1392/07/17,Wednesday,چهارشنبه
449,"30,400","30,150","30,400","30,150",200,0.66%,2013-10-12,1392/07/20,Saturday,شنبه
450,"30,300","30,150","30,350","30,350",-,-,2013-10-13,1392/07/21,Sunday,یکشنبه
451,"30,300","30,250","30,350","30,350",22,0.07%,2013-10-14,1392/07/22,Monday,دوشنبه
452,"30,419","29,803","30,610","30,227",77,0.26%,2013-10-16,1392/07/24,Wednesday,چهارشنبه
453,"30,150","30,100","30,200","30,150",200,0.67%,2013-10-19,1392/07/27,Saturday,شنبه
454,"30,050","29,950","30,100","29,950",150,0.5%,2013-10-20,1392/07/28,Sunday,یکشنبه
455,"30,050","30,000","30,100","30,100",-,-,2013-10-21,1392/07/29,Monday,دوشنبه
456,"30,100","30,050","30,150","30,100",30,0.1%,2013-10-22,1392/07/30,Tuesday,سه‌شنبه
457,"30,150","30,050","30,150","30,100",-,-,2013-10-26,1392/08/04,Saturday,شنبه
458,"30,050","30,050","30,100","30,100",50,0.17%,2013-10-27,1392/08/05,Sunday,یکشنبه
459,"30,050","30,050","30,150","30,150",100,0.33%,2013-10-28,1392/08/06,Monday,دوشنبه
460,"30,100","30,050","30,100","30,050",-,-,2013-10-29,1392/08/07,Tuesday,سه‌شنبه
461,"30,050","30,050","30,050","30,050",32,0.11%,2013-10-30,1392/08/08,Wednesday,چهارشنبه
462,"30,200","30,200","30,400","30,400",100,0.33%,2013-11-02,1392/08/11,Saturday,شنبه
463,"30,350","30,300","30,350","30,300",200,0.66%,2013-11-03,1392/08/12,Sunday,یکشنبه
464,"30,250","30,100","30,250","30,100",80,0.27%,2013-11-04,1392/08/13,Monday,دوشنبه
465,"30,200","30,150","30,200","30,180",30,0.1%,2013-11-05,1392/08/14,Tuesday,سه‌شنبه
466,"30,150","30,150","30,150","30,150",114,0.38%,2013-11-06,1392/08/15,Wednesday,چهارشنبه
467,"30,050","30,050","30,250","30,250",100,0.33%,2013-11-09,1392/08/18,Saturday,شنبه
468,"30,150","30,120","30,180","30,150",30,0.1%,2013-11-10,1392/08/19,Sunday,یکشنبه
469,"30,130","30,130","30,180","30,180",7,0.02%,2013-11-11,1392/08/20,Monday,دوشنبه
470,"30,120","30,050","30,120","30,100",70,0.23%,2013-11-16,1392/08/25,Saturday,شنبه
471,"30,080","29,980","30,080","30,030",40,0.13%,2013-11-17,1392/08/26,Sunday,یکشنبه
472,"29,950","29,950","30,070","30,070",20,0.07%,2013-11-18,1392/08/27,Monday,دوشنبه
473,"30,070","30,050","30,120","30,050",50,0.17%,2013-11-19,1392/08/28,Tuesday,سه‌شنبه
474,"30,100","30,050","30,100","30,100",40,0.13%,2013-11-20,1392/08/29,Wednesday,چهارشنبه
475,"29,850","29,250","29,850","29,400",250,0.86%,2013-11-23,1392/09/02,Saturday,شنبه
476,"29,000","28,900","29,150","29,150",600,2.06%,2013-11-24,1392/09/03,Sunday,یکشنبه
477,"29,320","29,200","29,800","29,750",150,0.5%,2013-11-25,1392/09/04,Monday,دوشنبه
478,"29,650","29,600","29,950","29,900",280,0.95%,2013-11-26,1392/09/05,Tuesday,سه‌شنبه
479,"29,830","29,600","29,830","29,620",6,0.02%,2013-11-27,1392/09/06,Wednesday,چهارشنبه
480,"29,600","29,530","29,600","29,530",-,-,2013-11-30,1392/09/09,Saturday,شنبه
481,"29,600","29,530","29,600","29,530",80,0.27%,2013-12-01,1392/09/10,Sunday,یکشنبه
482,"29,460","29,400","29,480","29,450",100,0.34%,2013-12-02,1392/09/11,Monday,دوشنبه
483,"29,470","29,470","29,560","29,550",30,0.1%,2013-12-03,1392/09/12,Tuesday,سه‌شنبه
484,"29,580","29,520","29,580","29,520",13,0.04%,2013-12-04,1392/09/13,Wednesday,چهارشنبه
485,"29,450","29,400","29,480","29,460",40,0.14%,2013-12-07,1392/09/16,Saturday,شنبه
486,"29,480","29,420","29,490","29,420",60,0.2%,2013-12-08,1392/09/17,Sunday,یکشنبه
487,"29,450","29,440","29,480","29,480",90,0.31%,2013-12-09,1392/09/18,Monday,دوشنبه
488,"29,480","29,380","29,480","29,390",40,0.14%,2013-12-10,1392/09/19,Tuesday,سه‌شنبه
489,"29,370","29,350","29,370","29,350",126,0.43%,2013-12-11,1392/09/20,Wednesday,چهارشنبه
490,"29,600","29,520","29,600","29,520",50,0.17%,2013-12-14,1392/09/23,Saturday,شنبه
491,"29,510","29,470","29,510","29,470",30,0.1%,2013-12-15,1392/09/24,Sunday,یکشنبه
492,"29,440","29,420","29,470","29,440",50,0.17%,2013-12-16,1392/09/25,Monday,دوشنبه
493,"29,460","29,430","29,490","29,490",40,0.14%,2013-12-17,1392/09/26,Tuesday,سه‌شنبه
494,"29,480","29,440","29,480","29,450",-,-,2013-12-18,1392/09/27,Wednesday,چهارشنبه
495,"29,420","29,420","29,560","29,560",21,0.07%,2013-12-21,1392/09/30,Saturday,شنبه
496,"29,710","29,630","29,710","29,670",340,1.15%,2013-12-24,1392/10/03,Tuesday,سه‌شنبه
497,"29,660","29,660","30,010","30,010",41,0.14%,2013-12-25,1392/10/04,Wednesday,چهارشنبه
498,"29,960","29,960","30,230","30,150",90,0.3%,2013-12-28,1392/10/07,Saturday,شنبه
499,"30,160","30,060","30,160","30,060",10,0.03%,2013-12-29,1392/10/08,Sunday,یکشنبه
500,"30,080","30,070","30,080","30,070",150,0.5%,2013-12-30,1392/10/09,Monday,دوشنبه
501,"29,920","29,920","29,920","29,920",180,0.61%,2014-01-01,1392/10/11,Wednesday,چهارشنبه
502,"29,770","29,660","29,770","29,740",60,0.2%,2014-01-04,1392/10/14,Saturday,شنبه
503,"29,730","29,730","29,820","29,800",50,0.17%,2014-01-05,1392/10/15,Sunday,یکشنبه
504,"29,790","29,790","29,850","29,850",50,0.17%,2014-01-06,1392/10/16,Monday,دوشنبه
505,"29,850","29,820","29,920","29,900",100,0.34%,2014-01-07,1392/10/17,Tuesday,سه‌شنبه
506,"29,880","29,800","29,910","29,800",-,-,2014-01-08,1392/10/18,Wednesday,چهارشنبه
507,"29,840","29,780","29,840","29,790",230,0.78%,2014-01-11,1392/10/21,Saturday,شنبه
508,"29,780","29,500","29,780","29,560",70,0.24%,2014-01-12,1392/10/22,Sunday,یکشنبه
509,"29,600","29,600","29,680","29,630",60,0.2%,2014-01-13,1392/10/23,Monday,دوشنبه
510,"29,640","29,560","29,640","29,570",-,-,2014-01-14,1392/10/24,Tuesday,سه‌شنبه
511,"29,580","29,570","29,610","29,570",101,0.34%,2014-01-15,1392/10/25,Wednesday,چهارشنبه
512,"29,360","29,360","29,360","29,360",20,0.07%,2014-01-18,1392/10/28,Saturday,شنبه
513,"28,890","28,890","29,380","29,340",170,0.58%,2014-01-20,1392/10/30,Monday,دوشنبه
514,"29,320","29,280","29,650","29,510",110,0.37%,2014-01-21,1392/11/01,Tuesday,سه‌شنبه
515,"29,480","29,360","29,490","29,400",40,0.14%,2014-01-22,1392/11/02,Wednesday,چهارشنبه
516,"29,540","29,410","29,550","29,450",40,0.14%,2014-01-25,1392/11/05,Saturday,شنبه
517,"29,460","29,410","29,490","29,490",10,0.03%,2014-01-26,1392/11/06,Sunday,یکشنبه
518,"29,470","29,440","29,510","29,480",60,0.2%,2014-01-27,1392/11/07,Monday,دوشنبه
519,"29,490","29,420","29,510","29,420",70,0.24%,2014-01-28,1392/11/08,Tuesday,سه‌شنبه
520,"29,410","29,320","29,430","29,350",30,0.1%,2014-01-29,1392/11/09,Wednesday,چهارشنبه
521,"29,340","29,330","29,400","29,380",80,0.27%,2014-01-30,1392/11/10,Thursday,پنج‌شنبه
522,"29,410","29,400","29,480","29,460",80,0.27%,2014-02-01,1392/11/12,Saturday,شنبه
523,"29,460","29,460","29,580","29,540",70,0.24%,2014-02-02,1392/11/13,Sunday,یکشنبه
524,"29,520","29,460","29,530","29,470",40,0.14%,2014-02-03,1392/11/14,Monday,دوشنبه
525,"29,460","29,460","29,510","29,510",80,0.27%,2014-02-04,1392/11/15,Tuesday,سه‌شنبه
526,"29,500","29,490","29,600","29,590",10,0.03%,2014-02-05,1392/11/16,Wednesday,چهارشنبه
527,"29,620","29,580","29,630","29,600",140,0.48%,2014-02-06,1392/11/17,Thursday,پنج‌شنبه
528,"29,530","29,430","29,540","29,460",50,0.17%,2014-02-08,1392/11/19,Saturday,شنبه
529,"29,450","29,420","29,520","29,510",10,0.03%,2014-02-09,1392/11/20,Sunday,یکشنبه
530,"29,500","29,500","29,510","29,500",20,0.07%,2014-02-10,1392/11/21,Monday,دوشنبه
531,"29,550","29,480","29,550","29,520",10,0.03%,2014-02-12,1392/11/23,Wednesday,چهارشنبه
532,"29,530","29,530","29,550","29,530",50,0.17%,2014-02-13,1392/11/24,Thursday,پنج‌شنبه
533,"29,570","29,480","29,570","29,480",40,0.14%,2014-02-15,1392/11/26,Saturday,شنبه
534,"29,500","29,440","29,530","29,520",-,-,2014-02-16,1392/11/27,Sunday,یکشنبه
535,"29,540","29,500","29,570","29,520",-,-,2014-02-17,1392/11/28,Monday,دوشنبه
536,"29,500","29,480","29,540","29,520",10,0.03%,2014-02-18,1392/11/29,Tuesday,سه‌شنبه
537,"29,500","29,500","29,530","29,530",30,0.1%,2014-02-19,1392/11/30,Wednesday,چهارشنبه
538,"29,520","29,500","29,520","29,500",100,0.34%,2014-02-20,1392/12/01,Thursday,پنج‌شنبه
539,"29,580","29,560","29,620","29,600",240,0.81%,2014-02-22,1392/12/03,Saturday,شنبه
540,"29,580","29,580","29,850","29,840",60,0.2%,2014-02-23,1392/12/04,Sunday,یکشنبه
541,"29,860","29,860","30,150","29,900",20,0.07%,2014-02-24,1392/12/05,Monday,دوشنبه
542,"29,890","29,840","29,960","29,880",210,0.7%,2014-02-25,1392/12/06,Tuesday,سه‌شنبه
543,"29,890","29,860","30,090","30,090",10,0.03%,2014-02-26,1392/12/07,Wednesday,چهارشنبه
544,"30,120","30,060","30,120","30,100",490,1.63%,2014-02-27,1392/12/08,Thursday,پنج‌شنبه
545,"30,430","30,310","30,600","30,590",480,1.57%,2014-03-01,1392/12/10,Saturday,شنبه
546,"30,660","30,630","31,270","31,070",430,1.4%,2014-03-02,1392/12/11,Sunday,یکشنبه
547,"31,000","30,500","31,140","30,640",120,0.39%,2014-03-03,1392/12/12,Monday,دوشنبه
548,"30,620","30,500","30,620","30,520",30,0.1%,2014-03-04,1392/12/13,Tuesday,سه‌شنبه
549,"30,500","30,430","30,530","30,490",30,0.1%,2014-03-05,1392/12/14,Wednesday,چهارشنبه
550,"30,470","30,460","30,510","30,460",20,0.07%,2014-03-06,1392/12/15,Thursday,پنج‌شنبه
551,"29,970","29,970","30,440","30,440",270,0.89%,2014-03-08,1392/12/17,Saturday,شنبه
552,"30,430","30,360","30,790","30,710",160,0.52%,2014-03-09,1392/12/18,Sunday,یکشنبه
553,"30,750","30,450","30,910","30,550",180,0.59%,2014-03-10,1392/12/19,Monday,دوشنبه
554,"30,560","30,330","30,640","30,370",10,0.03%,2014-03-11,1392/12/20,Tuesday,سه‌شنبه
555,"30,400","30,290","30,430","30,360",80,0.26%,2014-03-12,1392/12/21,Wednesday,چهارشنبه
556,"30,390","30,390","30,500","30,440",240,0.79%,2014-03-13,1392/12/22,Thursday,پنج‌شنبه
557,"30,060","29,800","30,250","30,200",240,0.8%,2014-03-15,1392/12/24,Saturday,شنبه
558,"30,190","29,960","30,190","29,960",40,0.13%,2014-03-16,1392/12/25,Sunday,یکشنبه
559,"30,000","29,950","30,140","30,000",140,0.47%,2014-03-17,1392/12/26,Monday,دوشنبه
560,"30,060","30,030","30,150","30,140",30,0.1%,2014-03-18,1392/12/27,Tuesday,سه‌شنبه
561,"30,100","30,100","30,200","30,170",330,1.09%,2014-03-19,1392/12/28,Wednesday,چهارشنبه
562,"30,400","30,350","30,530","30,500",80,0.26%,2014-03-25,1393/01/05,Tuesday,سه‌شنبه
563,"30,560","30,560","30,690","30,580",10,0.03%,2014-03-26,1393/01/06,Wednesday,چهارشنبه
564,"30,570","30,570","30,570","30,570",80,0.26%,2014-03-27,1393/01/07,Thursday,پنج‌شنبه
565,"30,480","30,410","30,500","30,490",150,0.49%,2014-03-29,1393/01/09,Saturday,شنبه
566,"30,500","30,500","30,650","30,640",10,0.03%,2014-03-30,1393/01/10,Sunday,یکشنبه
567,"30,630","30,600","30,640","30,630",200,0.66%,2014-03-31,1393/01/11,Monday,دوشنبه
568,"30,490","30,260","30,490","30,430",150,0.49%,2014-04-05,1393/01/16,Saturday,شنبه
569,"30,410","30,370","30,650","30,580",320,1.05%,2014-04-06,1393/01/17,Sunday,یکشنبه
570,"30,570","30,540","30,900","30,900",100,0.32%,2014-04-07,1393/01/18,Monday,دوشنبه
571,"30,960","30,790","31,160","30,800",10,0.03%,2014-04-08,1393/01/19,Tuesday,سه‌شنبه
572,"30,820","30,720","30,900","30,810",20,0.06%,2014-04-09,1393/01/20,Wednesday,چهارشنبه
573,"30,800","30,790","30,810","30,790",420,1.36%,2014-04-10,1393/01/21,Thursday,پنج‌شنبه
574,"31,150","31,030","31,280","31,210",90,0.29%,2014-04-12,1393/01/23,Saturday,شنبه
575,"31,240","31,180","31,380","31,300",500,1.6%,2014-04-13,1393/01/24,Sunday,یکشنبه
576,"31,230","31,230","31,800","31,800",240,0.76%,2014-04-14,1393/01/25,Monday,دوشنبه
577,"31,840","31,560","32,000","31,560",150,0.48%,2014-04-15,1393/01/26,Tuesday,سه‌شنبه
578,"31,570","31,540","31,780","31,710",20,0.06%,2014-04-16,1393/01/27,Wednesday,چهارشنبه
579,"31,720","31,670","31,740","31,730",360,1.13%,2014-04-17,1393/01/28,Thursday,پنج‌شنبه
580,"31,820","31,820","32,170","32,090",310,0.97%,2014-04-19,1393/01/30,Saturday,شنبه
581,"32,080","31,950","32,400","32,400",760,2.35%,2014-04-20,1393/01/31,Sunday,یکشنبه
582,"32,490","32,490","33,160","33,160",510,1.56%,2014-04-21,1393/02/01,Monday,دوشنبه
583,"33,200","32,630","33,470","32,650",110,0.34%,2014-04-22,1393/02/02,Tuesday,سه‌شنبه
584,"32,730","32,300","32,900","32,540",60,0.18%,2014-04-23,1393/02/03,Wednesday,چهارشنبه
585,"32,580","32,350","32,630","32,480",870,2.68%,2014-04-24,1393/02/04,Thursday,پنج‌شنبه
586,"32,780","32,780","33,600","33,350",530,1.61%,2014-04-26,1393/02/06,Saturday,شنبه
587,"33,280","32,750","33,390","32,820",130,0.4%,2014-04-27,1393/02/07,Sunday,یکشنبه
588,"32,760","32,590","32,960","32,950",30,0.09%,2014-04-28,1393/02/08,Monday,دوشنبه
589,"32,940","32,840","33,010","32,980",120,0.36%,2014-04-29,1393/02/09,Tuesday,سه‌شنبه
590,"32,950","32,900","33,100","33,100",30,0.09%,2014-04-30,1393/02/10,Wednesday,چهارشنبه
591,"33,120","33,100","33,150","33,130",350,1.07%,2014-05-01,1393/02/11,Thursday,پنج‌شنبه
592,"33,100","32,780","33,160","32,780",360,1.1%,2014-05-03,1393/02/13,Saturday,شنبه
593,"32,820","32,720","33,160","33,140",100,0.3%,2014-05-04,1393/02/14,Sunday,یکشنبه
594,"33,150","32,930","33,300","33,040",130,0.4%,2014-05-05,1393/02/15,Monday,دوشنبه
595,"33,030","32,840","33,050","32,910",10,0.03%,2014-05-06,1393/02/16,Tuesday,سه‌شنبه
596,"32,800","32,790","32,930","32,900",30,0.09%,2014-05-07,1393/02/17,Wednesday,چهارشنبه
597,"32,910","32,860","32,910","32,870",510,1.58%,2014-05-08,1393/02/18,Thursday,پنج‌شنبه
598,"32,570","32,320","32,680","32,360",130,0.4%,2014-05-10,1393/02/20,Saturday,شنبه
599,"32,400","32,270","32,610","32,490",10,0.03%,2014-05-11,1393/02/21,Sunday,یکشنبه
600,"32,470","32,450","32,500","32,480",30,0.09%,2014-05-12,1393/02/22,Monday,دوشنبه
601,"32,390","32,350","32,450","32,450",480,1.48%,2014-05-14,1393/02/24,Wednesday,چهارشنبه
602,"32,470","32,470","33,020","32,930",170,0.52%,2014-05-15,1393/02/25,Thursday,پنج‌شنبه
603,"33,000","32,680","33,020","32,760",60,0.18%,2014-05-17,1393/02/27,Saturday,شنبه
604,"32,740","32,720","32,850","32,820",120,0.37%,2014-05-18,1393/02/28,Sunday,یکشنبه
605,"32,810","32,730","32,950","32,940",40,0.12%,2014-05-19,1393/02/29,Monday,دوشنبه
606,"32,920","32,860","33,080","32,900",30,0.09%,2014-05-20,1393/02/30,Tuesday,سه‌شنبه
607,"32,880","32,840","32,920","32,870",40,0.12%,2014-05-21,1393/02/31,Wednesday,چهارشنبه
608,"32,880","32,830","32,920","32,830",10,0.03%,2014-05-22,1393/03/01,Thursday,پنج‌شنبه
609,"32,760","32,700","32,860","32,820",10,0.03%,2014-05-24,1393/03/03,Saturday,شنبه
610,"32,850","32,800","32,890","32,830",60,0.18%,2014-05-25,1393/03/04,Sunday,یکشنبه
611,"32,820","32,750","32,830","32,770",10,0.03%,2014-05-26,1393/03/05,Monday,دوشنبه
612,"32,660","32,620","32,780","32,780",10,0.03%,2014-05-28,1393/03/07,Wednesday,چهارشنبه
613,"32,790","32,740","32,800","32,770",40,0.12%,2014-05-29,1393/03/08,Thursday,پنج‌شنبه
614,"32,770","32,760","32,830","32,810",10,0.03%,2014-05-31,1393/03/10,Saturday,شنبه
615,"32,800","32,790","32,850","32,820",20,0.06%,2014-06-01,1393/03/11,Sunday,یکشنبه
616,"32,810","32,790","32,840","32,800",30,0.09%,2014-06-02,1393/03/12,Monday,دوشنبه
617,"32,820","32,810","32,830","32,830",380,1.17%,2014-06-03,1393/03/13,Tuesday,سه‌شنبه
618,"32,600","32,350","32,600","32,450",130,0.4%,2014-06-07,1393/03/17,Saturday,شنبه
619,"32,430","32,290","32,460","32,320",80,0.25%,2014-06-08,1393/03/18,Sunday,یکشنبه
620,"32,290","32,060","32,400","32,400",-,-,2014-06-09,1393/03/19,Monday,دوشنبه
621,"32,410","32,340","32,500","32,400",50,0.15%,2014-06-10,1393/03/20,Tuesday,سه‌شنبه
622,"32,420","32,410","32,460","32,450",20,0.06%,2014-06-11,1393/03/21,Wednesday,چهارشنبه
623,"32,440","32,410","32,440","32,430",310,0.97%,2014-06-12,1393/03/22,Thursday,پنج‌شنبه
624,"32,160","32,120","32,230","32,120",330,1.04%,2014-06-14,1393/03/24,Saturday,شنبه
625,"32,050","31,790","32,120","31,790",250,0.79%,2014-06-15,1393/03/25,Sunday,یکشنبه
626,"31,780","31,770","32,110","32,040",110,0.34%,2014-06-16,1393/03/26,Monday,دوشنبه
627,"32,000","31,900","32,170","31,930",180,0.56%,2014-06-17,1393/03/27,Tuesday,سه‌شنبه
628,"31,980","31,800","32,190","32,110",180,0.56%,2014-06-18,1393/03/28,Wednesday,چهارشنبه
629,"32,100","32,010","32,290","32,290",370,1.16%,2014-06-19,1393/03/29,Thursday,پنج‌شنبه
630,"32,050","31,790","32,050","31,920",200,0.63%,2014-06-21,1393/03/31,Saturday,شنبه
631,"31,880","31,690","31,920","31,720",50,0.16%,2014-06-22,1393/04/01,Sunday,یکشنبه
632,"31,740","31,600","31,770","31,670",-,-,2014-06-23,1393/04/02,Monday,دوشنبه
633,"31,650","31,600","31,730","31,670",20,0.06%,2014-06-24,1393/04/03,Tuesday,سه‌شنبه
634,"31,650","31,620","31,720","31,650",40,0.13%,2014-06-25,1393/04/04,Wednesday,چهارشنبه
635,"31,670","31,670","31,700","31,690",510,1.64%,2014-06-26,1393/04/05,Thursday,پنج‌شنبه
636,"31,380","31,080","31,380","31,180",40,0.13%,2014-06-28,1393/04/07,Saturday,شنبه
637,"31,160","30,900","31,160","31,140",40,0.13%,2014-06-29,1393/04/08,Sunday,یکشنبه
638,"31,160","30,920","31,230","31,180",150,0.48%,2014-06-30,1393/04/09,Monday,دوشنبه
639,"31,190","31,110","31,500","31,330",60,0.19%,2014-07-01,1393/04/10,Tuesday,سه‌شنبه
640,"31,360","31,260","31,480","31,270",10,0.03%,2014-07-02,1393/04/11,Wednesday,چهارشنبه
641,"31,240","31,200","31,340","31,260",310,1%,2014-07-03,1393/04/12,Thursday,پنج‌شنبه
642,"30,920","30,770","31,010","30,950",310,1%,2014-07-05,1393/04/14,Saturday,شنبه
643,"30,990","30,980","31,310","31,260",80,0.26%,2014-07-06,1393/04/15,Sunday,یکشنبه
644,"31,300","31,140","31,500","31,180",130,0.42%,2014-07-07,1393/04/16,Monday,دوشنبه
645,"31,190","30,990","31,270","31,050",30,0.1%,2014-07-08,1393/04/17,Tuesday,سه‌شنبه
646,"31,100","31,000","31,140","31,020",40,0.13%,2014-07-09,1393/04/18,Wednesday,چهارشنبه
647,"31,000","31,000","31,110","31,060",300,0.97%,2014-07-10,1393/04/19,Thursday,پنج‌شنبه
648,"31,200","31,170","31,420","31,360",130,0.42%,2014-07-12,1393/04/21,Saturday,شنبه
649,"31,350","31,220","31,350","31,230",60,0.19%,2014-07-13,1393/04/22,Sunday,یکشنبه
650,"31,200","31,110","31,230","31,170",190,0.61%,2014-07-14,1393/04/23,Monday,دوشنبه
651,"31,180","31,170","31,470","31,360",70,0.22%,2014-07-15,1393/04/24,Tuesday,سه‌شنبه
652,"31,390","31,330","31,430","31,430",130,0.41%,2014-07-16,1393/04/25,Wednesday,چهارشنبه
653,"31,440","31,430","31,640","31,560",230,0.73%,2014-07-17,1393/04/26,Thursday,پنج‌شنبه
654,"31,280","31,270","31,370","31,330",-,-,2014-07-20,1393/04/29,Sunday,یکشنبه
655,"31,320","31,270","31,350","31,330",-,-,2014-07-21,1393/04/30,Monday,دوشنبه
656,"31,280","31,240","31,360","31,330",60,0.19%,2014-07-22,1393/04/31,Tuesday,سه‌شنبه
657,"31,340","31,320","31,410","31,390",10,0.03%,2014-07-23,1393/05/01,Wednesday,چهارشنبه
658,"31,370","31,360","31,390","31,380",10,0.03%,2014-07-24,1393/05/02,Thursday,پنج‌شنبه
659,"31,380","31,320","31,410","31,370",80,0.26%,2014-07-26,1393/05/04,Saturday,شنبه
660,"31,350","31,250","31,370","31,290",30,0.1%,2014-07-27,1393/05/05,Sunday,یکشنبه
661,"31,310","31,260","31,310","31,260",29,0.09%,2014-07-28,1393/05/06,Monday,دوشنبه
662,"31,202","30,874","31,546","31,231",169,0.54%,2014-07-30,1393/05/08,Wednesday,چهارشنبه
663,"31,330","31,290","31,400","31,400",20,0.06%,2014-08-02,1393/05/11,Saturday,شنبه
664,"31,390","31,380","31,490","31,420",20,0.06%,2014-08-03,1393/05/12,Sunday,یکشنبه
665,"31,410","31,370","31,450","31,400",-,-,2014-08-04,1393/05/13,Monday,دوشنبه
666,"31,380","31,340","31,410","31,400",80,0.26%,2014-08-05,1393/05/14,Tuesday,سه‌شنبه
667,"31,350","31,320","31,370","31,320",-,-,2014-08-06,1393/05/15,Wednesday,چهارشنبه
668,"31,310","31,310","31,350","31,320",100,0.32%,2014-08-07,1393/05/16,Thursday,پنج‌شنبه
669,"31,290","31,200","31,300","31,220",30,0.1%,2014-08-09,1393/05/18,Saturday,شنبه
670,"31,190","31,170","31,290","31,250",60,0.19%,2014-08-10,1393/05/19,Sunday,یکشنبه
671,"31,260","31,190","31,280","31,190",80,0.26%,2014-08-11,1393/05/20,Monday,دوشنبه
672,"31,210","31,200","31,270","31,270",90,0.29%,2014-08-12,1393/05/21,Tuesday,سه‌شنبه
673,"31,230","31,170","31,230","31,180",10,0.03%,2014-08-13,1393/05/22,Wednesday,چهارشنبه
674,"31,170","31,170","31,190","31,190",170,0.55%,2014-08-14,1393/05/23,Thursday,پنج‌شنبه
675,"31,080","31,000","31,090","31,020",50,0.16%,2014-08-16,1393/05/25,Saturday,شنبه
676,"31,010","30,960","31,070","31,070",20,0.06%,2014-08-17,1393/05/26,Sunday,یکشنبه
677,"31,060","31,030","31,150","31,050",120,0.39%,2014-08-18,1393/05/27,Monday,دوشنبه
678,"31,040","30,910","31,090","30,930",10,0.03%,2014-08-19,1393/05/28,Tuesday,سه‌شنبه
679,"30,940","30,900","30,960","30,920",10,0.03%,2014-08-20,1393/05/29,Wednesday,چهارشنبه
680,"30,910","30,890","30,920","30,910",250,0.81%,2014-08-21,1393/05/30,Thursday,پنج‌شنبه
681,"31,190","31,130","31,330","31,160",170,0.55%,2014-08-23,1393/06/01,Saturday,شنبه
682,"31,150","31,120","31,350","31,330",60,0.19%,2014-08-24,1393/06/02,Sunday,یکشنبه
683,"31,310","31,210","31,330","31,270",30,0.1%,2014-08-25,1393/06/03,Monday,دوشنبه
684,"31,280","31,220","31,300","31,300",-,-,2014-08-26,1393/06/04,Tuesday,سه‌شنبه
685,"31,310","31,250","31,330","31,300",120,0.38%,2014-08-27,1393/06/05,Wednesday,چهارشنبه
686,"31,310","31,300","31,420","31,420",80,0.25%,2014-08-28,1393/06/06,Thursday,پنج‌شنبه
687,"31,580","31,480","31,590","31,500",20,0.06%,2014-08-30,1393/06/08,Saturday,شنبه
688,"31,470","31,390","31,500","31,480",250,0.79%,2014-08-31,1393/06/09,Sunday,یکشنبه
689,"31,470","31,470","31,750","31,730",10,0.03%,2014-09-01,1393/06/10,Monday,دوشنبه
690,"31,750","31,670","31,860","31,720",90,0.28%,2014-09-02,1393/06/11,Tuesday,سه‌شنبه
691,"31,690","31,650","31,850","31,810",70,0.22%,2014-09-03,1393/06/12,Wednesday,چهارشنبه
692,"31,830","31,720","31,850","31,740",60,0.19%,2014-09-04,1393/06/13,Thursday,پنج‌شنبه
693,"31,550","31,510","31,690","31,680",300,0.95%,2014-09-06,1393/06/15,Saturday,شنبه
694,"31,690","31,670","31,980","31,980",230,0.72%,2014-09-07,1393/06/16,Sunday,یکشنبه
695,"32,020","31,740","32,030","31,750",40,0.13%,2014-09-08,1393/06/17,Monday,دوشنبه
696,"31,760","31,680","31,860","31,790",50,0.16%,2014-09-09,1393/06/18,Tuesday,سه‌شنبه
697,"31,800","31,780","31,860","31,840",20,0.06%,2014-09-10,1393/06/19,Wednesday,چهارشنبه
698,"31,830","31,830","31,870","31,860",50,0.16%,2014-09-11,1393/06/20,Thursday,پنج‌شنبه
699,"31,750","31,730","31,930","31,910",70,0.22%,2014-09-13,1393/06/22,Saturday,شنبه
700,"31,920","31,850","32,010","31,980",60,0.19%,2014-09-14,1393/06/23,Sunday,یکشنبه
701,"32,000","31,870","32,090","31,920",220,0.69%,2014-09-15,1393/06/24,Monday,دوشنبه
702,"31,930","31,910","32,180","32,140",130,0.41%,2014-09-16,1393/06/25,Tuesday,سه‌شنبه
703,"32,130","31,960","32,160","32,010",20,0.06%,2014-09-17,1393/06/26,Wednesday,چهارشنبه
704,"32,000","31,970","32,010","31,990",320,1.01%,2014-09-18,1393/06/27,Thursday,پنج‌شنبه
705,"31,790","31,670","31,830","31,670",40,0.13%,2014-09-20,1393/06/29,Saturday,شنبه
706,"31,680","31,650","31,740","31,710",170,0.54%,2014-09-21,1393/06/30,Sunday,یکشنبه
707,"31,770","31,760","31,930","31,880",60,0.19%,2014-09-22,1393/06/31,Monday,دوشنبه
708,"31,910","31,900","32,060","31,940",60,0.19%,2014-09-23,1393/07/01,Tuesday,سه‌شنبه
709,"31,910","31,910","32,020","32,000",-,-,2014-09-24,1393/07/02,Wednesday,چهارشنبه
710,"32,010","31,940","32,010","32,000",640,2%,2014-09-25,1393/07/03,Thursday,پنج‌شنبه
711,"32,550","32,460","32,680","32,640",290,0.9%,2014-09-27,1393/07/05,Saturday,شنبه
712,"32,610","32,350","32,610","32,350",60,0.19%,2014-09-28,1393/07/06,Sunday,یکشنبه
713,"32,320","32,230","32,460","32,410",20,0.06%,2014-09-29,1393/07/07,Monday,دوشنبه
714,"32,470","32,420","32,570","32,430",30,0.09%,2014-09-30,1393/07/08,Tuesday,سه‌شنبه
715,"32,460","32,310","32,460","32,400",30,0.09%,2014-10-01,1393/07/09,Wednesday,چهارشنبه
716,"32,390","32,380","32,440","32,430",120,0.37%,2014-10-02,1393/07/10,Thursday,پنج‌شنبه
717,"32,400","32,290","32,400","32,310",80,0.25%,2014-10-04,1393/07/12,Saturday,شنبه
718,"32,300","32,300","32,450","32,390",20,0.06%,2014-10-06,1393/07/14,Monday,دوشنبه
719,"32,420","32,350","32,420","32,370",110,0.34%,2014-10-07,1393/07/15,Tuesday,سه‌شنبه
720,"32,410","32,410","32,510","32,480",20,0.06%,2014-10-08,1393/07/16,Wednesday,چهارشنبه
721,"32,500","32,470","32,510","32,500",-,-,2014-10-09,1393/07/17,Thursday,پنج‌شنبه
722,"32,450","32,390","32,510","32,500",20,0.06%,2014-10-11,1393/07/19,Saturday,شنبه
723,"32,510","32,480","32,530","32,520",80,0.25%,2014-10-12,1393/07/20,Sunday,یکشنبه
724,"32,550","32,440","32,570","32,440",60,0.18%,2014-10-14,1393/07/22,Tuesday,سه‌شنبه
725,"32,450","32,440","32,560","32,500",40,0.12%,2014-10-15,1393/07/23,Wednesday,چهارشنبه
726,"32,470","32,460","32,510","32,460",120,0.37%,2014-10-16,1393/07/24,Thursday,پنج‌شنبه
727,"32,370","32,310","32,390","32,340",150,0.47%,2014-10-18,1393/07/26,Saturday,شنبه
728,"32,360","32,180","32,360","32,190",90,0.28%,2014-10-19,1393/07/27,Sunday,یکشنبه
729,"32,240","32,200","32,300","32,280",60,0.19%,2014-10-20,1393/07/28,Monday,دوشنبه
730,"32,290","32,220","32,320","32,220",60,0.19%,2014-10-21,1393/07/29,Tuesday,سه‌شنبه
731,"32,250","32,220","32,280","32,280",10,0.03%,2014-10-22,1393/07/30,Wednesday,چهارشنبه
732,"32,290","32,260","32,310","32,270",100,0.31%,2014-10-23,1393/08/01,Thursday,پنج‌شنبه
733,"32,110","32,080","32,190","32,170",190,0.59%,2014-10-25,1393/08/03,Saturday,شنبه
734,"32,220","32,210","32,370","32,360",90,0.28%,2014-10-26,1393/08/04,Sunday,یکشنبه
735,"32,370","32,280","32,450","32,450",60,0.19%,2014-10-27,1393/08/05,Monday,دوشنبه
736,"32,420","32,340","32,430","32,390",60,0.19%,2014-10-28,1393/08/06,Tuesday,سه‌شنبه
737,"32,380","32,360","32,450","32,450",70,0.22%,2014-10-29,1393/08/07,Wednesday,چهارشنبه
738,"32,480","32,480","32,530","32,520",10,0.03%,2014-10-30,1393/08/08,Thursday,پنج‌شنبه
739,"32,480","32,410","32,540","32,530",9,0.03%,2014-11-01,1393/08/10,Saturday,شنبه
740,"32,560","32,500","32,580","32,500",10,0.03%,2014-11-05,1393/08/14,Wednesday,چهارشنبه
741,"32,490","32,460","32,510","32,510",30,0.09%,2014-11-06,1393/08/15,Thursday,پنج‌شنبه
742,"32,580","32,450","32,580","32,480",60,0.18%,2014-11-08,1393/08/17,Saturday,شنبه
743,"32,470","32,400","32,540","32,540",40,0.12%,2014-11-09,1393/08/18,Sunday,یکشنبه
744,"32,500","32,470","32,590","32,580",-,-,2014-11-10,1393/08/19,Monday,دوشنبه
745,"32,560","32,500","32,600","32,580",20,0.06%,2014-11-11,1393/08/20,Tuesday,سه‌شنبه
746,"32,570","32,550","32,600","32,560",10,0.03%,2014-11-12,1393/08/21,Wednesday,چهارشنبه
747,"32,580","32,550","32,580","32,550",80,0.25%,2014-11-13,1393/08/22,Thursday,پنج‌شنبه
748,"32,460","32,400","32,470","32,470",10,0.03%,2014-11-15,1393/08/24,Saturday,شنبه
749,"32,450","32,440","32,470","32,460",100,0.31%,2014-11-16,1393/08/25,Sunday,یکشنبه
750,"32,440","32,440","32,580","32,560",60,0.18%,2014-11-17,1393/08/26,Monday,دوشنبه
751,"32,560","32,460","32,560","32,500",30,0.09%,2014-11-18,1393/08/27,Tuesday,سه‌شنبه
752,"32,510","32,480","32,530","32,530",40,0.12%,2014-11-19,1393/08/28,Wednesday,چهارشنبه
753,"32,540","32,480","32,540","32,490",90,0.28%,2014-11-20,1393/08/29,Thursday,پنج‌شنبه
754,"32,360","32,320","32,460","32,400",160,0.49%,2014-11-22,1393/09/01,Saturday,شنبه
755,"32,420","32,410","32,650","32,560",60,0.18%,2014-11-23,1393/09/02,Sunday,یکشنبه
756,"32,570","32,520","32,620","32,620",280,0.86%,2014-11-24,1393/09/03,Monday,دوشنبه
757,"32,630","32,630","32,950","32,900",290,0.88%,2014-11-25,1393/09/04,Tuesday,سه‌شنبه
758,"32,910","32,910","33,210","33,190",60,0.18%,2014-11-26,1393/09/05,Wednesday,چهارشنبه
759,"33,210","33,200","33,260","33,250",1360,4.09%,2014-11-27,1393/09/06,Thursday,پنج‌شنبه
760,"34,180","34,000","35,300","34,610",940,2.79%,2014-11-29,1393/09/08,Saturday,شنبه
761,"34,600","33,580","34,600","33,670",90,0.27%,2014-11-30,1393/09/09,Sunday,یکشنبه
762,"33,680","33,370","33,840","33,580",90,0.27%,2014-12-01,1393/09/10,Monday,دوشنبه
763,"33,560","33,550","33,770","33,670",30,0.09%,2014-12-02,1393/09/11,Tuesday,سه‌شنبه
764,"33,660","33,590","33,720","33,700",20,0.06%,2014-12-03,1393/09/12,Wednesday,چهارشنبه
765,"33,690","33,680","33,700","33,680",480,1.43%,2014-12-04,1393/09/13,Thursday,پنج‌شنبه
766,"33,500","33,470","34,170","34,160",90,0.26%,2014-12-06,1393/09/15,Saturday,شنبه
767,"34,320","34,090","34,640","34,250",240,0.71%,2014-12-07,1393/09/16,Sunday,یکشنبه
768,"34,210","33,990","34,280","34,010",180,0.53%,2014-12-08,1393/09/17,Monday,دوشنبه
769,"33,990","33,920","34,210","34,190",30,0.09%,2014-12-09,1393/09/18,Tuesday,سه‌شنبه
770,"34,180","34,140","34,310","34,220",40,0.12%,2014-12-10,1393/09/19,Wednesday,چهارشنبه
771,"34,230","34,220","34,260","34,260",160,0.47%,2014-12-11,1393/09/20,Thursday,پنج‌شنبه
772,"34,920","34,000","35,010","34,100",700,2.05%,2014-12-14,1393/09/23,Sunday,یکشنبه
773,"34,110","33,800","34,830","34,800",130,0.37%,2014-12-15,1393/09/24,Monday,دوشنبه
774,"34,750","34,750","35,100","34,930",70,0.2%,2014-12-16,1393/09/25,Tuesday,سه‌شنبه
775,"34,910","34,910","35,140","35,000",60,0.17%,2014-12-17,1393/09/26,Wednesday,چهارشنبه
776,"35,010","34,940","35,050","34,940",130,0.37%,2014-12-18,1393/09/27,Thursday,پنج‌شنبه
777,"35,130","35,060","35,130","35,070",490,1.4%,2014-12-20,1393/09/29,Saturday,شنبه
778,"35,580","35,550","35,610","35,560",30,0.08%,2014-12-22,1393/10/01,Monday,دوشنبه
779,"35,680","35,500","35,720","35,590",200,0.57%,2014-12-24,1393/10/03,Wednesday,چهارشنبه
780,"35,580","35,390","35,580","35,390",140,0.4%,2014-12-25,1393/10/04,Thursday,پنج‌شنبه
781,"35,560","35,480","35,740","35,530",40,0.11%,2014-12-27,1393/10/06,Saturday,شنبه
782,"35,590","35,440","35,640","35,490",280,0.8%,2014-12-28,1393/10/07,Sunday,یکشنبه
783,"35,500","35,120","35,560","35,210",200,0.57%,2014-12-29,1393/10/08,Monday,دوشنبه
784,"35,200","34,920","35,200","35,010",50,0.14%,2014-12-30,1393/10/09,Tuesday,سه‌شنبه
785,"35,000","34,950","35,000","34,960",250,0.72%,2015-01-01,1393/10/11,Thursday,پنج‌شنبه
786,"35,080","35,080","35,440","35,210",90,0.26%,2015-01-03,1393/10/13,Saturday,شنبه
787,"35,220","35,060","35,330","35,120",120,0.34%,2015-01-04,1393/10/14,Sunday,یکشنبه
788,"35,140","35,130","35,260","35,240",110,0.31%,2015-01-05,1393/10/15,Monday,دوشنبه
789,"35,260","35,110","35,260","35,130",130,0.37%,2015-01-06,1393/10/16,Tuesday,سه‌شنبه
790,"35,140","35,000","35,140","35,000",30,0.09%,2015-01-07,1393/10/17,Wednesday,چهارشنبه
791,"35,020","34,960","35,020","34,970",110,0.32%,2015-01-08,1393/10/18,Thursday,پنج‌شنبه
792,"34,930","34,830","34,960","34,860",160,0.46%,2015-01-10,1393/10/20,Saturday,شنبه
793,"34,850","34,660","34,860","34,700",200,0.58%,2015-01-11,1393/10/21,Sunday,یکشنبه
794,"34,690","34,460","34,690","34,500",20,0.06%,2015-01-12,1393/10/22,Monday,دوشنبه
795,"34,490","34,380","34,570","34,520",20,0.06%,2015-01-13,1393/10/23,Tuesday,سه‌شنبه
796,"34,530","34,500","34,580","34,500",50,0.15%,2015-01-14,1393/10/24,Wednesday,چهارشنبه
797,"34,490","34,430","34,490","34,450",220,0.64%,2015-01-15,1393/10/25,Thursday,پنج‌شنبه
798,"34,490","34,490","34,700","34,670",470,1.36%,2015-01-17,1393/10/27,Saturday,شنبه
799,"34,720","34,720","35,210","35,140",400,1.15%,2015-01-18,1393/10/28,Sunday,یکشنبه
800,"35,110","34,680","35,110","34,740",130,0.38%,2015-01-19,1393/10/29,Monday,دوشنبه
801,"34,620","34,420","34,680","34,610",40,0.12%,2015-01-20,1393/10/30,Tuesday,سه‌شنبه
802,"34,660","34,540","34,660","34,570",55,0.16%,2015-01-21,1393/11/01,Wednesday,چهارشنبه
803,"34,480","34,480","34,700","34,650",40,0.12%,2015-01-24,1393/11/04,Saturday,شنبه
804,"34,640","34,610","34,900","34,690",90,0.26%,2015-01-25,1393/11/05,Sunday,یکشنبه
805,"34,700","34,600","34,730","34,600",40,0.12%,2015-01-26,1393/11/06,Monday,دوشنبه
806,"34,590","34,560","34,670","34,560",-,-,2015-01-27,1393/11/07,Tuesday,سه‌شنبه
807,"34,570","34,530","34,640","34,560",8,0.02%,2015-01-28,1393/11/08,Wednesday,چهارشنبه
808,"34,590","34,520","34,620","34,550",10,0.03%,2015-01-31,1393/11/11,Saturday,شنبه
809,"34,570","34,540","34,580","34,560",-,-,2015-02-01,1393/11/12,Sunday,یکشنبه
810,"34,570","34,540","34,570","34,560",130,0.38%,2015-02-02,1393/11/13,Monday,دوشنبه
811,"34,550","34,400","34,560","34,430",110,0.32%,2015-02-03,1393/11/14,Tuesday,سه‌شنبه
812,"34,410","34,270","34,410","34,320",46,0.13%,2015-02-04,1393/11/15,Wednesday,چهارشنبه
813,"34,160","33,880","34,160","34,090",220,0.65%,2015-02-07,1393/11/18,Saturday,شنبه
814,"34,080","34,080","34,370","34,310",10,0.03%,2015-02-08,1393/11/19,Sunday,یکشنبه
815,"34,280","34,210","34,320","34,300",10,0.03%,2015-02-09,1393/11/20,Monday,دوشنبه
816,"34,320","34,007","34,766","34,306",6,0.02%,2015-02-11,1393/11/22,Wednesday,چهارشنبه
817,"34,310","34,260","34,320","34,300",80,0.23%,2015-02-14,1393/11/25,Saturday,شنبه
818,"34,310","34,190","34,310","34,220",200,0.59%,2015-02-15,1393/11/26,Sunday,یکشنبه
819,"34,200","33,980","34,200","34,020",120,0.35%,2015-02-16,1393/11/27,Monday,دوشنبه
820,"34,040","34,010","34,150","34,140",-,-,2015-02-17,1393/11/28,Tuesday,سه‌شنبه
821,"34,180","34,120","34,210","34,140",13,0.04%,2015-02-18,1393/11/29,Wednesday,چهارشنبه
822,"34,080","34,060","34,220","34,220",130,0.38%,2015-02-21,1393/12/02,Saturday,شنبه
823,"34,200","34,200","34,410","34,350",10,0.03%,2015-02-22,1393/12/03,Sunday,یکشنبه
824,"34,370","34,290","34,370","34,340",20,0.06%,2015-02-23,1393/12/04,Monday,دوشنبه
825,"34,350","34,330","34,450","34,360",10,0.03%,2015-02-24,1393/12/05,Tuesday,سه‌شنبه
826,"34,390","34,300","34,410","34,350",40,0.12%,2015-02-25,1393/12/06,Wednesday,چهارشنبه
827,"34,310","34,310","34,310","34,310",50,0.15%,2015-02-26,1393/12/07,Thursday,پنج‌شنبه
828,"34,260","34,190","34,280","34,260",10,0.03%,2015-02-28,1393/12/09,Saturday,شنبه
829,"34,250","34,240","34,290","34,250",80,0.23%,2015-03-01,1393/12/10,Sunday,یکشنبه
830,"34,260","34,070","34,260","34,170",30,0.09%,2015-03-02,1393/12/11,Monday,دوشنبه
831,"34,180","34,110","34,200","34,200",70,0.21%,2015-03-03,1393/12/12,Tuesday,سه‌شنبه
832,"34,160","34,130","34,180","34,130",98,0.29%,2015-03-04,1393/12/13,Wednesday,چهارشنبه
833,"34,020","33,930","34,060","34,060",100,0.29%,2015-03-07,1393/12/16,Saturday,شنبه
834,"34,050","33,960","34,060","33,960",120,0.35%,2015-03-08,1393/12/17,Sunday,یکشنبه
835,"33,980","33,820","33,980","33,840",480,1.44%,2015-03-09,1393/12/18,Monday,دوشنبه
836,"33,800","33,330","33,800","33,360",120,0.36%,2015-03-10,1393/12/19,Tuesday,سه‌شنبه
837,"33,410","32,960","33,410","33,240",250,0.76%,2015-03-11,1393/12/20,Wednesday,چهارشنبه
838,"33,170","32,950","33,170","32,990",580,1.79%,2015-03-12,1393/12/21,Thursday,پنج‌شنبه
839,"32,180","31,600","32,670","32,410",400,1.23%,2015-03-14,1393/12/23,Saturday,شنبه
840,"32,440","32,400","33,150","32,810",720,2.19%,2015-03-15,1393/12/24,Sunday,یکشنبه
841,"32,870","32,870","33,860","33,530",40,0.12%,2015-03-16,1393/12/25,Monday,دوشنبه
842,"33,530","33,350","33,760","33,490",110,0.33%,2015-03-17,1393/12/26,Tuesday,سه‌شنبه
843,"33,580","32,950","33,700","33,380",56,0.17%,2015-03-18,1393/12/27,Wednesday,چهارشنبه
844,"33,980","33,890","34,030","33,930",705,2.12%,2015-03-25,1394/01/05,Wednesday,چهارشنبه
845,"32,970","32,610","33,180","33,100",140,0.42%,2015-03-28,1394/01/08,Saturday,شنبه
846,"33,110","32,990","33,340","33,240",170,0.51%,2015-03-29,1394/01/09,Sunday,یکشنبه
847,"33,190","32,880","33,390","33,070",230,0.7%,2015-03-30,1394/01/10,Monday,دوشنبه
848,"32,890","32,890","33,300","33,300",460,1.4%,2015-03-31,1394/01/11,Tuesday,سه‌شنبه
849,"32,760","32,670","32,990","32,840",20,0.06%,2015-04-04,1394/01/15,Saturday,شنبه
850,"32,820","32,600","32,890","32,860",280,0.85%,2015-04-05,1394/01/16,Sunday,یکشنبه
851,"32,840","32,840","33,170","33,140",210,0.64%,2015-04-06,1394/01/17,Monday,دوشنبه
852,"33,170","32,930","33,330","32,930",30,0.09%,2015-04-07,1394/01/18,Tuesday,سه‌شنبه
853,"32,910","32,860","33,090","32,900",500,1.52%,2015-04-08,1394/01/19,Wednesday,چهارشنبه
854,"33,570","33,390","33,850","33,390",10,0.03%,2015-04-11,1394/01/22,Saturday,شنبه
855,"33,420","33,340","33,580","33,380",70,0.21%,2015-04-12,1394/01/23,Sunday,یکشنبه
856,"33,480","33,270","33,530","33,450",130,0.39%,2015-04-13,1394/01/24,Monday,دوشنبه
857,"33,440","33,440","33,710","33,580",100,0.3%,2015-04-14,1394/01/25,Tuesday,سه‌شنبه
858,"33,590","33,450","33,620","33,480",60,0.18%,2015-04-15,1394/01/26,Wednesday,چهارشنبه
859,"33,490","33,420","33,490","33,420",30,0.09%,2015-04-16,1394/01/27,Thursday,پنج‌شنبه
860,"33,340","33,310","33,440","33,390",-,-,2015-04-18,1394/01/29,Saturday,شنبه
861,"33,450","33,350","33,450","33,390",-,-,2015-04-19,1394/01/30,Sunday,یکشنبه
862,"33,400","33,370","33,450","33,390",30,0.09%,2015-04-20,1394/01/31,Monday,دوشنبه
863,"33,380","33,310","33,390","33,360",30,0.09%,2015-04-21,1394/02/01,Tuesday,سه‌شنبه
864,"33,370","33,310","33,390","33,330",-,-,2015-04-22,1394/02/02,Wednesday,چهارشنبه
865,"33,340","33,330","33,340","33,330",30,0.09%,2015-04-23,1394/02/03,Thursday,پنج‌شنبه
866,"33,200","33,190","33,350","33,300",50,0.15%,2015-04-25,1394/02/05,Saturday,شنبه
867,"33,340","33,340","33,430","33,350",30,0.09%,2015-04-26,1394/02/06,Sunday,یکشنبه
868,"33,360","33,310","33,390","33,380",20,0.06%,2015-04-27,1394/02/07,Monday,دوشنبه
869,"33,390","33,340","33,410","33,360",30,0.09%,2015-04-28,1394/02/08,Tuesday,سه‌شنبه
870,"33,370","33,330","33,400","33,390",-,-,2015-04-29,1394/02/09,Wednesday,چهارشنبه
871,"33,400","33,390","33,400","33,390",140,0.42%,2015-04-30,1394/02/10,Thursday,پنج‌شنبه
872,"33,400","33,250","33,400","33,250",20,0.06%,2015-05-03,1394/02/13,Sunday,یکشنبه
873,"33,230","33,170","33,270","33,270",30,0.09%,2015-05-04,1394/02/14,Monday,دوشنبه
874,"33,250","33,190","33,320","33,300",10,0.03%,2015-05-05,1394/02/15,Tuesday,سه‌شنبه
875,"33,310","33,280","33,320","33,290",10,0.03%,2015-05-06,1394/02/16,Wednesday,چهارشنبه
876,"33,300","33,300","33,300","33,300",120,0.36%,2015-05-07,1394/02/17,Thursday,پنج‌شنبه
877,"33,220","33,140","33,220","33,180",20,0.06%,2015-05-09,1394/02/19,Saturday,شنبه
878,"33,170","33,110","33,190","33,160",-,-,2015-05-10,1394/02/20,Sunday,یکشنبه
879,"33,120","33,070","33,170","33,160",30,0.09%,2015-05-11,1394/02/21,Monday,دوشنبه
880,"33,180","33,150","33,270","33,190",10,0.03%,2015-05-12,1394/02/22,Tuesday,سه‌شنبه
881,"33,180","33,170","33,200","33,200",10,0.03%,2015-05-13,1394/02/23,Wednesday,چهارشنبه
882,"33,190","33,190","33,190","33,190",120,0.36%,2015-05-14,1394/02/24,Thursday,پنج‌شنبه
883,"33,040","33,040","33,080","33,070",90,0.27%,2015-05-17,1394/02/27,Sunday,یکشنبه
884,"33,060","32,980","33,080","32,980",150,0.46%,2015-05-18,1394/02/28,Monday,دوشنبه
885,"32,990","32,770","33,020","32,830",20,0.06%,2015-05-19,1394/02/29,Tuesday,سه‌شنبه
886,"32,940","32,850","33,050","32,850",37,0.11%,2015-05-20,1394/02/30,Wednesday,چهارشنبه
887,"33,000","32,950","33,050","32,950",20,0.06%,2015-05-23,1394/03/02,Saturday,شنبه
888,"33,070","32,930","33,130","32,930",70,0.21%,2015-05-24,1394/03/03,Sunday,یکشنبه
889,"33,110","33,000","33,150","33,000",-,-,2015-05-25,1394/03/04,Monday,دوشنبه
890,"33,070","33,000","33,150","33,000",20,0.06%,2015-05-26,1394/03/05,Tuesday,سه‌شنبه
891,"33,100","32,980","33,220","32,980",36,0.11%,2015-05-27,1394/03/06,Wednesday,چهارشنبه
892,"33,200","33,160","33,320","33,190",60,0.18%,2015-05-30,1394/03/09,Saturday,شنبه
893,"33,200","33,100","33,210","33,130",-,-,2015-05-31,1394/03/10,Sunday,یکشنبه
894,"33,160","33,100","33,220","33,130",3,0.01%,2015-06-01,1394/03/11,Monday,دوشنبه
895,"33,130","33,070","33,130","33,080",20,0.06%,2015-06-06,1394/03/16,Saturday,شنبه
896,"33,140","33,100","33,160","33,100",20,0.06%,2015-06-07,1394/03/17,Sunday,یکشنبه
897,"33,110","33,080","33,160","33,080",-,-,2015-06-08,1394/03/18,Monday,دوشنبه
898,"33,120","33,080","33,170","33,080",30,0.09%,2015-06-09,1394/03/19,Tuesday,سه‌شنبه
899,"33,100","33,050","33,110","33,050",-,-,2015-06-10,1394/03/20,Wednesday,چهارشنبه
900,"33,020","32,920","33,020","32,920",100,0.3%,2015-06-13,1394/03/23,Saturday,شنبه
901,"32,910","32,820","32,910","32,820",30,0.09%,2015-06-14,1394/03/24,Sunday,یکشنبه
902,"32,750","32,690","32,850","32,850",-,-,2015-06-15,1394/03/25,Monday,دوشنبه
903,"32,860","32,820","32,920","32,850",70,0.21%,2015-06-16,1394/03/26,Tuesday,سه‌شنبه
904,"32,840","32,780","32,840","32,780",4,0.01%,2015-06-17,1394/03/27,Wednesday,چهارشنبه
905,"32,730","32,680","32,770","32,720",100,0.31%,2015-06-20,1394/03/30,Saturday,شنبه
906,"32,650","32,600","32,670","32,620",40,0.12%,2015-06-21,1394/03/31,Sunday,یکشنبه
907,"32,630","32,580","32,660","32,660",90,0.28%,2015-06-22,1394/04/01,Monday,دوشنبه
908,"32,680","32,660","32,850","32,750",-,-,2015-06-23,1394/04/02,Tuesday,سه‌شنبه
909,"32,850","32,750","32,880","32,750",214,0.65%,2015-06-24,1394/04/03,Wednesday,چهارشنبه
910,"33,080","33,000","33,380","33,000",-,-,2015-06-27,1394/04/06,Saturday,شنبه
911,"33,170","33,000","33,330","33,000",10,0.03%,2015-06-28,1394/04/07,Sunday,یکشنبه
912,"32,980","32,870","33,110","32,990",100,0.3%,2015-06-29,1394/04/08,Monday,دوشنبه
913,"33,230","33,090","33,330","33,090",140,0.42%,2015-06-30,1394/04/09,Tuesday,سه‌شنبه
914,"33,040","32,940","33,060","32,950",25,0.08%,2015-07-01,1394/04/10,Wednesday,چهارشنبه
915,"33,130","32,900","33,130","32,950",230,0.7%,2015-07-04,1394/04/13,Saturday,شنبه
916,"32,970","32,700","32,970","32,720",240,0.74%,2015-07-05,1394/04/14,Sunday,یکشنبه
917,"32,560","32,420","32,690","32,480",31,0.1%,2015-07-06,1394/04/15,Monday,دوشنبه
918,"32,473","31,793","33,138","32,380",120,0.37%,2015-07-08,1394/04/17,Wednesday,چهارشنبه
919,"32,580","32,450","32,590","32,500",360,1.12%,2015-07-11,1394/04/20,Saturday,شنبه
920,"32,270","32,120","32,270","32,140",20,0.06%,2015-07-12,1394/04/21,Sunday,یکشنبه
921,"32,050","31,780","32,170","32,160",20,0.06%,2015-07-13,1394/04/22,Monday,دوشنبه
922,"32,350","32,180","32,620","32,180",120,0.37%,2015-07-14,1394/04/23,Tuesday,سه‌شنبه
923,"32,490","32,190","32,490","32,300",-,-,2015-07-15,1394/04/24,Wednesday,چهارشنبه
924,"32,250","32,200","32,420","32,350",40,0.12%,2015-07-20,1394/04/29,Monday,دوشنبه
925,"32,530","32,380","32,620","32,390",10,0.03%,2015-07-21,1394/04/30,Tuesday,سه‌شنبه
926,"32,530","32,380","32,560","32,380",105,0.32%,2015-07-22,1394/04/31,Wednesday,چهارشنبه
927,"33,030","32,570","33,180","32,950",50,0.15%,2015-07-25,1394/05/03,Saturday,شنبه
928,"32,990","32,860","33,000","32,900",80,0.24%,2015-07-26,1394/05/04,Sunday,یکشنبه
929,"33,030","32,980","33,090","32,980",50,0.15%,2015-07-27,1394/05/05,Monday,دوشنبه
930,"33,080","32,990","33,100","33,030",30,0.09%,2015-07-28,1394/05/06,Tuesday,سه‌شنبه
931,"33,050","33,000","33,070","33,000",100,0.3%,2015-07-29,1394/05/07,Wednesday,چهارشنبه
932,"33,220","33,120","33,270","33,150",10,0.03%,2015-08-01,1394/05/10,Saturday,شنبه
933,"33,200","33,130","33,220","33,160",80,0.24%,2015-08-02,1394/05/11,Sunday,یکشنبه
934,"33,250","33,220","33,330","33,240",30,0.09%,2015-08-03,1394/05/12,Monday,دوشنبه
935,"33,250","33,250","33,320","33,270",20,0.06%,2015-08-04,1394/05/13,Tuesday,سه‌شنبه
936,"33,300","33,250","33,400","33,250",126,0.38%,2015-08-05,1394/05/14,Wednesday,چهارشنبه
937,"33,500","33,300","33,510","33,390",30,0.09%,2015-08-08,1394/05/17,Saturday,شنبه
938,"33,380","33,360","33,490","33,360",15,0.04%,2015-08-09,1394/05/18,Sunday,یکشنبه
939,"33,600","33,450","33,680","33,450",22,0.07%,2015-08-12,1394/05/21,Wednesday,چهارشنبه
940,"33,410","33,390","33,470","33,410",-,-,2015-08-15,1394/05/24,Saturday,شنبه
941,"33,480","33,410","33,580","33,410",140,0.42%,2015-08-16,1394/05/25,Sunday,یکشنبه
942,"33,450","33,450","33,710","33,550",90,0.27%,2015-08-17,1394/05/26,Monday,دوشنبه
943,"33,590","33,460","33,620","33,460",30,0.09%,2015-08-18,1394/05/27,Tuesday,سه‌شنبه
944,"33,580","33,490","33,600","33,490",8,0.02%,2015-08-19,1394/05/28,Wednesday,چهارشنبه
945,"33,660","33,500","33,720","33,500",50,0.15%,2015-08-22,1394/05/31,Saturday,شنبه
946,"33,680","33,550","33,760","33,550",100,0.3%,2015-08-23,1394/06/01,Sunday,یکشنبه
947,"33,730","33,580","33,810","33,650",20,0.06%,2015-08-24,1394/06/02,Monday,دوشنبه
948,"33,860","33,630","34,070","33,630",80,0.24%,2015-08-25,1394/06/03,Tuesday,سه‌شنبه
949,"33,690","33,550","34,000","33,550",8,0.02%,2015-08-26,1394/06/04,Wednesday,چهارشنبه
950,"33,780","33,670","33,890","33,670",100,0.3%,2015-08-29,1394/06/07,Saturday,شنبه
951,"34,020","33,770","34,100","33,770",230,0.68%,2015-08-30,1394/06/08,Sunday,یکشنبه
952,"34,030","33,960","34,120","34,000",20,0.06%,2015-08-31,1394/06/09,Monday,دوشنبه
953,"34,160","33,980","34,160","33,980",130,0.38%,2015-09-01,1394/06/10,Tuesday,سه‌شنبه
954,"34,000","33,850","34,050","33,850",14,0.04%,2015-09-02,1394/06/11,Wednesday,چهارشنبه
955,"33,920","33,920","34,270","33,970",80,0.24%,2015-09-05,1394/06/14,Saturday,شنبه
956,"34,220","33,890","34,270","33,890",60,0.18%,2015-09-06,1394/06/15,Sunday,یکشنبه
957,"34,150","33,830","34,370","33,830",20,0.06%,2015-09-07,1394/06/16,Monday,دوشنبه
958,"34,220","33,830","34,320","33,850",-,-,2015-09-08,1394/06/17,Tuesday,سه‌شنبه
959,"33,920","33,850","34,300","33,850",26,0.08%,2015-09-09,1394/06/18,Wednesday,چهارشنبه
960,"34,040","33,980","34,560","33,980",220,0.65%,2015-09-12,1394/06/21,Saturday,شنبه
961,"34,130","34,130","34,750","34,200",250,0.74%,2015-09-13,1394/06/22,Sunday,یکشنبه
962,"34,340","33,950","34,920","33,950",20,0.06%,2015-09-14,1394/06/23,Monday,دوشنبه
963,"34,510","33,930","34,510","33,930",80,0.24%,2015-09-15,1394/06/24,Tuesday,سه‌شنبه
964,"33,990","33,850","33,990","33,850",-,-,2015-09-16,1394/06/25,Wednesday,چهارشنبه
965,"34,020","33,830","34,040","33,830",110,0.33%,2015-09-19,1394/06/28,Saturday,شنبه
966,"33,820","33,720","33,820","33,720",160,0.47%,2015-09-20,1394/06/29,Sunday,یکشنبه
967,"34,020","33,880","34,080","33,880",30,0.09%,2015-09-21,1394/06/30,Monday,دوشنبه
968,"33,900","33,850","33,950","33,850",4,0.01%,2015-09-22,1394/06/31,Tuesday,سه‌شنبه
969,"33,910","33,910","34,200","33,930",10,0.03%,2015-09-26,1394/07/04,Saturday,شنبه
970,"34,010","33,920","34,200","33,920",170,0.5%,2015-09-27,1394/07/05,Sunday,یکشنبه
971,"34,170","33,950","34,250","34,090",-,-,2015-09-28,1394/07/06,Monday,دوشنبه
972,"34,650","34,090","34,650","34,090",40,0.12%,2015-09-29,1394/07/07,Tuesday,سه‌شنبه
973,"34,290","34,050","34,520","34,050",12,0.04%,2015-09-30,1394/07/08,Wednesday,چهارشنبه
974,"34,450","33,950","34,450","33,950",40,0.12%,2015-10-03,1394/07/11,Saturday,شنبه
975,"34,230","33,990","34,500","33,990",-,-,2015-10-04,1394/07/12,Sunday,یکشنبه
976,"34,160","33,990","34,850","33,990",-,-,2015-10-05,1394/07/13,Monday,دوشنبه
977,"34,560","33,990","34,750","33,990",10,0.03%,2015-10-06,1394/07/14,Tuesday,سه‌شنبه
978,"34,400","33,980","34,790","33,980",-,-,2015-10-07,1394/07/15,Wednesday,چهارشنبه
979,"34,400","33,900","34,650","33,900",10,0.03%,2015-10-10,1394/07/18,Saturday,شنبه
980,"34,700","33,890","34,700","33,890",10,0.03%,2015-10-11,1394/07/19,Sunday,یکشنبه
981,"34,420","33,880","34,550","33,880",10,0.03%,2015-10-12,1394/07/20,Monday,دوشنبه
982,"33,950","33,880","34,670","33,890",10,0.03%,2015-10-13,1394/07/21,Tuesday,سه‌شنبه
983,"34,530","33,880","34,600","33,880",-,-,2015-10-14,1394/07/22,Wednesday,چهارشنبه
984,"34,390","33,870","34,390","33,870",60,0.18%,2015-10-17,1394/07/25,Saturday,شنبه
985,"34,330","33,810","34,350","33,810",-,-,2015-10-18,1394/07/26,Sunday,یکشنبه
986,"34,190","33,810","34,290","33,810",20,0.06%,2015-10-19,1394/07/27,Monday,دوشنبه
987,"34,270","33,830","34,390","33,830",20,0.06%,2015-10-20,1394/07/28,Tuesday,سه‌شنبه
988,"34,410","33,850","34,540","33,850",-,-,2015-10-21,1394/07/29,Wednesday,چهارشنبه
989,"34,410","33,880","34,550","33,880",10,0.03%,2015-10-25,1394/08/03,Sunday,یکشنبه
990,"34,040","33,890","34,790","33,890",10,0.03%,2015-10-26,1394/08/04,Monday,دوشنبه
991,"34,340","33,900","34,900","33,900",10,0.03%,2015-10-27,1394/08/05,Tuesday,سه‌شنبه
992,"34,090","33,890","34,850","33,890",-,-,2015-10-28,1394/08/06,Wednesday,چهارشنبه
993,"34,980","33,950","34,980","33,950",10,0.03%,2015-10-31,1394/08/09,Saturday,شنبه
994,"34,150","33,940","34,980","33,940",-,-,2015-11-01,1394/08/10,Sunday,یکشنبه
995,"34,550","33,940","34,950","33,940",10,0.03%,2015-11-02,1394/08/11,Monday,دوشنبه
996,"34,990","33,930","34,990","33,930",40,0.12%,2015-11-03,1394/08/12,Tuesday,سه‌شنبه
997,"34,950","33,890","34,950","33,890",12,0.04%,2015-11-04,1394/08/13,Wednesday,چهارشنبه
998,"35,080","33,950","35,120","33,950",10,0.03%,2015-11-07,1394/08/16,Saturday,شنبه
999,"34,200","33,960","35,350","33,960",10,0.03%,2015-11-08,1394/08/17,Sunday,یکشنبه
1000,"35,190","33,950","35,500","33,950",10,0.03%,2015-11-09,1394/08/18,Monday,دوشنبه
1001,"35,070","33,940","35,350","33,940",10,0.03%,2015-11-10,1394/08/19,Tuesday,سه‌شنبه
1002,"34,790","33,930","35,450","33,930",1820,5.36%,2015-11-11,1394/08/20,Wednesday,چهارشنبه
1003,"35,750","35,750","35,750","35,750",1810,5.33%,2015-11-12,1394/08/21,Thursday,پنج‌شنبه
1004,"34,330","33,940","35,700","33,940",-,-,2015-11-14,1394/08/23,Saturday,شنبه
1005,"35,590","33,940","35,590","33,940",-,-,2015-11-15,1394/08/24,Sunday,یکشنبه
1006,"34,260","33,940","35,530","33,940",10,0.03%,2015-11-16,1394/08/25,Monday,دوشنبه
1007,"34,270","33,930","35,590","33,930",-,-,2015-11-17,1394/08/26,Tuesday,سه‌شنبه
1008,"35,610","33,930","35,610","33,930",-,-,2015-11-18,1394/08/27,Wednesday,چهارشنبه
1009,"34,900","33,940","35,690","33,940",-,-,2015-11-21,1394/08/30,Saturday,شنبه
1010,"35,750","33,940","35,750","33,940",40,0.12%,2015-11-22,1394/09/01,Sunday,یکشنبه
1011,"35,420","33,980","35,810","33,980",10,0.03%,2015-11-23,1394/09/02,Monday,دوشنبه
1012,"35,870","33,990","35,930","33,990",70,0.21%,2015-11-24,1394/09/03,Tuesday,سه‌شنبه
1013,"35,990","33,920","35,990","33,920",10,0.03%,2015-11-25,1394/09/04,Wednesday,چهارشنبه
1014,"33,930","33,930","33,930","33,930",60,0.18%,2015-11-26,1394/09/05,Thursday,پنج‌شنبه
1015,"36,530","33,990","36,530","33,990",-,-,2015-11-28,1394/09/07,Saturday,شنبه
1016,"35,080","33,990","35,830","33,990",-,-,2015-11-29,1394/09/08,Sunday,یکشنبه
1017,"34,170","33,990","36,470","33,990",9,0.03%,2015-11-30,1394/09/09,Monday,دوشنبه
1018,"35,663","33,470","36,026","33,970",-,-,2015-12-02,1394/09/11,Wednesday,چهارشنبه
1019,"36,000","33,970","36,000","33,970",10,0.03%,2015-12-05,1394/09/14,Saturday,شنبه
1020,"35,780","33,960","36,390","33,960",-,-,2015-12-06,1394/09/15,Sunday,یکشنبه
1021,"36,200","33,960","36,200","33,960",10,0.03%,2015-12-07,1394/09/16,Monday,دوشنبه
1022,"34,450","33,950","36,400","33,950",1652,4.87%,2015-12-08,1394/09/17,Tuesday,سه‌شنبه
1023,"36,240","33,940","36,290","33,940",-,-,2015-12-13,1394/09/22,Sunday,یکشنبه
1024,"34,300","33,940","36,100","33,940",30,0.09%,2015-12-14,1394/09/23,Monday,دوشنبه
1025,"34,320","33,970","36,230","33,970",80,0.24%,2015-12-15,1394/09/24,Tuesday,سه‌شنبه
1026,"34,390","33,890","36,450","33,890",26,0.08%,2015-12-16,1394/09/25,Wednesday,چهارشنبه
1027,"34,040","33,850","36,190","33,850",10,0.03%,2015-12-19,1394/09/28,Saturday,شنبه
1028,"36,290","33,860","36,400","33,860",10,0.03%,2015-12-21,1394/09/30,Monday,دوشنبه
1029,"34,120","33,870","36,530","33,870",10,0.03%,2015-12-22,1394/10/01,Tuesday,سه‌شنبه
1030,"34,140","33,880","36,580","33,880",26,0.08%,2015-12-23,1394/10/02,Wednesday,چهارشنبه
1031,"34,120","33,800","36,590","33,800",-,-,2015-12-26,1394/10/05,Saturday,شنبه
1032,"34,070","33,800","36,520","33,800",20,0.06%,2015-12-27,1394/10/06,Sunday,یکشنبه
1033,"35,150","33,870","36,720","33,870",20,0.06%,2015-12-30,1394/10/09,Wednesday,چهارشنبه
1034,"36,560","33,840","36,580","33,840",50,0.15%,2016-01-02,1394/10/12,Saturday,شنبه
1035,"34,120","33,840","36,660","33,890",50,0.15%,2016-01-03,1394/10/13,Sunday,یکشنبه
1036,"34,180","33,940","36,230","33,940",-,-,2016-01-04,1394/10/14,Monday,دوشنبه
1037,"34,240","33,940","36,950","33,940",-,-,2016-01-05,1394/10/15,Tuesday,سه‌شنبه
1038,"34,230","33,940","36,280","33,940",41,0.12%,2016-01-06,1394/10/16,Wednesday,چهارشنبه
1039,"34,310","33,950","37,210","33,950",60,0.18%,2016-01-09,1394/10/19,Saturday,شنبه
1040,"34,250","33,890","36,990","33,890",10,0.03%,2016-01-10,1394/10/20,Sunday,یکشنبه
1041,"34,180","33,880","36,490","33,880",10,0.03%,2016-01-11,1394/10/21,Monday,دوشنبه
1042,"34,160","33,870","36,690","33,870",20,0.06%,2016-01-12,1394/10/22,Tuesday,سه‌شنبه
1043,"34,120","33,850","36,160","33,850",4,0.01%,2016-01-13,1394/10/23,Wednesday,چهارشنبه
1044,"35,850","33,840","36,090","33,840",-,-,2016-01-16,1394/10/26,Saturday,شنبه
1045,"36,020","33,840","36,020","33,840",10,0.03%,2016-01-17,1394/10/27,Sunday,یکشنبه
1046,"35,850","33,830","35,960","33,830",10,0.03%,2016-01-18,1394/10/28,Monday,دوشنبه
1047,"35,850","33,840","35,850","33,840",10,0.03%,2016-01-19,1394/10/29,Tuesday,سه‌شنبه
1048,"35,040","33,830","35,040","33,830",13,0.04%,2016-01-20,1394/10/30,Wednesday,چهارشنبه
1049,"35,890","33,870","36,470","33,870",20,0.06%,2016-01-23,1394/11/03,Saturday,شنبه
1050,"35,880","33,850","36,340","33,850",-,-,2016-01-24,1394/11/04,Sunday,یکشنبه
1051,"36,430","33,850","36,430","33,850",10,0.03%,2016-01-25,1394/11/05,Monday,دوشنبه
1052,"36,500","33,840","36,500","33,840",-,-,2016-01-26,1394/11/06,Tuesday,سه‌شنبه
1053,"35,860","33,840","36,270","33,840",2,0.01%,2016-01-27,1394/11/07,Wednesday,چهارشنبه
1054,"36,050","33,840","36,050","33,840",10,0.03%,2016-01-30,1394/11/10,Saturday,شنبه
1055,"36,250","33,830","36,250","33,830",-,-,2016-01-31,1394/11/11,Sunday,یکشنبه
1056,"35,570","33,830","36,180","33,830",10,0.03%,2016-02-01,1394/11/12,Monday,دوشنبه
1057,"34,430","33,820","36,220","33,820",-,-,2016-02-02,1394/11/13,Tuesday,سه‌شنبه
1058,"34,260","33,820","35,990","33,820",3,0.01%,2016-02-03,1394/11/14,Wednesday,چهارشنبه
1059,"34,270","33,800","35,640","33,800",-,-,2016-02-06,1394/11/17,Saturday,شنبه
1060,"35,360","33,800","35,600","33,800",-,-,2016-02-07,1394/11/18,Sunday,یکشنبه
1061,"34,210","33,800","35,440","33,800",-,-,2016-02-08,1394/11/19,Monday,دوشنبه
1062,"34,100","33,800","35,000","33,800",-,-,2016-02-09,1394/11/20,Tuesday,سه‌شنبه
1063,"34,590","33,800","34,620","33,800",40,0.12%,2016-02-13,1394/11/24,Saturday,شنبه
1064,"34,000","33,840","34,540","33,840",590,1.74%,2016-02-14,1394/11/25,Sunday,یکشنبه
1065,"33,960","33,960","34,430","34,430",190,0.55%,2016-02-15,1394/11/26,Monday,دوشنبه
1066,"34,560","34,560","34,690","34,620",90,0.26%,2016-02-16,1394/11/27,Tuesday,سه‌شنبه
1067,"34,820","34,710","34,890","34,710",218,0.63%,2016-02-17,1394/11/28,Wednesday,چهارشنبه
1068,"34,440","34,370","34,540","34,500",40,0.12%,2016-02-20,1394/12/01,Saturday,شنبه
1069,"34,540","34,540","34,800","34,540",110,0.32%,2016-02-21,1394/12/02,Sunday,یکشنبه
1070,"34,550","34,550","34,720","34,650",30,0.09%,2016-02-22,1394/12/03,Monday,دوشنبه
1071,"34,660","34,660","34,740","34,680",70,0.2%,2016-02-23,1394/12/04,Tuesday,سه‌شنبه
1072,"34,890","34,750","34,890","34,750",52,0.15%,2016-02-24,1394/12/05,Wednesday,چهارشنبه
1073,"34,810","34,550","34,850","34,550",-,-,2016-02-27,1394/12/08,Saturday,شنبه
1074,"34,580","34,550","34,700","34,550",10,0.03%,2016-02-28,1394/12/09,Sunday,یکشنبه
1075,"34,560","34,540","34,620","34,540",-,-,2016-02-29,1394/12/10,Monday,دوشنبه
1076,"34,660","34,540","34,760","34,540",90,0.26%,2016-03-01,1394/12/11,Tuesday,سه‌شنبه
1077,"34,560","34,450","34,570","34,450",18,0.05%,2016-03-02,1394/12/12,Wednesday,چهارشنبه
1078,"34,260","34,260","34,340","34,340",80,0.23%,2016-03-05,1394/12/15,Saturday,شنبه
1079,"34,300","34,230","34,330","34,260",180,0.53%,2016-03-06,1394/12/16,Sunday,یکشنبه
1080,"34,250","34,050","34,250","34,080",160,0.47%,2016-03-07,1394/12/17,Monday,دوشنبه
1081,"34,120","34,090","34,270","34,240",130,0.38%,2016-03-08,1394/12/18,Tuesday,سه‌شنبه
1082,"34,450","34,370","34,460","34,370",62,0.18%,2016-03-09,1394/12/19,Wednesday,چهارشنبه
1083,"34,186","33,741","34,461","34,205",85,0.25%,2016-03-11,1394/12/21,Friday,جمعه
1084,"34,240","34,240","34,310","34,290",10,0.03%,2016-03-14,1394/12/24,Monday,دوشنبه
1085,"34,330","34,300","34,370","34,300",50,0.15%,2016-03-15,1394/12/25,Tuesday,سه‌شنبه
1086,"34,250","34,250","34,250","34,250",13,0.04%,2016-03-16,1394/12/26,Wednesday,چهارشنبه
1087,"34,253","34,026","35,035","34,600",60,0.17%,2016-03-23,1395/01/04,Wednesday,چهارشنبه
1088,"34,660","34,660","34,670","34,660",540,1.56%,2016-03-26,1395/01/07,Saturday,شنبه
1089,"35,200","35,000","35,200","35,200",70,0.2%,2016-03-27,1395/01/08,Sunday,یکشنبه
1090,"34,960","34,960","35,140","35,130",310,0.89%,2016-03-28,1395/01/09,Monday,دوشنبه
1091,"34,890","34,820","34,890","34,820",30,0.09%,2016-03-29,1395/01/10,Tuesday,سه‌شنبه
1092,"34,850","34,850","34,850","34,850",360,1.04%,2016-03-30,1395/01/11,Wednesday,چهارشنبه
1093,"34,720","34,490","34,720","34,490",10,0.03%,2016-04-02,1395/01/14,Saturday,شنبه
1094,"34,500","34,480","34,610","34,500",260,0.75%,2016-04-03,1395/01/15,Sunday,یکشنبه
1095,"34,700","34,700","34,780","34,760",60,0.17%,2016-04-04,1395/01/16,Monday,دوشنبه
1096,"34,910","34,690","34,930","34,700",50,0.14%,2016-04-05,1395/01/17,Tuesday,سه‌شنبه
1097,"34,800","34,650","34,800","34,650",-,-,2016-04-06,1395/01/18,Wednesday,چهارشنبه
1098,"34,650","34,650","34,650","34,650",70,0.2%,2016-04-07,1395/01/19,Thursday,پنج‌شنبه
1099,"34,760","34,720","34,800","34,720",20,0.06%,2016-04-09,1395/01/21,Saturday,شنبه
1100,"34,750","34,700","34,750","34,700",10,0.03%,2016-04-10,1395/01/22,Sunday,یکشنبه
1101,"34,820","34,690","34,820","34,690",30,0.09%,2016-04-11,1395/01/23,Monday,دوشنبه
1102,"34,670","34,630","34,690","34,660",40,0.12%,2016-04-12,1395/01/24,Tuesday,سه‌شنبه
1103,"34,650","34,590","34,650","34,620",20,0.06%,2016-04-13,1395/01/25,Wednesday,چهارشنبه
1104,"34,700","34,550","34,700","34,550",40,0.12%,2016-04-16,1395/01/28,Saturday,شنبه
1105,"34,590","34,510","34,590","34,510",130,0.38%,2016-04-17,1395/01/29,Sunday,یکشنبه
1106,"34,540","34,540","34,640","34,640",60,0.17%,2016-04-18,1395/01/30,Monday,دوشنبه
1107,"34,680","34,580","34,680","34,580",3,0.01%,2016-04-19,1395/01/31,Tuesday,سه‌شنبه
1108,"34,650","34,650","34,710","34,690",20,0.06%,2016-04-23,1395/02/04,Saturday,شنبه
1109,"34,700","34,670","34,730","34,670",70,0.2%,2016-04-24,1395/02/05,Sunday,یکشنبه
1110,"34,660","34,600","34,660","34,600",-,-,2016-04-25,1395/02/06,Monday,دوشنبه
1111,"34,650","34,600","34,650","34,600",30,0.09%,2016-04-26,1395/02/07,Tuesday,سه‌شنبه
1112,"34,630","34,570","34,630","34,570",12,0.03%,2016-04-27,1395/02/08,Wednesday,چهارشنبه
1113,"34,540","34,480","34,540","34,510",10,0.03%,2016-04-30,1395/02/11,Saturday,شنبه
1114,"34,570","34,500","34,620","34,500",30,0.09%,2016-05-01,1395/02/12,Sunday,یکشنبه
1115,"34,560","34,470","34,570","34,470",40,0.12%,2016-05-02,1395/02/13,Monday,دوشنبه
1116,"34,480","34,420","34,480","34,430",8,0.02%,2016-05-03,1395/02/14,Tuesday,سه‌شنبه
1117,"34,450","34,420","34,510","34,460",10,0.03%,2016-05-07,1395/02/18,Saturday,شنبه
1118,"34,450","34,390","34,450","34,450",50,0.15%,2016-05-08,1395/02/19,Sunday,یکشنبه
1119,"34,510","34,500","34,540","34,500",10,0.03%,2016-05-09,1395/02/20,Monday,دوشنبه
1120,"34,510","34,490","34,580","34,490",60,0.17%,2016-05-10,1395/02/21,Tuesday,سه‌شنبه
1121,"34,500","34,430","34,500","34,430",14,0.04%,2016-05-11,1395/02/22,Wednesday,چهارشنبه
1122,"34,390","34,360","34,420","34,420",30,0.09%,2016-05-14,1395/02/25,Saturday,شنبه
1123,"34,450","34,390","34,460","34,390",20,0.06%,2016-05-15,1395/02/26,Sunday,یکشنبه
1124,"34,410","34,370","34,410","34,370",-,-,2016-05-16,1395/02/27,Monday,دوشنبه
1125,"34,380","34,350","34,380","34,370",-,-,2016-05-17,1395/02/28,Tuesday,سه‌شنبه
1126,"34,410","34,370","34,420","34,370",16,0.05%,2016-05-18,1395/02/29,Wednesday,چهارشنبه
1127,"34,400","34,162","35,111","34,443",107,0.31%,2016-05-20,1395/02/31,Friday,جمعه
1128,"34,540","34,520","34,560","34,550",10,0.03%,2016-05-23,1395/03/03,Monday,دوشنبه
1129,"34,640","34,540","34,640","34,540",10,0.03%,2016-05-24,1395/03/04,Tuesday,سه‌شنبه
1130,"34,570","34,550","34,600","34,550",140,0.41%,2016-05-25,1395/03/05,Wednesday,چهارشنبه
1131,"34,830","34,690","34,830","34,700",70,0.2%,2016-05-28,1395/03/08,Saturday,شنبه
1132,"34,690","34,580","34,710","34,630",20,0.06%,2016-05-29,1395/03/09,Sunday,یکشنبه
1133,"34,650","34,650","34,740","34,650",-,-,2016-05-30,1395/03/10,Monday,دوشنبه
1134,"34,630","34,600","34,650","34,650",60,0.17%,2016-05-31,1395/03/11,Tuesday,سه‌شنبه
1135,"34,720","34,710","34,750","34,710",-,-,2016-06-01,1395/03/12,Wednesday,چهارشنبه
1136,"34,700","34,700","34,710","34,710",180,0.52%,2016-06-02,1395/03/13,Thursday,پنج‌شنبه
1137,"34,660","34,530","34,660","34,530",20,0.06%,2016-06-05,1395/03/16,Sunday,یکشنبه
1138,"34,540","34,540","34,580","34,550",30,0.09%,2016-06-06,1395/03/17,Monday,دوشنبه
1139,"34,560","34,520","34,590","34,580",20,0.06%,2016-06-07,1395/03/18,Tuesday,سه‌شنبه
1140,"34,590","34,590","34,600","34,600",10,0.03%,2016-06-08,1395/03/19,Wednesday,چهارشنبه
1141,"34,590","34,580","34,600","34,600",70,0.2%,2016-06-11,1395/03/22,Saturday,شنبه
1142,"34,580","34,530","34,580","34,530",60,0.17%,2016-06-12,1395/03/23,Sunday,یکشنبه
1143,"34,560","34,560","34,600","34,590",10,0.03%,2016-06-13,1395/03/24,Monday,دوشنبه
1144,"34,580","34,580","34,640","34,600",50,0.14%,2016-06-14,1395/03/25,Tuesday,سه‌شنبه
1145,"34,590","34,550","34,590","34,550",3,0.01%,2016-06-15,1395/03/26,Wednesday,چهارشنبه
1146,"34,560","34,540","34,570","34,540",10,0.03%,2016-06-18,1395/03/29,Saturday,شنبه
1147,"34,550","34,550","34,580","34,550",50,0.14%,2016-06-19,1395/03/30,Sunday,یکشنبه
1148,"34,570","34,570","34,610","34,600",30,0.09%,2016-06-20,1395/03/31,Monday,دوشنبه
1149,"34,620","34,620","34,650","34,630",7,0.02%,2016-06-21,1395/04/01,Tuesday,سه‌شنبه
1150,"34,553","34,307","34,964","34,618",232,0.67%,2016-06-22,1395/04/02,Wednesday,چهارشنبه
1151,"34,710","34,710","34,890","34,850",37,0.11%,2016-06-25,1395/04/05,Saturday,شنبه
1152,"34,910","34,910","35,190","35,190",100,0.28%,2016-06-28,1395/04/08,Tuesday,سه‌شنبه
1153,"35,310","35,290","35,370","35,290",122,0.35%,2016-06-29,1395/04/09,Wednesday,چهارشنبه
1154,"35,120","34,790","35,120","34,790",80,0.23%,2016-07-02,1395/04/12,Saturday,شنبه
1155,"34,830","34,680","34,880","34,870",-,-,2016-07-03,1395/04/13,Sunday,یکشنبه
1156,"34,930","34,780","34,930","34,870",26,0.07%,2016-07-04,1395/04/14,Monday,دوشنبه
1157,"34,810","34,750","35,030","34,970",40,0.11%,2016-07-09,1395/04/19,Saturday,شنبه
1158,"35,070","34,940","35,070","35,010",110,0.31%,2016-07-10,1395/04/20,Sunday,یکشنبه
1159,"35,290","35,070","35,290","35,120",110,0.31%,2016-07-11,1395/04/21,Monday,دوشنبه
1160,"35,320","34,990","35,320","35,010",30,0.09%,2016-07-12,1395/04/22,Tuesday,سه‌شنبه
1161,"35,130","34,990","35,220","35,040",32,0.09%,2016-07-13,1395/04/23,Wednesday,چهارشنبه
1162,"35,150","34,940","35,150","35,120",30,0.09%,2016-07-16,1395/04/26,Saturday,شنبه
1163,"35,270","34,990","35,270","35,150",40,0.11%,2016-07-17,1395/04/27,Sunday,یکشنبه
1164,"35,080","35,000","35,230","35,190",60,0.17%,2016-07-18,1395/04/28,Monday,دوشنبه
1165,"35,150","35,030","35,210","35,130",100,0.29%,2016-07-19,1395/04/29,Tuesday,سه‌شنبه
1166,"35,080","35,030","35,180","35,030",4,0.01%,2016-07-20,1395/04/30,Wednesday,چهارشنبه
1167,"35,170","35,140","35,170","35,170",60,0.17%,2016-07-23,1395/05/02,Saturday,شنبه
1168,"35,150","35,080","35,220","35,110",70,0.2%,2016-07-24,1395/05/03,Sunday,یکشنبه
1169,"35,250","35,170","35,250","35,180",-,-,2016-07-25,1395/05/04,Monday,دوشنبه
1170,"35,370","35,180","35,370","35,180",260,0.74%,2016-07-26,1395/05/05,Tuesday,سه‌شنبه
1171,"35,380","35,120","35,440","35,440",25,0.07%,2016-07-27,1395/05/06,Wednesday,چهارشنبه
1172,"35,350","35,270","35,370","35,280",120,0.34%,2016-07-31,1395/05/10,Sunday,یکشنبه
1173,"35,380","35,340","35,400","35,400",90,0.25%,2016-08-01,1395/05/11,Monday,دوشنبه
1174,"35,360","35,290","35,420","35,310",140,0.4%,2016-08-02,1395/05/12,Tuesday,سه‌شنبه
1175,"35,350","35,120","35,380","35,170",98,0.28%,2016-08-03,1395/05/13,Wednesday,چهارشنبه
1176,"35,390","35,290","35,390","35,330",70,0.2%,2016-08-06,1395/05/16,Saturday,شنبه
1177,"35,390","35,350","35,420","35,400",50,0.14%,2016-08-07,1395/05/17,Sunday,یکشنبه
1178,"35,380","35,280","35,450","35,450",100,0.28%,2016-08-08,1395/05/18,Monday,دوشنبه
1179,"35,430","35,310","35,490","35,350",30,0.08%,2016-08-09,1395/05/19,Tuesday,سه‌شنبه
1180,"35,540","35,340","35,580","35,380",100,0.28%,2016-08-10,1395/05/20,Wednesday,چهارشنبه
1181,"35,280","35,280","35,280","35,280",30,0.09%,2016-08-11,1395/05/21,Thursday,پنج‌شنبه
1182,"35,350","35,310","35,490","35,310",120,0.34%,2016-08-13,1395/05/23,Saturday,شنبه
1183,"35,640","35,290","35,640","35,430",-,-,2016-08-14,1395/05/24,Sunday,یکشنبه
1184,"35,210","35,210","35,490","35,430",10,0.03%,2016-08-15,1395/05/25,Monday,دوشنبه
1185,"35,320","35,280","35,510","35,420",30,0.08%,2016-08-16,1395/05/26,Tuesday,سه‌شنبه
1186,"35,440","35,340","35,530","35,450",112,0.32%,2016-08-17,1395/05/27,Wednesday,چهارشنبه
1187,"35,370","35,270","35,510","35,270",200,0.57%,2016-08-20,1395/05/30,Saturday,شنبه
1188,"35,390","35,350","35,510","35,470",50,0.14%,2016-08-21,1395/05/31,Sunday,یکشنبه
1189,"35,570","35,380","35,570","35,420",10,0.03%,2016-08-22,1395/06/01,Monday,دوشنبه
1190,"35,680","35,400","35,680","35,430",130,0.37%,2016-08-23,1395/06/02,Tuesday,سه‌شنبه
1191,"35,430","35,300","35,480","35,300",80,0.23%,2016-08-24,1395/06/03,Wednesday,چهارشنبه
1192,"35,700","35,480","35,700","35,500",50,0.14%,2016-08-27,1395/06/06,Saturday,شنبه
1193,"35,580","35,450","35,580","35,550",-,-,2016-08-28,1395/06/07,Sunday,یکشنبه
1194,"35,510","35,490","35,640","35,550",-,-,2016-08-29,1395/06/08,Monday,دوشنبه
1195,"35,480","35,480","35,640","35,550",20,0.06%,2016-08-30,1395/06/09,Tuesday,سه‌شنبه
1196,"35,470","35,430","35,630","35,570",15,0.04%,2016-08-31,1395/06/10,Wednesday,چهارشنبه
1197,"35,640","35,560","35,650","35,650",130,0.37%,2016-09-03,1395/06/13,Saturday,شنبه
1198,"35,590","35,430","35,700","35,520",30,0.08%,2016-09-04,1395/06/14,Sunday,یکشنبه
1199,"35,490","35,470","35,610","35,550",10,0.03%,2016-09-05,1395/06/15,Monday,دوشنبه
1200,"35,560","35,460","35,580","35,540",30,0.08%,2016-09-06,1395/06/16,Tuesday,سه‌شنبه
1201,"35,610","35,450","35,610","35,570",42,0.12%,2016-09-07,1395/06/17,Wednesday,چهارشنبه
1202,"35,520","35,420","35,550","35,500",60,0.17%,2016-09-10,1395/06/20,Saturday,شنبه
1203,"35,510","35,480","35,630","35,630",90,0.25%,2016-09-13,1395/06/23,Tuesday,سه‌شنبه
1204,"35,550","35,490","35,720","35,720",29,0.08%,2016-09-14,1395/06/24,Wednesday,چهارشنبه
1205,"35,740","35,490","35,740","35,600",80,0.23%,2016-09-17,1395/06/27,Saturday,شنبه
1206,"35,710","35,520","35,710","35,520",66,0.19%,2016-09-18,1395/06/28,Sunday,یکشنبه
1207,"35,760","35,520","35,760","35,540",85,0.24%,2016-09-21,1395/06/31,Wednesday,چهارشنبه
1208,"35,720","35,650","35,740","35,680",20,0.06%,2016-09-24,1395/07/03,Saturday,شنبه
1209,"35,700","35,640","35,760","35,700",30,0.08%,2016-09-25,1395/07/04,Sunday,یکشنبه
1210,"35,800","35,670","35,800","35,730",120,0.34%,2016-09-26,1395/07/05,Monday,دوشنبه
1211,"35,750","35,610","35,760","35,610",190,0.53%,2016-09-27,1395/07/06,Tuesday,سه‌شنبه
1212,"35,800","35,740","35,810","35,800",20,0.06%,2016-09-28,1395/07/07,Wednesday,چهارشنبه
1213,"35,700","35,700","35,860","35,770",40,0.11%,2016-10-01,1395/07/10,Saturday,شنبه
1214,"35,850","35,800","35,850","35,810",50,0.14%,2016-10-02,1395/07/11,Sunday,یکشنبه
1215,"35,880","35,830","35,880","35,860",10,0.03%,2016-10-03,1395/07/12,Monday,دوشنبه
1216,"35,890","35,670","35,890","35,870",150,0.42%,2016-10-04,1395/07/13,Tuesday,سه‌شنبه
1217,"35,880","35,720","35,880","35,720",49,0.14%,2016-10-05,1395/07/14,Wednesday,چهارشنبه
1218,"35,810","35,790","35,820","35,810",40,0.11%,2016-10-08,1395/07/17,Saturday,شنبه
1219,"35,900","35,810","35,900","35,850",-,-,2016-10-09,1395/07/18,Sunday,یکشنبه
1220,"35,917","35,570","36,283","35,879",1,-,2016-10-12,1395/07/21,Wednesday,چهارشنبه
1221,"35,970","35,880","35,980","35,880",30,0.08%,2016-10-15,1395/07/24,Saturday,شنبه
1222,"35,950","35,440","35,950","35,850",20,0.06%,2016-10-16,1395/07/25,Sunday,یکشنبه
1223,"35,950","35,800","35,950","35,830",20,0.06%,2016-10-17,1395/07/26,Monday,دوشنبه
1224,"35,900","35,820","35,900","35,850",-,-,2016-10-18,1395/07/27,Tuesday,سه‌شنبه
1225,"35,910","35,780","35,920","35,850",21,0.06%,2016-10-19,1395/07/28,Wednesday,چهارشنبه
1226,"35,920","35,790","35,920","35,910",40,0.11%,2016-10-22,1395/08/01,Saturday,شنبه
1227,"35,870","35,870","35,950","35,950",270,0.76%,2016-10-23,1395/08/02,Sunday,یکشنبه
1228,"35,950","35,680","35,980","35,680",370,1.04%,2016-10-24,1395/08/03,Monday,دوشنبه
1229,"35,920","35,770","36,080","36,050",130,0.36%,2016-10-25,1395/08/04,Tuesday,سه‌شنبه
1230,"35,800","35,800","36,180","36,180",77,0.21%,2016-10-26,1395/08/05,Wednesday,چهارشنبه
1231,"36,190","35,830","36,190","36,110",80,0.22%,2016-10-29,1395/08/08,Saturday,شنبه
1232,"36,190","36,110","36,210","36,190",80,0.22%,2016-10-30,1395/08/09,Sunday,یکشنبه
1233,"36,280","36,210","36,280","36,270",40,0.11%,2016-10-31,1395/08/10,Monday,دوشنبه
1234,"36,300","36,190","36,300","36,230",30,0.08%,2016-11-01,1395/08/11,Tuesday,سه‌شنبه
1235,"36,240","36,080","36,270","36,200",10,0.03%,2016-11-02,1395/08/12,Wednesday,چهارشنبه
1236,"36,180","36,180","36,290","36,290",40,0.11%,2016-11-05,1395/08/15,Saturday,شنبه
1237,"36,320","36,230","36,320","36,250",150,0.41%,2016-11-06,1395/08/16,Sunday,یکشنبه
1238,"35,750","35,750","36,460","36,400",80,0.22%,2016-11-07,1395/08/17,Monday,دوشنبه
1239,"36,310","36,310","36,520","36,480",90,0.25%,2016-11-08,1395/08/18,Tuesday,سه‌شنبه
1240,"36,590","36,390","36,590","36,570",76,0.21%,2016-11-09,1395/08/19,Wednesday,چهارشنبه
1241,"36,440","36,440","36,590","36,550",130,0.36%,2016-11-12,1395/08/22,Saturday,شنبه
1242,"36,650","36,500","36,690","36,680",-,-,2016-11-13,1395/08/23,Sunday,یکشنبه
1243,"36,670","36,660","36,700","36,680",60,0.16%,2016-11-14,1395/08/24,Monday,دوشنبه
1244,"36,660","36,660","36,750","36,740",110,0.3%,2016-11-15,1395/08/25,Tuesday,سه‌شنبه
1245,"36,800","36,710","36,920","36,850",1,-,2016-11-16,1395/08/26,Wednesday,چهارشنبه
1246,"36,890","36,183","37,572","36,809",39,0.11%,2016-11-18,1395/08/28,Friday,جمعه
1247,"36,840","36,680","36,840","36,770",260,0.71%,2016-11-21,1395/09/01,Monday,دوشنبه
1248,"36,880","36,800","37,110","37,030",150,0.41%,2016-11-22,1395/09/02,Tuesday,سه‌شنبه
1249,"37,050","37,050","37,240","37,180",192,0.52%,2016-11-23,1395/09/03,Wednesday,چهارشنبه
1250,"37,180","37,180","37,940","37,910",581,1.53%,2016-11-26,1395/09/06,Saturday,شنبه
1251,"38,050","37,692","39,341","38,680",406,1.06%,2016-11-28,1395/09/08,Monday,دوشنبه
1252,"38,356","37,799","38,555","38,274",676,1.77%,2016-11-30,1395/09/10,Wednesday,چهارشنبه
1253,"38,800","38,470","39,220","38,950",10,0.03%,2016-12-03,1395/09/13,Saturday,شنبه
1254,"38,390","38,390","38,990","38,960",80,0.21%,2016-12-04,1395/09/14,Sunday,یکشنبه
1255,"39,150","38,680","39,150","38,880",120,0.31%,2016-12-05,1395/09/15,Monday,دوشنبه
1256,"38,990","38,720","38,990","38,760",230,0.59%,2016-12-06,1395/09/16,Tuesday,سه‌شنبه
1257,"38,990","38,840","38,990","38,990",80,0.21%,2016-12-07,1395/09/17,Wednesday,چهارشنبه
1258,"39,100","38,850","39,100","38,910",230,0.59%,2016-12-10,1395/09/20,Saturday,شنبه
1259,"39,000","38,680","39,000","38,680",290,0.75%,2016-12-11,1395/09/21,Sunday,یکشنبه
1260,"38,750","38,750","38,990","38,970",170,0.44%,2016-12-12,1395/09/22,Monday,دوشنبه
1261,"39,160","39,110","39,200","39,140",140,0.36%,2016-12-13,1395/09/23,Tuesday,سه‌شنبه
1262,"39,200","39,190","39,280","39,280",-,-,2016-12-14,1395/09/24,Wednesday,چهارشنبه
1263,"39,300","39,110","39,300","39,170",10,0.03%,2016-12-18,1395/09/28,Sunday,یکشنبه
1264,"39,220","39,160","39,320","39,180",600,1.53%,2016-12-19,1395/09/29,Monday,دوشنبه
1265,"39,370","39,370","39,780","39,780",70,0.18%,2016-12-20,1395/09/30,Tuesday,سه‌شنبه
1266,"39,790","39,780","39,910","39,850",22,0.06%,2016-12-21,1395/10/01,Wednesday,چهارشنبه
1267,"40,030","39,750","40,680","40,660",60,0.15%,2016-12-24,1395/10/04,Saturday,شنبه
1268,"40,530","40,220","40,890","40,720",490,1.2%,2016-12-25,1395/10/05,Sunday,یکشنبه
1269,"40,830","40,830","41,210","41,210",460,1.13%,2016-12-26,1395/10/06,Monday,دوشنبه
1270,"40,570","40,570","41,230","40,750",460,1.14%,2016-12-27,1395/10/07,Tuesday,سه‌شنبه
1271,"40,770","40,190","40,770","40,290",107,0.27%,2016-12-28,1395/10/08,Wednesday,چهارشنبه
1272,"39,260","38,270","39,260","38,350",440,1.15%,2016-12-31,1395/10/11,Saturday,شنبه
1273,"38,260","38,260","38,810","38,790",350,0.9%,2017-01-01,1395/10/12,Sunday,یکشنبه
1274,"38,800","38,800","39,190","39,140",140,0.36%,2017-01-02,1395/10/13,Monday,دوشنبه
1275,"39,200","38,790","39,200","39,000",30,0.08%,2017-01-03,1395/10/14,Tuesday,سه‌شنبه
1276,"39,050","38,940","39,080","39,030",4,0.01%,2017-01-04,1395/10/15,Wednesday,چهارشنبه
1277,"39,550","39,420","39,560","39,450",200,0.51%,2017-01-07,1395/10/18,Saturday,شنبه
1278,"39,480","39,480","39,660","39,650",134,0.34%,2017-01-08,1395/10/19,Sunday,یکشنبه
1279,"39,660","39,510","39,790","39,790",-,-,2017-01-10,1395/10/21,Tuesday,سه‌شنبه
1280,"39,800","39,670","39,820","39,790",101,0.25%,2017-01-11,1395/10/22,Wednesday,چهارشنبه
1281,"39,470","39,160","39,470","39,440",300,0.77%,2017-01-14,1395/10/25,Saturday,شنبه
1282,"39,400","39,090","39,410","39,140",800,2.09%,2017-01-15,1395/10/26,Sunday,یکشنبه
1283,"39,080","38,340","39,460","38,340",140,0.37%,2017-01-16,1395/10/27,Monday,دوشنبه
1284,"38,670","38,130","38,670","38,200",40,0.1%,2017-01-17,1395/10/28,Tuesday,سه‌شنبه
1285,"38,420","38,120","38,420","38,240",41,0.11%,2017-01-18,1395/10/29,Wednesday,چهارشنبه
1286,"38,050","37,890","38,350","38,330",170,0.44%,2017-01-21,1395/11/02,Saturday,شنبه
1287,"38,290","38,280","38,590","38,500",40,0.1%,2017-01-22,1395/11/03,Sunday,یکشنبه
1288,"38,450","38,450","38,850","38,540",60,0.16%,2017-01-23,1395/11/04,Monday,دوشنبه
1289,"38,560","38,490","38,640","38,600",20,0.05%,2017-01-24,1395/11/05,Tuesday,سه‌شنبه
1290,"38,650","38,550","38,650","38,580",4,0.01%,2017-01-25,1395/11/06,Wednesday,چهارشنبه
1291,"38,600","38,430","38,630","38,510",280,0.73%,2017-01-28,1395/11/09,Saturday,شنبه
1292,"38,530","38,210","38,530","38,230",20,0.05%,2017-01-29,1395/11/10,Sunday,یکشنبه
1293,"38,220","38,130","38,250","38,210",50,0.13%,2017-01-30,1395/11/11,Monday,دوشنبه
1294,"38,260","38,200","38,310","38,260",20,0.05%,2017-01-31,1395/11/12,Tuesday,سه‌شنبه
1295,"38,250","38,160","38,250","38,240",184,0.48%,2017-02-01,1395/11/13,Wednesday,چهارشنبه
1296,"38,440","38,440","38,700","38,520",50,0.13%,2017-02-04,1395/11/16,Saturday,شنبه
1297,"38,540","38,470","38,560","38,470",110,0.29%,2017-02-05,1395/11/17,Sunday,یکشنبه
1298,"38,480","38,300","38,480","38,360",100,0.26%,2017-02-06,1395/11/18,Monday,دوشنبه
1299,"38,370","38,260","38,370","38,260",-,-,2017-02-07,1395/11/19,Tuesday,سه‌شنبه
1300,"38,250","38,180","38,270","38,260",9,0.02%,2017-02-08,1395/11/20,Wednesday,چهارشنبه
1301,"38,270","38,230","38,380","38,230",90,0.24%,2017-02-11,1395/11/23,Saturday,شنبه
1302,"38,220","38,140","38,230","38,140",60,0.16%,2017-02-12,1395/11/24,Sunday,یکشنبه
1303,"38,130","38,060","38,140","38,080",70,0.18%,2017-02-13,1395/11/25,Monday,دوشنبه
1304,"38,140","38,140","38,250","38,150",40,0.1%,2017-02-14,1395/11/26,Tuesday,سه‌شنبه
1305,"38,140","38,100","38,150","38,110",63,0.17%,2017-02-15,1395/11/27,Wednesday,چهارشنبه
1306,"38,010","37,920","38,130","37,930",30,0.08%,2017-02-18,1395/11/30,Saturday,شنبه
1307,"37,920","37,890","37,920","37,900",30,0.08%,2017-02-19,1395/12/01,Sunday,یکشنبه
1308,"37,910","37,860","38,430","37,870",70,0.19%,2017-02-20,1395/12/02,Monday,دوشنبه
1309,"38,680","37,780","38,680","37,800",-,-,2017-02-21,1395/12/03,Tuesday,سه‌شنبه
1310,"37,790","37,780","37,810","37,800",10,0.03%,2017-02-22,1395/12/04,Wednesday,چهارشنبه
1311,"37,790","37,790","37,810","37,810",20,0.05%,2017-02-25,1395/12/07,Saturday,شنبه
1312,"37,830","37,780","38,200","37,790",-,-,2017-02-26,1395/12/08,Sunday,یکشنبه
1313,"37,780","37,720","37,790","37,790",50,0.13%,2017-02-27,1395/12/09,Monday,دوشنبه
1314,"37,800","37,800","37,850","37,840",10,0.03%,2017-02-28,1395/12/10,Tuesday,سه‌شنبه
1315,"37,830","37,830","37,830","37,830",90,0.24%,2017-03-01,1395/12/11,Wednesday,چهارشنبه
1316,"37,800","37,730","37,800","37,740",130,0.35%,2017-03-04,1395/12/14,Saturday,شنبه
1317,"37,730","37,610","37,730","37,610",150,0.4%,2017-03-05,1395/12/15,Sunday,یکشنبه
1318,"37,600","37,460","37,600","37,460",220,0.59%,2017-03-06,1395/12/16,Monday,دوشنبه
1319,"37,450","37,230","37,450","37,240",250,0.67%,2017-03-07,1395/12/17,Tuesday,سه‌شنبه
1320,"37,250","37,250","37,540","37,490",23,0.06%,2017-03-08,1395/12/18,Wednesday,چهارشنبه
1321,"37,580","37,480","37,600","37,490",10,0.03%,2017-03-11,1395/12/21,Saturday,شنبه
1322,"37,500","37,430","37,510","37,500",130,0.35%,2017-03-12,1395/12/22,Sunday,یکشنبه
1323,"37,490","37,460","37,980","37,630",320,0.85%,2017-03-13,1395/12/23,Monday,دوشنبه
1324,"37,650","37,650","37,970","37,950",380,1.01%,2017-03-14,1395/12/24,Tuesday,سه‌شنبه
1325,"37,920","37,540","37,920","37,570",45,0.12%,2017-03-15,1395/12/25,Wednesday,چهارشنبه
1326,"37,530","36,707","37,954","37,480",60,0.16%,2017-03-17,1395/12/27,Friday,جمعه
1327,"37,650","37,540","37,680","37,540",100,0.27%,2017-03-25,1396/01/05,Saturday,شنبه
1328,"37,570","37,330","37,640","37,640",20,0.05%,2017-03-26,1396/01/06,Sunday,یکشنبه
1329,"38,550","37,630","38,550","37,660",140,0.37%,2017-03-27,1396/01/07,Monday,دوشنبه
1330,"37,630","37,500","37,630","37,520",120,0.32%,2017-03-28,1396/01/08,Tuesday,سه‌شنبه
1331,"37,480","37,390","37,480","37,400",50,0.13%,2017-03-29,1396/01/09,Wednesday,چهارشنبه
1332,"37,700","37,530","37,700","37,530",120,0.32%,2017-04-03,1396/01/14,Monday,دوشنبه
1333,"37,490","37,490","37,650","37,650",40,0.11%,2017-04-04,1396/01/15,Tuesday,سه‌شنبه
1334,"37,630","37,610","37,650","37,610",-,-,2017-04-05,1396/01/16,Wednesday,چهارشنبه
1335,"37,600","37,600","37,640","37,630",-,-,2017-04-08,1396/01/19,Saturday,شنبه
1336,"37,650","37,620","37,670","37,630",-,-,2017-04-09,1396/01/20,Sunday,یکشنبه
1337,"37,620","37,590","37,620","37,590",6,0.02%,2017-04-12,1396/01/23,Wednesday,چهارشنبه
1338,"37,590","37,550","37,590","37,550",-,-,2017-04-15,1396/01/26,Saturday,شنبه
1339,"37,560","37,540","37,570","37,550",50,0.13%,2017-04-16,1396/01/27,Sunday,یکشنبه
1340,"37,540","37,500","37,540","37,500",10,0.03%,2017-04-17,1396/01/28,Monday,دوشنبه
1341,"37,490","37,490","37,510","37,490",10,0.03%,2017-04-18,1396/01/29,Tuesday,سه‌شنبه
1342,"37,500","37,470","37,500","37,480",5,0.01%,2017-04-19,1396/01/30,Wednesday,چهارشنبه
1343,"37,500","37,500","37,530","37,530",-,-,2017-04-22,1396/02/02,Saturday,شنبه
1344,"37,540","37,530","37,540","37,530",39,0.1%,2017-04-23,1396/02/03,Sunday,یکشنبه
1345,"37,610","37,610","37,620","37,620",30,0.08%,2017-04-26,1396/02/06,Wednesday,چهارشنبه
1346,"37,740","37,730","37,820","37,730",60,0.16%,2017-04-29,1396/02/09,Saturday,شنبه
1347,"37,710","37,660","37,730","37,670",50,0.13%,2017-04-30,1396/02/10,Sunday,یکشنبه
1348,"37,660","37,620","37,680","37,620",30,0.08%,2017-05-01,1396/02/11,Monday,دوشنبه
1349,"37,630","37,620","37,650","37,650",50,0.13%,2017-05-02,1396/02/12,Tuesday,سه‌شنبه
1350,"37,660","37,660","37,700","37,700",10,0.03%,2017-05-03,1396/02/13,Wednesday,چهارشنبه
1351,"37,620","37,580","37,620","37,590",20,0.05%,2017-05-06,1396/02/16,Saturday,شنبه
1352,"37,580","37,570","37,600","37,570",30,0.08%,2017-05-07,1396/02/17,Sunday,یکشنبه
1353,"37,560","37,540","37,570","37,540",30,0.08%,2017-05-08,1396/02/18,Monday,دوشنبه
1354,"37,570","37,560","37,590","37,570",20,0.05%,2017-05-09,1396/02/19,Tuesday,سه‌شنبه
1355,"37,580","37,570","37,600","37,590",-,-,2017-05-10,1396/02/20,Wednesday,چهارشنبه
1356,"37,580","37,560","37,600","37,560",20,0.05%,2017-05-13,1396/02/23,Saturday,شنبه
1357,"37,580","37,540","37,580","37,540",10,0.03%,2017-05-14,1396/02/24,Sunday,یکشنبه
1358,"37,550","37,540","37,580","37,550",160,0.43%,2017-05-15,1396/02/25,Monday,دوشنبه
1359,"37,590","37,550","37,720","37,710",40,0.11%,2017-05-16,1396/02/26,Tuesday,سه‌شنبه
1360,"37,720","37,670","37,730","37,670",144,0.38%,2017-05-17,1396/02/27,Wednesday,چهارشنبه
1361,"37,380","37,330","37,400","37,400",50,0.13%,2017-05-20,1396/02/30,Saturday,شنبه
1362,"37,330","37,320","37,390","37,350",180,0.48%,2017-05-21,1396/02/31,Sunday,یکشنبه
1363,"37,450","37,450","37,580","37,530",50,0.13%,2017-05-22,1396/03/01,Monday,دوشنبه
1364,"37,520","37,480","37,560","37,480",50,0.13%,2017-05-23,1396/03/02,Tuesday,سه‌شنبه
1365,"37,470","37,430","37,470","37,430",-,-,2017-05-24,1396/03/03,Wednesday,چهارشنبه
1366,"37,420","37,370","37,450","37,370",10,0.03%,2017-05-27,1396/03/06,Saturday,شنبه
1367,"37,380","37,380","37,430","37,380",20,0.05%,2017-05-28,1396/03/07,Sunday,یکشنبه
1368,"37,370","37,350","37,380","37,360",20,0.05%,2017-05-29,1396/03/08,Monday,دوشنبه
1369,"37,380","37,330","37,580","37,340",-,-,2017-05-30,1396/03/09,Tuesday,سه‌شنبه
1370,"37,350","37,340","37,350","37,340",7,0.02%,2017-05-31,1396/03/10,Wednesday,چهارشنبه
1371,"37,330","37,330","37,330","37,330",50,0.13%,2017-06-03,1396/03/13,Saturday,شنبه
1372,"37,310","37,300","37,390","37,380",10,0.03%,2017-06-06,1396/03/16,Tuesday,سه‌شنبه
1373,"37,400","37,370","37,400","37,370",2,0.01%,2017-06-07,1396/03/17,Wednesday,چهارشنبه
1374,"37,350","37,350","37,380","37,350",50,0.13%,2017-06-10,1396/03/20,Saturday,شنبه
1375,"37,340","37,290","37,350","37,300",30,0.08%,2017-06-11,1396/03/21,Sunday,یکشنبه
1376,"37,310","37,270","37,310","37,270",30,0.08%,2017-06-12,1396/03/22,Monday,دوشنبه
1377,"37,280","37,270","37,310","37,300",10,0.03%,2017-06-13,1396/03/23,Tuesday,سه‌شنبه
1378,"37,320","37,300","37,320","37,310",4,0.01%,2017-06-14,1396/03/24,Wednesday,چهارشنبه
1379,"37,320","37,320","37,500","37,500",-,-,2017-06-17,1396/03/27,Saturday,شنبه
1380,"37,480","37,440","37,610","37,500",50,0.13%,2017-06-18,1396/03/28,Sunday,یکشنبه
1381,"37,510","37,450","37,520","37,450",30,0.08%,2017-06-19,1396/03/29,Monday,دوشنبه
1382,"37,420","37,370","37,420","37,420",20,0.05%,2017-06-20,1396/03/30,Tuesday,سه‌شنبه
1383,"37,460","37,440","37,480","37,440",128,0.34%,2017-06-21,1396/03/31,Wednesday,چهارشنبه
1384,"37,580","37,540","37,590","37,540",-,-,2017-06-24,1396/04/03,Saturday,شنبه
1385,"37,640","37,640","37,680","37,680",65,0.17%,2017-06-28,1396/04/07,Wednesday,چهارشنبه
1386,"37,870","37,840","37,880","37,840",50,0.13%,2017-07-01,1396/04/10,Saturday,شنبه
1387,"37,820","37,780","37,820","37,790",10,0.03%,2017-07-02,1396/04/11,Sunday,یکشنبه
1388,"37,840","37,800","37,860","37,800",80,0.21%,2017-07-03,1396/04/12,Monday,دوشنبه
1389,"37,820","37,790","37,880","37,880",-,-,2017-07-04,1396/04/13,Tuesday,سه‌شنبه
1390,"37,890","37,880","37,920","37,880",8,0.02%,2017-07-05,1396/04/14,Wednesday,چهارشنبه
1391,"37,880","37,860","37,890","37,860",20,0.05%,2017-07-08,1396/04/17,Saturday,شنبه
1392,"37,870","37,860","37,880","37,880",50,0.13%,2017-07-09,1396/04/18,Sunday,یکشنبه
1393,"37,910","37,910","37,960","37,930",30,0.08%,2017-07-10,1396/04/19,Monday,دوشنبه
1394,"37,950","37,900","37,950","37,900",50,0.13%,2017-07-11,1396/04/20,Tuesday,سه‌شنبه
1395,"37,890","37,850","37,890","37,850",4,0.01%,2017-07-12,1396/04/21,Wednesday,چهارشنبه
1396,"37,810","37,790","37,830","37,800",10,0.03%,2017-07-15,1396/04/24,Saturday,شنبه
1397,"37,810","37,770","37,810","37,790",10,0.03%,2017-07-16,1396/04/25,Sunday,یکشنبه
1398,"37,780","37,780","37,790","37,780",10,0.03%,2017-07-17,1396/04/26,Monday,دوشنبه
1399,"37,770","37,770","37,770","37,770",50,0.13%,2017-07-18,1396/04/27,Tuesday,سه‌شنبه
1400,"37,820","37,820","37,820","37,820",70,0.19%,2017-07-19,1396/04/28,Wednesday,چهارشنبه
1401,"37,750","37,740","37,750","37,750",30,0.08%,2017-07-22,1396/04/31,Saturday,شنبه
1402,"37,740","37,710","37,740","37,720",70,0.19%,2017-07-23,1396/05/01,Sunday,یکشنبه
1403,"37,730","37,720","37,790","37,790",210,0.56%,2017-07-24,1396/05/02,Monday,دوشنبه
1404,"37,810","37,810","38,000","38,000",10,0.03%,2017-07-25,1396/05/03,Tuesday,سه‌شنبه
1405,"38,020","38,010","38,040","38,010",29,0.08%,2017-07-26,1396/05/04,Wednesday,چهارشنبه
1406,"38,080","38,080","38,130","38,120",10,0.03%,2017-07-29,1396/05/07,Saturday,شنبه
1407,"38,110","38,100","38,130","38,130",60,0.16%,2017-07-30,1396/05/08,Sunday,یکشنبه
1408,"38,140","38,140","38,210","38,190",20,0.05%,2017-07-31,1396/05/09,Monday,دوشنبه
1409,"38,200","38,190","38,210","38,210",50,0.13%,2017-08-01,1396/05/10,Tuesday,سه‌شنبه
1410,"38,220","38,220","38,260","38,260",44,0.12%,2017-08-02,1396/05/11,Wednesday,چهارشنبه
1411,"38,250","38,200","38,250","38,210",60,0.16%,2017-08-05,1396/05/14,Saturday,شنبه
1412,"38,200","38,150","38,200","38,150",40,0.1%,2017-08-06,1396/05/15,Sunday,یکشنبه
1413,"38,140","38,110","38,140","38,110",-,-,2017-08-07,1396/05/16,Monday,دوشنبه
1414,"38,120","38,110","38,130","38,110",40,0.1%,2017-08-08,1396/05/17,Tuesday,سه‌شنبه
1415,"38,150","38,100","38,150","38,150",16,0.04%,2017-08-09,1396/05/18,Wednesday,چهارشنبه
1416,"38,140","38,100","38,140","38,120",10,0.03%,2017-08-12,1396/05/21,Saturday,شنبه
1417,"38,130","38,130","38,130","38,130",40,0.1%,2017-08-13,1396/05/22,Sunday,یکشنبه
1418,"38,140","38,140","38,170","38,170",30,0.08%,2017-08-14,1396/05/23,Monday,دوشنبه
1419,"38,190","38,180","38,200","38,200",-,-,2017-08-15,1396/05/24,Tuesday,سه‌شنبه
1420,"38,190","38,190","38,200","38,200",30,0.08%,2017-08-16,1396/05/25,Wednesday,چهارشنبه
1421,"38,250","38,250","38,280","38,280",20,0.05%,2017-08-19,1396/05/28,Saturday,شنبه
1422,"38,270","38,270","38,320","38,300",-,-,2017-08-20,1396/05/29,Sunday,یکشنبه
1423,"38,310","38,300","38,310","38,300",30,0.08%,2017-08-21,1396/05/30,Monday,دوشنبه
1424,"38,310","38,310","38,330","38,330",50,0.13%,2017-08-22,1396/05/31,Tuesday,سه‌شنبه
1425,"38,340","38,340","38,380","38,380",105,0.27%,2017-08-23,1396/06/01,Wednesday,چهارشنبه
1426,"38,530","38,530","38,650","38,590",10,0.03%,2017-08-26,1396/06/04,Saturday,شنبه
1427,"38,580","38,580","38,600","38,580",50,0.13%,2017-08-27,1396/06/05,Sunday,یکشنبه
1428,"38,570","38,570","38,630","38,630",90,0.23%,2017-08-28,1396/06/06,Monday,دوشنبه
1429,"38,650","38,650","38,720","38,720",20,0.05%,2017-08-29,1396/06/07,Tuesday,سه‌شنبه
1430,"38,730","38,730","38,740","38,740",63,0.16%,2017-08-30,1396/06/08,Wednesday,چهارشنبه
1431,"38,830","38,830","38,900","38,900",110,0.28%,2017-09-02,1396/06/11,Saturday,شنبه
1432,"38,910","38,790","38,930","38,790",30,0.08%,2017-09-03,1396/06/12,Sunday,یکشنبه
1433,"38,780","38,760","38,820","38,820",120,0.31%,2017-09-04,1396/06/13,Monday,دوشنبه
1434,"38,830","38,830","38,960","38,940",100,0.26%,2017-09-05,1396/06/14,Tuesday,سه‌شنبه
1435,"38,950","38,950","39,040","39,040",31,0.08%,2017-09-06,1396/06/15,Wednesday,چهارشنبه
1436,"39,010","38,980","39,010","39,000",140,0.36%,2017-09-10,1396/06/19,Sunday,یکشنبه
1437,"39,010","39,000","39,170","39,140",60,0.15%,2017-09-11,1396/06/20,Monday,دوشنبه
1438,"39,160","39,090","39,250","39,200",100,0.26%,2017-09-12,1396/06/21,Tuesday,سه‌شنبه
1439,"39,140","39,090","39,140","39,100",40,0.1%,2017-09-13,1396/06/22,Wednesday,چهارشنبه
1440,"39,080","38,980","39,080","38,980",10,0.03%,2017-09-16,1396/06/25,Saturday,شنبه
1441,"38,970","38,960","39,000","38,970",50,0.13%,2017-09-17,1396/06/26,Sunday,یکشنبه
1442,"38,950","38,920","38,950","38,920",10,0.03%,2017-09-18,1396/06/27,Monday,دوشنبه
1443,"38,930","38,910","38,930","38,930",10,0.03%,2017-09-19,1396/06/28,Tuesday,سه‌شنبه
1444,"38,920","38,920","38,920","38,920",7,0.02%,2017-09-20,1396/06/29,Wednesday,چهارشنبه
1445,"38,920","38,920","38,930","38,920",80,0.21%,2017-09-23,1396/07/01,Saturday,شنبه
1446,"38,930","38,930","39,000","39,000",60,0.15%,2017-09-24,1396/07/02,Sunday,یکشنبه
1447,"39,010","39,010","39,130","39,060",10,0.03%,2017-09-25,1396/07/03,Monday,دوشنبه
1448,"39,050","39,050","39,090","39,070",40,0.1%,2017-09-26,1396/07/04,Tuesday,سه‌شنبه
1449,"39,080","39,080","39,110","39,110",37,0.09%,2017-09-27,1396/07/05,Wednesday,چهارشنبه
1450,"39,170","39,170","39,300","39,300",70,0.18%,2017-10-02,1396/07/10,Monday,دوشنبه
1451,"39,240","39,240","39,370","39,370",110,0.28%,2017-10-03,1396/07/11,Tuesday,سه‌شنبه
1452,"39,380","39,380","39,480","39,480",100,0.25%,2017-10-04,1396/07/12,Wednesday,چهارشنبه
1453,"39,660","39,600","39,980","39,780",630,1.58%,2017-10-07,1396/07/15,Saturday,شنبه
1454,"39,760","39,740","40,410","40,410",170,0.42%,2017-10-08,1396/07/16,Sunday,یکشنبه
1455,"40,480","39,830","40,490","40,240",80,0.2%,2017-10-09,1396/07/17,Monday,دوشنبه
1456,"40,220","40,040","40,230","40,160",10,0.02%,2017-10-10,1396/07/18,Tuesday,سه‌شنبه
1457,"40,180","40,170","40,180","40,170",197,0.49%,2017-10-11,1396/07/19,Wednesday,چهارشنبه
1458,"39,950","39,930","40,080","40,070",10,0.02%,2017-10-14,1396/07/22,Saturday,شنبه
1459,"40,060","40,010","40,150","40,080",110,0.27%,2017-10-15,1396/07/23,Sunday,یکشنبه
1460,"40,070","40,070","40,190","40,190",20,0.05%,2017-10-16,1396/07/24,Monday,دوشنبه
1461,"40,170","40,170","40,340","40,210",40,0.1%,2017-10-17,1396/07/25,Tuesday,سه‌شنبه
1462,"40,220","40,110","40,220","40,170",12,0.03%,2017-10-18,1396/07/26,Wednesday,چهارشنبه
1463,"40,140","40,110","40,160","40,110",70,0.17%,2017-10-21,1396/07/29,Saturday,شنبه
1464,"40,120","40,110","40,180","40,180",120,0.3%,2017-10-22,1396/07/30,Sunday,یکشنبه
1465,"40,200","40,190","40,350","40,300",20,0.05%,2017-10-23,1396/08/01,Monday,دوشنبه
1466,"40,330","40,220","40,330","40,280",40,0.1%,2017-10-24,1396/08/02,Tuesday,سه‌شنبه
1467,"40,300","40,260","40,330","40,320",218,0.54%,2017-10-25,1396/08/03,Wednesday,چهارشنبه
1468,"40,670","40,620","40,760","40,690",140,0.35%,2017-10-28,1396/08/06,Saturday,شنبه
1469,"40,710","40,540","40,720","40,550",30,0.07%,2017-10-29,1396/08/07,Sunday,یکشنبه
1470,"40,530","40,520","40,570","40,520",60,0.15%,2017-10-30,1396/08/08,Monday,دوشنبه
1471,"40,550","40,520","40,620","40,580",40,0.1%,2017-10-31,1396/08/09,Tuesday,سه‌شنبه
1472,"40,570","40,490","40,570","40,540",-,-,2017-11-01,1396/08/10,Wednesday,چهارشنبه
1473,"40,520","40,510","40,700","40,660",60,0.15%,2017-11-04,1396/08/13,Saturday,شنبه
1474,"40,700","40,690","40,740","40,720",20,0.05%,2017-11-05,1396/08/14,Sunday,یکشنبه
1475,"40,730","40,690","40,770","40,700",40,0.1%,2017-11-06,1396/08/15,Monday,دوشنبه
1476,"40,710","40,700","40,760","40,740",6,0.01%,2017-11-07,1396/08/16,Tuesday,سه‌شنبه
1477,"40,850","40,850","40,990","40,990",370,0.9%,2017-11-11,1396/08/20,Saturday,شنبه
1478,"40,970","40,970","41,360","41,360",140,0.34%,2017-11-12,1396/08/21,Sunday,یکشنبه
1479,"41,340","41,120","41,380","41,220",210,0.51%,2017-11-13,1396/08/22,Monday,دوشنبه
1480,"41,100","40,970","41,100","41,010",10,0.02%,2017-11-14,1396/08/23,Tuesday,سه‌شنبه
1481,"40,980","40,960","41,010","41,000",100,0.24%,2017-11-15,1396/08/24,Wednesday,چهارشنبه
1482,"40,998","40,391","41,342","40,948",18,0.04%,2017-11-17,1396/08/26,Friday,جمعه
1483,"40,920","40,910","40,990","40,930",280,0.68%,2017-11-20,1396/08/29,Monday,دوشنبه
1484,"41,020","41,010","41,250","41,210",30,0.07%,2017-11-21,1396/08/30,Tuesday,سه‌شنبه
1485,"41,230","41,230","41,280","41,240",15,0.04%,2017-11-22,1396/09/01,Wednesday,چهارشنبه
1486,"41,220","41,110","41,220","41,180",-,-,2017-11-25,1396/09/04,Saturday,شنبه
1487,"41,150","41,150","41,180","41,180",180,0.44%,2017-11-26,1396/09/05,Sunday,یکشنبه
1488,"41,340","41,250","41,480","41,360",30,0.07%,2017-11-28,1396/09/07,Tuesday,سه‌شنبه
1489,"41,380","41,320","41,390","41,390",154,0.37%,2017-11-29,1396/09/08,Wednesday,چهارشنبه
1490,"41,500","41,480","41,680","41,640",220,0.53%,2017-12-02,1396/09/11,Saturday,شنبه
1491,"41,660","41,660","41,920","41,860",160,0.38%,2017-12-03,1396/09/12,Sunday,یکشنبه
1492,"41,980","41,950","42,140","42,020",41,0.1%,2017-12-04,1396/09/13,Monday,دوشنبه
1493,"41,911","41,177","42,429","42,022",48,0.11%,2017-12-06,1396/09/15,Wednesday,چهارشنبه
1494,"42,070","42,060","42,200","42,070",40,0.1%,2017-12-09,1396/09/18,Saturday,شنبه
1495,"42,140","42,070","42,170","42,110",90,0.21%,2017-12-10,1396/09/19,Sunday,یکشنبه
1496,"42,130","42,040","42,220","42,200",10,0.02%,2017-12-11,1396/09/20,Monday,دوشنبه
1497,"42,080","42,080","42,230","42,190",80,0.19%,2017-12-12,1396/09/21,Tuesday,سه‌شنبه
1498,"42,090","42,030","42,110","42,110",7,0.02%,2017-12-13,1396/09/22,Wednesday,چهارشنبه
1499,"41,830","41,810","42,000","41,830",20,0.05%,2017-12-16,1396/09/25,Saturday,شنبه
1500,"41,850","41,780","41,870","41,810",160,0.38%,2017-12-17,1396/09/26,Sunday,یکشنبه
1501,"41,800","41,800","41,970","41,970",110,0.26%,2017-12-18,1396/09/27,Monday,دوشنبه
1502,"41,900","41,860","41,970","41,860",80,0.19%,2017-12-19,1396/09/28,Tuesday,سه‌شنبه
1503,"41,940","41,940","41,940","41,940",11,0.03%,2017-12-20,1396/09/29,Wednesday,چهارشنبه
1504,"41,950","41,860","41,980","41,940",150,0.36%,2017-12-23,1396/10/02,Saturday,شنبه
1505,"41,900","41,790","41,950","41,790",100,0.24%,2017-12-24,1396/10/03,Sunday,یکشنبه
1506,"41,800","41,750","41,890","41,890",-,-,2017-12-25,1396/10/04,Monday,دوشنبه
1507,"41,800","41,800","42,100","41,890",140,0.33%,2017-12-26,1396/10/05,Tuesday,سه‌شنبه
1508,"41,930","41,920","42,100","42,030",269,0.64%,2017-12-27,1396/10/06,Wednesday,چهارشنبه
1509,"42,420","42,420","42,920","42,880",-,-,2017-12-30,1396/10/09,Saturday,شنبه
1510,"42,990","42,880","43,230","42,880",510,1.19%,2017-12-31,1396/10/10,Sunday,یکشنبه
1511,"42,960","42,850","43,460","43,390",350,0.81%,2018-01-01,1396/10/11,Monday,دوشنبه
1512,"43,380","43,000","43,910","43,740",500,1.16%,2018-01-02,1396/10/12,Tuesday,سه‌شنبه
1513,"43,640","43,130","43,690","43,240",43,0.1%,2018-01-03,1396/10/13,Wednesday,چهارشنبه
1514,"43,340","43,340","43,580","43,530",420,0.96%,2018-01-06,1396/10/16,Saturday,شنبه
1515,"43,680","43,680","44,150","43,950",290,0.66%,2018-01-07,1396/10/17,Sunday,یکشنبه
1516,"43,650","43,490","43,970","43,660",350,0.8%,2018-01-08,1396/10/18,Monday,دوشنبه
1517,"43,690","43,690","44,020","44,010",140,0.32%,2018-01-09,1396/10/19,Tuesday,سه‌شنبه
1518,"44,030","44,030","44,380","44,150",34,0.08%,2018-01-10,1396/10/20,Wednesday,چهارشنبه
1519,"44,110","44,090","44,520","44,260",50,0.11%,2018-01-13,1396/10/23,Saturday,شنبه
1520,"44,170","43,920","44,230","44,210",80,0.18%,2018-01-14,1396/10/24,Sunday,یکشنبه
1521,"44,280","44,200","44,480","44,290",190,0.43%,2018-01-15,1396/10/25,Monday,دوشنبه
1522,"44,370","44,100","44,590","44,480",100,0.22%,2018-01-16,1396/10/26,Tuesday,سه‌شنبه
1523,"44,610","44,500","44,910","44,580",37,0.08%,2018-01-17,1396/10/27,Wednesday,چهارشنبه
1524,"45,530","45,420","46,420","45,970",180,0.39%,2018-01-20,1396/10/30,Saturday,شنبه
1525,"46,230","45,600","46,980","45,790",10,0.02%,2018-01-21,1396/11/01,Sunday,یکشنبه
1526,"45,780","45,550","46,460","45,800",140,0.31%,2018-01-22,1396/11/02,Monday,دوشنبه
1527,"45,610","45,530","46,010","45,660",330,0.73%,2018-01-23,1396/11/03,Tuesday,سه‌شنبه
1528,"45,630","45,330","45,650","45,330",-,-,2018-01-24,1396/11/04,Wednesday,چهارشنبه
1529,"45,495","45,330","45,660","45,330",350,0.77%,2018-01-25,1396/11/05,Thursday,پنج‌شنبه
1530,"45,230","45,230","45,690","45,680",180,0.4%,2018-01-27,1396/11/07,Saturday,شنبه
1531,"45,700","45,490","46,080","45,500",170,0.37%,2018-01-28,1396/11/08,Sunday,یکشنبه
1532,"45,450","45,420","45,830","45,670",780,1.71%,2018-01-29,1396/11/09,Monday,دوشنبه
1533,"45,880","45,620","46,450","46,450",20,0.04%,2018-01-30,1396/11/10,Tuesday,سه‌شنبه
1534,"46,480","46,380","46,540","46,470",298,0.64%,2018-01-31,1396/11/11,Wednesday,چهارشنبه
1535,"47,090","46,890","47,790","47,440",680,1.45%,2018-02-03,1396/11/14,Saturday,شنبه
1536,"47,490","46,730","47,590","46,760",140,0.3%,2018-02-04,1396/11/15,Sunday,یکشنبه
1537,"46,660","46,110","47,020","46,900",1450,3.19%,2018-02-05,1396/11/16,Monday,دوشنبه
1538,"46,930","45,410","47,800","45,450",1250,2.75%,2018-02-06,1396/11/17,Tuesday,سه‌شنبه
1539,"45,430","45,370","46,850","46,700",200,0.43%,2018-02-07,1396/11/18,Wednesday,چهارشنبه
1540,"47,260","47,250","47,350","47,270",1500,3.17%,2018-02-10,1396/11/21,Saturday,شنبه
1541,"48,720","48,450","49,120","48,770",600,1.25%,2018-02-12,1396/11/23,Monday,دوشنبه
1542,"48,750","48,160","48,750","48,170",790,1.67%,2018-02-13,1396/11/24,Tuesday,سه‌شنبه
1543,"47,900","47,380","47,900","47,380",200,0.42%,2018-02-14,1396/11/25,Wednesday,چهارشنبه
1544,"46,970","46,090","46,970","46,090",340,0.74%,2018-02-17,1396/11/28,Saturday,شنبه
1545,"46,060","45,670","46,060","45,750",-,-,2018-02-18,1396/11/29,Sunday,یکشنبه
1546,"45,920","45,750","46,090","45,750",820,1.83%,2018-02-19,1396/11/30,Monday,دوشنبه
1547,"45,130","44,930","45,250","44,930",19,0.04%,2018-02-21,1396/12/02,Wednesday,چهارشنبه
1548,"44,790","44,750","44,800","44,760",20,0.04%,2018-02-24,1396/12/05,Saturday,شنبه
1549,"44,780","44,760","44,780","44,780",60,0.13%,2018-02-25,1396/12/06,Sunday,یکشنبه
1550,"44,760","44,720","44,760","44,720",10,0.02%,2018-02-26,1396/12/07,Monday,دوشنبه
1551,"44,710","44,710","44,710","44,710",10,0.02%,2018-02-27,1396/12/08,Tuesday,سه‌شنبه
1552,"44,700","44,690","44,700","44,700",10,0.02%,2018-02-28,1396/12/09,Wednesday,چهارشنبه
1553,"44,690","44,690","44,690","44,690",3010,6.74%,2018-03-01,1396/12/10,Thursday,پنج‌شنبه
1554,"47,110","47,080","47,700","47,700",10,0.02%,2018-03-03,1396/12/12,Saturday,شنبه
1555,"47,730","47,630","47,790","47,690",60,0.13%,2018-03-04,1396/12/13,Sunday,یکشنبه
1556,"47,740","47,730","47,800","47,750",130,0.27%,2018-03-05,1396/12/14,Monday,دوشنبه
1557,"47,950","47,840","47,960","47,880",20,0.04%,2018-03-06,1396/12/15,Tuesday,سه‌شنبه
1558,"47,890","47,850","47,900","47,860",30,0.06%,2018-03-07,1396/12/16,Wednesday,چهارشنبه
1559,"47,890","47,890","47,890","47,890",140,0.29%,2018-03-08,1396/12/17,Thursday,پنج‌شنبه
1560,"47,920","47,850","48,030","48,030",230,0.48%,2018-03-10,1396/12/19,Saturday,شنبه
1561,"48,080","47,230","48,500","48,260",100,0.21%,2018-03-11,1396/12/20,Sunday,یکشنبه
1562,"48,270","47,820","48,420","48,160",350,0.73%,2018-03-12,1396/12/21,Monday,دوشنبه
1563,"48,210","48,060","48,510","48,510",20,0.04%,2018-03-13,1396/12/22,Tuesday,سه‌شنبه
1564,"48,550","48,370","48,560","48,490",160,0.33%,2018-03-14,1396/12/23,Wednesday,چهارشنبه
1565,"48,650","48,650","48,650","48,650",460,0.95%,2018-03-15,1396/12/24,Thursday,پنج‌شنبه
1566,"48,290","48,190","48,290","48,190",380,0.79%,2018-03-17,1396/12/26,Saturday,شنبه
1567,"48,280","48,280","48,750","48,570",420,0.86%,2018-03-18,1396/12/27,Sunday,یکشنبه
1568,"48,750","48,750","49,130","48,990",2040,4.16%,2018-03-19,1396/12/28,Monday,دوشنبه
1569,"49,710","49,710","51,180","51,030",540,1.07%,2018-03-25,1397/01/05,Sunday,یکشنبه
1570,"51,010","49,600","51,400","50,490",30,0.06%,2018-03-26,1397/01/06,Monday,دوشنبه
1571,"50,440","50,340","50,700","50,460",10,0.02%,2018-03-27,1397/01/07,Tuesday,سه‌شنبه
1572,"50,570","50,410","51,400","50,450",570,1.13%,2018-03-28,1397/01/08,Wednesday,چهارشنبه
1573,"51,020","51,020","51,020","51,020",460,0.91%,2018-03-29,1397/01/09,Thursday,پنج‌شنبه
1574,"50,550","50,050","50,560","50,560",380,0.75%,2018-04-03,1397/01/14,Tuesday,سه‌شنبه
1575,"50,430","50,400","50,940","50,940",-,-,2018-04-04,1397/01/15,Wednesday,چهارشنبه
1576,"50,940","50,940","50,940","50,940",5660,11.11%,2018-04-05,1397/01/16,Thursday,پنج‌شنبه
1577,"52,450","52,080","57,050","56,600",2050,3.62%,2018-04-07,1397/01/18,Saturday,شنبه
1578,"56,450","56,450","60,480","58,650",450,0.77%,2018-04-08,1397/01/19,Sunday,یکشنبه
1579,"58,200","58,200","58,200","58,200",3170,5.76%,2018-04-09,1397/01/20,Monday,دوشنبه
1580,"47,660","47,350","55,840","55,030",1410,2.63%,2018-04-10,1397/01/21,Tuesday,سه‌شنبه
1581,"46,766","46,401","54,333","53,620",7020,15.06%,2018-04-11,1397/01/22,Wednesday,چهارشنبه
1582,"45,500","44,700","49,600","49,200",3500,7.11%,2018-04-14,1397/01/25,Saturday,شنبه
1583,"53,100","51,600","54,100","52,700",8600,19.5%,2018-04-15,1397/01/26,Sunday,یکشنبه
1584,"52,600","43,300","52,900","44,100",4680,10.61%,2018-04-17,1397/01/28,Tuesday,سه‌شنبه
1585,"54,990","47,930","55,410","48,780",3149,6.46%,2018-04-18,1397/01/29,Wednesday,چهارشنبه
1586,"55,601","51,160","56,357","51,929",3941,7.59%,2018-04-19,1397/01/30,Thursday,پنج‌شنبه
1587,"56,170","55,870","56,330","55,870",580,1.05%,2018-04-21,1397/02/01,Saturday,شنبه
1588,"55,880","54,880","56,010","55,290",790,1.45%,2018-04-22,1397/02/02,Sunday,یکشنبه
1589,"54,830","54,450","55,240","54,500",270,0.5%,2018-04-23,1397/02/03,Monday,دوشنبه
1590,"54,180","54,150","54,230","54,230",2120,3.91%,2018-04-24,1397/02/04,Tuesday,سه‌شنبه
1591,"55,460","55,310","56,420","56,350",116,0.21%,2018-04-25,1397/02/05,Wednesday,چهارشنبه
1592,"57,110","56,950","58,540","58,540",1510,2.65%,2018-04-28,1397/02/08,Saturday,شنبه
1593,"58,520","56,610","59,610","57,030",2620,4.59%,2018-04-29,1397/02/09,Sunday,یکشنبه
1594,"57,020","57,020","60,390","59,650",10,0.02%,2018-04-30,1397/02/10,Monday,دوشنبه
1595,"59,640","59,310","59,740","59,640",1520,2.55%,2018-05-01,1397/02/11,Tuesday,سه‌شنبه
1596,"61,190","61,090","61,420","61,160",2340,3.83%,2018-05-03,1397/02/13,Thursday,پنج‌شنبه
1597,"63,810","62,180","65,600","63,500",4270,7.21%,2018-05-05,1397/02/15,Saturday,شنبه
1598,"63,510","59,060","63,650","59,230",4670,7.88%,2018-05-06,1397/02/16,Sunday,یکشنبه
1599,"59,220","59,080","64,420","63,900",1810,2.83%,2018-05-07,1397/02/17,Monday,دوشنبه
1600,"63,890","63,650","66,840","65,710",820,1.25%,2018-05-08,1397/02/18,Tuesday,سه‌شنبه
1601,"65,720","64,660","68,090","66,530",370,0.56%,2018-05-09,1397/02/19,Wednesday,چهارشنبه
1602,"66,520","66,300","66,990","66,900",2350,3.64%,2018-05-10,1397/02/20,Thursday,پنج‌شنبه
1603,"65,410","63,990","66,300","64,550",1250,1.97%,2018-05-12,1397/02/22,Saturday,شنبه
1604,"64,540","61,130","64,560","63,300",840,1.33%,2018-05-13,1397/02/23,Sunday,یکشنبه
1605,"63,310","62,050","64,290","64,140",2620,4.26%,2018-05-14,1397/02/24,Monday,دوشنبه
1606,"64,150","60,940","65,280","61,520",1220,1.98%,2018-05-15,1397/02/25,Tuesday,سه‌شنبه
1607,"61,530","61,380","63,650","62,740",100,0.16%,2018-05-16,1397/02/26,Wednesday,چهارشنبه
1608,"62,750","62,600","62,980","62,640",630,1.02%,2018-05-17,1397/02/27,Thursday,پنج‌شنبه
1609,"61,250","60,650","62,250","62,010",1320,2.13%,2018-05-19,1397/02/29,Saturday,شنبه
1610,"62,130","62,060","64,050","63,330",540,0.85%,2018-05-20,1397/02/30,Sunday,یکشنبه
1611,"63,320","62,410","64,410","63,870",230,0.36%,2018-05-21,1397/02/31,Monday,دوشنبه
1612,"63,860","63,310","63,990","63,640",200,0.32%,2018-05-22,1397/03/01,Tuesday,سه‌شنبه
1613,"63,630","62,430","64,250","63,440",230,0.36%,2018-05-23,1397/03/02,Wednesday,چهارشنبه
1614,"63,450","63,360","63,670","63,670",40,0.06%,2018-05-24,1397/03/03,Thursday,پنج‌شنبه
1615,"64,020","63,300","64,440","63,630",100,0.16%,2018-05-26,1397/03/05,Saturday,شنبه
1616,"63,700","62,740","64,480","63,530",610,0.97%,2018-05-27,1397/03/06,Sunday,یکشنبه
1617,"63,540","58,650","64,150","62,920",1460,2.32%,2018-05-28,1397/03/07,Monday,دوشنبه
1618,"62,930","62,890","65,740","64,380",260,0.4%,2018-05-29,1397/03/08,Tuesday,سه‌شنبه
1619,"64,370","64,000","64,900","64,640",380,0.59%,2018-05-30,1397/03/09,Wednesday,چهارشنبه
1620,"64,630","64,620","65,150","65,020",630,0.98%,2018-05-31,1397/03/10,Thursday,پنج‌شنبه
1621,"64,470","63,610","64,950","64,390",140,0.22%,2018-06-02,1397/03/12,Saturday,شنبه
1622,"64,400","64,090","64,530","64,250",140,0.22%,2018-06-03,1397/03/13,Sunday,یکشنبه
1623,"65,040","64,390","65,220","64,390",1370,2.13%,2018-06-07,1397/03/17,Thursday,پنج‌شنبه
1624,"67,570","65,760","68,880","65,760",2050,3.12%,2018-06-09,1397/03/19,Saturday,شنبه
1625,"65,740","65,500","68,660","67,810",2540,3.75%,2018-06-10,1397/03/20,Sunday,یکشنبه
1626,"67,800","67,790","70,910","70,350",270,0.39%,2018-06-11,1397/03/21,Monday,دوشنبه
1627,"70,340","69,780","71,860","70,080",2390,3.53%,2018-06-12,1397/03/22,Tuesday,سه‌شنبه
1628,"70,070","66,600","70,160","67,690",980,1.45%,2018-06-13,1397/03/23,Wednesday,چهارشنبه
1629,"67,680","67,630","68,880","68,670",1870,2.72%,2018-06-14,1397/03/24,Thursday,پنج‌شنبه
1630,"70,430","69,300","72,760","70,540",1730,2.45%,2018-06-17,1397/03/27,Sunday,یکشنبه
1631,"70,550","70,250","72,720","72,270",1730,2.39%,2018-06-18,1397/03/28,Monday,دوشنبه
1632,"72,290","72,260","74,030","74,000",910,1.23%,2018-06-19,1397/03/29,Tuesday,سه‌شنبه
1633,"73,980","73,580","75,750","74,910",1,-,2018-06-20,1397/03/30,Wednesday,چهارشنبه
1634,"81,000","79,620","90,960","87,050",5500,6.74%,2018-06-23,1397/04/02,Saturday,شنبه
1635,"87,000","78,760","89,430","81,550",2640,3.35%,2018-06-24,1397/04/03,Sunday,یکشنبه
1636,"81,530","78,330","83,640","78,910",830,1.05%,2018-06-25,1397/04/04,Monday,دوشنبه
1637,"78,920","77,900","80,290","79,740",2540,3.19%,2018-06-26,1397/04/05,Tuesday,سه‌شنبه
1638,"79,710","79,630","84,510","82,280",-,-,2018-06-27,1397/04/06,Wednesday,چهارشنبه
1639,"82,270","81,940","83,310","82,280",1300,1.58%,2018-06-28,1397/04/07,Thursday,پنج‌شنبه
1640,"79,980","79,870","83,670","83,580",270,0.32%,2018-06-30,1397/04/09,Saturday,شنبه
1641,"83,650","82,170","85,420","83,310",1710,2.1%,2018-07-01,1397/04/10,Sunday,یکشنبه
1642,"83,330","81,390","83,610","81,600",1460,1.82%,2018-07-02,1397/04/11,Monday,دوشنبه
1643,"81,640","78,850","82,160","80,140",1670,2.13%,2018-07-03,1397/04/12,Tuesday,سه‌شنبه
1644,"80,150","76,250","80,360","78,470",1900,2.42%,2018-07-04,1397/04/13,Wednesday,چهارشنبه
1645,"78,460","78,340","81,690","80,370",510,0.64%,2018-07-05,1397/04/14,Thursday,پنج‌شنبه
1646,"79,800","78,610","80,870","79,860",400,0.5%,2018-07-07,1397/04/16,Saturday,شنبه
1647,"79,820","78,630","79,860","79,460",1578,2.03%,2018-07-08,1397/04/17,Sunday,یکشنبه
1648,"77,941","76,526","78,400","77,882",18,0.02%,2018-07-09,1397/04/18,Monday,دوشنبه
1649,"77,860","76,000","78,300","77,900",320,0.41%,2018-07-11,1397/04/20,Wednesday,چهارشنبه
1650,"78,170","77,740","78,620","78,220",2520,3.22%,2018-07-12,1397/04/21,Thursday,پنج‌شنبه
1651,"80,300","80,300","83,120","80,740",1550,1.96%,2018-07-14,1397/04/23,Saturday,شنبه
1652,"80,780","78,790","81,320","79,190",2760,3.49%,2018-07-15,1397/04/24,Sunday,یکشنبه
1653,"79,170","77,650","81,990","81,950",610,0.75%,2018-07-16,1397/04/25,Monday,دوشنبه
1654,"81,940","80,450","83,640","81,340",620,0.76%,2018-07-17,1397/04/26,Tuesday,سه‌شنبه
1655,"81,360","80,770","84,620","81,960",470,0.58%,2018-07-18,1397/04/27,Wednesday,چهارشنبه
1656,"81,980","81,240","82,740","81,490",7480,9.18%,2018-07-19,1397/04/28,Thursday,پنج‌شنبه
1657,"86,250","85,990","90,460","88,970",4730,5.32%,2018-07-21,1397/04/30,Saturday,شنبه
1658,"88,990","88,730","95,340","93,700",360,0.38%,2018-07-22,1397/04/31,Sunday,یکشنبه
1659,"93,710","91,130","95,750","94,060",2510,2.74%,2018-07-23,1397/05/01,Monday,دوشنبه
1660,"94,070","91,450","94,600","91,550",1610,1.76%,2018-07-24,1397/05/02,Tuesday,سه‌شنبه
1661,"91,560","91,340","95,290","93,160",1400,1.5%,2018-07-25,1397/05/03,Wednesday,چهارشنبه
1662,"93,170","93,060","95,530","94,560",15808,16.72%,2018-07-26,1397/05/04,Thursday,پنج‌شنبه
1663,"106,401","104,198","112,089","110,368",4332,3.93%,2018-07-28,1397/05/06,Saturday,شنبه
1664,"116,550","107,810","117,610","114,700",9290,8.81%,2018-07-29,1397/05/07,Sunday,یکشنبه
1665,"114,710","95,090","114,890","105,410",570,0.54%,2018-07-30,1397/05/08,Monday,دوشنبه
1666,"105,390","101,010","111,930","105,980",6980,6.59%,2018-07-31,1397/05/09,Tuesday,سه‌شنبه
1667,"105,990","95,600","113,120","112,960",7190,6.8%,2018-08-01,1397/05/10,Wednesday,چهارشنبه
1668,"112,970","102,100","113,370","105,770",7600,7.74%,2018-08-02,1397/05/11,Thursday,پنج‌شنبه
1669,"98,100","98,170","101,660","98,170",2210,2.3%,2018-08-04,1397/05/13,Saturday,شنبه
1670,"98,150","92,450","99,290","95,960",6200,6.91%,2018-08-05,1397/05/14,Sunday,یکشنبه
1671,"95,970","82,310","98,050","89,760",12780,14.24%,2018-08-06,1397/05/15,Monday,دوشنبه
1672,"89,780","89,250","107,860","102,540",820,0.8%,2018-08-07,1397/05/16,Tuesday,سه‌شنبه
1673,"102,520","91,740","111,550","103,360",6070,5.87%,2018-08-08,1397/05/17,Wednesday,چهارشنبه
1674,"103,350","103,170","109,670","109,430",8580,8.51%,2018-08-09,1397/05/18,Thursday,پنج‌شنبه
1675,"103,970","97,470","105,910","100,850",5410,5.36%,2018-08-11,1397/05/20,Saturday,شنبه
1676,"100,880","99,470","106,590","106,260",710,0.67%,2018-08-12,1397/05/21,Sunday,یکشنبه
1677,"106,260","105,150","110,300","105,550",520,0.5%,2018-08-13,1397/05/22,Monday,دوشنبه
1678,"105,540","103,070","107,970","105,030",2060,1.96%,2018-08-14,1397/05/23,Tuesday,سه‌شنبه
1679,"105,040","103,360","107,150","107,090",30,0.03%,2018-08-15,1397/05/24,Wednesday,چهارشنبه
1680,"107,120","106,610","109,980","107,120",4070,3.95%,2018-08-16,1397/05/25,Thursday,پنج‌شنبه
1681,"102,980","101,960","105,280","103,050",1090,1.06%,2018-08-18,1397/05/27,Saturday,شنبه
1682,"103,160","102,880","105,600","104,140",1700,1.63%,2018-08-19,1397/05/28,Sunday,یکشنبه
1683,"104,150","103,600","107,110","105,840",380,0.36%,2018-08-20,1397/05/29,Monday,دوشنبه
1684,"105,830","105,230","106,070","105,460",2670,2.6%,2018-08-21,1397/05/30,Tuesday,سه‌شنبه
1685,"105,080","102,370","105,280","102,790",2640,2.57%,2018-08-23,1397/06/01,Thursday,پنج‌شنبه
1686,"105,020","104,390","106,440","105,430",1720,1.63%,2018-08-25,1397/06/03,Saturday,شنبه
1687,"105,310","105,270","108,140","107,150",3460,3.23%,2018-08-26,1397/06/04,Sunday,یکشنبه
1688,"107,140","104,770","110,700","110,610",500,0.45%,2018-08-27,1397/06/05,Monday,دوشنبه
1689,"110,620","106,020","110,680","110,110",240,0.22%,2018-08-28,1397/06/06,Tuesday,سه‌شنبه
1690,"109,430","109,270","111,050","110,350",9420,8.54%,2018-08-29,1397/06/07,Wednesday,چهارشنبه
1691,"112,060","104,000","121,980","119,770",4803,4.01%,2018-09-01,1397/06/10,Saturday,شنبه
1692,"119,790","119,370","135,880","127,950",8940,6.99%,2018-09-03,1397/06/12,Monday,دوشنبه
1693,"137,140","136,400","150,670","136,890",1780,1.32%,2018-09-04,1397/06/13,Tuesday,سه‌شنبه
1694,"136,430","134,680","144,700","135,110",339,0.25%,2018-09-05,1397/06/14,Wednesday,چهارشنبه
1695,"128,710","120,970","130,320","129,630",8530,6.58%,2018-09-08,1397/06/17,Saturday,شنبه
1696,"129,940","129,550","138,980","138,160",2830,2.09%,2018-09-09,1397/06/18,Sunday,یکشنبه
1697,"138,190","135,190","146,060","135,330",1830,1.35%,2018-09-10,1397/06/19,Monday,دوشنبه
1698,"135,370","134,170","138,980","137,160",440,0.32%,2018-09-11,1397/06/20,Tuesday,سه‌شنبه
1699,"137,210","136,750","138,940","137,600",50,0.04%,2018-09-12,1397/06/21,Wednesday,چهارشنبه
1700,"137,650","137,650","137,650","137,650",5050,3.67%,2018-09-13,1397/06/22,Thursday,پنج‌شنبه
1701,"145,145","139,070","147,590","142,700",950,0.67%,2018-09-15,1397/06/24,Saturday,شنبه
1702,"143,655","140,390","143,660","143,650",2230,1.55%,2018-09-16,1397/06/25,Sunday,یکشنبه
1703,"145,880","142,900","145,880","145,880",-,-,2018-09-17,1397/06/26,Monday,دوشنبه
1704,"145,880","145,120","145,880","145,880",3460,2.37%,2018-09-18,1397/06/27,Tuesday,سه‌شنبه
1705,"151,205","141,280","153,070","149,340",10660,7.14%,2018-09-22,1397/06/31,Saturday,شنبه
1706,"160,975","149,330","161,950","160,000",9990,6.24%,2018-09-23,1397/07/01,Sunday,یکشنبه
1707,"170,640","155,830","171,290","169,990",16690,9.82%,2018-09-24,1397/07/02,Monday,دوشنبه
1708,"190,110","168,290","193,540","186,680",11290,6.44%,2018-09-25,1397/07/03,Tuesday,سه‌شنبه
1709,"181,035","169,000","186,680","175,390",-,-,2018-09-26,1397/07/04,Wednesday,چهارشنبه
1710,"175,390","175,390","175,390","175,390",5170,3.04%,2018-09-27,1397/07/05,Thursday,پنج‌شنبه
1711,"172,290","168,680","174,360","170,220",18450,12.16%,2018-09-29,1397/07/07,Saturday,شنبه
1712,"162,055","146,490","172,340","151,770",6482,4.46%,2018-09-30,1397/07/08,Sunday,یکشنبه
1713,"147,928","144,445","148,904","145,288",24288,20.07%,2018-10-01,1397/07/09,Monday,دوشنبه
1714,"121,000","121,000","121,000","121,000",11200,9.26%,2018-10-02,1397/07/10,Tuesday,سه‌شنبه
1715,"122,700","121,400","127,900","126,800",2000,1.58%,2018-10-03,1397/07/11,Wednesday,چهارشنبه
1716,"141,800","127,700","144,300","128,800",2300,1.79%,2018-10-05,1397/07/13,Friday,جمعه
1717,"141,800","128,800","142,800","131,100",10300,7.86%,2018-10-06,1397/07/14,Saturday,شنبه
1718,"144,000","139,200","145,400","141,400",20000,16.47%,2018-10-07,1397/07/15,Sunday,یکشنبه
1719,"140,300","119,200","141,500","121,400",2300,1.89%,2018-10-08,1397/07/16,Monday,دوشنبه
1720,"122,300","121,100","126,200","123,700",1800,1.48%,2018-10-09,1397/07/17,Tuesday,سه‌شنبه
1721,"133,200","120,100","134,800","121,900",20800,17.06%,2018-10-10,1397/07/18,Wednesday,چهارشنبه
1722,"133,800","131,600","144,800","142,700",11700,8.93%,2018-10-12,1397/07/20,Friday,جمعه
1723,"137,500","130,200","138,400","131,000",5900,4.72%,2018-10-13,1397/07/21,Saturday,شنبه
1724,"133,600","124,100","135,800","125,100",10400,8.31%,2018-10-14,1397/07/22,Sunday,یکشنبه
1725,"144,200","134,000","145,200","135,500",13700,11.25%,2018-10-15,1397/07/23,Monday,دوشنبه
1726,"123,900","119,600","124,900","121,800",12200,10.02%,2018-10-16,1397/07/24,Tuesday,سه‌شنبه
1727,"136,800","132,200","139,000","134,000",300,0.22%,2018-10-17,1397/07/25,Wednesday,چهارشنبه
1728,"128,200","126,300","136,600","134,300",9850,7.33%,2018-10-19,1397/07/27,Friday,جمعه
1729,"144,745","142,860","145,340","144,150",2210,1.56%,2018-10-21,1397/07/29,Sunday,یکشنبه
1730,"143,110","140,330","144,280","141,940",1550,1.1%,2018-10-22,1397/07/30,Monday,دوشنبه
1731,"141,395","138,990","142,400","140,390",19390,16.02%,2018-10-23,1397/08/01,Tuesday,سه‌شنبه
1732,"121,000","121,000","121,000","121,000",2200,1.85%,2018-10-24,1397/08/02,Wednesday,چهارشنبه
1733,"120,800","117,200","122,000","118,400",2200,1.86%,2018-10-26,1397/08/04,Friday,جمعه
1734,"120,300","118,800","122,500","120,600",2200,1.86%,2018-10-27,1397/08/05,Saturday,شنبه
1735,"119,800","117,700","120,500","118,400",2100,1.77%,2018-10-28,1397/08/06,Sunday,یکشنبه
1736,"119,300","118,200","121,500","120,500",900,0.75%,2018-10-30,1397/08/08,Tuesday,سه‌شنبه
1737,"120,500","117,800","121,500","119,600",400,0.34%,2018-10-31,1397/08/09,Wednesday,چهارشنبه
1738,"119,600","116,800","121,200","119,200",1100,0.92%,2018-11-02,1397/08/11,Friday,جمعه
1739,"119,500","117,300","122,200","120,300",200,0.17%,2018-11-03,1397/08/12,Saturday,شنبه
1740,"120,500","119,100","121,200","120,500",200,0.17%,2018-11-04,1397/08/13,Sunday,یکشنبه
1741,"119,700","118,600","121,000","120,300",1700,1.43%,2018-11-05,1397/08/14,Monday,دوشنبه
1742,"120,100","117,200","122,200","118,600",2000,1.69%,2018-11-09,1397/08/18,Friday,جمعه
1743,"119,900","117,900","123,000","120,600",700,0.58%,2018-11-10,1397/08/19,Saturday,شنبه
1744,"120,600","117,500","122,500","119,900",700,0.59%,2018-11-11,1397/08/20,Sunday,یکشنبه
1745,"119,000","117,100","120,400","119,200",800,0.68%,2018-11-12,1397/08/21,Monday,دوشنبه
1746,"119,000","118,400","119,000","118,400",-,-,2018-11-14,1397/08/23,Wednesday,چهارشنبه
1747,"118,400","118,400","118,400","118,400",2470,2.09%,2018-11-15,1397/08/24,Thursday,پنج‌شنبه
1748,"120,870","120,870","120,870","120,870",6350,5.25%,2018-11-17,1397/08/26,Saturday,شنبه
1749,"127,220","127,220","127,220","127,220",1180,0.93%,2018-11-18,1397/08/27,Sunday,یکشنبه
1750,"128,400","128,400","128,400","128,400",490,0.38%,2018-11-19,1397/08/28,Monday,دوشنبه
1751,"127,910","127,910","127,910","127,910",200,0.16%,2018-11-20,1397/08/29,Tuesday,سه‌شنبه
1752,"127,710","127,710","127,710","127,710",-,-,2018-11-21,1397/08/30,Wednesday,چهارشنبه
1753,"127,710","127,710","127,710","127,710",460,0.36%,2018-11-22,1397/09/01,Thursday,پنج‌شنبه
1754,"127,250","127,250","127,250","127,250",4220,3.43%,2018-11-24,1397/09/03,Saturday,شنبه
1755,"123,030","123,030","123,030","123,030",1880,1.55%,2018-11-26,1397/09/05,Monday,دوشنبه
1756,"121,150","121,150","121,150","121,150",8700,7.74%,2018-11-27,1397/09/06,Tuesday,سه‌شنبه
1757,"112,680","112,450","112,680","112,450",-,-,2018-11-28,1397/09/07,Wednesday,چهارشنبه
1758,"112,450","112,450","112,450","112,450",8650,7.69%,2018-11-29,1397/09/08,Thursday,پنج‌شنبه
1759,"113,570","113,570","121,100","121,100",6800,5.95%,2018-12-01,1397/09/10,Saturday,شنبه
1760,"120,240","113,660","120,290","114,300",630,0.55%,2018-12-02,1397/09/11,Sunday,یکشنبه
1761,"114,030","111,710","114,800","113,670",150,0.13%,2018-12-03,1397/09/12,Monday,دوشنبه
1762,"113,900","112,690","114,010","113,520",490,0.43%,2018-12-04,1397/09/13,Tuesday,سه‌شنبه
1763,"113,640","109,790","116,480","113,030",388,0.34%,2018-12-05,1397/09/14,Wednesday,چهارشنبه
1764,"114,870","112,110","114,870","112,410",4510,4.18%,2018-12-08,1397/09/17,Saturday,شنبه
1765,"112,500","107,360","112,540","107,900",290,0.27%,2018-12-09,1397/09/18,Sunday,یکشنبه
1766,"107,840","107,640","108,230","108,190",11090,11.42%,2018-12-10,1397/09/19,Monday,دوشنبه
1767,"108,230","86,900","109,940","97,100",4200,4.33%,2018-12-11,1397/09/20,Tuesday,سه‌شنبه
1768,"97,900","97,900","101,500","101,300",-,-,2018-12-12,1397/09/21,Wednesday,چهارشنبه
1769,"101,300","101,300","101,300","101,300",1800,1.81%,2018-12-13,1397/09/22,Thursday,پنج‌شنبه
1770,"99,900","97,050","99,950","99,500",100,0.1%,2018-12-15,1397/09/24,Saturday,شنبه
1771,"99,900","99,400","99,900","99,400",-,-,2018-12-16,1397/09/25,Sunday,یکشنبه
1772,"99,400","99,400","99,400","99,400",500,0.5%,2018-12-17,1397/09/26,Monday,دوشنبه
1773,"101,000","99,900","101,000","99,900",200,0.2%,2018-12-18,1397/09/27,Tuesday,سه‌شنبه
1774,"99,800","99,700","99,890","99,700",-,-,2018-12-19,1397/09/28,Wednesday,چهارشنبه
1775,"99,700","99,700","99,700","99,700",1270,1.27%,2018-12-20,1397/09/29,Thursday,پنج‌شنبه
1776,"100,020","98,420","102,780","100,970",30,0.03%,2018-12-21,1397/09/30,Friday,جمعه
1777,"101,000","101,000","101,000","101,000",4000,3.96%,2018-12-23,1397/10/02,Sunday,یکشنبه
1778,"103,950","103,950","105,000","105,000",7000,6.67%,2018-12-24,1397/10/03,Monday,دوشنبه
1779,"109,000","109,000","118,000","112,000",4500,4.19%,2018-12-25,1397/10/04,Tuesday,سه‌شنبه
1780,"111,900","107,500","111,900","107,500",-,-,2018-12-26,1397/10/05,Wednesday,چهارشنبه
1781,"107,500","107,500","107,500","107,500",500,0.47%,2018-12-27,1397/10/06,Thursday,پنج‌شنبه
1782,"106,000","105,500","108,000","107,000",1000,0.93%,2018-12-29,1397/10/08,Saturday,شنبه
1783,"108,000","107,900","108,000","108,000",3000,2.86%,2018-12-30,1397/10/09,Sunday,یکشنبه
1784,"107,000","105,000","107,000","105,000",500,0.48%,2018-12-31,1397/10/10,Monday,دوشنبه
1785,"104,900","104,200","105,000","104,500",1500,1.44%,2019-01-01,1397/10/11,Tuesday,سه‌شنبه
1786,"106,000","105,800","106,000","106,000",-,-,2019-01-02,1397/10/12,Wednesday,چهارشنبه
1787,"106,000","106,000","106,000","106,000",500,0.47%,2019-01-03,1397/10/13,Thursday,پنج‌شنبه
1788,"105,450","104,900","105,600","105,500",1500,1.42%,2019-01-05,1397/10/15,Saturday,شنبه
1789,"107,000","106,900","107,100","107,000",2000,1.87%,2019-01-06,1397/10/16,Sunday,یکشنبه
1790,"109,000","108,700","109,000","109,000",200,0.18%,2019-01-07,1397/10/17,Monday,دوشنبه
1791,"108,800","108,600","109,050","108,800",100,0.09%,2019-01-08,1397/10/18,Tuesday,سه‌شنبه
1792,"108,900","108,850","108,900","108,900",-,-,2019-01-09,1397/10/19,Wednesday,چهارشنبه
1793,"108,900","108,900","108,900","108,900",5100,4.68%,2019-01-10,1397/10/20,Thursday,پنج‌شنبه
1794,"116,000","114,000","118,000","114,000",4100,3.73%,2019-01-12,1397/10/22,Saturday,شنبه
1795,"108,950","109,750","108,000","109,900",2600,2.37%,2019-01-13,1397/10/23,Sunday,یکشنبه
1796,"112,500","112,300","112,650","112,500",2000,1.78%,2019-01-14,1397/10/24,Monday,دوشنبه
1797,"114,500","114,350","114,600","114,500",1400,1.22%,2019-01-15,1397/10/25,Tuesday,سه‌شنبه
1798,"115,900","115,900","115,900","115,900",-,-,2019-01-16,1397/10/26,Wednesday,چهارشنبه
1799,"115,900","115,900","115,900","115,900",1400,1.22%,2019-01-17,1397/10/27,Thursday,پنج‌شنبه
1800,"114,400","114,300","114,500","114,500",1800,1.57%,2019-01-19,1397/10/29,Saturday,شنبه
1801,"116,500","116,300","116,500","116,300",200,0.17%,2019-01-20,1397/10/30,Sunday,یکشنبه
1802,"116,500","116,250","116,500","116,500",1100,0.95%,2019-01-21,1397/11/01,Monday,دوشنبه
1803,"115,400","115,200","115,450","115,400",400,0.35%,2019-01-22,1397/11/02,Tuesday,سه‌شنبه
1804,"115,100","115,000","115,100","115,000",-,-,2019-01-23,1397/11/03,Wednesday,چهارشنبه
1805,"115,000","115,000","115,000","115,000",2900,2.52%,2019-01-24,1397/11/04,Thursday,پنج‌شنبه
1806,"117,900","117,750","117,950","117,900",100,0.08%,2019-01-26,1397/11/06,Saturday,شنبه
1807,"118,500","117,800","118,500","118,000",300,0.25%,2019-01-27,1397/11/07,Sunday,یکشنبه
1808,"118,900","117,900","118,900","118,300",1150,0.97%,2019-01-28,1397/11/08,Monday,دوشنبه
1809,"119,500","119,300","119,600","119,450",950,0.8%,2019-01-29,1397/11/09,Tuesday,سه‌شنبه
1810,"119,000","118,350","119,000","118,500",-,-,2019-01-30,1397/11/10,Wednesday,چهارشنبه
1811,"118,500","118,500","118,500","118,500",8500,7.73%,2019-01-31,1397/11/11,Thursday,پنج‌شنبه
1812,"110,000","109,700","110,000","110,000",6500,5.91%,2019-02-02,1397/11/13,Saturday,شنبه
1813,"114,500","114,400","116,550","116,500",1000,0.86%,2019-02-03,1397/11/14,Sunday,یکشنبه
1814,"118,500","117,300","118,600","117,500",1000,0.85%,2019-02-04,1397/11/15,Monday,دوشنبه
1815,"118,500","118,200","118,600","118,500",2050,1.76%,2019-02-05,1397/11/16,Tuesday,سه‌شنبه
1816,"116,500","116,450","116,600","116,450",-,-,2019-02-06,1397/11/17,Wednesday,چهارشنبه
1817,"116,450","116,450","116,450","116,450",650,0.56%,2019-02-07,1397/11/18,Thursday,پنج‌شنبه
1818,"117,100","117,000","117,100","117,100",2200,1.88%,2019-02-10,1397/11/21,Sunday,یکشنبه
1819,"119,300","119,100","119,300","119,300",800,0.68%,2019-02-12,1397/11/23,Tuesday,سه‌شنبه
1820,"118,500","118,300","118,500","118,500",-,-,2019-02-13,1397/11/24,Wednesday,چهارشنبه
1821,"118,500","118,500","118,500","118,500",5000,4.22%,2019-02-14,1397/11/25,Thursday,پنج‌شنبه
1822,"122,500","122,550","123,600","123,500",5500,4.45%,2019-02-16,1397/11/27,Saturday,شنبه
1823,"123,600","123,600","129,000","129,000",1000,0.78%,2019-02-17,1397/11/28,Sunday,یکشنبه
1824,"128,000","127,800","128,000","128,000",1700,1.33%,2019-02-18,1397/11/29,Monday,دوشنبه
1825,"129,900","122,800","129,900","129,700",-,-,2019-02-19,1397/11/30,Tuesday,سه‌شنبه
1826,"129,600","129,600","129,700","129,700",3320,2.63%,2019-02-20,1397/12/01,Wednesday,چهارشنبه
1827,"136,500","136,500","136,500","136,500",2000,1.49%,2019-02-23,1397/12/04,Saturday,شنبه
1828,"135,500","134,500","135,500","134,500",1500,1.13%,2019-02-24,1397/12/05,Sunday,یکشنبه
1829,"133,500","133,000","133,500","133,000",500,0.38%,2019-02-25,1397/12/06,Monday,دوشنبه
1830,"132,500","132,500","132,800","132,500",500,0.38%,2019-02-26,1397/12/07,Tuesday,سه‌شنبه
1831,"132,000","132,000","132,000","132,000",-,-,2019-02-27,1397/12/08,Wednesday,چهارشنبه
1832,"132,000","132,000","132,000","132,000",2140,1.65%,2019-02-28,1397/12/09,Thursday,پنج‌شنبه
1833,"133,000","129,800","133,000","129,860",2790,2.2%,2019-03-02,1397/12/11,Saturday,شنبه
1834,"130,040","126,850","130,040","127,070",1090,0.87%,2019-03-03,1397/12/12,Sunday,یکشنبه
1835,"126,020","125,850","126,100","125,980",5560,4.41%,2019-03-04,1397/12/13,Monday,دوشنبه
1836,"125,950","125,900","132,550","131,540",1170,0.9%,2019-03-05,1397/12/14,Tuesday,سه‌شنبه
1837,"131,560","130,360","131,570","130,370",-,-,2019-03-06,1397/12/15,Wednesday,چهارشنبه
1838,"130,370","130,370","130,370","130,370",50,0.04%,2019-03-07,1397/12/16,Thursday,پنج‌شنبه
1839,"131,460","130,360","131,570","130,420",1370,1.06%,2019-03-09,1397/12/18,Saturday,شنبه
1840,"129,440","128,930","129,550","129,050",580,0.45%,2019-03-10,1397/12/19,Sunday,یکشنبه
1841,"128,970","128,430","129,050","128,470",80,0.06%,2019-03-11,1397/12/20,Monday,دوشنبه
1842,"128,490","128,430","128,550","128,550",2470,1.92%,2019-03-12,1397/12/21,Tuesday,سه‌شنبه
1843,"132,040","130,930","132,050","131,020",-,-,2019-03-13,1397/12/22,Wednesday,چهارشنبه
1844,"131,020","131,020","131,020","131,020",2190,1.7%,2019-03-14,1397/12/23,Thursday,پنج‌شنبه
1845,"129,930","128,800","129,960","128,830",60,0.05%,2019-03-16,1397/12/25,Saturday,شنبه
1846,"128,920","128,800","128,960","128,890",50,0.04%,2019-03-17,1397/12/26,Sunday,یکشنبه
1847,"128,950","128,800","128,960","128,940",-,-,2019-03-18,1397/12/27,Monday,دوشنبه
1848,"128,940","128,800","128,940","128,940",570,0.44%,2019-03-19,1397/12/28,Tuesday,سه‌شنبه
1849,"129,490","129,400","129,560","129,510",90,0.07%,2019-03-25,1398/01/05,Monday,دوشنبه
1850,"129,560","129,400","129,560","129,420",2470,1.91%,2019-03-26,1398/01/06,Tuesday,سه‌شنبه
1851,"129,540","129,380","133,600","131,890",-,-,2019-03-27,1398/01/07,Wednesday,چهارشنبه
1852,"131,890","131,890","131,890","131,890",110,0.08%,2019-03-28,1398/01/08,Thursday,پنج‌شنبه
1853,"131,940","131,890","132,000","132,000",-,-,2019-03-30,1398/01/10,Saturday,شنبه
1854,"131,900","130,100","133,300","131,900",2010,1.52%,2019-04-03,1398/01/14,Wednesday,چهارشنبه
1855,"131,930","131,890","138,010","133,910",2990,2.23%,2019-04-06,1398/01/17,Saturday,شنبه
1856,"133,900","133,890","136,900","136,900",4850,3.54%,2019-04-07,1398/01/18,Sunday,یکشنبه
1857,"136,870","136,790","141,800","141,750",4250,3.09%,2019-04-08,1398/01/19,Monday,دوشنبه
1858,"141,760","137,390","141,800","137,500",190,0.14%,2019-04-09,1398/01/20,Tuesday,سه‌شنبه
1859,"137,380","137,290","137,400","137,310",-,-,2019-04-10,1398/01/21,Wednesday,چهارشنبه
1860,"137,310","137,310","137,310","137,310",2810,2.09%,2019-04-11,1398/01/22,Thursday,پنج‌شنبه
1861,"135,900","134,390","136,000","134,500",2400,1.78%,2019-04-13,1398/01/24,Saturday,شنبه
1862,"134,450","134,390","136,900","136,900",1470,1.09%,2019-04-14,1398/01/25,Sunday,یکشنبه
1863,"136,870","134,040","136,900","135,430",1420,1.06%,2019-04-15,1398/01/26,Monday,دوشنبه
1864,"135,480","133,890","135,500","134,010",780,0.58%,2019-04-16,1398/01/27,Tuesday,سه‌شنبه
1865,"133,990","133,900","134,950","134,790",-,-,2019-04-17,1398/01/28,Wednesday,چهارشنبه
1866,"134,790","134,790","134,790","134,790",90,0.07%,2019-04-18,1398/01/29,Thursday,پنج‌شنبه
1867,"134,900","134,700","134,900","134,700",4720,3.5%,2019-04-20,1398/01/31,Saturday,شنبه
1868,"139,360","139,350","139,600","139,420",100,0.07%,2019-04-22,1398/02/02,Monday,دوشنبه
1869,"139,600","139,350","139,600","139,520",960,0.69%,2019-04-23,1398/02/03,Tuesday,سه‌شنبه
1870,"139,490","139,350","141,100","140,480",2360,1.71%,2019-04-24,1398/02/04,Wednesday,چهارشنبه
1871,"138,120","138,120","138,120","138,120",4740,3.43%,2019-04-25,1398/02/05,Thursday,پنج‌شنبه
1872,"143,000","142,850","143,100","142,860",660,0.46%,2019-04-27,1398/02/07,Saturday,شنبه
1873,"143,390","142,350","143,600","143,520",1140,0.8%,2019-04-28,1398/02/08,Sunday,یکشنبه
1874,"142,530","142,350","143,100","142,380",2690,1.89%,2019-04-29,1398/02/09,Monday,دوشنبه
1875,"143,000","142,850","145,100","145,070",940,0.65%,2019-04-30,1398/02/10,Tuesday,سه‌شنبه
1876,"144,970","144,850","146,100","146,010",3600,2.53%,2019-05-01,1398/02/11,Wednesday,چهارشنبه
1877,"142,410","142,410","142,410","142,410",5100,3.58%,2019-05-02,1398/02/12,Thursday,پنج‌شنبه
1878,"148,520","147,350","152,510","147,510",2500,1.69%,2019-05-04,1398/02/14,Saturday,شنبه
1879,"147,350","147,350","150,010","150,010",2380,1.59%,2019-05-05,1398/02/15,Sunday,یکشنبه
1880,"151,000","149,850","153,010","152,390",1500,0.98%,2019-05-06,1398/02/16,Monday,دوشنبه
1881,"152,510","151,850","154,010","153,890",2120,1.38%,2019-05-07,1398/02/17,Tuesday,سه‌شنبه
1882,"153,930","153,850","156,510","156,010",2510,1.64%,2019-05-08,1398/02/18,Wednesday,چهارشنبه
1883,"153,500","153,500","153,500","153,500",5530,3.74%,2019-05-09,1398/02/19,Thursday,پنج‌شنبه
1884,"150,360","147,350","150,510","147,970",2500,1.69%,2019-05-11,1398/02/21,Saturday,شنبه
1885,"148,010","147,850","151,010","150,470",1040,0.69%,2019-05-12,1398/02/22,Sunday,یکشنبه
1886,"150,380","150,350","151,510","151,510",3020,2.03%,2019-05-13,1398/02/23,Monday,دوشنبه
1887,"151,480","147,850","151,600","148,490",2110,1.44%,2019-05-14,1398/02/24,Tuesday,سه‌شنبه
1888,"148,510","146,350","148,510","146,380",90,0.06%,2019-05-15,1398/02/25,Wednesday,چهارشنبه
1889,"146,470","146,470","146,470","146,470",2960,2.06%,2019-05-16,1398/02/26,Thursday,پنج‌شنبه
1890,"145,880","143,350","147,510","143,510",3150,2.24%,2019-05-18,1398/02/28,Saturday,شنبه
1891,"143,410","137,850","143,510","140,360",2020,1.44%,2019-05-19,1398/02/29,Sunday,یکشنبه
1892,"139,510","137,850","142,510","142,380",1630,1.14%,2019-05-20,1398/02/30,Monday,دوشنبه
1893,"142,510","142,350","144,010","144,010",2000,1.41%,2019-05-21,1398/02/31,Tuesday,سه‌شنبه
1894,"143,880","141,850","144,010","142,010",1550,1.1%,2019-05-22,1398/03/01,Wednesday,چهارشنبه
1895,"140,460","140,460","140,460","140,460",1550,1.1%,2019-05-23,1398/03/02,Thursday,پنج‌شنبه
1896,"141,510","140,350","142,010","142,010",1188,0.84%,2019-05-25,1398/03/04,Saturday,شنبه
1897,"137,010","130,850","137,010","135,970",1420,1.04%,2019-05-28,1398/03/07,Tuesday,سه‌شنبه
1898,"136,010","135,850","137,510","137,390",2020,1.49%,2019-05-29,1398/03/08,Wednesday,چهارشنبه
1899,"135,370","135,370","135,370","135,370",790,0.59%,2019-05-30,1398/03/09,Thursday,پنج‌شنبه
1900,"136,870","133,950","137,010","134,580",1900,1.43%,2019-06-01,1398/03/11,Saturday,شنبه
1901,"134,680","132,150","134,800","132,680",1700,1.3%,2019-06-02,1398/03/12,Sunday,یکشنبه
1902,"131,010","130,870","131,040","130,980",3790,2.98%,2019-06-03,1398/03/13,Monday,دوشنبه
1903,"132,130","126,740","132,200","127,190",4220,3.32%,2019-06-08,1398/03/18,Saturday,شنبه
1904,"127,110","127,040","131,450","131,410",830,0.64%,2019-06-09,1398/03/19,Sunday,یکشنبه
1905,"132,050","130,000","132,150","130,580",770,0.59%,2019-06-10,1398/03/20,Monday,دوشنبه
1906,"130,680","130,400","131,950","131,350",740,0.56%,2019-06-11,1398/03/21,Tuesday,سه‌شنبه
1907,"132,030","132,000","132,150","132,090",2778,2.1%,2019-06-12,1398/03/22,Wednesday,چهارشنبه
1908,"136,110","136,100","138,250","137,910",2420,1.79%,2019-06-15,1398/03/25,Saturday,شنبه
1909,"137,410","135,200","137,450","135,490",2880,2.17%,2019-06-16,1398/03/26,Sunday,یکشنبه
1910,"134,430","132,300","134,550","132,610",1400,1.06%,2019-06-17,1398/03/27,Monday,دوشنبه
1911,"132,880","131,600","134,250","134,010",620,0.46%,2019-06-18,1398/03/28,Tuesday,سه‌شنبه
1912,"133,510","133,500","135,150","134,630",2630,1.99%,2019-06-19,1398/03/29,Wednesday,چهارشنبه
1913,"132,000","132,000","132,000","132,000",1930,1.46%,2019-06-20,1398/03/30,Thursday,پنج‌شنبه
1914,"131,700","131,700","134,250","133,930",110,0.08%,2019-06-22,1398/04/01,Saturday,شنبه
1915,"134,120","133,900","134,950","134,040",2000,1.51%,2019-06-23,1398/04/02,Sunday,یکشنبه
1916,"133,710","132,000","133,850","132,040",300,0.23%,2019-06-24,1398/04/03,Monday,دوشنبه
1917,"133,120","131,600","133,250","132,340",80,0.06%,2019-06-25,1398/04/04,Tuesday,سه‌شنبه
1918,"132,110","131,900","132,350","132,260",2850,2.2%,2019-06-26,1398/04/05,Wednesday,چهارشنبه
1919,"129,410","129,410","129,410","129,410",730,0.56%,2019-06-27,1398/04/06,Thursday,پنج‌شنبه
1920,"129,190","128,100","130,750","130,140",990,0.77%,2019-06-30,1398/04/09,Sunday,یکشنبه
1921,"129,840","129,100","130,450","129,150",690,0.53%,2019-07-01,1398/04/10,Monday,دوشنبه
1922,"129,240","129,100","130,150","129,840",980,0.75%,2019-07-02,1398/04/11,Tuesday,سه‌شنبه
1923,"129,820","129,700","131,050","130,820",3320,2.6%,2019-07-03,1398/04/12,Wednesday,چهارشنبه
1924,"127,500","127,500","127,500","127,500",3150,2.47%,2019-07-04,1398/04/13,Thursday,پنج‌شنبه
1925,"132,430","130,400","132,450","130,650",1760,1.37%,2019-07-06,1398/04/15,Saturday,شنبه
1926,"130,530","128,800","130,550","128,890",830,0.64%,2019-07-07,1398/04/16,Sunday,یکشنبه
1927,"128,910","128,800","129,850","129,720",40,0.03%,2019-07-08,1398/04/17,Monday,دوشنبه
1928,"129,820","129,500","130,250","129,680",100,0.08%,2019-07-09,1398/04/18,Tuesday,سه‌شنبه
1929,"129,770","129,400","130,050","129,580",2120,1.66%,2019-07-10,1398/04/19,Wednesday,چهارشنبه
1930,"127,460","127,460","127,460","127,460",2540,2.03%,2019-07-11,1398/04/20,Thursday,پنج‌شنبه
1931,"126,110","124,100","126,450","124,920",3800,3.14%,2019-07-13,1398/04/22,Saturday,شنبه
1932,"124,810","120,800","125,050","121,120",2410,2.03%,2019-07-14,1398/04/23,Sunday,یکشنبه
1933,"121,140","118,600","121,250","118,710",580,0.49%,2019-07-15,1398/04/24,Monday,دوشنبه
1934,"118,520","112,300","119,550","118,130",1080,0.91%,2019-07-16,1398/04/25,Tuesday,سه‌شنبه
1935,"118,630","118,200","121,350","119,210",630,0.53%,2019-07-17,1398/04/26,Wednesday,چهارشنبه
1936,"122,220","121,300","123,250","122,140",1210,0.99%,2019-07-20,1398/04/29,Saturday,شنبه
1937,"122,150","121,100","123,550","123,350",1890,1.53%,2019-07-21,1398/04/30,Sunday,یکشنبه
1938,"124,620","124,100","127,050","125,240",4960,4.12%,2019-07-22,1398/04/31,Monday,دوشنبه
1939,"123,300","120,000","123,650","120,280",1360,1.14%,2019-07-23,1398/05/01,Tuesday,سه‌شنبه
1940,"120,570","117,700","120,650","118,920",580,0.49%,2019-07-24,1398/05/02,Wednesday,چهارشنبه
1941,"119,500","119,500","119,500","119,500",1140,0.95%,2019-07-25,1398/05/03,Thursday,پنج‌شنبه
1942,"123,440","120,100","123,450","120,640",850,0.7%,2019-07-27,1398/05/05,Saturday,شنبه
1943,"120,820","120,500","121,950","121,490",1250,1.04%,2019-07-28,1398/05/06,Sunday,یکشنبه
1944,"121,260","119,700","121,550","120,240",1100,0.92%,2019-07-29,1398/05/07,Monday,دوشنبه
1945,"120,380","118,400","120,450","119,140",1650,1.38%,2019-07-30,1398/05/08,Tuesday,سه‌شنبه
1946,"119,630","119,400","120,850","120,790",1790,1.5%,2019-07-31,1398/05/09,Wednesday,چهارشنبه
1947,"119,000","119,000","119,000","119,000",440,0.37%,2019-08-01,1398/05/10,Thursday,پنج‌شنبه
1948,"119,590","118,400","119,650","119,440",810,0.68%,2019-08-03,1398/05/12,Saturday,شنبه
1949,"119,450","119,400","120,550","120,250",700,0.59%,2019-08-04,1398/05/13,Sunday,یکشنبه
1950,"120,180","119,100","120,250","119,550",120,0.1%,2019-08-05,1398/05/14,Monday,دوشنبه
1951,"119,580","119,300","120,050","119,670",350,0.29%,2019-08-06,1398/05/15,Tuesday,سه‌شنبه
1952,"119,610","119,200","119,650","119,320",475,0.4%,2019-08-07,1398/05/16,Wednesday,چهارشنبه
1953,"117,620","116,200","117,650","116,950",50,0.04%,2019-08-10,1398/05/19,Saturday,شنبه
1954,"116,910","116,890","117,000","117,000",300,0.26%,2019-08-11,1398/05/20,Sunday,یکشنبه
1955,"116,940","116,500","116,950","116,700",310,0.27%,2019-08-13,1398/05/22,Tuesday,سه‌شنبه
1956,"116,930","116,900","117,050","117,010",631,0.54%,2019-08-14,1398/05/23,Wednesday,چهارشنبه
1957,"118,340","117,100","118,450","117,340",310,0.26%,2019-08-17,1398/05/26,Saturday,شنبه
1958,"117,320","116,600","117,350","117,030",70,0.06%,2019-08-18,1398/05/27,Sunday,یکشنبه
1959,"116,980","116,890","117,000","116,960",110,0.09%,2019-08-19,1398/05/28,Monday,دوشنبه
1960,"117,280","116,400","117,350","116,850",850,0.73%,2019-08-21,1398/05/30,Wednesday,چهارشنبه
1961,"116,000","116,000","116,000","116,000",2990,2.65%,2019-08-22,1398/05/31,Thursday,پنج‌شنبه
1962,"115,690","112,500","115,750","113,010",2160,1.95%,2019-08-24,1398/06/02,Saturday,شنبه
1963,"113,000","110,850","114,250","110,850",1400,1.26%,2019-08-25,1398/06/03,Sunday,یکشنبه
1964,"110,650","110,600","113,050","112,250",50,0.04%,2019-08-26,1398/06/04,Monday,دوشنبه
1965,"112,410","111,700","112,850","112,200",920,0.82%,2019-08-27,1398/06/05,Tuesday,سه‌شنبه
1966,"112,420","112,300","113,250","113,120",1120,1%,2019-08-28,1398/06/06,Wednesday,چهارشنبه
1967,"112,000","112,000","112,000","112,000",1820,1.63%,2019-08-29,1398/06/07,Thursday,پنج‌شنبه
1968,"115,640","113,300","116,150","113,820",70,0.06%,2019-08-31,1398/06/09,Saturday,شنبه
1969,"113,720","112,200","113,850","113,750",760,0.67%,2019-09-01,1398/06/10,Sunday,یکشنبه
1970,"114,250","113,500","115,350","114,510",460,0.4%,2019-09-02,1398/06/11,Monday,دوشنبه
1971,"113,720","113,700","114,650","114,050",700,0.61%,2019-09-03,1398/06/12,Tuesday,سه‌شنبه
1972,"114,510","114,500","115,450","114,750",750,0.66%,2019-09-04,1398/06/13,Wednesday,چهارشنبه
1973,"114,000","114,000","114,000","114,000",2750,2.41%,2019-09-05,1398/06/14,Thursday,پنج‌شنبه
1974,"116,720","116,500","117,150","116,750",750,0.65%,2019-09-07,1398/06/16,Saturday,شنبه
1975,"116,000","116,000","116,000","116,000",740,0.64%,2019-09-08,1398/06/17,Sunday,یکشنبه
1976,"116,600","115,600","116,750","116,740",2300,2.01%,2019-09-11,1398/06/20,Wednesday,چهارشنبه
1977,"114,440","114,440","114,440","114,440",1010,0.89%,2019-09-12,1398/06/21,Thursday,پنج‌شنبه
1978,"113,810","113,300","114,050","113,430",1120,0.99%,2019-09-14,1398/06/23,Saturday,شنبه
1979,"113,450","113,300","115,050","114,550",590,0.52%,2019-09-15,1398/06/24,Sunday,یکشنبه
1980,"115,010","114,600","115,150","115,140",220,0.19%,2019-09-16,1398/06/25,Monday,دوشنبه
1981,"114,500","114,500","115,550","115,360",30,0.03%,2019-09-17,1398/06/26,Tuesday,سه‌شنبه
1982,"115,340","114,900","115,450","115,330",830,0.72%,2019-09-18,1398/06/27,Wednesday,چهارشنبه
1983,"114,500","114,500","114,500","114,500",190,0.17%,2019-09-19,1398/06/28,Thursday,پنج‌شنبه
1984,"115,100","113,870","115,250","114,310",380,0.33%,2019-09-21,1398/06/30,Saturday,شنبه
1985,"114,330","113,700","114,350","113,930",520,0.46%,2019-09-22,1398/06/31,Sunday,یکشنبه
1986,"113,920","113,800","114,550","114,450",270,0.24%,2019-09-23,1398/07/01,Monday,دوشنبه
1987,"114,430","114,100","114,550","114,180",200,0.18%,2019-09-24,1398/07/02,Tuesday,سه‌شنبه
1988,"114,210","114,100","114,450","114,380",880,0.78%,2019-09-25,1398/07/03,Wednesday,چهارشنبه
1989,"113,500","113,500","113,500","113,500",1140,1%,2019-09-26,1398/07/04,Thursday,پنج‌شنبه
1990,"114,630","114,550","114,700","114,640",1170,1.02%,2019-09-28,1398/07/06,Saturday,شنبه
1991,"115,110","115,050","115,900","115,810",800,0.7%,2019-09-29,1398/07/07,Sunday,یکشنبه
1992,"115,890","114,900","115,900","115,010",220,0.19%,2019-09-30,1398/07/08,Monday,دوشنبه
1993,"115,020","114,500","115,250","115,230",260,0.23%,2019-10-01,1398/07/09,Tuesday,سه‌شنبه
1994,"115,220","115,100","115,550","115,490",1060,0.93%,2019-10-02,1398/07/10,Wednesday,چهارشنبه
1995,"114,430","114,430","114,430","114,430",70,0.06%,2019-10-03,1398/07/11,Thursday,پنج‌شنبه
1996,"115,010","114,500","115,050","114,500",230,0.2%,2019-10-05,1398/07/13,Saturday,شنبه
1997,"114,460","114,400","114,750","114,730",190,0.17%,2019-10-06,1398/07/14,Sunday,یکشنبه
1998,"114,680","114,600","115,050","114,920",60,0.05%,2019-10-07,1398/07/15,Monday,دوشنبه
1999,"115,020","114,700","115,050","114,980",150,0.13%,2019-10-08,1398/07/16,Tuesday,سه‌شنبه
2000,"115,030","114,800","115,050","114,830",810,0.71%,2019-10-09,1398/07/17,Wednesday,چهارشنبه
2001,"114,020","114,020","114,020","114,020",10,0.01%,2019-10-10,1398/07/18,Thursday,پنج‌شنبه
2002,"114,910","114,000","114,950","114,030",70,0.06%,2019-10-12,1398/07/20,Saturday,شنبه
2003,"114,080","113,600","114,150","113,960",150,0.13%,2019-10-13,1398/07/21,Sunday,یکشنبه
2004,"113,920","113,900","114,350","114,110",110,0.1%,2019-10-14,1398/07/22,Monday,دوشنبه
2005,"114,150","114,000","114,550","114,220",10,0.01%,2019-10-15,1398/07/23,Tuesday,سه‌شنبه
2006,"114,340","114,200","114,550","114,230",210,0.18%,2019-10-16,1398/07/24,Wednesday,چهارشنبه
2007,"114,020","114,020","114,020","114,020",620,0.55%,2019-10-17,1398/07/25,Thursday,پنج‌شنبه
2008,"113,730","113,100","113,750","113,400",30,0.03%,2019-10-20,1398/07/28,Sunday,یکشنبه
2009,"113,100","113,100","113,650","113,430",1110,0.99%,2019-10-21,1398/07/29,Monday,دوشنبه
2010,"113,350","112,200","113,450","112,320",410,0.37%,2019-10-22,1398/07/30,Tuesday,سه‌شنبه
2011,"112,340","111,000","112,350","111,910",140,0.13%,2019-10-23,1398/08/01,Wednesday,چهارشنبه
2012,"112,050","112,050","112,050","112,050",670,0.6%,2019-10-24,1398/08/02,Thursday,پنج‌شنبه
2013,"111,380","111,380","111,380","111,380",30,0.03%,2019-10-26,1398/08/04,Saturday,شنبه
2014,"111,410","111,410","111,410","111,410",1140,1.02%,2019-10-28,1398/08/06,Monday,دوشنبه
2015,"112,030","111,900","112,850","112,550",1030,0.92%,2019-10-30,1398/08/08,Wednesday,چهارشنبه
2016,"111,520","111,520","111,520","111,520",2190,1.96%,2019-10-31,1398/08/09,Thursday,پنج‌شنبه
2017,"112,900","112,900","114,250","113,710",60,0.05%,2019-11-02,1398/08/11,Saturday,شنبه
2018,"113,750","113,300","113,850","113,650",500,0.44%,2019-11-03,1398/08/12,Sunday,یکشنبه
2019,"113,530","113,500","114,150","114,150",1250,1.11%,2019-11-04,1398/08/13,Monday,دوشنبه
2020,"112,975","112,890","113,050","112,900",480,0.43%,2019-11-05,1398/08/14,Tuesday,سه‌شنبه
2021,"113,380","113,380","113,380","113,380",950,0.84%,2019-11-07,1398/08/16,Thursday,پنج‌شنبه
2022,"114,120","113,900","114,450","114,330",630,0.55%,2019-11-09,1398/08/18,Saturday,شنبه
2023,"114,310","114,300","115,000","114,960",280,0.24%,2019-11-10,1398/08/19,Sunday,یکشنبه
2024,"114,970","114,750","115,250","115,240",2460,2.13%,2019-11-11,1398/08/20,Monday,دوشنبه
2025,"115,150","115,100","117,850","117,700",170,0.14%,2019-11-12,1398/08/21,Tuesday,سه‌شنبه
2026,"117,820","117,700","118,550","117,870",2900,2.52%,2019-11-13,1398/08/22,Wednesday,چهارشنبه
2027,"114,970","114,970","114,970","114,970",7530,6.55%,2019-11-14,1398/08/23,Thursday,پنج‌شنبه
2028,"122,630","122,500","122,650","122,500",150,0.12%,2019-11-16,1398/08/25,Saturday,شنبه
2029,"122,520","122,500","122,650","122,650",130,0.11%,2019-11-17,1398/08/26,Sunday,یکشنبه
2030,"122,580","122,500","122,650","122,520",3390,2.85%,2019-11-18,1398/08/27,Monday,دوشنبه
2031,"122,610","119,050","122,880","119,130",150,0.13%,2019-11-19,1398/08/28,Tuesday,سه‌شنبه
2032,"119,060","118,950","119,380","118,980",1040,0.88%,2019-11-20,1398/08/29,Wednesday,چهارشنبه
2033,"117,940","117,940","117,940","117,940",4800,4.07%,2019-11-21,1398/08/30,Thursday,پنج‌شنبه
2034,"118,970","118,950","123,080","122,740",1410,1.15%,2019-11-23,1398/09/02,Saturday,شنبه
2035,"122,620","122,450","124,880","124,150",1180,0.96%,2019-11-24,1398/09/03,Sunday,یکشنبه
2036,"123,680","122,450","123,980","122,970",2850,2.32%,2019-11-25,1398/09/04,Monday,دوشنبه
2037,"123,190","122,750","125,850","125,820",170,0.14%,2019-11-26,1398/09/05,Tuesday,سه‌شنبه
2038,"125,770","125,750","126,950","125,990",1970,1.59%,2019-11-27,1398/09/06,Wednesday,چهارشنبه
2039,"124,020","124,020","124,020","124,020",4100,3.31%,2019-11-28,1398/09/07,Thursday,پنج‌شنبه
2040,"126,130","124,950","128,150","128,120",1570,1.24%,2019-11-30,1398/09/09,Saturday,شنبه
2041,"127,850","126,450","128,650","126,550",1100,0.87%,2019-12-01,1398/09/10,Sunday,یکشنبه
2042,"126,520","126,450","127,750","127,650",1390,1.09%,2019-12-02,1398/09/11,Monday,دوشنبه
2043,"127,730","127,650","129,750","129,040",1450,1.12%,2019-12-03,1398/09/12,Tuesday,سه‌شنبه
2044,"128,970","128,950","130,850","130,490",3480,2.74%,2019-12-04,1398/09/13,Wednesday,چهارشنبه
2045,"127,010","127,010","127,010","127,010",7440,5.86%,2019-12-05,1398/09/14,Thursday,پنج‌شنبه
2046,"132,460","122,700","135,050","134,450",3580,2.66%,2019-12-07,1398/09/16,Saturday,شنبه
2047,"134,540","134,450","138,050","138,030",2190,1.61%,2019-12-08,1398/09/17,Sunday,یکشنبه
2048,"139,480","135,750","141,550","135,840",4790,3.66%,2019-12-09,1398/09/18,Monday,دوشنبه
2049,"135,960","129,950","136,050","131,050",3540,2.78%,2019-12-10,1398/09/19,Tuesday,سه‌شنبه
2050,"130,980","127,450","131,050","127,510",1500,1.18%,2019-12-11,1398/09/20,Wednesday,چهارشنبه
2051,"129,010","129,010","129,010","129,010",3170,2.52%,2019-12-12,1398/09/21,Thursday,پنج‌شنبه
2052,"126,880","125,450","126,950","125,840",1680,1.34%,2019-12-14,1398/09/23,Saturday,شنبه
2053,"127,620","126,650","128,050","127,520",3150,2.47%,2019-12-15,1398/09/24,Sunday,یکشنبه
2054,"127,510","127,450","130,950","130,670",1520,1.18%,2019-12-16,1398/09/25,Monday,دوشنبه
2055,"131,440","128,690","132,150","129,150",840,0.65%,2019-12-17,1398/09/26,Tuesday,سه‌شنبه
2056,"129,090","129,090","130,250","129,990",1400,1.09%,2019-12-18,1398/09/27,Wednesday,چهارشنبه
2057,"128,590","128,590","128,590","128,590",3100,2.41%,2019-12-19,1398/09/28,Thursday,پنج‌شنبه
2058,"133,520","130,590","134,450","131,690",200,0.15%,2019-12-21,1398/09/30,Saturday,شنبه
2059,"131,510","129,490","132,050","131,490",400,0.31%,2019-12-22,1398/10/01,Sunday,یکشنبه
2060,"132,260","130,790","133,050","131,090",820,0.63%,2019-12-23,1398/10/02,Monday,دوشنبه
2061,"131,240","130,790","132,250","131,910",90,0.07%,2019-12-24,1398/10/03,Tuesday,سه‌شنبه
2062,"131,990","131,790","132,450","131,820",2060,1.59%,2019-12-25,1398/10/04,Wednesday,چهارشنبه
2063,"129,760","129,760","129,760","129,760",1820,1.4%,2019-12-26,1398/10/05,Thursday,پنج‌شنبه
2064,"131,850","131,580","132,050","131,580",40,0.03%,2019-12-28,1398/10/07,Saturday,شنبه
2065,"131,590","131,380","131,720","131,620",1570,1.19%,2019-12-29,1398/10/08,Sunday,یکشنبه
2066,"132,390","132,180","133,320","133,190",200,0.15%,2019-12-30,1398/10/09,Monday,دوشنبه
2067,"133,220","132,490","133,420","132,990",-,-,2019-12-31,1398/10/10,Tuesday,سه‌شنبه
2068,"132,890","132,590","133,100","132,990",3490,2.69%,2020-01-01,1398/10/11,Wednesday,چهارشنبه
2069,"129,500","129,500","129,500","129,500",9720,7.51%,2020-01-02,1398/10/12,Thursday,پنج‌شنبه
2070,"137,040","136,690","139,600","139,220",1130,0.82%,2020-01-04,1398/10/14,Saturday,شنبه
2071,"139,990","138,090","140,100","138,090",1570,1.14%,2020-01-05,1398/10/15,Sunday,یکشنبه
2072,"138,200","138,090","140,200","139,660",310,0.22%,2020-01-06,1398/10/16,Monday,دوشنبه
2073,"139,590","139,290","141,800","139,350",5450,4.07%,2020-01-07,1398/10/17,Tuesday,سه‌شنبه
2074,"139,060","133,090","139,100","133,900",1810,1.37%,2020-01-08,1398/10/18,Wednesday,چهارشنبه
2075,"132,090","132,090","132,090","132,090",2200,1.67%,2020-01-09,1398/10/19,Thursday,پنج‌شنبه
2076,"133,100","133,100","134,400","134,290",140,0.1%,2020-01-11,1398/10/21,Saturday,شنبه
2077,"133,990","133,490","134,700","134,150",1350,1.01%,2020-01-12,1398/10/22,Sunday,یکشنبه
2078,"132,990","132,690","135,500","135,500",540,0.4%,2020-01-13,1398/10/23,Monday,دوشنبه
2079,"135,310","134,890","136,360","134,960",200,0.15%,2020-01-14,1398/10/24,Tuesday,سه‌شنبه
2080,"135,020","134,790","135,500","135,160",4160,3.18%,2020-01-15,1398/10/25,Wednesday,چهارشنبه
2081,"131,000","131,000","131,000","131,000",3490,2.66%,2020-01-16,1398/10/26,Thursday,پنج‌شنبه
2082,"134,500","133,790","136,400","134,490",500,0.37%,2020-01-18,1398/10/28,Saturday,شنبه
2083,"134,540","134,490","135,100","134,990",600,0.45%,2020-01-19,1398/10/29,Sunday,یکشنبه
2084,"134,800","134,290","134,900","134,390",460,0.34%,2020-01-20,1398/10/30,Monday,دوشنبه
2085,"134,090","134,090","136,000","134,850",440,0.33%,2020-01-21,1398/11/01,Tuesday,سه‌شنبه
2086,"135,340","135,190","136,400","135,290",5290,4.07%,2020-01-22,1398/11/02,Wednesday,چهارشنبه
2087,"130,000","130,000","130,000","130,000",5790,4.45%,2020-01-23,1398/11/03,Thursday,پنج‌شنبه
2088,"135,250","135,190","135,900","135,790",400,0.29%,2020-01-25,1398/11/05,Saturday,شنبه
2089,"136,420","136,190","137,800","136,190",1000,0.73%,2020-01-26,1398/11/06,Sunday,یکشنبه
2090,"136,790","136,690","138,900","137,190",3170,2.37%,2020-01-27,1398/11/07,Monday,دوشنبه
2091,"134,020","134,020","134,020","134,020",520,0.39%,2020-01-28,1398/11/08,Tuesday,سه‌شنبه
2092,"134,540","134,540","134,540","134,540",960,0.71%,2020-01-30,1398/11/10,Thursday,پنج‌شنبه
2093,"135,230","134,590","136,200","135,500",540,0.4%,2020-02-01,1398/11/12,Saturday,شنبه
2094,"135,190","135,190","136,400","136,040",350,0.26%,2020-02-02,1398/11/13,Sunday,یکشنبه
2095,"136,390","135,590","136,600","135,690",1000,0.74%,2020-02-03,1398/11/14,Monday,دوشنبه
2096,"135,990","135,640","136,800","136,690",40,0.03%,2020-02-04,1398/11/15,Tuesday,سه‌شنبه
2097,"136,640","136,390","136,890","136,730",1670,1.24%,2020-02-05,1398/11/16,Wednesday,چهارشنبه
2098,"135,060","135,060","135,060","135,060",3830,2.84%,2020-02-06,1398/11/17,Thursday,پنج‌شنبه
2099,"138,190","138,190","139,300","138,890",700,0.5%,2020-02-08,1398/11/19,Saturday,شنبه
2100,"139,090","139,090","139,900","139,590",3550,2.61%,2020-02-09,1398/11/20,Sunday,یکشنبه
2101,"136,040","136,040","136,040","136,040",4390,3.23%,2020-02-10,1398/11/21,Monday,دوشنبه
2102,"140,390","140,390","140,500","140,430",1940,1.4%,2020-02-12,1398/11/23,Wednesday,چهارشنبه
2103,"138,490","138,490","138,490","138,490",3370,2.43%,2020-02-13,1398/11/24,Thursday,پنج‌شنبه
2104,"141,590","140,490","142,200","141,860",240,0.17%,2020-02-15,1398/11/26,Saturday,شنبه
2105,"141,690","140,990","141,900","141,620",2410,1.7%,2020-02-16,1398/11/27,Sunday,یکشنبه
2106,"141,590","141,590","144,400","144,030",540,0.38%,2020-02-17,1398/11/28,Monday,دوشنبه
2107,"144,190","142,690","145,000","143,490",440,0.31%,2020-02-18,1398/11/29,Tuesday,سه‌شنبه
2108,"143,690","143,690","144,600","143,930",1900,1.34%,2020-02-19,1398/11/30,Wednesday,چهارشنبه
2109,"142,030","142,030","142,030","142,030",10520,7.41%,2020-02-20,1398/12/01,Thursday,پنج‌شنبه
2110,"156,350","151,790","156,400","152,550",3540,2.32%,2020-02-22,1398/12/03,Saturday,شنبه
2111,"154,390","154,090","156,100","156,090",200,0.13%,2020-02-23,1398/12/04,Sunday,یکشنبه
2112,"157,490","155,090","157,900","156,290",100,0.06%,2020-02-24,1398/12/05,Monday,دوشنبه
2113,"156,320","156,290","156,400","156,390",700,0.45%,2020-02-25,1398/12/06,Tuesday,سه‌شنبه
2114,"156,320","156,190","157,600","157,090",80,0.05%,2020-02-26,1398/12/07,Wednesday,چهارشنبه
2115,"157,010","157,010","157,010","157,010",1950,1.26%,2020-02-27,1398/12/08,Thursday,پنج‌شنبه
2116,"150,170","150,090","155,100","155,060",1930,1.24%,2020-02-29,1398/12/10,Saturday,شنبه
2117,"156,790","155,790","157,500","156,990",3860,2.52%,2020-03-01,1398/12/11,Sunday,یکشنبه
2118,"153,090","152,490","154,600","153,130",1230,0.8%,2020-03-02,1398/12/12,Monday,دوشنبه
2119,"155,090","153,590","155,200","154,360",1650,1.08%,2020-03-03,1398/12/13,Tuesday,سه‌شنبه
2120,"152,090","149,390","153,000","152,710",2760,1.84%,2020-03-04,1398/12/14,Wednesday,چهارشنبه
2121,"149,950","149,950","149,950","149,950",10,0.01%,2020-03-05,1398/12/15,Thursday,پنج‌شنبه
2122,"149,960","149,960","149,960","149,960",3930,2.62%,2020-03-07,1398/12/17,Saturday,شنبه
2123,"154,290","153,190","154,600","153,890",100,0.06%,2020-03-09,1398/12/19,Monday,دوشنبه
2124,"154,000","153,590","154,300","153,990",90,0.06%,2020-03-10,1398/12/20,Tuesday,سه‌شنبه
2125,"154,080","152,890","154,100","153,900",5390,3.63%,2020-03-11,1398/12/21,Wednesday,چهارشنبه
2126,"148,510","148,510","148,510","148,510",8060,5.43%,2020-03-12,1398/12/22,Thursday,پنج‌شنبه
2127,"154,510","154,490","156,900","156,570",1800,1.15%,2020-03-14,1398/12/24,Saturday,شنبه
2128,"156,490","156,490","159,600","158,370",2320,1.46%,2020-03-15,1398/12/25,Sunday,یکشنبه
2129,"160,790","159,790","161,200","160,690",770,0.48%,2020-03-16,1398/12/26,Monday,دوشنبه
2130,"160,890","159,890","161,000","159,920",10890,7.31%,2020-03-17,1398/12/27,Tuesday,سه‌شنبه
2131,"149,030","149,030","149,030","149,030",10,0.01%,2020-03-18,1398/12/28,Wednesday,چهارشنبه
2132,"148,982","147,670","150,301","149,020",49,0.03%,2020-03-23,1399/01/04,Monday,دوشنبه
2133,"148,996","146,587","151,797","148,971",21,0.01%,2020-03-24,1399/01/05,Tuesday,سه‌شنبه
2134,"148,987","146,394","151,837","148,992",8,0.01%,2020-03-25,1399/01/06,Wednesday,چهارشنبه
2135,"149,028","147,867","151,591","149,000",10,0.01%,2020-03-27,1399/01/08,Friday,جمعه
2136,"148,982","146,762","152,094","149,010",1,-,2020-03-28,1399/01/09,Saturday,شنبه
2137,"148,992","147,978","150,143","149,011",51,0.03%,2020-03-29,1399/01/10,Sunday,یکشنبه
2138,"148,960","148,960","148,960","148,960",15230,10.22%,2020-04-02,1399/01/14,Thursday,پنج‌شنبه
2139,"164,590","164,150","164,700","164,190",1240,0.76%,2020-04-04,1399/01/16,Saturday,شنبه
2140,"164,030","162,950","164,050","162,950",1560,0.97%,2020-04-05,1399/01/17,Sunday,یکشنبه
2141,"163,180","161,250","163,450","161,390",1740,1.09%,2020-04-06,1399/01/18,Monday,دوشنبه
2142,"161,990","159,450","162,050","159,650",1410,0.88%,2020-04-07,1399/01/19,Tuesday,سه‌شنبه
2143,"159,590","159,550","161,150","161,060",1180,0.73%,2020-04-08,1399/01/20,Wednesday,چهارشنبه
2144,"162,420","162,050","162,650","162,240",1150,0.71%,2020-04-11,1399/01/23,Saturday,شنبه
2145,"161,980","160,780","162,250","161,090",810,0.51%,2020-04-12,1399/01/24,Sunday,یکشنبه
2146,"161,110","159,880","161,120","160,280",670,0.42%,2020-04-13,1399/01/25,Monday,دوشنبه
2147,"159,420","159,180","159,920","159,610",80,0.05%,2020-04-14,1399/01/26,Tuesday,سه‌شنبه
2148,"159,680","159,680","159,720","159,690",4690,3.03%,2020-04-15,1399/01/27,Wednesday,چهارشنبه
2149,"155,000","155,000","155,000","155,000",610,0.4%,2020-04-16,1399/01/28,Thursday,پنج‌شنبه
2150,"154,390","154,380","154,420","154,390",30,0.02%,2020-04-18,1399/01/30,Saturday,شنبه
2151,"154,410","154,380","154,420","154,420",6470,4.19%,2020-04-19,1399/01/31,Sunday,یکشنبه
2152,"154,380","154,380","160,920","160,890",2190,1.36%,2020-04-20,1399/02/01,Monday,دوشنبه
2153,"162,710","161,980","163,120","163,080",390,0.24%,2020-04-21,1399/02/02,Tuesday,سه‌شنبه
2154,"163,810","162,680","163,920","162,690",7660,4.94%,2020-04-22,1399/02/03,Wednesday,چهارشنبه
2155,"155,030","155,030","155,030","155,030",6490,4.19%,2020-04-23,1399/02/04,Thursday,پنج‌شنبه
2156,"161,480","161,480","161,520","161,520",10,0.01%,2020-04-25,1399/02/06,Saturday,شنبه
2157,"161,510","161,480","161,520","161,510",720,0.45%,2020-04-26,1399/02/07,Sunday,یکشنبه
2158,"161,490","159,980","161,520","160,790",1620,1.01%,2020-04-27,1399/02/08,Monday,دوشنبه
2159,"161,590","161,480","162,720","162,410",990,0.61%,2020-04-28,1399/02/09,Tuesday,سه‌شنبه
2160,"161,780","161,380","162,120","161,420",5420,3.47%,2020-04-29,1399/02/10,Wednesday,چهارشنبه
2161,"156,000","156,000","156,000","156,000",4790,3.07%,2020-04-30,1399/02/11,Thursday,پنج‌شنبه
2162,"160,480","159,880","160,820","160,790",600,0.37%,2020-05-02,1399/02/13,Saturday,شنبه
2163,"160,720","160,680","161,920","161,390",30,0.02%,2020-05-03,1399/02/14,Sunday,یکشنبه
2164,"161,420","161,380","161,420","161,420",40,0.02%,2020-05-04,1399/02/15,Monday,دوشنبه
2165,"161,410","161,380","161,420","161,380",1510,0.94%,2020-05-05,1399/02/16,Tuesday,سه‌شنبه
2166,"161,410","161,380","162,920","162,890",5890,3.75%,2020-05-06,1399/02/17,Wednesday,چهارشنبه
2167,"157,000","157,000","157,000","157,000",7920,5.04%,2020-05-07,1399/02/18,Thursday,پنج‌شنبه
2168,"164,380","164,380","165,020","164,920",3500,2.12%,2020-05-09,1399/02/20,Saturday,شنبه
2169,"164,880","164,880","168,420","168,420",1790,1.06%,2020-05-10,1399/02/21,Sunday,یکشنبه
2170,"169,210","169,180","171,820","170,210",870,0.51%,2020-05-11,1399/02/22,Monday,دوشنبه
2171,"171,820","170,080","172,320","171,080",2470,1.46%,2020-05-12,1399/02/23,Tuesday,سه‌شنبه
2172,"169,480","168,580","170,020","168,610",70,0.04%,2020-05-13,1399/02/24,Wednesday,چهارشنبه
2173,"168,540","168,540","168,540","168,540",570,0.34%,2020-05-14,1399/02/25,Thursday,پنج‌شنبه
2174,"169,090","169,080","169,120","169,110",6670,3.94%,2020-05-16,1399/02/27,Saturday,شنبه
2175,"169,080","169,080","180,210","175,780",1130,0.64%,2020-05-17,1399/02/28,Sunday,یکشنبه
2176,"174,520","174,080","177,520","176,910",2000,1.13%,2020-05-18,1399/02/29,Monday,دوشنبه
2177,"177,720","177,380","179,120","178,910",1900,1.07%,2020-05-19,1399/02/30,Tuesday,سه‌شنبه
2178,"178,420","176,180","178,420","177,010",3960,2.29%,2020-05-20,1399/02/31,Wednesday,چهارشنبه
2179,"173,050","173,050","173,050","173,050",2430,1.4%,2020-05-21,1399/03/01,Thursday,پنج‌شنبه
2180,"177,290","175,480","177,320","175,480",1700,0.98%,2020-05-23,1399/03/03,Saturday,شنبه
2181,"175,010","173,080","175,020","173,780",1930,1.11%,2020-05-26,1399/03/06,Tuesday,سه‌شنبه
2182,"174,610","174,280","175,720","175,710",5100,2.99%,2020-05-27,1399/03/07,Wednesday,چهارشنبه
2183,"170,610","170,610","170,610","170,610",5400,3.17%,2020-05-28,1399/03/08,Thursday,پنج‌شنبه
2184,"176,520","175,580","176,620","176,010",1010,0.57%,2020-05-30,1399/03/10,Saturday,شنبه
2185,"176,020","175,980","177,220","177,020",100,0.06%,2020-05-31,1399/03/11,Sunday,یکشنبه
2186,"176,610","176,380","177,120","177,120",760,0.43%,2020-06-01,1399/03/12,Monday,دوشنبه
2187,"177,080","177,080","178,220","177,880",1070,0.61%,2020-06-02,1399/03/13,Tuesday,سه‌شنبه
2188,"177,210","176,570","177,510","176,810",700,0.4%,2020-06-06,1399/03/17,Saturday,شنبه
2189,"176,710","175,670","176,710","176,110",1800,1.02%,2020-06-07,1399/03/18,Sunday,یکشنبه
2190,"176,080","176,070","178,310","177,910",1970,1.11%,2020-06-08,1399/03/19,Monday,دوشنبه
2191,"177,880","177,870","180,210","179,880",80,0.04%,2020-06-09,1399/03/20,Tuesday,سه‌شنبه
2192,"180,100","179,670","189,910","179,800",2300,1.3%,2020-06-10,1399/03/21,Wednesday,چهارشنبه
2193,"177,500","177,500","177,500","177,500",1980,1.12%,2020-06-11,1399/03/22,Thursday,پنج‌شنبه
2194,"179,510","179,470","179,510","179,480",3430,1.91%,2020-06-13,1399/03/24,Saturday,شنبه
2195,"179,510","179,470","183,210","182,910",2800,1.53%,2020-06-14,1399/03/25,Sunday,یکشنبه
2196,"183,580","182,870","185,910","185,710",40,0.02%,2020-06-15,1399/03/26,Monday,دوشنبه
2197,"185,680","185,670","185,710","185,670",2170,1.18%,2020-06-16,1399/03/27,Tuesday,سه‌شنبه
2198,"183,500","183,500","183,500","183,500",11300,6.16%,2020-06-18,1399/03/29,Thursday,پنج‌شنبه
2199,"192,700","192,470","198,010","194,800",3000,1.54%,2020-06-20,1399/03/31,Saturday,شنبه
2200,"195,570","195,270","200,010","197,800",3200,1.62%,2020-06-21,1399/04/01,Sunday,یکشنبه
2201,"202,570","196,970","205,410","201,000",6420,3.3%,2020-06-22,1399/04/02,Monday,دوشنبه
2202,"201,380","193,570","203,510","194,580",3100,1.62%,2020-06-23,1399/04/03,Tuesday,سه‌شنبه
2203,"192,180","189,570","192,810","191,480",3050,1.62%,2020-06-24,1399/04/04,Wednesday,چهارشنبه
2204,"188,430","188,430","188,430","188,430",13740,7.29%,2020-06-25,1399/04/05,Thursday,پنج‌شنبه
2205,"205,200","199,470","206,510","202,170",30,0.01%,2020-06-27,1399/04/07,Saturday,شنبه
2206,"203,470","200,170","203,510","202,200",3100,1.53%,2020-06-28,1399/04/08,Sunday,یکشنبه
2207,"203,480","202,870","206,010","205,300",470,0.23%,2020-06-29,1399/04/09,Monday,دوشنبه
2208,"202,570","200,570","205,910","205,770",2030,0.99%,2020-06-30,1399/04/10,Tuesday,سه‌شنبه
2209,"205,780","205,770","208,010","207,800",600,0.29%,2020-07-01,1399/04/11,Wednesday,چهارشنبه
2210,"211,970","211,970","223,510","223,010",5200,2.39%,2020-07-04,1399/04/14,Saturday,شنبه
2211,"221,480","213,970","221,710","217,810",3170,1.46%,2020-07-05,1399/04/15,Sunday,یکشنبه
2212,"218,000","216,770","221,310","220,980",3720,1.68%,2020-07-06,1399/04/16,Monday,دوشنبه
2213,"224,810","223,370","225,710","224,700",-,-,2020-07-07,1399/04/17,Tuesday,سه‌شنبه
2214,"224,680","224,670","224,710","224,700",980,0.44%,2020-07-08,1399/04/18,Wednesday,چهارشنبه
2215,"227,380","226,370","228,510","227,010",7270,3.2%,2020-07-11,1399/04/21,Saturday,شنبه
2216,"230,010","229,670","234,410","234,280",2020,0.86%,2020-07-12,1399/04/22,Sunday,یکشنبه
2217,"233,910","229,970","238,010","236,300",2670,1.13%,2020-07-13,1399/04/23,Monday,دوشنبه
2218,"236,310","236,270","239,610","238,970",2400,1%,2020-07-14,1399/04/24,Tuesday,سه‌شنبه
2219,"238,780","238,770","241,810","241,370",10350,4.48%,2020-07-15,1399/04/25,Wednesday,چهارشنبه
2220,"231,020","231,020","231,020","231,020",14460,6.26%,2020-07-16,1399/04/26,Thursday,پنج‌شنبه
2221,"259,570","243,770","260,010","245,480",16480,7.2%,2020-07-18,1399/04/28,Saturday,شنبه
2222,"247,810","223,970","247,810","229,000",9990,4.56%,2020-07-19,1399/04/29,Sunday,یکشنبه
2223,"213,200","209,970","219,010","219,010",1010,0.46%,2020-07-20,1399/04/30,Monday,دوشنبه
2224,"219,000","216,970","223,510","218,000",380,0.17%,2020-07-21,1399/04/31,Tuesday,سه‌شنبه
2225,"220,580","216,970","221,010","218,380",15470,7.62%,2020-07-22,1399/05/01,Wednesday,چهارشنبه
2226,"202,910","202,910","202,910","202,910",28060,13.83%,2020-07-23,1399/05/02,Thursday,پنج‌شنبه
2227,"237,470","225,970","242,010","230,970",2530,1.1%,2020-07-25,1399/05/04,Saturday,شنبه
2228,"232,980","229,970","235,010","233,500",1000,0.43%,2020-07-26,1399/05/05,Sunday,یکشنبه
2229,"233,480","231,970","236,210","234,500",190,0.08%,2020-07-27,1399/05/06,Monday,دوشنبه
2230,"234,470","232,770","235,910","234,310",1160,0.5%,2020-07-28,1399/05/07,Tuesday,سه‌شنبه
2231,"234,270","234,270","235,510","235,470",27450,13.2%,2020-07-29,1399/05/08,Wednesday,چهارشنبه
2232,"208,020","208,020","208,020","208,020",24180,11.62%,2020-07-30,1399/05/09,Thursday,پنج‌شنبه
2233,"229,980","225,270","232,710","232,200",510,0.22%,2020-08-01,1399/05/11,Saturday,شنبه
2234,"232,210","231,870","233,610","232,710",100,0.04%,2020-08-02,1399/05/12,Sunday,یکشنبه
2235,"232,100","232,070","233,410","232,810",2100,0.9%,2020-08-03,1399/05/13,Monday,دوشنبه
2236,"232,780","232,770","235,410","234,910",1690,0.72%,2020-08-04,1399/05/14,Tuesday,سه‌شنبه
2237,"234,900","234,870","237,210","236,600",6580,2.86%,2020-08-05,1399/05/15,Wednesday,چهارشنبه
2238,"230,020","230,020","230,020","230,020",9510,4.31%,2020-08-06,1399/05/16,Thursday,پنج‌شنبه
2239,"209,470","209,470","222,010","220,510",1660,0.75%,2020-08-09,1399/05/19,Sunday,یکشنبه
2240,"224,510","218,470","227,710","222,170",300,0.14%,2020-08-10,1399/05/20,Monday,دوشنبه
2241,"220,980","210,470","223,510","222,470",2000,0.9%,2020-08-11,1399/05/21,Tuesday,سه‌شنبه
2242,"222,480","222,470","226,210","224,470",3970,1.8%,2020-08-12,1399/05/22,Wednesday,چهارشنبه
2243,"220,500","220,500","220,500","220,500",4010,1.82%,2020-08-13,1399/05/23,Thursday,پنج‌شنبه
2244,"221,780","219,970","224,710","224,510",7460,3.32%,2020-08-15,1399/05/25,Saturday,شنبه
2245,"227,010","226,970","233,510","231,970",4600,2.02%,2020-08-16,1399/05/26,Sunday,یکشنبه
2246,"231,180","226,470","231,810","227,370",370,0.16%,2020-08-17,1399/05/27,Monday,دوشنبه
2247,"229,700","226,370","230,210","227,000",3980,1.75%,2020-08-18,1399/05/28,Tuesday,سه‌شنبه
2248,"230,570","229,970","232,010","230,980",5960,2.65%,2020-08-19,1399/05/29,Wednesday,چهارشنبه
2249,"225,020","225,020","225,020","225,020",4350,1.93%,2020-08-20,1399/05/30,Thursday,پنج‌شنبه
2250,"230,570","229,270","231,310","229,370",1810,0.79%,2020-08-22,1399/06/01,Saturday,شنبه
2251,"229,500","220,170","231,510","231,180",3430,1.48%,2020-08-23,1399/06/02,Sunday,یکشنبه
2252,"231,300","230,670","234,710","234,610",690,0.29%,2020-08-24,1399/06/03,Monday,دوشنبه
2253,"235,000","232,070","237,010","235,300",1100,0.47%,2020-08-25,1399/06/04,Tuesday,سه‌شنبه
2254,"234,680","233,670","234,910","234,200",3180,1.38%,2020-08-26,1399/06/05,Wednesday,چهارشنبه
2255,"231,020","231,020","231,020","231,020",12580,5.45%,2020-08-27,1399/06/06,Thursday,پنج‌شنبه
2256,"242,180","229,470","244,010","243,600",670,0.28%,2020-08-31,1399/06/10,Monday,دوشنبه
2257,"245,370","243,870","246,210","244,270",1170,0.48%,2020-09-01,1399/06/11,Tuesday,سه‌شنبه
2258,"242,970","241,570","243,210","243,100",18580,8.28%,2020-09-02,1399/06/12,Wednesday,چهارشنبه
2259,"224,520","224,520","224,520","224,520",22160,9.87%,2020-09-03,1399/06/13,Thursday,پنج‌شنبه
2260,"248,410","246,170","248,910","246,680",-,-,2020-09-05,1399/06/15,Saturday,شنبه
2261,"246,710","245,300","246,710","246,680",4530,1.84%,2020-09-06,1399/06/16,Sunday,یکشنبه
2262,"246,670","246,670","256,020","251,210",3480,1.39%,2020-09-07,1399/06/17,Monday,دوشنبه
2263,"251,220","251,180","254,720","254,690",980,0.39%,2020-09-08,1399/06/18,Tuesday,سه‌شنبه
2264,"254,720","246,680","254,720","253,710",25710,11.28%,2020-09-09,1399/06/19,Wednesday,چهارشنبه
2265,"228,000","228,000","228,000","228,000",40420,17.73%,2020-09-10,1399/06/20,Thursday,پنج‌شنبه
2266,"264,410","257,000","268,820","268,420",3900,1.47%,2020-09-12,1399/06/22,Saturday,شنبه
2267,"267,990","260,480","272,020","264,520",4400,1.66%,2020-09-13,1399/06/23,Sunday,یکشنبه
2268,"262,510","261,480","270,020","268,920",100,0.04%,2020-09-14,1399/06/24,Monday,دوشنبه
2269,"272,160","267,440","273,550","269,020",170,0.06%,2020-09-15,1399/06/25,Tuesday,سه‌شنبه
2270,"269,250","267,440","269,650","268,850",880,0.33%,2020-09-16,1399/06/26,Wednesday,چهارشنبه
2271,"267,970","267,970","267,970","267,970",4510,1.68%,2020-09-17,1399/06/27,Thursday,پنج‌شنبه
2272,"268,960","268,930","273,940","272,480",620,0.23%,2020-09-19,1399/06/29,Saturday,شنبه
2273,"273,960","271,530","274,640","271,860",3110,1.14%,2020-09-20,1399/06/30,Sunday,یکشنبه
2274,"271,770","271,440","275,940","274,970",5960,2.17%,2020-09-21,1399/06/31,Monday,دوشنبه
2275,"277,660","277,230","281,340","280,930",6510,2.32%,2020-09-22,1399/07/01,Tuesday,سه‌شنبه
2276,"282,450","282,430","288,440","287,440",9470,3.41%,2020-09-23,1399/07/02,Wednesday,چهارشنبه
2277,"277,970","277,970","277,970","277,970",13270,4.77%,2020-09-24,1399/07/03,Thursday,پنج‌شنبه
2278,"289,410","288,930","291,540","291,240",4060,1.39%,2020-09-26,1399/07/05,Saturday,شنبه
2279,"291,260","291,230","295,540","295,300",1060,0.36%,2020-09-27,1399/07/06,Sunday,یکشنبه
2280,"293,600","289,430","295,040","294,240",3490,1.19%,2020-09-28,1399/07/07,Monday,دوشنبه
2281,"294,060","293,530","298,040","297,730",2000,0.67%,2020-09-29,1399/07/08,Tuesday,سه‌شنبه
2282,"298,610","297,730","300,040","299,730",10690,3.7%,2020-09-30,1399/07/09,Wednesday,چهارشنبه
2283,"289,040","289,040","289,040","289,040",4010,1.41%,2020-10-01,1399/07/10,Thursday,پنج‌شنبه
2284,"290,020","277,930","290,040","285,030",9180,3.22%,2020-10-03,1399/07/12,Saturday,شنبه
2285,"292,550","291,930","294,840","294,210",1750,0.59%,2020-10-04,1399/07/13,Sunday,یکشنبه
2286,"294,140","294,130","297,640","295,960",780,0.26%,2020-10-05,1399/07/14,Monday,دوشنبه
2287,"295,950","294,230","298,640","296,740",4720,1.62%,2020-10-06,1399/07/15,Tuesday,سه‌شنبه
2288,"292,040","291,960","292,060","292,020",16790,5.75%,2020-10-07,1399/07/16,Wednesday,چهارشنبه
2289,"310,710","306,930","317,740","308,810",5650,1.83%,2020-10-10,1399/07/19,Saturday,شنبه
2290,"308,300","307,730","315,040","314,460",3560,1.13%,2020-10-11,1399/07/20,Sunday,یکشنبه
2291,"314,440","314,430","318,540","318,020",690,0.22%,2020-10-12,1399/07/21,Monday,دوشنبه
2292,"317,740","315,230","318,040","317,330",4000,1.26%,2020-10-13,1399/07/22,Tuesday,سه‌شنبه
2293,"317,980","317,930","321,840","321,330",2804,0.88%,2020-10-14,1399/07/23,Wednesday,چهارشنبه
2294,"319,220","302,930","319,240","303,540",36560,13.69%,2020-10-18,1399/07/27,Sunday,یکشنبه
2295,"294,040","266,930","294,540","266,980",27040,10.13%,2020-10-19,1399/07/28,Monday,دوشنبه
2296,"280,960","271,930","294,540","294,020",2420,0.82%,2020-10-20,1399/07/29,Tuesday,سه‌شنبه
2297,"297,940","292,930","298,540","296,440",2690,0.92%,2020-10-21,1399/07/30,Wednesday,چهارشنبه
2298,"293,750","293,750","293,750","293,750",3750,1.29%,2020-10-22,1399/08/01,Thursday,پنج‌شنبه
2299,"290,000","290,000","290,000","290,000",3020,1.05%,2020-10-24,1399/08/03,Saturday,شنبه
2300,"285,460","285,430","288,740","286,980",1540,0.54%,2020-10-26,1399/08/05,Monday,دوشنبه
2301,"285,540","277,940","285,550","285,440",4480,1.59%,2020-10-27,1399/08/06,Tuesday,سه‌شنبه
2302,"280,990","280,940","285,550","280,960",3460,1.25%,2020-10-28,1399/08/07,Wednesday,چهارشنبه
2303,"277,500","277,500","277,500","277,500",540,0.19%,2020-10-29,1399/08/08,Thursday,پنج‌شنبه
2304,"269,480","265,000","285,550","276,960",12980,4.69%,2020-10-31,1399/08/10,Saturday,شنبه
2305,"277,020","276,940","290,050","289,940",7520,2.66%,2020-11-01,1399/08/11,Sunday,یکشنبه
2306,"282,420","282,420","282,420","282,420",12430,4.6%,2020-11-02,1399/08/12,Monday,دوشنبه
2307,"290,940","265,940","291,050","269,990",10559,4.07%,2020-11-04,1399/08/14,Wednesday,چهارشنبه
2308,"248,040","239,940","255,050","251,960",15300,6.07%,2020-11-07,1399/08/17,Saturday,شنبه
2309,"252,050","251,940","277,550","267,260",8730,3.27%,2020-11-08,1399/08/18,Sunday,یکشنبه
2310,"280,510","272,950","280,550","275,990",3020,1.11%,2020-11-09,1399/08/19,Monday,دوشنبه
2311,"274,510","269,940","276,550","272,970",40,0.01%,2020-11-10,1399/08/20,Tuesday,سه‌شنبه
2312,"270,050","269,940","274,000","273,010",4490,1.67%,2020-11-11,1399/08/21,Wednesday,چهارشنبه
2313,"268,520","268,520","268,520","268,520",17030,6.34%,2020-11-12,1399/08/22,Thursday,پنج‌شنبه
2314,"269,980","252,940","285,550","285,550",25500,9.81%,2020-11-14,1399/08/24,Saturday,شنبه
2315,"285,510","259,940","285,550","260,050",2720,1.05%,2020-11-15,1399/08/25,Sunday,یکشنبه
2316,"260,010","258,940","287,550","262,770",2290,0.88%,2020-11-16,1399/08/26,Monday,دوشنبه
2317,"262,460","258,940","262,550","260,480",970,0.37%,2020-11-17,1399/08/27,Tuesday,سه‌شنبه
2318,"258,550","258,440","260,050","259,510",3310,1.29%,2020-11-18,1399/08/28,Wednesday,چهارشنبه
2319,"256,200","256,200","256,200","256,200",1850,0.72%,2020-11-19,1399/08/29,Thursday,پنج‌شنبه
2320,"258,840","254,140","259,050","258,050",970,0.38%,2020-11-21,1399/09/01,Saturday,شنبه
2321,"258,250","256,240","259,550","259,020",5990,2.37%,2020-11-22,1399/09/02,Sunday,یکشنبه
2322,"256,820","249,940","256,850","253,030",3560,1.43%,2020-11-23,1399/09/03,Monday,دوشنبه
2323,"252,950","249,440","253,050","249,470",2510,1.02%,2020-11-24,1399/09/04,Tuesday,سه‌شنبه
2324,"247,780","245,940","247,850","246,960",610,0.25%,2020-11-25,1399/09/05,Wednesday,چهارشنبه
2325,"247,570","247,570","247,570","247,570",3920,1.58%,2020-11-26,1399/09/06,Thursday,پنج‌شنبه
2326,"247,980","245,740","252,050","251,490",3050,1.21%,2020-11-28,1399/09/08,Saturday,شنبه
2327,"251,270","251,240","255,050","254,540",7940,3.12%,2020-11-29,1399/09/09,Sunday,یکشنبه
2328,"255,520","255,440","265,050","262,480",4020,1.56%,2020-11-30,1399/09/10,Monday,دوشنبه
2329,"262,230","254,440","262,250","258,460",2500,0.97%,2020-12-01,1399/09/11,Tuesday,سه‌شنبه
2330,"257,640","257,640","261,540","260,960",3099,1.2%,2020-12-02,1399/09/12,Wednesday,چهارشنبه
2331,"257,180","256,440","259,050","258,640",430,0.17%,2020-12-05,1399/09/15,Saturday,شنبه
2332,"258,530","257,340","259,050","258,210",1050,0.41%,2020-12-06,1399/09/16,Sunday,یکشنبه
2333,"258,440","257,940","259,550","259,260",3420,1.32%,2020-12-07,1399/09/17,Monday,دوشنبه
2334,"259,250","259,240","264,430","262,680",1530,0.59%,2020-12-08,1399/09/18,Tuesday,سه‌شنبه
2335,"262,520","260,940","262,550","261,150",500,0.19%,2020-12-09,1399/09/19,Wednesday,چهارشنبه
2336,"260,650","260,650","260,650","260,650",1890,0.73%,2020-12-10,1399/09/20,Thursday,پنج‌شنبه
2337,"259,310","257,940","259,750","258,760",220,0.09%,2020-12-12,1399/09/22,Saturday,شنبه
2338,"259,270","257,440","259,350","258,540",1420,0.55%,2020-12-13,1399/09/23,Sunday,یکشنبه
2339,"256,460","256,440","262,050","259,960",2200,0.85%,2020-12-14,1399/09/24,Monday,دوشنبه
2340,"259,750","257,740","261,850","257,760",2450,0.95%,2020-12-15,1399/09/25,Tuesday,سه‌شنبه
2341,"257,790","257,740","260,250","260,210",2190,0.85%,2020-12-16,1399/09/26,Wednesday,چهارشنبه
2342,"258,020","258,020","258,020","258,020",2580,1.01%,2020-12-17,1399/09/27,Thursday,پنج‌شنبه
2343,"254,050","253,940","255,700","255,440",600,0.23%,2020-12-19,1399/09/29,Saturday,شنبه
2344,"255,450","254,440","257,750","256,040",780,0.3%,2020-12-20,1399/09/30,Sunday,یکشنبه
2345,"256,330","255,740","256,950","256,820",2460,0.96%,2020-12-21,1399/10/01,Monday,دوشنبه
2346,"256,790","256,740","260,050","259,280",160,0.06%,2020-12-22,1399/10/02,Tuesday,سه‌شنبه
2347,"259,510","259,040","259,750","259,120",500,0.19%,2020-12-23,1399/10/03,Wednesday,چهارشنبه
2348,"258,620","258,620","258,620","258,620",880,0.34%,2020-12-24,1399/10/04,Thursday,پنج‌شنبه
2349,"256,180","256,140","258,550","257,740",300,0.12%,2020-12-26,1399/10/06,Saturday,شنبه
2350,"257,710","256,840","258,750","257,440",290,0.11%,2020-12-27,1399/10/07,Sunday,یکشنبه
2351,"257,550","256,740","257,850","257,150",200,0.08%,2020-12-28,1399/10/08,Monday,دوشنبه
2352,"257,110","257,040","257,750","257,350",110,0.04%,2020-12-29,1399/10/09,Tuesday,سه‌شنبه
2353,"257,320","256,940","257,350","257,240",946,0.37%,2020-12-30,1399/10/10,Wednesday,چهارشنبه
2354,"255,840","255,440","257,550","257,140",1840,0.72%,2021-01-02,1399/10/13,Saturday,شنبه
2355,"257,790","257,240","259,050","258,980",2000,0.77%,2021-01-03,1399/10/14,Sunday,یکشنبه
2356,"259,030","258,440","261,050","260,980",2450,0.95%,2021-01-04,1399/10/15,Monday,دوشنبه
2357,"260,620","257,540","260,650","258,530",3680,1.44%,2021-01-05,1399/10/16,Tuesday,سه‌شنبه
2358,"256,550","254,240","256,550","254,850",660,0.26%,2021-01-06,1399/10/17,Wednesday,چهارشنبه
2359,"255,510","255,510","255,510","255,510",6740,2.71%,2021-01-07,1399/10/18,Thursday,پنج‌شنبه
2360,"247,070","246,240","250,550","248,770",30,0.01%,2021-01-09,1399/10/20,Saturday,شنبه
2361,"249,460","248,140","251,550","248,740",440,0.18%,2021-01-10,1399/10/21,Sunday,یکشنبه
2362,"248,780","248,440","250,050","249,180",4750,1.94%,2021-01-11,1399/10/22,Monday,دوشنبه
2363,"248,650","244,140","248,750","244,430",5890,2.47%,2021-01-12,1399/10/23,Tuesday,سه‌شنبه
2364,"243,450","237,840","243,450","238,540",990,0.42%,2021-01-13,1399/10/24,Wednesday,چهارشنبه
2365,"239,530","239,530","239,530","239,530",10060,4.38%,2021-01-14,1399/10/25,Thursday,پنج‌شنبه
2366,"229,510","229,440","229,550","229,470",9640,4.39%,2021-01-16,1399/10/27,Saturday,شنبه
2367,"213,040","210,740","223,850","219,830",6620,3.01%,2021-01-18,1399/10/29,Monday,دوشنبه
2368,"219,760","219,740","233,550","226,450",1420,0.63%,2021-01-19,1399/10/30,Tuesday,سه‌شنبه
2369,"235,510","220,440","238,050","227,870",1320,0.58%,2021-01-20,1399/11/01,Wednesday,چهارشنبه
2370,"226,550","226,550","226,550","226,550",8070,3.56%,2021-01-21,1399/11/02,Thursday,پنج‌شنبه
2371,"232,850","231,140","238,350","234,620",1080,0.46%,2021-01-23,1399/11/04,Saturday,شنبه
2372,"235,150","233,040","236,550","233,540",770,0.33%,2021-01-24,1399/11/05,Sunday,یکشنبه
2373,"231,830","228,440","234,350","234,310",3720,1.59%,2021-01-25,1399/11/06,Monday,دوشنبه
2374,"236,540","236,440","242,750","238,030",1620,0.68%,2021-01-26,1399/11/07,Tuesday,سه‌شنبه
2375,"237,550","236,240","240,050","239,650",7540,3.25%,2021-01-27,1399/11/08,Wednesday,چهارشنبه
2376,"232,110","232,110","232,110","232,110",12330,5.31%,2021-01-28,1399/11/09,Thursday,پنج‌شنبه
2377,"245,610","243,740","247,050","244,440",3590,1.49%,2021-01-30,1399/11/11,Saturday,شنبه
2378,"245,040","240,440","245,050","240,850",2630,1.09%,2021-01-31,1399/11/12,Sunday,یکشنبه
2379,"241,980","241,940","244,550","243,480",3990,1.67%,2021-02-01,1399/11/13,Monday,دوشنبه
2380,"244,830","238,740","244,850","239,490",420,0.18%,2021-02-02,1399/11/14,Tuesday,سه‌شنبه
2381,"240,250","238,340","240,250","239,070",1600,0.67%,2021-02-03,1399/11/15,Wednesday,چهارشنبه
2382,"237,470","237,470","237,470","237,470",6380,2.69%,2021-02-04,1399/11/16,Thursday,پنج‌شنبه
2383,"243,030","242,040","243,850","243,850",5930,2.43%,2021-02-06,1399/11/18,Saturday,شنبه
2384,"247,410","246,540","249,850","249,780",1700,0.68%,2021-02-07,1399/11/19,Sunday,یکشنبه
2385,"249,970","249,140","252,050","251,480",10450,4.34%,2021-02-08,1399/11/20,Monday,دوشنبه
2386,"241,030","241,030","241,030","241,030",5930,2.46%,2021-02-09,1399/11/21,Tuesday,سه‌شنبه
2387,"246,960","246,960","246,960","246,960",10490,4.25%,2021-02-11,1399/11/23,Thursday,پنج‌شنبه
2388,"261,740","257,440","262,550","257,450",2470,0.97%,2021-02-13,1399/11/25,Saturday,شنبه
2389,"257,730","253,440","258,050","254,980",6470,2.54%,2021-02-14,1399/11/26,Sunday,یکشنبه
2390,"254,950","254,940","262,050","261,450",3420,1.33%,2021-02-15,1399/11/27,Monday,دوشنبه
2391,"259,830","257,940","261,050","258,030",1420,0.55%,2021-02-16,1399/11/28,Tuesday,سه‌شنبه
2392,"257,940","257,940","260,550","259,450",7740,3.07%,2021-02-17,1399/11/29,Wednesday,چهارشنبه
2393,"251,710","251,710","251,710","251,710",4670,1.89%,2021-02-18,1399/11/30,Thursday,پنج‌شنبه
2394,"251,520","247,040","251,750","247,040",2000,0.82%,2021-02-20,1399/12/02,Saturday,شنبه
2395,"247,520","244,840","249,050","245,040",6350,2.59%,2021-02-21,1399/12/03,Sunday,یکشنبه
2396,"247,550","247,140","252,050","251,390",2620,1.04%,2021-02-22,1399/12/04,Monday,دوشنبه
2397,"251,540","251,140","254,550","254,010",5800,2.34%,2021-02-23,1399/12/05,Tuesday,سه‌شنبه
2398,"248,210","248,210","248,210","248,210",5240,2.11%,2021-02-24,1399/12/06,Wednesday,چهارشنبه
2399,"254,740","251,640","254,850","253,450",800,0.32%,2021-02-27,1399/12/09,Saturday,شنبه
2400,"254,490","253,340","255,150","254,250",1580,0.63%,2021-02-28,1399/12/10,Sunday,یکشنبه
2401,"253,510","251,340","253,550","252,670",420,0.17%,2021-03-01,1399/12/11,Monday,دوشنبه
2402,"252,610","252,440","253,750","253,090",3330,1.33%,2021-03-02,1399/12/12,Tuesday,سه‌شنبه
2403,"252,440","249,640","252,550","249,760",3150,1.28%,2021-03-03,1399/12/13,Wednesday,چهارشنبه
2404,"246,610","246,610","246,610","246,610",1150,0.47%,2021-03-04,1399/12/14,Thursday,پنج‌شنبه
2405,"247,420","245,840","248,350","247,760",700,0.28%,2021-03-06,1399/12/16,Saturday,شنبه
2406,"248,840","246,740","249,850","247,060",580,0.24%,2021-03-07,1399/12/17,Sunday,یکشنبه
2407,"247,440","245,140","247,550","246,480",650,0.26%,2021-03-08,1399/12/18,Monday,دوشنبه
2408,"247,450","245,640","247,850","245,830",3410,1.41%,2021-03-09,1399/12/19,Tuesday,سه‌شنبه
2409,"242,420","242,420","242,420","242,420",4120,1.7%,2021-03-10,1399/12/20,Wednesday,چهارشنبه
2410,"247,520","246,440","247,550","246,540",700,0.28%,2021-03-13,1399/12/23,Saturday,شنبه
2411,"246,740","245,140","247,350","247,240",1270,0.51%,2021-03-14,1399/12/24,Sunday,یکشنبه
2412,"246,740","246,740","249,550","248,510",480,0.19%,2021-03-15,1399/12/25,Monday,دوشنبه
2413,"248,040","247,940","249,550","248,990",2350,0.94%,2021-03-16,1399/12/26,Tuesday,سه‌شنبه
2414,"249,960","249,940","251,550","251,340",11710,4.89%,2021-03-17,1399/12/27,Wednesday,چهارشنبه
2415,"239,630","239,630","239,630","239,630",11857,4.95%,2021-03-18,1399/12/28,Thursday,پنج‌شنبه
2416,"251,409","247,411","253,498","251,487",4753,1.89%,2021-03-24,1400/01/04,Wednesday,چهارشنبه
2417,"253,280","253,240","256,850","256,240",3910,1.55%,2021-03-27,1400/01/07,Saturday,شنبه
2418,"252,330","252,330","252,330","252,330",5630,2.23%,2021-03-28,1400/01/08,Sunday,یکشنبه
2419,"257,910","256,140","258,050","257,960",440,0.17%,2021-03-30,1400/01/10,Tuesday,سه‌شنبه
2420,"257,490","257,440","257,550","257,520",8060,3.23%,2021-03-31,1400/01/11,Wednesday,چهارشنبه
2421,"246,150","246,140","250,050","249,460",220,0.09%,2021-04-03,1400/01/14,Saturday,شنبه
2422,"249,010","247,540","251,050","249,240",3210,1.29%,2021-04-04,1400/01/15,Sunday,یکشنبه
2423,"248,660","248,640","253,550","252,450",1840,0.73%,2021-04-05,1400/01/16,Monday,دوشنبه
2424,"252,480","250,540","252,550","250,610",2620,1.06%,2021-04-06,1400/01/17,Tuesday,سه‌شنبه
2425,"250,020","247,440","250,050","247,990",3330,1.36%,2021-04-07,1400/01/18,Wednesday,چهارشنبه
2426,"244,660","244,660","244,660","244,660",2830,1.16%,2021-04-08,1400/01/19,Thursday,پنج‌شنبه
2427,"247,830","247,440","248,850","247,490",2460,0.99%,2021-04-10,1400/01/21,Saturday,شنبه
2428,"248,550","248,440","250,850","249,950",370,0.15%,2021-04-11,1400/01/22,Sunday,یکشنبه
2429,"249,250","248,140","250,350","250,320",1350,0.54%,2021-04-12,1400/01/23,Monday,دوشنبه
2430,"249,730","248,440","249,850","248,970",1180,0.47%,2021-04-13,1400/01/24,Tuesday,سه‌شنبه
2431,"248,780","248,740","250,850","250,150",10280,4.29%,2021-04-14,1400/01/25,Wednesday,چهارشنبه
2432,"239,870","239,870","239,870","239,870",6310,2.63%,2021-04-15,1400/01/26,Thursday,پنج‌شنبه
2433,"246,210","244,740","246,550","246,180",5640,2.34%,2021-04-17,1400/01/28,Saturday,شنبه
2434,"245,990","239,740","246,350","240,540",1270,0.53%,2021-04-18,1400/01/29,Sunday,یکشنبه
2435,"238,220","236,540","242,040","241,810",30,0.01%,2021-04-19,1400/01/30,Monday,دوشنبه
2436,"241,970","240,840","242,150","241,840",3200,1.34%,2021-04-20,1400/01/31,Tuesday,سه‌شنبه
2437,"239,280","237,640","239,350","238,640",5340,2.29%,2021-04-21,1400/02/01,Wednesday,چهارشنبه
2438,"233,300","233,300","233,300","233,300",4020,1.72%,2021-04-22,1400/02/02,Thursday,پنج‌شنبه
2439,"239,120","236,940","239,950","237,320",400,0.17%,2021-04-24,1400/02/04,Saturday,شنبه
2440,"237,030","236,040","238,050","236,920",250,0.11%,2021-04-25,1400/02/05,Sunday,یکشنبه
2441,"238,250","236,440","238,850","236,670",540,0.23%,2021-04-26,1400/02/06,Monday,دوشنبه
2442,"237,550","236,540","237,650","237,210",1990,0.85%,2021-04-27,1400/02/07,Tuesday,سه‌شنبه
2443,"237,170","234,940","237,230","235,220",2910,1.25%,2021-04-28,1400/02/08,Wednesday,چهارشنبه
2444,"232,310","232,310","232,310","232,310",10600,4.78%,2021-04-29,1400/02/09,Thursday,پنج‌شنبه
2445,"227,490","218,140","228,550","221,710",1350,0.61%,2021-05-01,1400/02/11,Saturday,شنبه
2446,"221,830","218,540","223,050","220,360",150,0.07%,2021-05-02,1400/02/12,Sunday,یکشنبه
2447,"220,210","220,140","220,250","220,210",3220,1.48%,2021-05-03,1400/02/13,Monday,دوشنبه
2448,"210,470","210,140","220,050","216,990",10510,5.09%,2021-05-05,1400/02/15,Wednesday,چهارشنبه
2449,"206,480","206,480","206,480","206,480",9980,4.83%,2021-05-06,1400/02/16,Thursday,پنج‌شنبه
2450,"213,460","213,440","217,050","216,460",5060,2.34%,2021-05-08,1400/02/18,Saturday,شنبه
2451,"217,180","217,140","221,550","221,520",296,0.13%,2021-05-09,1400/02/19,Sunday,یکشنبه
2452,"216,080","216,080","223,410","221,850",4000,1.8%,2021-05-11,1400/02/21,Tuesday,سه‌شنبه
2453,"224,160","223,640","226,850","225,850",5350,2.43%,2021-05-12,1400/02/22,Wednesday,چهارشنبه
2454,"220,760","220,410","221,880","220,500",8360,3.79%,2021-05-15,1400/02/25,Saturday,شنبه
2455,"231,490","228,340","231,850","228,860",2290,1%,2021-05-16,1400/02/26,Sunday,یکشنبه
2456,"228,940","228,440","232,550","231,150",2910,1.27%,2021-05-17,1400/02/27,Monday,دوشنبه
2457,"228,690","225,940","229,550","228,240",1780,0.78%,2021-05-18,1400/02/28,Tuesday,سه‌شنبه
2458,"232,140","219,980","232,150","230,020",7020,3.15%,2021-05-19,1400/02/29,Wednesday,چهارشنبه
2459,"223,000","223,000","223,000","223,000",7650,3.43%,2021-05-20,1400/02/30,Thursday,پنج‌شنبه
2460,"229,040","228,940","231,050","230,650",2140,0.93%,2021-05-22,1400/03/01,Saturday,شنبه
2461,"230,990","230,940","240,050","232,790",1550,0.67%,2021-05-23,1400/03/02,Sunday,یکشنبه
2462,"231,690","230,140","239,550","231,240",910,0.39%,2021-05-24,1400/03/03,Monday,دوشنبه
2463,"231,980","231,940","234,050","232,150",240,0.1%,2021-05-25,1400/03/04,Tuesday,سه‌شنبه
2464,"232,170","231,940","232,750","232,390",5920,2.61%,2021-05-26,1400/03/05,Wednesday,چهارشنبه
2465,"226,470","226,470","226,470","226,470",8190,3.62%,2021-05-27,1400/03/06,Thursday,پنج‌شنبه
2466,"226,560","226,460","234,660","234,660",3910,1.67%,2021-05-29,1400/03/08,Saturday,شنبه
2467,"234,640","234,550","238,660","238,570",4510,1.93%,2021-05-30,1400/03/09,Sunday,یکشنبه
2468,"238,590","232,950","238,660","234,060",100,0.04%,2021-05-31,1400/03/10,Monday,دوشنبه
2469,"234,000","233,970","238,660","234,160",3270,1.4%,2021-06-01,1400/03/11,Tuesday,سه‌شنبه
2470,"238,960","236,640","239,050","237,430",3100,1.32%,2021-06-02,1400/03/12,Wednesday,چهارشنبه
2471,"234,330","234,330","234,330","234,330",5080,2.17%,2021-06-03,1400/03/13,Thursday,پنج‌شنبه
2472,"239,350","239,140","240,250","239,410",2000,0.84%,2021-06-07,1400/03/17,Monday,دوشنبه
2473,"241,220","240,440","242,250","241,410",2240,0.94%,2021-06-08,1400/03/18,Tuesday,سه‌شنبه
2474,"240,020","239,140","240,450","239,170",60,0.03%,2021-06-09,1400/03/19,Wednesday,چهارشنبه
2475,"239,230","239,230","239,230","239,230",1760,0.74%,2021-06-10,1400/03/20,Thursday,پنج‌شنبه
2476,"239,050","238,940","241,250","240,990",1250,0.52%,2021-06-12,1400/03/22,Saturday,شنبه
2477,"241,010","238,550","241,050","239,740",710,0.3%,2021-06-13,1400/03/23,Sunday,یکشنبه
2478,"240,030","239,950","241,250","240,450",1360,0.57%,2021-06-14,1400/03/24,Monday,دوشنبه
2479,"240,520","239,450","242,250","241,810",2510,1.04%,2021-06-15,1400/03/25,Tuesday,سه‌شنبه
2480,"242,040","241,950","244,640","244,320",30,0.01%,2021-06-16,1400/03/26,Wednesday,چهارشنبه
2481,"244,290","244,290","244,290","244,290",4800,2%,2021-06-17,1400/03/27,Thursday,پنج‌شنبه
2482,"234,690","234,690","240,440","239,490",1580,0.66%,2021-06-19,1400/03/29,Saturday,شنبه
2483,"239,790","239,190","241,440","241,070",1520,0.63%,2021-06-20,1400/03/30,Sunday,یکشنبه
2484,"241,260","241,190","243,140","242,590",800,0.33%,2021-06-21,1400/03/31,Monday,دوشنبه
2485,"243,230","240,790","243,340","241,790",100,0.04%,2021-06-22,1400/04/01,Tuesday,سه‌شنبه
2486,"241,690","241,190","242,430","241,890",-,-,2021-06-23,1400/04/02,Wednesday,چهارشنبه
2487,"241,890","241,890","241,890","241,890",4850,2.01%,2021-06-24,1400/04/03,Thursday,پنج‌شنبه
2488,"243,490","243,490","246,940","246,740",340,0.14%,2021-06-26,1400/04/05,Saturday,شنبه
2489,"246,290","246,290","248,640","247,080",2580,1.04%,2021-06-27,1400/04/06,Sunday,یکشنبه
2490,"248,890","248,890","252,040","249,660",4330,1.73%,2021-06-28,1400/04/07,Monday,دوشنبه
2491,"250,020","249,990","254,140","253,990",2460,0.98%,2021-06-29,1400/04/08,Tuesday,سه‌شنبه
2492,"253,370","250,690","253,440","251,530",20,0.01%,2021-06-30,1400/04/09,Wednesday,چهارشنبه
2493,"251,510","251,510","251,510","251,510",10,-,2021-07-01,1400/04/10,Thursday,پنج‌شنبه
2494,"254,600","251,090","254,640","251,500",1910,0.77%,2021-07-03,1400/04/12,Saturday,شنبه
2495,"251,310","249,490","251,340","249,590",1400,0.56%,2021-07-04,1400/04/13,Sunday,یکشنبه
2496,"250,990","250,590","251,640","250,990",120,0.05%,2021-07-05,1400/04/14,Monday,دوشنبه
2497,"250,620","250,010","251,340","250,870",660,0.26%,2021-07-06,1400/04/15,Tuesday,سه‌شنبه
2498,"251,050","249,490","251,140","250,210",558,0.22%,2021-07-07,1400/04/16,Wednesday,چهارشنبه
2499,"249,190","248,790","250,140","249,990",190,0.08%,2021-07-10,1400/04/19,Saturday,شنبه
2500,"250,120","249,290","250,140","249,800",2310,0.93%,2021-07-11,1400/04/20,Sunday,یکشنبه
2501,"249,590","247,090","249,740","247,490",1380,0.56%,2021-07-12,1400/04/21,Monday,دوشنبه
2502,"247,590","244,990","247,640","246,110",880,0.36%,2021-07-13,1400/04/22,Tuesday,سه‌شنبه
2503,"246,190","246,190","247,940","246,990",-,-,2021-07-14,1400/04/23,Wednesday,چهارشنبه
2504,"246,990","246,990","246,990","246,990",1550,0.63%,2021-07-15,1400/04/24,Thursday,پنج‌شنبه
2505,"246,890","245,190","247,640","245,440",770,0.31%,2021-07-17,1400/04/26,Saturday,شنبه
2506,"245,490","244,090","245,640","244,670",630,0.26%,2021-07-18,1400/04/27,Sunday,یکشنبه
2507,"244,940","244,790","245,440","245,300",110,0.04%,2021-07-19,1400/04/28,Monday,دوشنبه
2508,"245,190","245,190","245,190","245,190",1090,0.44%,2021-07-20,1400/04/29,Tuesday,سه‌شنبه
2509,"246,280","246,280","246,280","246,280",1510,0.61%,2021-07-22,1400/04/31,Thursday,پنج‌شنبه
2510,"247,630","247,490","249,640","247,790",2770,1.12%,2021-07-24,1400/05/02,Saturday,شنبه
2511,"247,990","247,890","251,040","250,560",1160,0.46%,2021-07-25,1400/05/03,Sunday,یکشنبه
2512,"250,810","250,690","252,330","251,720",4420,1.76%,2021-07-26,1400/05/04,Monday,دوشنبه
2513,"251,690","251,690","256,240","256,140",150,0.06%,2021-07-27,1400/05/05,Tuesday,سه‌شنبه
2514,"255,990","255,990","255,990","255,990",1100,0.43%,2021-07-28,1400/05/06,Wednesday,چهارشنبه
2515,"257,190","254,290","257,640","254,890",300,0.12%,2021-07-31,1400/05/09,Saturday,شنبه
2516,"255,820","254,590","256,640","255,190",2140,0.84%,2021-08-01,1400/05/10,Sunday,یکشنبه
2517,"255,840","255,690","258,140","257,330",1090,0.43%,2021-08-02,1400/05/11,Monday,دوشنبه
2518,"257,190","254,690","257,340","256,240",-,-,2021-08-03,1400/05/12,Tuesday,سه‌شنبه
2519,"256,490","255,790","256,740","256,240",40,0.02%,2021-08-04,1400/05/13,Wednesday,چهارشنبه
2520,"256,290","252,390","257,440","256,790",2380,0.93%,2021-08-07,1400/05/16,Saturday,شنبه
2521,"256,190","256,190","259,940","259,170",4020,1.55%,2021-08-08,1400/05/17,Sunday,یکشنبه
2522,"258,990","258,990","263,940","263,190",2970,1.13%,2021-08-09,1400/05/18,Monday,دوشنبه
2523,"264,770","263,790","267,630","266,160",1840,0.7%,2021-08-10,1400/05/19,Tuesday,سه‌شنبه
2524,"265,890","262,890","266,840","264,320",30,0.01%,2021-08-11,1400/05/20,Wednesday,چهارشنبه
2525,"264,290","264,290","264,290","264,290",4780,1.81%,2021-08-12,1400/05/21,Thursday,پنج‌شنبه
2526,"263,560","263,490","269,480","269,070",60,0.02%,2021-08-14,1400/05/23,Saturday,شنبه
2527,"268,990","268,990","269,140","269,130",40,0.01%,2021-08-15,1400/05/24,Sunday,یکشنبه
2528,"269,050","268,990","269,140","269,090",100,0.04%,2021-08-16,1400/05/25,Monday,دوشنبه
2529,"268,990","268,990","268,990","268,990",5590,2.08%,2021-08-17,1400/05/26,Tuesday,سه‌شنبه
2530,"274,500","273,490","275,440","274,580",2080,0.76%,2021-08-21,1400/05/30,Saturday,شنبه
2531,"274,390","273,690","276,940","276,660",170,0.06%,2021-08-22,1400/05/31,Sunday,یکشنبه
2532,"277,220","275,690","278,940","276,490",2000,0.72%,2021-08-23,1400/06/01,Monday,دوشنبه
2533,"277,390","276,790","280,940","278,490",500,0.18%,2021-08-24,1400/06/02,Tuesday,سه‌شنبه
2534,"279,490","277,890","280,240","278,990",-,-,2021-08-25,1400/06/03,Wednesday,چهارشنبه
2535,"278,990","278,990","278,990","278,990",3000,1.09%,2021-08-26,1400/06/04,Thursday,پنج‌شنبه
2536,"281,890","275,490","282,040","275,990",5300,1.96%,2021-08-28,1400/06/06,Saturday,شنبه
2537,"273,920","269,350","274,010","270,690",3590,1.33%,2021-08-29,1400/06/07,Sunday,یکشنبه
2538,"273,790","272,250","274,310","274,280",3930,1.45%,2021-08-30,1400/06/08,Monday,دوشنبه
2539,"273,310","270,050","273,410","270,350",2440,0.9%,2021-08-31,1400/06/09,Tuesday,سه‌شنبه
2540,"271,010","270,850","272,910","272,790",120,0.04%,2021-09-01,1400/06/10,Wednesday,چهارشنبه
2541,"272,910","272,910","272,910","272,910",2240,0.83%,2021-09-02,1400/06/11,Thursday,پنج‌شنبه
2542,"271,110","270,550","272,810","270,670",450,0.17%,2021-09-04,1400/06/13,Saturday,شنبه
2543,"270,980","269,660","271,510","271,120",2690,0.99%,2021-09-05,1400/06/14,Sunday,یکشنبه
2544,"271,720","270,750","274,010","273,810",3000,1.1%,2021-09-06,1400/06/15,Monday,دوشنبه
2545,"275,180","275,050","277,310","276,810",1600,0.58%,2021-09-07,1400/06/16,Tuesday,سه‌شنبه
2546,"276,910","276,350","279,010","278,410",140,0.05%,2021-09-08,1400/06/17,Wednesday,چهارشنبه
2547,"278,270","278,270","278,270","278,270",5880,2.16%,2021-09-09,1400/06/18,Thursday,پنج‌شنبه
2548,"277,110","272,250","277,210","272,390",740,0.27%,2021-09-11,1400/06/20,Saturday,شنبه
2549,"270,510","269,050","273,210","273,130",3280,1.2%,2021-09-12,1400/06/21,Sunday,یکشنبه
2550,"274,410","273,350","277,310","276,410",3240,1.19%,2021-09-13,1400/06/22,Monday,دوشنبه
2551,"272,210","272,050","274,210","273,170",1340,0.49%,2021-09-14,1400/06/23,Tuesday,سه‌شنبه
2552,"273,570","272,150","274,510","274,510",50,0.02%,2021-09-15,1400/06/24,Wednesday,چهارشنبه
2553,"274,460","274,460","274,460","274,460",250,0.09%,2021-09-16,1400/06/25,Thursday,پنج‌شنبه
2554,"272,900","272,850","275,010","274,710",280,0.1%,2021-09-18,1400/06/27,Saturday,شنبه
2555,"274,130","273,350","274,510","274,430",360,0.13%,2021-09-19,1400/06/28,Sunday,یکشنبه
2556,"274,590","273,650","276,310","274,070",40,0.01%,2021-09-20,1400/06/29,Monday,دوشنبه
2557,"274,450","273,650","276,310","274,030",1180,0.43%,2021-09-21,1400/06/30,Tuesday,سه‌شنبه
2558,"274,610","274,450","276,110","275,210",1600,0.58%,2021-09-22,1400/06/31,Wednesday,چهارشنبه
2559,"275,190","275,050","276,810","276,810",1220,0.44%,2021-09-23,1400/07/01,Thursday,پنج‌شنبه
2560,"276,560","274,850","276,810","275,590",1220,0.44%,2021-09-25,1400/07/03,Saturday,شنبه
2561,"276,810","276,810","276,810","276,810",3750,1.35%,2021-09-26,1400/07/04,Sunday,یکشنبه
2562,"277,560","277,550","280,710","280,560",1870,0.67%,2021-09-28,1400/07/06,Tuesday,سه‌شنبه
2563,"281,470","281,270","283,210","282,430",2280,0.81%,2021-09-29,1400/07/07,Wednesday,چهارشنبه
2564,"283,160","282,550","284,710","284,710",4250,1.52%,2021-09-30,1400/07/08,Thursday,پنج‌شنبه
2565,"281,520","279,480","281,610","280,460",920,0.33%,2021-10-02,1400/07/10,Saturday,شنبه
2566,"280,040","279,650","281,680","281,380",20,0.01%,2021-10-03,1400/07/11,Sunday,یکشنبه
2567,"281,360","281,360","281,360","281,360",2040,0.73%,2021-10-04,1400/07/12,Monday,دوشنبه
2568,"279,320","279,320","279,320","279,320",3630,1.32%,2021-10-06,1400/07/14,Wednesday,چهارشنبه
2569,"279,250","275,500","279,380","275,690",554,0.2%,2021-10-09,1400/07/17,Saturday,شنبه
2570,"275,880","272,610","276,080","273,360",1690,0.62%,2021-10-11,1400/07/19,Monday,دوشنبه
2571,"270,620","270,100","272,780","271,670",970,0.36%,2021-10-12,1400/07/20,Tuesday,سه‌شنبه
2572,"272,410","270,400","272,480","270,700",170,0.06%,2021-10-13,1400/07/21,Wednesday,چهارشنبه
2573,"270,870","270,870","270,870","270,870",940,0.35%,2021-10-14,1400/07/22,Thursday,پنج‌شنبه
2574,"272,850","271,100","272,980","271,810",720,0.26%,2021-10-16,1400/07/24,Saturday,شنبه
2575,"271,450","271,100","273,180","272,530",2220,0.81%,2021-10-17,1400/07/25,Sunday,یکشنبه
2576,"273,570","273,400","275,380","274,750",1690,0.62%,2021-10-18,1400/07/26,Monday,دوشنبه
2577,"274,150","272,620","274,180","273,060",1150,0.42%,2021-10-19,1400/07/27,Tuesday,سه‌شنبه
2578,"273,660","273,500","274,680","274,210",60,0.02%,2021-10-20,1400/07/28,Wednesday,چهارشنبه
2579,"274,150","274,150","274,150","274,150",1880,0.69%,2021-10-21,1400/07/29,Thursday,پنج‌شنبه
2580,"276,030","276,030","276,030","276,030",420,0.15%,2021-10-23,1400/08/01,Saturday,شنبه
2581,"275,030","273,900","275,780","275,610",1260,0.46%,2021-10-25,1400/08/03,Monday,دوشنبه
2582,"275,600","275,400","278,080","276,870",200,0.07%,2021-10-26,1400/08/04,Tuesday,سه‌شنبه
2583,"277,020","276,400","277,080","276,670",100,0.04%,2021-10-27,1400/08/05,Wednesday,چهارشنبه
2584,"276,570","276,570","276,570","276,570",810,0.29%,2021-10-28,1400/08/06,Thursday,پنج‌شنبه
2585,"275,320","274,300","276,080","275,760",720,0.26%,2021-10-30,1400/08/08,Saturday,شنبه
2586,"276,030","274,700","276,380","275,040",990,0.36%,2021-10-31,1400/08/09,Sunday,یکشنبه
2587,"275,100","275,100","276,080","276,030",2950,1.07%,2021-11-01,1400/08/10,Monday,دوشنبه
2588,"275,910","275,800","279,280","278,980",2410,0.87%,2021-11-02,1400/08/11,Tuesday,سه‌شنبه
2589,"277,140","276,300","277,280","276,570",60,0.02%,2021-11-03,1400/08/12,Wednesday,چهارشنبه
2590,"276,510","276,510","276,510","276,510",3370,1.22%,2021-11-04,1400/08/13,Thursday,پنج‌شنبه
2591,"278,080","277,200","280,080","279,880",370,0.13%,2021-11-06,1400/08/15,Saturday,شنبه
2592,"279,960","279,700","281,380","280,250",810,0.29%,2021-11-07,1400/08/16,Sunday,یکشنبه
2593,"280,380","280,200","281,780","281,060",2700,0.96%,2021-11-08,1400/08/17,Monday,دوشنبه
2594,"281,710","281,400","283,880","283,760",480,0.17%,2021-11-09,1400/08/18,Tuesday,سه‌شنبه
2595,"283,150","283,100","284,480","284,240",-,-,2021-11-10,1400/08/19,Wednesday,چهارشنبه
2596,"284,240","284,240","284,240","284,240",1000,0.35%,2021-11-11,1400/08/20,Thursday,پنج‌شنبه
2597,"286,510","284,900","287,480","285,240",4840,1.73%,2021-11-13,1400/08/22,Saturday,شنبه
2598,"283,370","269,700","283,550","280,400",1080,0.39%,2021-11-14,1400/08/23,Sunday,یکشنبه
2599,"279,920","279,430","281,800","281,480",2060,0.73%,2021-11-15,1400/08/24,Monday,دوشنبه
2600,"283,860","282,750","284,000","283,540",2140,0.76%,2021-11-16,1400/08/25,Tuesday,سه‌شنبه
2601,"282,990","281,350","283,000","281,400",2420,0.87%,2021-11-17,1400/08/26,Wednesday,چهارشنبه
2602,"278,980","278,980","278,980","278,980",3910,1.4%,2021-11-18,1400/08/27,Thursday,پنج‌شنبه
2603,"280,370","280,130","283,400","282,890",1510,0.53%,2021-11-20,1400/08/29,Saturday,شنبه
2604,"282,590","281,850","284,400","284,400",2040,0.72%,2021-11-21,1400/08/30,Sunday,یکشنبه
2605,"285,510","285,250","286,600","286,440",5220,1.82%,2021-11-22,1400/09/01,Monday,دوشنبه
2606,"287,400","287,150","293,070","291,660",1890,0.65%,2021-11-23,1400/09/02,Tuesday,سه‌شنبه
2607,"290,710","289,450","290,820","289,770",1690,0.59%,2021-11-24,1400/09/03,Wednesday,چهارشنبه
2608,"288,080","288,080","288,080","288,080",6640,2.3%,2021-11-25,1400/09/04,Thursday,پنج‌شنبه
2609,"290,650","290,550","294,800","294,720",370,0.13%,2021-11-27,1400/09/06,Saturday,شنبه
2610,"294,250","292,950","294,900","294,350",3810,1.31%,2021-11-28,1400/09/07,Sunday,یکشنبه
2611,"291,200","287,790","294,400","290,540",1360,0.47%,2021-11-29,1400/09/08,Monday,دوشنبه
2612,"289,370","289,050","292,500","291,900",1490,0.51%,2021-11-30,1400/09/09,Tuesday,سه‌شنبه
2613,"292,350","292,050","294,000","293,390",20150,7.37%,2021-12-01,1400/09/10,Wednesday,چهارشنبه
2614,"273,240","273,240","273,240","273,240",30140,11.03%,2021-12-02,1400/09/11,Thursday,پنج‌شنبه
2615,"303,870","302,250","305,100","303,380",6330,2.09%,2021-12-04,1400/09/13,Saturday,شنبه
2616,"304,920","304,550","310,090","309,710",2780,0.91%,2021-12-05,1400/09/14,Sunday,یکشنبه
2617,"308,670","306,350","310,600","306,930",80,0.03%,2021-12-06,1400/09/15,Monday,دوشنبه
2618,"307,480","306,550","308,600","307,010",50,0.02%,2021-12-07,1400/09/16,Tuesday,سه‌شنبه
2619,"307,760","306,550","307,760","307,060",30020,10.84%,2021-12-08,1400/09/17,Wednesday,چهارشنبه
2620,"277,040","277,040","277,040","277,040",24560,8.87%,2021-12-09,1400/09/18,Thursday,پنج‌شنبه
2621,"304,030","300,050","304,100","301,600",3880,1.3%,2021-12-11,1400/09/20,Saturday,شنبه
2622,"300,450","295,350","300,900","297,720",4500,1.51%,2021-12-12,1400/09/21,Sunday,یکشنبه
2623,"294,660","294,460","302,370","302,220",880,0.29%,2021-12-13,1400/09/22,Monday,دوشنبه
2624,"305,730","301,050","305,890","301,340",1840,0.61%,2021-12-14,1400/09/23,Tuesday,سه‌شنبه
2625,"301,810","298,850","302,400","299,500",25330,9.24%,2021-12-15,1400/09/24,Wednesday,چهارشنبه
2626,"274,170","274,170","274,170","274,170",24930,9.09%,2021-12-16,1400/09/25,Thursday,پنج‌شنبه
2627,"297,380","297,260","299,600","299,100",1610,0.54%,2021-12-18,1400/09/27,Saturday,شنبه
2628,"299,480","298,650","301,800","300,710",1070,0.36%,2021-12-19,1400/09/28,Sunday,یکشنبه
2629,"301,100","300,650","302,500","301,780",1010,0.34%,2021-12-20,1400/09/29,Monday,دوشنبه
2630,"302,880","300,350","303,500","300,770",40,0.01%,2021-12-21,1400/09/30,Tuesday,سه‌شنبه
2631,"301,890","299,850","302,100","300,730",599,0.2%,2021-12-22,1400/10/01,Wednesday,چهارشنبه
2632,"298,260","297,650","299,800","299,370",800,0.27%,2021-12-25,1400/10/04,Saturday,شنبه
2633,"298,930","298,150","299,300","298,570",3360,1.14%,2021-12-26,1400/10/05,Sunday,یکشنبه
2634,"296,810","294,650","296,900","295,210",1380,0.47%,2021-12-27,1400/10/06,Monday,دوشنبه
2635,"296,800","296,060","297,800","296,590",1590,0.54%,2021-12-28,1400/10/07,Tuesday,سه‌شنبه
2636,"297,740","297,250","299,100","298,180",24300,8.87%,2021-12-29,1400/10/08,Wednesday,چهارشنبه
2637,"273,880","273,880","273,880","273,880",21600,7.89%,2021-12-30,1400/10/09,Thursday,پنج‌شنبه
2638,"296,110","293,350","296,190","295,480",2830,0.97%,2022-01-01,1400/10/11,Saturday,شنبه
2639,"294,190","292,050","294,300","292,650",2330,0.8%,2022-01-02,1400/10/12,Sunday,یکشنبه
2640,"293,180","289,570","293,600","290,320",3890,1.36%,2022-01-03,1400/10/13,Monday,دوشنبه
2641,"289,640","284,850","289,800","286,430",2695,0.95%,2022-01-04,1400/10/14,Tuesday,سه‌شنبه
2642,"279,940","273,560","281,800","273,750",5070,1.85%,2022-01-08,1400/10/18,Saturday,شنبه
2643,"273,650","272,390","279,100","278,820",1560,0.56%,2022-01-09,1400/10/19,Sunday,یکشنبه
2644,"283,020","279,350","284,300","280,380",3290,1.19%,2022-01-10,1400/10/20,Monday,دوشنبه
2645,"280,350","276,350","280,400","277,090",2510,0.91%,2022-01-11,1400/10/21,Tuesday,سه‌شنبه
2646,"278,450","277,350","280,280","279,600",12980,4.87%,2022-01-12,1400/10/22,Wednesday,چهارشنبه
2647,"266,620","266,620","266,620","266,620",8460,3.17%,2022-01-13,1400/10/23,Thursday,پنج‌شنبه
2648,"276,450","273,710","276,600","275,080",2050,0.75%,2022-01-15,1400/10/25,Saturday,شنبه
2649,"271,690","271,550","273,290","273,030",400,0.15%,2022-01-16,1400/10/26,Sunday,یکشنبه
2650,"271,870","271,250","274,600","273,430",1310,0.48%,2022-01-17,1400/10/27,Monday,دوشنبه
2651,"274,270","274,050","276,100","274,740",400,0.15%,2022-01-18,1400/10/28,Tuesday,سه‌شنبه
2652,"274,650","274,550","275,600","275,140",110,0.04%,2022-01-19,1400/10/29,Wednesday,چهارشنبه
2653,"275,250","275,250","275,250","275,250",2440,0.89%,2022-01-20,1400/10/30,Thursday,پنج‌شنبه
2654,"274,750","274,350","277,800","277,690",1960,0.71%,2022-01-22,1400/11/02,Saturday,شنبه
2655,"279,300","278,850","281,400","279,650",1860,0.67%,2022-01-23,1400/11/03,Sunday,یکشنبه
2656,"278,170","277,350","278,800","277,790",790,0.28%,2022-01-24,1400/11/04,Monday,دوشنبه
2657,"279,020","278,360","281,300","278,580",680,0.24%,2022-01-25,1400/11/05,Tuesday,سه‌شنبه
2658,"277,240","276,850","278,100","277,900",190,0.07%,2022-01-26,1400/11/06,Wednesday,چهارشنبه
2659,"277,710","277,710","277,710","277,710",1110,0.4%,2022-01-27,1400/11/07,Thursday,پنج‌شنبه
2660,"277,880","277,750","279,400","278,820",1910,0.69%,2022-01-29,1400/11/09,Saturday,شنبه
2661,"278,810","276,350","278,990","276,910",2310,0.84%,2022-01-30,1400/11/10,Sunday,یکشنبه
2662,"277,540","273,750","277,600","274,600",2060,0.76%,2022-01-31,1400/11/11,Monday,دوشنبه
2663,"273,770","272,250","274,200","272,540",270,0.1%,2022-02-01,1400/11/12,Tuesday,سه‌شنبه
2664,"273,050","271,950","274,000","272,810",160,0.06%,2022-02-02,1400/11/13,Wednesday,چهارشنبه
2665,"272,650","272,650","272,650","272,650",5050,1.89%,2022-02-03,1400/11/14,Thursday,پنج‌شنبه
2666,"261,170","261,050","267,800","267,600",3000,1.13%,2022-02-05,1400/11/16,Saturday,شنبه
2667,"266,690","263,750","266,900","264,600",4080,1.57%,2022-02-06,1400/11/17,Sunday,یکشنبه
2668,"262,070","259,250","262,400","260,520",1720,0.66%,2022-02-07,1400/11/18,Monday,دوشنبه
2669,"263,690","260,650","263,700","262,240",80,0.03%,2022-02-08,1400/11/19,Tuesday,سه‌شنبه
2670,"262,390","262,150","262,400","262,320",50,0.02%,2022-02-09,1400/11/20,Wednesday,چهارشنبه
2671,"262,270","262,270","262,270","262,270",6400,2.44%,2022-02-10,1400/11/21,Thursday,پنج‌شنبه
2672,"264,490","264,260","268,800","268,670",980,0.36%,2022-02-12,1400/11/23,Saturday,شنبه
2673,"270,840","268,360","270,860","269,650",497,0.18%,2022-02-13,1400/11/24,Sunday,یکشنبه
2674,"264,980","262,850","265,300","263,120",690,0.26%,2022-02-16,1400/11/27,Wednesday,چهارشنبه
2675,"258,800","254,050","258,800","254,170",3750,1.48%,2022-02-19,1400/11/30,Saturday,شنبه
2676,"255,380","254,850","258,400","257,920",2650,1.03%,2022-02-20,1400/12/01,Sunday,یکشنبه
2677,"258,540","258,360","261,900","260,570",1080,0.42%,2022-02-21,1400/12/02,Monday,دوشنبه
2678,"262,080","259,350","262,600","259,490",2060,0.79%,2022-02-22,1400/12/03,Tuesday,سه‌شنبه
2679,"261,690","259,850","262,100","261,550",110,0.04%,2022-02-23,1400/12/04,Wednesday,چهارشنبه
2680,"261,440","261,440","261,440","261,440",1590,0.61%,2022-02-24,1400/12/05,Thursday,پنج‌شنبه
2681,"260,140","259,350","260,400","259,850",60,0.02%,2022-02-26,1400/12/07,Saturday,شنبه
2682,"259,860","259,550","260,300","259,790",140,0.05%,2022-02-27,1400/12/08,Sunday,یکشنبه
2683,"259,650","259,650","259,650","259,650",3580,1.4%,2022-02-28,1400/12/09,Monday,دوشنبه
2684,"255,530","255,350","257,800","256,070",80,0.03%,2022-03-02,1400/12/11,Wednesday,چهارشنبه
2685,"256,150","256,150","256,150","256,150",1750,0.69%,2022-03-03,1400/12/12,Thursday,پنج‌شنبه
2686,"252,610","251,250","254,400","254,400",3710,1.46%,2022-03-05,1400/12/14,Saturday,شنبه
2687,"254,750","254,270","258,900","258,110",2270,0.88%,2022-03-06,1400/12/15,Sunday,یکشنبه
2688,"258,860","258,650","262,600","260,380",2790,1.08%,2022-03-07,1400/12/16,Monday,دوشنبه
2689,"258,750","254,850","259,000","257,590",780,0.3%,2022-03-08,1400/12/17,Tuesday,سه‌شنبه
2690,"257,770","256,570","258,300","256,810",150,0.06%,2022-03-09,1400/12/18,Wednesday,چهارشنبه
2691,"256,960","256,960","256,960","256,960",7400,2.88%,2022-03-10,1400/12/19,Thursday,پنج‌شنبه
2692,"260,740","260,650","265,900","264,360",1600,0.61%,2022-03-12,1400/12/21,Saturday,شنبه
2693,"262,550","261,550","263,100","262,760",920,0.35%,2022-03-13,1400/12/22,Sunday,یکشنبه
2694,"263,440","263,150","265,900","263,680",90,0.03%,2022-03-14,1400/12/23,Monday,دوشنبه
2695,"262,560","262,350","264,400","263,770",1530,0.58%,2022-03-15,1400/12/24,Tuesday,سه‌شنبه
2696,"262,060","262,050","262,300","262,240",60,0.02%,2022-03-16,1400/12/25,Wednesday,چهارشنبه
2697,"262,300","262,300","262,300","262,300",220,0.08%,2022-03-17,1400/12/26,Thursday,پنج‌شنبه
2698,"262,120","258,420","267,840","262,520",220,0.08%,2022-03-18,1400/12/27,Friday,جمعه
2699,"262,210","262,100","262,750","262,740",3710,1.41%,2022-03-26,1401/01/06,Saturday,شنبه
2700,"262,750","262,500","267,490","266,450",3980,1.49%,2022-03-27,1401/01/07,Sunday,یکشنبه
2701,"267,400","267,050","270,700","270,430",70,0.03%,2022-03-28,1401/01/08,Monday,دوشنبه
2702,"271,800","269,450","272,000","270,500",760,0.28%,2022-03-29,1401/01/09,Tuesday,سه‌شنبه
2703,"270,460","269,950","271,500","271,260",120,0.04%,2022-03-30,1401/01/10,Wednesday,چهارشنبه
2704,"271,140","271,140","271,140","271,140",810,0.3%,2022-03-31,1401/01/11,Thursday,پنج‌شنبه
2705,"269,140","269,000","272,300","271,950",5220,1.92%,2022-04-03,1401/01/14,Sunday,یکشنبه
2706,"272,220","272,200","277,400","277,170",3230,1.18%,2022-04-04,1401/01/15,Monday,دوشنبه
2707,"276,920","273,120","277,100","273,940",2090,0.76%,2022-04-05,1401/01/16,Tuesday,سه‌شنبه
2708,"273,920","273,800","277,300","276,030",1200,0.44%,2022-04-06,1401/01/17,Wednesday,چهارشنبه
2709,"274,830","274,830","274,830","274,830",5120,1.86%,2022-04-07,1401/01/18,Thursday,پنج‌شنبه
2710,"277,390","276,700","280,100","279,950",630,0.23%,2022-04-09,1401/01/20,Saturday,شنبه
2711,"279,620","279,600","281,800","280,580",550,0.2%,2022-04-10,1401/01/21,Sunday,یکشنبه
2712,"280,810","280,700","282,700","281,130",2960,1.06%,2022-04-11,1401/01/22,Monday,دوشنبه
2713,"281,160","277,800","281,200","278,170",260,0.09%,2022-04-12,1401/01/23,Tuesday,سه‌شنبه
2714,"277,920","277,800","278,000","277,910",-,-,2022-04-13,1401/01/24,Wednesday,چهارشنبه
2715,"277,910","277,320","277,910","277,910",1260,0.45%,2022-04-14,1401/01/25,Thursday,پنج‌شنبه
2716,"278,920","278,900","281,400","279,170",2480,0.9%,2022-04-16,1401/01/27,Saturday,شنبه
2717,"278,420","276,000","279,900","276,690",880,0.32%,2022-04-17,1401/01/28,Sunday,یکشنبه
2718,"276,510","275,500","278,100","275,810",1650,0.6%,2022-04-18,1401/01/29,Monday,دوشنبه
2719,"275,700","275,500","278,200","277,460",1160,0.42%,2022-04-19,1401/01/30,Tuesday,سه‌شنبه
2720,"277,490","277,400","279,200","278,620",20,0.01%,2022-04-20,1401/01/31,Wednesday,چهارشنبه
2721,"278,640","278,640","278,640","278,640",220,0.08%,2022-04-21,1401/02/01,Thursday,پنج‌شنبه
2722,"277,740","277,000","278,800","278,420",800,0.29%,2022-04-24,1401/02/04,Sunday,یکشنبه
2723,"278,350","278,300","280,600","279,220",1700,0.61%,2022-04-25,1401/02/05,Monday,دوشنبه
2724,"279,210","279,200","281,900","280,920",610,0.22%,2022-04-26,1401/02/06,Tuesday,سه‌شنبه
2725,"280,720","279,600","281,800","281,530",1730,0.62%,2022-04-27,1401/02/07,Wednesday,چهارشنبه
2726,"279,800","279,800","279,800","279,800",1780,0.64%,2022-04-28,1401/02/08,Thursday,پنج‌شنبه
2727,"280,950","280,900","281,900","281,580",960,0.34%,2022-04-30,1401/02/10,Saturday,شنبه
2728,"281,650","281,100","282,600","282,540",2330,0.83%,2022-05-01,1401/02/11,Sunday,یکشنبه
2729,"280,210","280,210","280,210","280,210",350,0.12%,2022-05-02,1401/02/12,Monday,دوشنبه
2730,"280,560","280,560","280,560","280,560",3090,1.1%,2022-05-05,1401/02/15,Thursday,پنج‌شنبه
2731,"284,050","283,200","284,700","283,650",1810,0.64%,2022-05-07,1401/02/17,Saturday,شنبه
2732,"285,540","284,900","285,700","285,460",5610,1.97%,2022-05-08,1401/02/18,Sunday,یکشنبه
2733,"285,480","285,480","291,800","291,070",15638,5.68%,2022-05-09,1401/02/19,Monday,دوشنبه
2734,"255,800","255,800","255,800","255,800",100,0.04%,2022-05-11,1401/02/21,Wednesday,چهارشنبه
2735,"255,900","255,900","255,900","255,900",49770,19.45%,2022-05-12,1401/02/22,Thursday,پنج‌شنبه
2736,"302,300","299,000","306,000","305,670",330,0.11%,2022-05-14,1401/02/24,Saturday,شنبه
2737,"306,340","304,000","306,600","305,340",3020,1%,2022-05-15,1401/02/25,Sunday,یکشنبه
2738,"305,680","302,300","305,800","302,320",1200,0.4%,2022-05-16,1401/02/26,Monday,دوشنبه
2739,"301,990","299,800","302,000","301,120",2100,0.7%,2022-05-17,1401/02/27,Tuesday,سه‌شنبه
2740,"299,000","293,500","300,290","299,020",540,0.18%,2022-05-18,1401/02/28,Wednesday,چهارشنبه
2741,"302,800","302,300","305,500","303,230",790,0.26%,2022-05-21,1401/02/31,Saturday,شنبه
2742,"303,050","300,000","303,500","302,440",570,0.19%,2022-05-22,1401/03/01,Sunday,یکشنبه
2743,"303,430","301,700","304,200","301,870",630,0.21%,2022-05-23,1401/03/02,Monday,دوشنبه
2744,"301,810","299,900","301,900","301,240",1800,0.6%,2022-05-24,1401/03/03,Tuesday,سه‌شنبه
2745,"302,920","302,500","303,600","303,040",637,0.21%,2022-05-25,1401/03/04,Wednesday,چهارشنبه
2746,"303,020","302,700","306,800","305,660",2700,0.88%,2022-05-28,1401/03/07,Saturday,شنبه
2747,"305,910","305,800","308,900","308,360",1670,0.54%,2022-05-29,1401/03/08,Sunday,یکشنبه
2748,"308,150","308,100","311,100","310,030",5150,1.66%,2022-05-30,1401/03/09,Monday,دوشنبه
2749,"310,400","309,400","315,300","315,180",2320,0.74%,2022-05-31,1401/03/10,Tuesday,سه‌شنبه
2750,"315,480","312,800","315,600","312,860",74,0.02%,2022-06-01,1401/03/11,Wednesday,چهارشنبه
2751,"313,370","312,100","318,390","317,910",880,0.28%,2022-06-06,1401/03/16,Monday,دوشنبه
2752,"317,870","316,600","319,500","317,030",3130,0.99%,2022-06-07,1401/03/17,Tuesday,سه‌شنبه
2753,"317,740","317,200","321,100","320,160",1140,0.36%,2022-06-08,1401/03/18,Wednesday,چهارشنبه
2754,"322,510","321,400","331,000","329,400",2760,0.84%,2022-06-11,1401/03/21,Saturday,شنبه
2755,"327,820","325,600","328,500","326,640",5280,1.64%,2022-06-12,1401/03/22,Sunday,یکشنبه
2756,"324,280","321,300","325,500","321,360",5680,1.8%,2022-06-13,1401/03/23,Monday,دوشنبه
2757,"319,980","315,400","320,800","315,680",1270,0.4%,2022-06-14,1401/03/24,Tuesday,سه‌شنبه
2758,"317,310","314,700","317,800","316,950",818,0.26%,2022-06-15,1401/03/25,Wednesday,چهارشنبه
2759,"319,880","316,600","320,400","316,800",300,0.09%,2022-06-18,1401/03/28,Saturday,شنبه
2760,"318,260","316,600","318,400","317,100",250,0.08%,2022-06-19,1401/03/29,Sunday,یکشنبه
2761,"318,040","316,500","318,600","316,850",2930,0.92%,2022-06-20,1401/03/30,Monday,دوشنبه
2762,"319,690","318,600","320,300","319,780",2010,0.63%,2022-06-21,1401/03/31,Tuesday,سه‌شنبه
2763,"320,940","317,300","321,000","317,770",493,0.16%,2022-06-22,1401/04/01,Wednesday,چهارشنبه
2764,"316,790","313,300","316,900","313,420",8300,2.72%,2022-06-25,1401/04/04,Saturday,شنبه
2765,"310,450","304,600","311,800","305,120",2140,0.7%,2022-06-26,1401/04/05,Sunday,یکشنبه
2766,"306,670","305,600","307,900","307,260",4490,1.46%,2022-06-27,1401/04/06,Monday,دوشنبه
2767,"310,460","309,700","312,500","311,750",8180,2.62%,2022-06-28,1401/04/07,Tuesday,سه‌شنبه
2768,"317,930","315,600","320,300","319,930",1509,0.47%,2022-06-29,1401/04/08,Wednesday,چهارشنبه
2769,"326,030","320,900","326,900","321,890",3690,1.16%,2022-07-02,1401/04/11,Saturday,شنبه
2770,"317,160","312,100","318,400","318,200",4050,1.29%,2022-07-03,1401/04/12,Sunday,یکشنبه
2771,"318,320","314,110","318,500","314,150",1180,0.38%,2022-07-04,1401/04/13,Monday,دوشنبه
2772,"317,120","314,700","317,600","315,330",2770,0.89%,2022-07-05,1401/04/14,Tuesday,سه‌شنبه
2773,"317,460","312,400","317,600","312,560",1478,0.47%,2022-07-06,1401/04/15,Wednesday,چهارشنبه
2774,"313,722","311,369","321,397","315,343",737,0.23%,2022-07-08,1401/04/17,Friday,جمعه
2775,"316,000","315,800","316,400","316,080",50,0.02%,2022-07-11,1401/04/20,Monday,دوشنبه
2776,"316,890","315,900","316,900","316,030",4740,1.5%,2022-07-12,1401/04/21,Tuesday,سه‌شنبه
2777,"319,470","319,300","320,800","320,770",1266,0.39%,2022-07-13,1401/04/22,Wednesday,چهارشنبه
2778,"320,190","318,300","321,800","321,260",2375,0.74%,2022-07-16,1401/04/25,Saturday,شنبه
2779,"318,180","317,400","319,100","318,000",700,0.22%,2022-07-19,1401/04/28,Tuesday,سه‌شنبه
2780,"318,870","318,600","319,800","318,700",130,0.04%,2022-07-20,1401/04/29,Wednesday,چهارشنبه
2781,"320,390","319,300","321,200","320,470",1990,0.62%,2022-07-23,1401/05/01,Saturday,شنبه
2782,"320,120","318,300","320,300","318,480",1150,0.36%,2022-07-24,1401/05/02,Sunday,یکشنبه
2783,"318,640","318,500","320,300","319,630",420,0.13%,2022-07-25,1401/05/03,Monday,دوشنبه
2784,"319,310","319,300","320,100","320,050",840,0.26%,2022-07-26,1401/05/04,Tuesday,سه‌شنبه
2785,"319,150","319,000","319,600","319,210",29,0.01%,2022-07-27,1401/05/05,Wednesday,چهارشنبه
2786,"319,450","317,700","319,600","317,760",730,0.23%,2022-07-30,1401/05/08,Saturday,شنبه
2787,"317,420","316,300","317,700","317,030",540,0.17%,2022-07-31,1401/05/09,Sunday,یکشنبه
2788,"317,720","316,400","318,100","316,490",4740,1.52%,2022-08-01,1401/05/10,Monday,دوشنبه
2789,"314,590","311,300","315,200","311,750",3320,1.06%,2022-08-02,1401/05/11,Tuesday,سه‌شنبه
2790,"314,290","313,110","315,800","315,070",84,0.03%,2022-08-03,1401/05/12,Wednesday,چهارشنبه
2791,"321,385","314,403","325,627","317,772",6192,1.99%,2022-08-05,1401/05/14,Friday,جمعه
2792,"313,760","310,700","313,900","311,580",230,0.07%,2022-08-09,1401/05/18,Tuesday,سه‌شنبه
2793,"312,030","309,900","312,100","311,810",1784,0.58%,2022-08-10,1401/05/19,Wednesday,چهارشنبه
2794,"301,390","300,100","303,300","303,110",1080,0.36%,2022-08-13,1401/05/22,Saturday,شنبه
2795,"305,160","300,400","305,300","302,030",350,0.12%,2022-08-14,1401/05/23,Sunday,یکشنبه
2796,"304,530","302,200","305,500","302,380",4650,1.56%,2022-08-15,1401/05/24,Monday,دوشنبه
2797,"298,520","297,100","299,300","297,730",2620,0.88%,2022-08-16,1401/05/25,Tuesday,سه‌شنبه
2798,"300,190","299,400","300,400","300,350",10374,3.58%,2022-08-17,1401/05/26,Wednesday,چهارشنبه
2799,"281,220","281,200","291,080","290,510",2930,1.01%,2022-08-20,1401/05/29,Saturday,شنبه
2800,"294,740","292,400","297,800","293,440",90,0.03%,2022-08-21,1401/05/30,Sunday,یکشنبه
2801,"294,470","291,200","296,000","293,350",2480,0.85%,2022-08-22,1401/05/31,Monday,دوشنبه
2802,"291,010","290,300","291,300","290,870",6250,2.15%,2022-08-23,1401/06/01,Tuesday,سه‌شنبه
2803,"295,450","293,800","297,700","297,120",631,0.21%,2022-08-24,1401/06/02,Wednesday,چهارشنبه
2804,"297,270","294,900","298,600","295,740",1380,0.47%,2022-08-27,1401/06/05,Saturday,شنبه
2805,"295,210","294,900","297,900","297,120",1460,0.49%,2022-08-28,1401/06/06,Sunday,یکشنبه
2806,"296,490","295,100","298,800","298,580",950,0.32%,2022-08-29,1401/06/07,Monday,دوشنبه
2807,"302,000","299,400","302,300","299,530",500,0.17%,2022-08-30,1401/06/08,Tuesday,سه‌شنبه
2808,"298,840","298,400","299,100","299,030",560,0.19%,2022-08-31,1401/06/09,Wednesday,چهارشنبه
2809,"298,470","298,470","298,470","298,470",4170,1.4%,2022-09-01,1401/06/10,Thursday,پنج‌شنبه
2810,"300,920","300,900","303,300","302,640",380,0.13%,2022-09-03,1401/06/12,Saturday,شنبه
2811,"302,370","297,410","302,500","302,260",160,0.05%,2022-09-04,1401/06/13,Sunday,یکشنبه
2812,"302,040","301,100","303,100","302,420",270,0.09%,2022-09-05,1401/06/14,Monday,دوشنبه
2813,"301,150","299,700","302,600","302,150",230,0.08%,2022-09-06,1401/06/15,Tuesday,سه‌شنبه
2814,"301,410","300,900","303,100","302,380",30,0.01%,2022-09-07,1401/06/16,Wednesday,چهارشنبه
2815,"302,410","302,410","302,410","302,410",6690,2.21%,2022-09-08,1401/06/17,Thursday,پنج‌شنبه
2816,"303,780","303,700","309,100","309,100",660,0.21%,2022-09-10,1401/06/19,Saturday,شنبه
2817,"309,240","307,100","310,100","309,760",7300,2.36%,2022-09-11,1401/06/20,Sunday,یکشنبه
2818,"310,100","309,700","317,600","317,060",3310,1.05%,2022-09-12,1401/06/21,Monday,دوشنبه
2819,"315,720","312,100","315,900","313,750",1790,0.57%,2022-09-13,1401/06/22,Tuesday,سه‌شنبه
2820,"315,900","315,410","316,800","315,540",20,0.01%,2022-09-14,1401/06/23,Wednesday,چهارشنبه
2821,"315,560","315,560","315,560","315,560",980,0.31%,2022-09-15,1401/06/24,Thursday,پنج‌شنبه
2822,"315,370","314,600","317,000","316,540",200,0.06%,2022-09-18,1401/06/27,Sunday,یکشنبه
2823,"317,270","315,400","317,600","316,740",390,0.12%,2022-09-19,1401/06/28,Monday,دوشنبه
2824,"316,300","315,600","317,300","317,130",400,0.13%,2022-09-20,1401/06/29,Tuesday,سه‌شنبه
2825,"316,050","314,900","317,800","316,730",70,0.02%,2022-09-21,1401/06/30,Wednesday,چهارشنبه
2826,"316,660","316,660","316,660","316,660",350,0.11%,2022-09-22,1401/06/31,Thursday,پنج‌شنبه
2827,"317,010","317,010","317,010","317,010",200,0.06%,2022-09-24,1401/07/02,Saturday,شنبه
2828,"316,810","316,810","316,810","316,810",1630,0.51%,2022-09-26,1401/07/04,Monday,دوشنبه
2829,"318,450","318,400","318,600","318,440",40,0.01%,2022-09-28,1401/07/06,Wednesday,چهارشنبه
2830,"318,480","318,480","318,480","318,480",13040,4.09%,2022-09-29,1401/07/07,Thursday,پنج‌شنبه
2831,"327,310","325,700","332,600","331,520",900,0.27%,2022-10-01,1401/07/09,Saturday,شنبه
2832,"333,530","330,700","334,600","332,420",1470,0.44%,2022-10-02,1401/07/10,Sunday,یکشنبه
2833,"333,160","330,400","333,300","330,950",70,0.02%,2022-10-03,1401/07/11,Monday,دوشنبه
2834,"331,020","331,020","331,020","331,020",4704,1.44%,2022-10-04,1401/07/12,Tuesday,سه‌شنبه
2835,"327,686","323,052","330,045","326,316",3246,1%,2022-10-05,1401/07/13,Wednesday,چهارشنبه
2836,"326,150","322,900","326,180","323,070",1840,0.57%,2022-10-08,1401/07/16,Saturday,شنبه
2837,"323,120","320,800","325,700","324,910",2500,0.77%,2022-10-09,1401/07/17,Sunday,یکشنبه
2838,"324,950","324,720","328,200","327,410",930,0.28%,2022-10-10,1401/07/18,Monday,دوشنبه
2839,"327,070","325,600","327,600","326,480",3060,0.94%,2022-10-11,1401/07/19,Tuesday,سه‌شنبه
2840,"326,210","326,100","329,590","329,540",80,0.02%,2022-10-12,1401/07/20,Wednesday,چهارشنبه
2841,"329,460","329,460","329,460","329,460",1750,0.53%,2022-10-13,1401/07/21,Thursday,پنج‌شنبه
2842,"329,210","328,900","331,600","331,210",2640,0.8%,2022-10-15,1401/07/23,Saturday,شنبه
2843,"329,710","328,300","329,900","328,570",120,0.04%,2022-10-16,1401/07/24,Sunday,یکشنبه
2844,"327,020","326,400","328,600","328,450",510,0.16%,2022-10-17,1401/07/25,Monday,دوشنبه
2845,"329,410","327,900","329,600","327,940",1430,0.44%,2022-10-18,1401/07/26,Tuesday,سه‌شنبه
2846,"327,210","325,700","327,300","326,510",40,0.01%,2022-10-19,1401/07/27,Wednesday,چهارشنبه
2847,"326,550","326,550","326,550","326,550",1570,0.48%,2022-10-20,1401/07/28,Thursday,پنج‌شنبه
2848,"328,460","327,530","329,100","328,120",490,0.15%,2022-10-22,1401/07/30,Saturday,شنبه
2849,"327,300","326,200","328,090","327,630",1070,0.33%,2022-10-23,1401/08/01,Sunday,یکشنبه
2850,"327,940","327,710","328,900","328,700",180,0.05%,2022-10-24,1401/08/02,Monday,دوشنبه
2851,"328,800","327,800","329,000","328,880",1690,0.51%,2022-10-25,1401/08/03,Tuesday,سه‌شنبه
2852,"330,210","329,900","330,900","330,570",50,0.02%,2022-10-26,1401/08/04,Wednesday,چهارشنبه
2853,"330,520","330,520","330,520","330,520",780,0.24%,2022-10-27,1401/08/05,Thursday,پنج‌شنبه
2854,"329,040","328,300","330,100","329,740",2710,0.82%,2022-10-29,1401/08/07,Saturday,شنبه
2855,"330,030","329,900","332,800","332,450",2270,0.68%,2022-10-30,1401/08/08,Sunday,یکشنبه
2856,"333,590","332,900","334,900","334,720",11340,3.39%,2022-10-31,1401/08/09,Monday,دوشنبه
2857,"338,840","338,710","346,600","346,060",2580,0.75%,2022-11-01,1401/08/10,Tuesday,سه‌شنبه
2858,"347,140","344,900","349,100","348,640",1523,0.44%,2022-11-02,1401/08/11,Wednesday,چهارشنبه
2859,"360,780","357,400","363,100","362,640",670,0.19%,2022-11-05,1401/08/14,Saturday,شنبه
2860,"361,510","360,930","362,200","361,970",140,0.04%,2022-11-06,1401/08/15,Sunday,یکشنبه
2861,"367,030","361,400","367,600","361,830",7820,2.21%,2022-11-07,1401/08/16,Monday,دوشنبه
2862,"361,560","353,950","362,600","354,010",3420,0.98%,2022-11-08,1401/08/17,Tuesday,سه‌شنبه
2863,"354,220","348,350","354,220","350,590",-,-,2022-11-09,1401/08/18,Wednesday,چهارشنبه
2864,"350,590","350,590","350,590","350,590",3830,1.09%,2022-11-10,1401/08/19,Thursday,پنج‌شنبه
2865,"348,960","348,650","355,620","354,420",3590,1.01%,2022-11-12,1401/08/21,Saturday,شنبه
2866,"353,980","352,850","358,520","358,010",2060,0.58%,2022-11-13,1401/08/22,Sunday,یکشنبه
2867,"352,093","351,685","356,604","355,950",1281,0.36%,2022-11-14,1401/08/23,Monday,دوشنبه
2868,"355,411","353,117","355,671","354,669",4965,1.42%,2022-11-15,1401/08/24,Tuesday,سه‌شنبه
2869,"356,902","348,636","357,176","349,704",2194,0.63%,2022-11-16,1401/08/25,Wednesday,چهارشنبه
2870,"347,510","347,510","347,510","347,510",5581,1.61%,2022-11-17,1401/08/26,Thursday,پنج‌شنبه
2871,"352,440","351,280","354,206","353,091",3951,1.12%,2022-11-19,1401/08/28,Saturday,شنبه
2872,"355,368","354,056","357,704","357,042",462,0.13%,2022-11-20,1401/08/29,Sunday,یکشنبه
2873,"355,152","352,805","356,852","356,580",1454,0.41%,2022-11-21,1401/08/30,Monday,دوشنبه
2874,"357,234","353,988","357,380","355,126",533,0.15%,2022-11-22,1401/09/01,Tuesday,سه‌شنبه
2875,"352,352","352,258","356,357","354,593",4693,1.34%,2022-11-23,1401/09/02,Wednesday,چهارشنبه
2876,"349,900","349,900","349,900","349,900",10214,2.92%,2022-11-24,1401/09/03,Thursday,پنج‌شنبه
2877,"355,046","354,246","360,630","360,114",236,0.07%,2022-11-26,1401/09/05,Saturday,شنبه
2878,"361,350","359,200","362,250","360,350",5300,1.49%,2022-11-27,1401/09/06,Sunday,یکشنبه
2879,"360,650","358,000","361,050","355,050",1950,0.55%,2022-11-28,1401/09/07,Monday,دوشنبه
2880,"354,050","353,157","357,124","357,000",1880,0.53%,2022-11-29,1401/09/08,Tuesday,سه‌شنبه
2881,"351,956","351,774","360,710","358,880",930,0.26%,2022-11-30,1401/09/09,Wednesday,چهارشنبه
2882,"357,950","357,950","357,950","357,950",5160,1.44%,2022-12-01,1401/09/10,Thursday,پنج‌شنبه
2883,"358,020","357,520","363,590","363,110",40,0.01%,2022-12-03,1401/09/12,Saturday,شنبه
2884,"362,950","362,320","364,790","363,150",1280,0.35%,2022-12-04,1401/09/13,Sunday,یکشنبه
2885,"363,890","361,320","363,890","361,870",1020,0.28%,2022-12-05,1401/09/14,Monday,دوشنبه
2886,"361,880","360,420","362,890","362,890",1070,0.29%,2022-12-06,1401/09/15,Tuesday,سه‌شنبه
2887,"362,540","362,420","364,090","363,960",6229,1.71%,2022-12-07,1401/09/16,Wednesday,چهارشنبه
2888,"370,470","369,520","373,690","372,820",6740,1.81%,2022-12-10,1401/09/19,Saturday,شنبه
2889,"373,820","373,320","379,590","379,560",5610,1.48%,2022-12-11,1401/09/20,Sunday,یکشنبه
2890,"380,080","379,320","385,590","385,170",1780,0.46%,2022-12-12,1401/09/21,Monday,دوشنبه
2891,"386,060","378,120","388,290","383,390",5110,1.35%,2022-12-13,1401/09/22,Tuesday,سه‌شنبه
2892,"383,770","376,200","389,260","378,280",-,-,2022-12-14,1401/09/23,Wednesday,چهارشنبه
2893,"378,280","378,280","378,280","378,280",14990,3.96%,2022-12-15,1401/09/24,Thursday,پنج‌شنبه
2894,"394,940","391,220","396,090","393,270",3520,0.9%,2022-12-17,1401/09/26,Saturday,شنبه
2895,"392,560","392,320","397,090","396,790",5330,1.36%,2022-12-18,1401/09/27,Sunday,یکشنبه
2896,"396,610","388,220","396,890","391,460",4870,1.24%,2022-12-19,1401/09/28,Monday,دوشنبه
2897,"390,890","390,020","397,660","396,330",1280,0.32%,2022-12-20,1401/09/29,Tuesday,سه‌شنبه
2898,"398,770","396,720","398,890","397,610",7110,1.82%,2022-12-21,1401/09/30,Wednesday,چهارشنبه
2899,"390,500","390,500","390,500","390,500",19530,5%,2022-12-22,1401/10/01,Thursday,پنج‌شنبه
2900,"406,060","405,620","412,090","410,030",4910,1.2%,2022-12-24,1401/10/03,Saturday,شنبه
2901,"415,470","411,820","419,090","414,940",17730,4.46%,2022-12-25,1401/10/04,Sunday,یکشنبه
2902,"397,210","397,210","397,210","397,210",37150,9.35%,2022-12-26,1401/10/05,Monday,دوشنبه
2903,"440,230","429,320","442,090","434,360",18210,4.38%,2022-12-28,1401/10/07,Wednesday,چهارشنبه
2904,"416,150","416,150","416,150","416,150",4410,1.07%,2022-12-29,1401/10/08,Thursday,پنج‌شنبه
2905,"400,030","397,020","413,090","411,740",2210,0.54%,2022-12-31,1401/10/10,Saturday,شنبه
2906,"409,530","409,320","409,590","409,530",12150,3.06%,2023-01-01,1401/10/11,Sunday,یکشنبه
2907,"409,350","394,420","409,590","397,380",170,0.04%,2023-01-02,1401/10/12,Monday,دوشنبه
2908,"400,910","394,310","401,100","397,550",3070,0.77%,2023-01-03,1401/10/13,Tuesday,سه‌شنبه
2909,"393,590","393,320","401,100","400,620",5790,1.47%,2023-01-04,1401/10/14,Wednesday,چهارشنبه
2910,"394,830","394,830","394,830","394,830",16060,4.07%,2023-01-05,1401/10/15,Thursday,پنج‌شنبه
2911,"416,950","408,500","419,400","410,890",4090,1.01%,2023-01-07,1401/10/17,Saturday,شنبه
2912,"412,340","404,000","413,100","406,800",850,0.21%,2023-01-08,1401/10/18,Sunday,یکشنبه
2913,"408,860","407,600","412,100","408,300",3320,0.81%,2023-01-10,1401/10/20,Tuesday,سه‌شنبه
2914,"411,550","410,300","412,500","411,620",2207,0.54%,2023-01-11,1401/10/21,Wednesday,چهارشنبه
2915,"408,680","407,800","410,100","409,770",1400,0.34%,2023-01-14,1401/10/24,Saturday,شنبه
2916,"409,510","409,010","411,400","411,170",7640,1.86%,2023-01-15,1401/10/25,Sunday,یکشنبه
2917,"415,370","414,620","419,100","418,810",12990,3.1%,2023-01-16,1401/10/26,Monday,دوشنبه
2918,"419,870","419,620","432,100","431,800",3480,0.81%,2023-01-17,1401/10/27,Tuesday,سه‌شنبه
2919,"427,710","426,750","430,900","428,320",11441,2.67%,2023-01-18,1401/10/28,Wednesday,چهارشنبه
2920,"449,920","444,800","454,600","449,400",1080,0.24%,2023-01-21,1401/11/01,Saturday,شنبه
2921,"446,460","444,800","451,600","448,320",12470,2.86%,2023-01-22,1401/11/02,Sunday,یکشنبه
2922,"447,890","435,300","448,570","435,850",1770,0.41%,2023-01-23,1401/11/03,Monday,دوشنبه
2923,"430,600","427,410","441,400","437,620",7940,1.81%,2023-01-24,1401/11/04,Tuesday,سه‌شنبه
2924,"436,430","436,300","447,100","445,560",7480,1.71%,2023-01-25,1401/11/05,Wednesday,چهارشنبه
2925,"437,520","437,000","449,300","448,210",2160,0.48%,2023-01-28,1401/11/08,Saturday,شنبه
2926,"448,890","443,800","450,400","446,050",1250,0.28%,2023-01-29,1401/11/09,Sunday,یکشنبه
2927,"445,400","443,300","447,400","447,300",260,0.06%,2023-01-30,1401/11/10,Monday,دوشنبه
2928,"446,860","444,300","448,390","447,040",3060,0.68%,2023-01-31,1401/11/11,Tuesday,سه‌شنبه
2929,"448,370","447,600","450,600","450,100",850,0.19%,2023-02-01,1401/11/12,Wednesday,چهارشنبه
2930,"447,490","447,300","449,600","449,400",7030,1.59%,2023-02-05,1401/11/16,Sunday,یکشنبه
2931,"446,040","442,110","447,600","442,370",3240,0.73%,2023-02-06,1401/11/17,Monday,دوشنبه
2932,"443,020","442,330","446,800","445,610",3930,0.88%,2023-02-07,1401/11/18,Tuesday,سه‌شنبه
2933,"448,430","448,000","450,600","449,540",1111,0.25%,2023-02-08,1401/11/19,Wednesday,چهارشنبه
2934,"456,520","455,800","458,100","456,050",3020,0.66%,2023-02-12,1401/11/23,Sunday,یکشنبه
2935,"456,970","456,800","459,100","459,070",13100,2.85%,2023-02-13,1401/11/24,Monday,دوشنبه
2936,"458,810","458,800","472,400","472,170",15062,3.3%,2023-02-14,1401/11/25,Tuesday,سه‌شنبه
2937,"450,350","450,100","451,300","451,120",47900,10.62%,2023-02-16,1401/11/27,Thursday,پنج‌شنبه
2938,"496,810","492,100","501,100","499,020",110,0.02%,2023-02-19,1401/11/30,Sunday,یکشنبه
2939,"498,930","497,600","499,100","498,910",12140,2.43%,2023-02-20,1401/12/01,Monday,دوشنبه
2940,"499,950","498,210","512,100","511,050",11270,2.21%,2023-02-21,1401/12/02,Tuesday,سه‌شنبه
2941,"512,510","510,800","525,100","522,320",3511,0.67%,2023-02-22,1401/12/03,Wednesday,چهارشنبه
2942,"572,990","555,800","600,600","584,930",550,0.09%,2023-02-25,1401/12/06,Saturday,شنبه
2943,"574,520","566,300","587,100","584,380",25040,4.48%,2023-02-26,1401/12/07,Sunday,یکشنبه
2944,"581,930","559,300","583,600","559,340",2830,0.51%,2023-02-27,1401/12/08,Monday,دوشنبه
2945,"556,430","556,300","556,600","556,510",40,0.01%,2023-02-28,1401/12/09,Tuesday,سه‌شنبه
2946,"556,600","556,300","556,600","556,550",72,0.01%,2023-03-01,1401/12/10,Wednesday,چهارشنبه
2947,"556,500","509,000","556,500","509,000",2040,0.4%,2023-03-04,1401/12/13,Saturday,شنبه
2948,"506,000","502,860","514,090","511,040",7560,1.5%,2023-03-05,1401/12/14,Sunday,یکشنبه
2949,"490,870","481,300","506,590","503,480",5590,1.11%,2023-03-06,1401/12/15,Monday,دوشنبه
2950,"509,030","503,800","517,100","509,070",16082,3.26%,2023-03-07,1401/12/16,Tuesday,سه‌شنبه
2951,"505,727","484,853","513,211","492,988",47938,10.77%,2023-03-08,1401/12/17,Wednesday,چهارشنبه
2952,"439,310","421,800","460,100","445,050",7790,1.75%,2023-03-11,1401/12/20,Saturday,شنبه
2953,"437,810","437,800","455,560","452,840",17960,3.97%,2023-03-12,1401/12/21,Sunday,یکشنبه
2954,"452,980","452,800","471,100","470,800",1330,0.28%,2023-03-13,1401/12/22,Monday,دوشنبه
2955,"474,960","460,810","475,100","469,470",3900,0.84%,2023-03-14,1401/12/23,Tuesday,سه‌شنبه
2956,"462,100","457,300","465,600","465,570",2349,0.5%,2023-03-15,1401/12/24,Wednesday,چهارشنبه
2957,"469,930","469,800","481,100","480,910",104,0.02%,2023-03-18,1401/12/27,Saturday,شنبه
2958,"510,040","506,300","510,600","507,910",3010,0.59%,2023-03-25,1402/01/05,Saturday,شنبه
2959,"515,380","509,800","516,100","510,920",980,0.19%,2023-03-26,1402/01/06,Sunday,یکشنبه
2960,"511,880","511,600","511,900","511,900",150,0.03%,2023-03-27,1402/01/07,Monday,دوشنبه
2961,"511,750","511,600","511,900","511,750",37290,7.29%,2023-03-28,1402/01/08,Tuesday,سه‌شنبه
2962,"511,850","511,600","550,600","549,040",2385,0.44%,2023-03-29,1402/01/09,Wednesday,چهارشنبه
2963,"517,870","498,800","518,100","511,080",-,-,2023-04-03,1402/01/14,Monday,دوشنبه
2964,"510,820","508,440","516,100","511,080",3090,0.61%,2023-04-04,1402/01/15,Tuesday,سه‌شنبه
2965,"503,570","499,810","508,100","507,990",2493,0.49%,2023-04-05,1402/01/16,Wednesday,چهارشنبه
2966,"510,803","500,834","513,561","510,483",7403,1.47%,2023-04-06,1402/01/17,Thursday,پنج‌شنبه
2967,"509,820","502,800","511,600","503,080",1520,0.3%,2023-04-08,1402/01/19,Saturday,شنبه
2968,"503,310","496,800","506,600","504,600",4280,0.85%,2023-04-09,1402/01/20,Sunday,یکشنبه
2969,"509,810","506,820","514,600","508,880",1660,0.33%,2023-04-10,1402/01/21,Monday,دوشنبه
2970,"511,990","508,800","513,600","510,540",521,0.1%,2023-04-11,1402/01/22,Tuesday,سه‌شنبه
2971,"510,541","505,275","515,493","510,019",2571,0.5%,2023-04-12,1402/01/23,Wednesday,چهارشنبه
2972,"505,960","503,800","514,600","512,590",1960,0.38%,2023-04-15,1402/01/26,Saturday,شنبه
2973,"512,370","512,300","519,100","514,550",3020,0.59%,2023-04-16,1402/01/27,Sunday,یکشنبه
2974,"514,400","510,800","517,600","517,570",490,0.09%,2023-04-17,1402/01/28,Monday,دوشنبه
2975,"518,430","516,800","519,600","517,080",3200,0.62%,2023-04-18,1402/01/29,Tuesday,سه‌شنبه
2976,"516,910","513,800","517,100","513,880",2189,0.43%,2023-04-19,1402/01/30,Wednesday,چهارشنبه
2977,"518,092","514,031","524,464","517,759",51,0.01%,2023-04-23,1402/02/03,Sunday,یکشنبه
2978,"518,530","516,800","518,600","517,810",17240,3.33%,2023-04-25,1402/02/05,Tuesday,سه‌شنبه
2979,"526,520","526,400","535,600","535,050",2220,0.42%,2023-04-26,1402/02/06,Wednesday,چهارشنبه
2980,"532,960","532,830","533,090","532,830",16260,3.05%,2023-04-27,1402/02/07,Thursday,پنج‌شنبه
2981,"541,900","541,800","549,100","549,090",8260,1.5%,2023-04-29,1402/02/09,Saturday,شنبه
2982,"552,010","551,800","558,600","557,350",10900,1.99%,2023-04-30,1402/02/10,Sunday,یکشنبه
2983,"554,600","545,800","554,600","546,450",6250,1.16%,2023-05-01,1402/02/11,Monday,دوشنبه
2984,"539,820","538,800","542,600","540,200",1600,0.3%,2023-05-02,1402/02/12,Tuesday,سه‌شنبه
2985,"544,560","541,120","545,100","541,800",4960,0.92%,2023-05-03,1402/02/13,Wednesday,چهارشنبه
2986,"536,935","536,840","537,030","536,840",9320,1.77%,2023-05-04,1402/02/14,Thursday,پنج‌شنبه
2987,"531,950","526,300","532,100","527,520",8350,1.58%,2023-05-06,1402/02/16,Saturday,شنبه
2988,"527,590","527,300","536,100","535,870",4150,0.78%,2023-05-07,1402/02/17,Sunday,یکشنبه
2989,"531,950","531,300","536,100","531,720",2210,0.42%,2023-05-08,1402/02/18,Monday,دوشنبه
2990,"531,910","525,300","533,100","529,510",900,0.17%,2023-05-09,1402/02/19,Tuesday,سه‌شنبه
2991,"530,320","528,800","532,100","530,410",50,0.01%,2023-05-10,1402/02/20,Wednesday,چهارشنبه
2992,"530,360","530,360","530,360","530,360",16550,3.22%,2023-05-11,1402/02/21,Thursday,پنج‌شنبه
2993,"524,520","513,800","525,590","513,810",7250,1.41%,2023-05-13,1402/02/23,Saturday,شنبه
2994,"515,570","514,300","521,600","521,060",6040,1.17%,2023-05-14,1402/02/24,Sunday,یکشنبه
2995,"515,090","514,800","515,100","515,020",2930,0.57%,2023-05-15,1402/02/25,Monday,دوشنبه
2996,"512,860","510,500","513,100","512,090",1110,0.22%,2023-05-17,1402/02/27,Wednesday,چهارشنبه
2997,"510,980","510,980","510,980","510,980",7550,1.48%,2023-05-18,1402/02/28,Thursday,پنج‌شنبه
2998,"515,390","515,310","522,600","518,530",4780,0.92%,2023-05-20,1402/02/30,Saturday,شنبه
2999,"522,480","522,300","526,100","523,310",800,0.15%,2023-05-21,1402/02/31,Sunday,یکشنبه
3000,"524,990","521,300","525,600","522,510",7470,1.45%,2023-05-22,1402/03/01,Monday,دوشنبه
3001,"522,610","514,820","523,100","515,040",1150,0.22%,2023-05-23,1402/03/02,Tuesday,سه‌شنبه
3002,"514,470","514,300","516,600","516,190",1870,0.36%,2023-05-24,1402/03/03,Wednesday,چهارشنبه
3003,"514,320","514,320","514,320","514,320",850,0.17%,2023-05-25,1402/03/04,Thursday,پنج‌شنبه
3004,"519,680","515,100","519,890","515,170",3180,0.62%,2023-05-27,1402/03/06,Saturday,شنبه
3005,"513,050","512,110","519,100","518,350",4930,0.96%,2023-05-28,1402/03/07,Sunday,یکشنبه
3006,"514,030","512,800","515,600","513,420",3840,0.75%,2023-05-29,1402/03/08,Monday,دوشنبه
3007,"509,400","508,300","511,600","509,580",3750,0.74%,2023-05-30,1402/03/09,Tuesday,سه‌شنبه
3008,"513,110","511,300","513,600","513,330",2440,0.48%,2023-05-31,1402/03/10,Wednesday,چهارشنبه
3009,"510,890","510,890","510,890","510,890",1640,0.32%,2023-06-01,1402/03/11,Thursday,پنج‌شنبه
3010,"512,090","505,800","512,100","509,250",12900,2.6%,2023-06-03,1402/03/13,Saturday,شنبه
3011,"508,560","496,110","508,590","496,350",3450,0.7%,2023-06-06,1402/03/16,Tuesday,سه‌شنبه
3012,"498,540","491,300","498,600","492,900",2060,0.42%,2023-06-07,1402/03/17,Wednesday,چهارشنبه
3013,"490,840","490,840","490,840","490,840",20750,4.41%,2023-06-08,1402/03/18,Thursday,پنج‌شنبه
3014,"490,530","468,800","492,100","470,090",11880,2.53%,2023-06-10,1402/03/20,Saturday,شنبه
3015,"473,540","470,800","483,100","481,970",17130,3.55%,2023-06-11,1402/03/21,Sunday,یکشنبه
3016,"484,440","484,300","500,100","499,100",10520,2.15%,2023-06-12,1402/03/22,Monday,دوشنبه
3017,"493,320","484,800","499,100","488,580",560,0.11%,2023-06-13,1402/03/23,Tuesday,سه‌شنبه
3018,"486,340","486,300","488,600","488,020",80,0.02%,2023-06-14,1402/03/24,Wednesday,چهارشنبه
3019,"488,100","488,010","488,100","488,100",4180,0.86%,2023-06-15,1402/03/25,Thursday,پنج‌شنبه
3020,"495,890","491,970","496,100","492,280",5470,1.12%,2023-06-17,1402/03/27,Saturday,شنبه
3021,"489,740","485,500","489,950","486,810",2930,0.6%,2023-06-18,1402/03/28,Sunday,یکشنبه
3022,"486,320","485,450","490,600","489,740",3860,0.79%,2023-06-19,1402/03/29,Monday,دوشنبه
3023,"486,770","485,800","489,100","485,880",11430,2.35%,2023-06-20,1402/03/30,Tuesday,سه‌شنبه
3024,"495,840","494,300","497,600","497,310",180,0.04%,2023-06-21,1402/03/31,Wednesday,چهارشنبه
3025,"497,130","497,130","497,130","497,130",2380,0.48%,2023-06-22,1402/04/01,Thursday,پنج‌شنبه
3026,"505,820","499,300","506,600","499,510",1540,0.31%,2023-06-24,1402/04/03,Saturday,شنبه
3027,"499,530","495,800","500,100","497,970",5050,1.02%,2023-06-25,1402/04/04,Sunday,یکشنبه
3028,"499,300","492,800","499,600","492,920",570,0.12%,2023-06-26,1402/04/05,Monday,دوشنبه
3029,"492,960","490,800","493,100","492,350",450,0.09%,2023-06-27,1402/04/06,Tuesday,سه‌شنبه
3030,"493,040","492,800","493,100","492,800",7130,1.45%,2023-06-28,1402/04/07,Wednesday,چهارشنبه
3031,"501,010","499,300","501,600","499,930",3060,0.61%,2023-07-01,1402/04/10,Saturday,شنبه
3032,"503,810","502,300","504,100","502,990",150,0.03%,2023-07-02,1402/04/11,Sunday,یکشنبه
3033,"503,090","499,300","503,100","502,840",260,0.05%,2023-07-03,1402/04/12,Monday,دوشنبه
3034,"501,040","500,360","503,300","503,100",30,0.01%,2023-07-04,1402/04/13,Tuesday,سه‌شنبه
3035,"503,130","500,950","503,130","503,130",-,-,2023-07-05,1402/04/14,Wednesday,چهارشنبه
3036,"503,130","503,130","503,130","503,130",3500,0.7%,2023-07-06,1402/04/15,Thursday,پنج‌شنبه
3037,"499,765","495,620","499,900","499,630",1340,0.27%,2023-07-08,1402/04/17,Saturday,شنبه
3038,"498,980","496,610","499,670","498,290",6830,1.39%,2023-07-09,1402/04/18,Sunday,یکشنبه
3039,"494,875","490,400","498,290","491,460",970,0.2%,2023-07-10,1402/04/19,Monday,دوشنبه
3040,"492,900","489,620","493,370","492,430",180,0.04%,2023-07-11,1402/04/20,Tuesday,سه‌شنبه
3041,"492,755","491,660","492,900","492,610",-,-,2023-07-12,1402/04/21,Wednesday,چهارشنبه
3042,"492,610","492,610","492,610","492,610",8910,1.84%,2023-07-13,1402/04/22,Thursday,پنج‌شنبه
3043,"486,045","483,270","488,390","483,700",4480,0.93%,2023-07-15,1402/04/24,Saturday,شنبه
3044,"488,250","483,700","488,320","488,180",10,-,2023-07-16,1402/04/25,Sunday,یکشنبه
3045,"489,415","484,870","490,660","488,170",3470,0.72%,2023-07-17,1402/04/26,Monday,دوشنبه
3046,"486,435","484,600","488,170","484,700",1670,0.34%,2023-07-18,1402/04/27,Tuesday,سه‌شنبه
3047,"486,620","482,680","486,870","486,370",-,-,2023-07-19,1402/04/28,Wednesday,چهارشنبه
3048,"486,370","486,370","486,370","486,370",3010,0.62%,2023-07-20,1402/04/29,Thursday,پنج‌شنبه
3049,"484,585","481,660","485,810","483,360",2780,0.58%,2023-07-22,1402/04/31,Saturday,شنبه
3050,"486,270","480,160","486,400","486,140",2230,0.46%,2023-07-23,1402/05/01,Sunday,یکشنبه
3051,"488,620","483,900","488,870","488,370",1880,0.38%,2023-07-24,1402/05/02,Monday,دوشنبه
3052,"490,925","488,370","491,600","490,250",1260,0.26%,2023-07-25,1402/05/03,Tuesday,سه‌شنبه
3053,"489,995","488,990","491,000","488,990",1020,0.21%,2023-07-26,1402/05/04,Wednesday,چهارشنبه
3054,"489,700","487,550","491,430","487,970",5690,1.17%,2023-07-29,1402/05/07,Saturday,شنبه
3055,"493,660","487,410","493,660","493,660",7040,1.43%,2023-07-30,1402/05/08,Sunday,یکشنبه
3056,"501,845","493,660","502,990","500,700",-,-,2023-07-31,1402/05/09,Monday,دوشنبه
3057,"500,700","500,700","500,700","500,700",610,0.12%,2023-08-01,1402/05/10,Tuesday,سه‌شنبه
3058,"500,370","491,630","505,420","498,670",2350,0.47%,2023-08-02,1402/05/11,Wednesday,چهارشنبه
3059,"496,905","494,510","497,490","496,320",120,0.02%,2023-08-05,1402/05/14,Saturday,شنبه
3060,"496,915","495,750","497,390","496,440",2940,0.6%,2023-08-06,1402/05/15,Sunday,یکشنبه
3061,"494,970","492,700","496,440","493,500",1920,0.39%,2023-08-07,1402/05/16,Monday,دوشنبه
3062,"495,945","493,250","496,470","495,420",1170,0.24%,2023-08-08,1402/05/17,Tuesday,سه‌شنبه
3063,"496,660","495,420","496,730","496,590",140,0.03%,2023-08-09,1402/05/18,Wednesday,چهارشنبه
3064,"496,730","496,590","496,730","496,730",5310,1.08%,2023-08-10,1402/05/19,Thursday,پنج‌شنبه
3065,"492,205","485,410","492,990","491,420",1540,0.31%,2023-08-12,1402/05/21,Saturday,شنبه
3066,"493,455","491,370","493,950","492,960",480,0.1%,2023-08-13,1402/05/22,Sunday,یکشنبه
3067,"492,965","490,980","493,450","492,480",3040,0.62%,2023-08-14,1402/05/23,Monday,دوشنبه
3068,"491,945","489,070","494,450","489,440",860,0.18%,2023-08-15,1402/05/24,Tuesday,سه‌شنبه
3069,"489,025","487,390","489,470","488,580",-,-,2023-08-16,1402/05/25,Wednesday,چهارشنبه
3070,"488,580","488,580","488,580","488,580",660,0.14%,2023-08-17,1402/05/26,Thursday,پنج‌شنبه
3071,"488,960","487,210","490,000","487,920",970,0.2%,2023-08-19,1402/05/28,Saturday,شنبه
3072,"487,480","486,270","488,010","486,950",5780,1.19%,2023-08-20,1402/05/29,Sunday,یکشنبه
3073,"493,075","486,950","493,420","492,730",2500,0.51%,2023-08-21,1402/05/30,Monday,دوشنبه
3074,"491,540","490,230","492,850","490,230",1440,0.29%,2023-08-22,1402/05/31,Tuesday,سه‌شنبه
3075,"491,695","489,330","491,720","491,670",-,-,2023-08-23,1402/06/01,Wednesday,چهارشنبه
3076,"491,670","491,670","491,670","491,670",50,0.01%,2023-08-24,1402/06/02,Thursday,پنج‌شنبه
3077,"492,065","488,720","492,510","491,620",1490,0.3%,2023-08-26,1402/06/04,Saturday,شنبه
3078,"490,875","489,430","491,620","490,130",630,0.13%,2023-08-27,1402/06/05,Sunday,یکشنبه
3079,"491,255","489,910","491,750","490,760",250,0.05%,2023-08-28,1402/06/06,Monday,دوشنبه
3080,"491,865","490,630","492,720","491,010",810,0.17%,2023-08-29,1402/06/07,Tuesday,سه‌شنبه
3081,"490,605","489,300","491,010","490,200",-,-,2023-08-30,1402/06/08,Wednesday,چهارشنبه
3082,"490,200","490,200","490,200","490,200",6460,1.32%,2023-08-31,1402/06/09,Thursday,پنج‌شنبه
3083,"497,575","494,250","498,490","496,660",260,0.05%,2023-09-02,1402/06/11,Saturday,شنبه
3084,"497,205","495,400","498,010","496,400",360,0.07%,2023-09-03,1402/06/12,Sunday,یکشنبه
3085,"496,865","495,930","497,690","496,040",-,-,2023-09-04,1402/06/13,Monday,دوشنبه
3086,"496,040","496,040","496,040","496,040",130,0.03%,2023-09-05,1402/06/14,Tuesday,سه‌شنبه
3087,"495,910","495,910","495,910","495,910",740,0.15%,2023-09-07,1402/06/16,Thursday,پنج‌شنبه
3088,"497,245","496,230","497,840","496,650",900,0.18%,2023-09-09,1402/06/18,Saturday,شنبه
3089,"497,110","495,750","498,470","495,750",1250,0.25%,2023-09-10,1402/06/19,Sunday,یکشنبه
3090,"497,150","494,160","497,300","497,000",2310,0.46%,2023-09-11,1402/06/20,Monday,دوشنبه
3091,"499,900","497,000","500,490","499,310",-,-,2023-09-12,1402/06/21,Tuesday,سه‌شنبه
3092,"499,310","499,310","499,310","499,310",3980,0.8%,2023-09-13,1402/06/22,Wednesday,چهارشنبه
3093,"495,800","493,710","496,270","495,330",1120,0.23%,2023-09-17,1402/06/26,Sunday,یکشنبه
3094,"496,620","494,210","496,790","496,450",5300,1.08%,2023-09-18,1402/06/27,Monday,دوشنبه
3095,"493,800","490,300","496,450","491,150",2780,0.57%,2023-09-19,1402/06/28,Tuesday,سه‌شنبه
3096,"494,180","491,150","494,430","493,930",-,-,2023-09-20,1402/06/29,Wednesday,چهارشنبه
3097,"493,930","493,930","493,930","493,930",350,0.07%,2023-09-21,1402/06/30,Thursday,پنج‌شنبه
3098,"493,580","493,580","493,580","493,580",1440,0.29%,2023-09-23,1402/07/01,Saturday,شنبه
3099,"495,020","495,020","495,020","495,020",540,0.11%,2023-09-25,1402/07/03,Monday,دوشنبه
3100,"494,560","494,320","494,560","494,480",2900,0.59%,2023-09-26,1402/07/04,Tuesday,سه‌شنبه
3101,"492,910","492,800","497,900","497,380",2000,0.4%,2023-09-27,1402/07/05,Wednesday,چهارشنبه
3102,"495,380","495,380","495,380","495,380",160,0.03%,2023-09-28,1402/07/06,Thursday,پنج‌شنبه
3103,"495,130","495,100","497,100","495,540",960,0.19%,2023-09-30,1402/07/08,Saturday,شنبه
3104,"496,970","495,600","497,500","496,500",260,0.05%,2023-10-01,1402/07/09,Sunday,یکشنبه
3105,"495,900","495,600","496,800","496,240",2770,0.56%,2023-10-02,1402/07/10,Monday,دوشنبه
3106,"496,710","496,700","499,100","499,010",40,0.01%,2023-10-04,1402/07/12,Wednesday,چهارشنبه
3107,"498,970","498,910","498,970","498,970",25430,5.1%,2023-10-05,1402/07/13,Thursday,پنج‌شنبه
3108,"513,590","513,360","524,600","524,400",3130,0.6%,2023-10-07,1402/07/15,Saturday,شنبه
3109,"530,070","526,830","536,600","527,530",6960,1.34%,2023-10-08,1402/07/16,Sunday,یکشنبه
3110,"530,600","520,300","531,600","520,570",2840,0.55%,2023-10-09,1402/07/17,Monday,دوشنبه
3111,"519,100","517,300","519,600","517,730",2200,0.43%,2023-10-10,1402/07/18,Tuesday,سه‌شنبه
3112,"516,910","513,800","517,100","515,530",3830,0.75%,2023-10-11,1402/07/19,Wednesday,چهارشنبه
3113,"511,700","511,700","511,700","511,700",4180,0.82%,2023-10-12,1402/07/20,Thursday,پنج‌شنبه
3114,"508,530","507,000","508,640","507,520",4540,0.9%,2023-10-14,1402/07/22,Saturday,شنبه
3115,"506,460","502,850","506,600","502,980",6940,1.38%,2023-10-15,1402/07/23,Sunday,یکشنبه
3116,"503,490","503,350","510,600","509,920",3440,0.67%,2023-10-16,1402/07/24,Monday,دوشنبه
3117,"514,030","512,350","515,100","513,360",830,0.16%,2023-10-17,1402/07/25,Tuesday,سه‌شنبه
3118,"514,080","512,150","514,100","512,530",3725,0.73%,2023-10-18,1402/07/26,Wednesday,چهارشنبه
3119,"501,470","499,850","506,600","506,380",18,-,2023-10-21,1402/07/29,Saturday,شنبه
3120,"507,850","506,150","507,900","506,160",1380,0.27%,2023-10-22,1402/07/30,Sunday,یکشنبه
3121,"511,510","505,850","511,600","507,540",4320,0.85%,2023-10-23,1402/08/01,Monday,دوشنبه
3122,"509,090","508,850","512,100","511,860",4230,0.83%,2023-10-24,1402/08/02,Tuesday,سه‌شنبه
3123,"512,080","511,360","516,600","516,090",5400,1.05%,2023-10-25,1402/08/03,Wednesday,چهارشنبه
3124,"519,870","518,850","522,600","521,490",8100,1.58%,2023-10-27,1402/08/05,Friday,جمعه
3125,"519,360","513,350","519,600","513,390",1210,0.24%,2023-10-28,1402/08/06,Saturday,شنبه
3126,"511,940","510,650","514,600","514,600",1780,0.35%,2023-10-29,1402/08/07,Sunday,یکشنبه
3127,"516,820","515,440","518,090","516,380",480,0.09%,2023-10-30,1402/08/08,Monday,دوشنبه
3128,"514,980","513,650","518,100","516,860",4490,0.87%,2023-10-31,1402/08/09,Tuesday,سه‌شنبه
3129,"518,510","518,130","521,600","521,350",9950,1.95%,2023-11-01,1402/08/10,Wednesday,چهارشنبه
3130,"517,600","510,350","517,600","511,400",960,0.19%,2023-11-03,1402/08/12,Friday,جمعه
3131,"514,570","512,350","516,100","512,360",1160,0.23%,2023-11-04,1402/08/13,Saturday,شنبه
3132,"514,540","512,190","514,600","513,520",1330,0.26%,2023-11-05,1402/08/14,Sunday,یکشنبه
3133,"513,590","511,850","513,600","512,190",1670,0.33%,2023-11-06,1402/08/15,Monday,دوشنبه
3134,"511,790","509,850","514,600","510,520",3010,0.59%,2023-11-07,1402/08/16,Tuesday,سه‌شنبه
3135,"514,020","513,350","514,600","513,530",280,0.05%,2023-11-08,1402/08/17,Wednesday,چهارشنبه
3136,"514,580","512,850","515,600","513,250",120,0.02%,2023-11-10,1402/08/19,Friday,جمعه
3137,"514,980","512,550","515,100","513,370",1570,0.31%,2023-11-11,1402/08/20,Saturday,شنبه
3138,"513,740","510,850","513,900","511,800",290,0.06%,2023-11-12,1402/08/21,Sunday,یکشنبه
3139,"510,550","509,850","512,400","511,510",2440,0.48%,2023-11-13,1402/08/22,Monday,دوشنبه
3140,"511,550","508,850","511,600","509,070",360,0.07%,2023-11-14,1402/08/23,Tuesday,سه‌شنبه
3141,"510,380","508,850","510,600","509,430",3030,0.6%,2023-11-15,1402/08/24,Wednesday,چهارشنبه
3142,"508,520","505,550","508,600","506,400",3360,0.67%,2023-11-17,1402/08/26,Friday,جمعه
3143,"506,650","502,850","507,400","503,040",970,0.19%,2023-11-18,1402/08/27,Saturday,شنبه
3144,"501,900","501,510","504,510","504,010",2020,0.4%,2023-11-19,1402/08/28,Sunday,یکشنبه
3145,"502,510","501,300","506,510","501,990",200,0.04%,2023-11-20,1402/08/29,Monday,دوشنبه
3146,"504,470","501,510","504,510","502,190",1550,0.31%,2023-11-21,1402/08/30,Tuesday,سه‌شنبه
3147,"502,320","501,300","504,010","503,740",540,0.11%,2023-11-22,1402/09/01,Wednesday,چهارشنبه
3148,"504,010","502,100","506,010","504,280",1770,0.35%,2023-11-24,1402/09/03,Friday,جمعه
3149,"504,010","502,000","505,510","502,510",1730,0.34%,2023-11-25,1402/09/04,Saturday,شنبه
3150,"504,880","501,860","505,600","504,240",1992,0.4%,2023-11-26,1402/09/05,Sunday,یکشنبه
3151,"504,570","498,918","513,420","506,232",778,0.15%,2023-11-27,1402/09/06,Monday,دوشنبه
3152,"504,160","501,500","509,510","507,010",60,0.01%,2023-11-28,1402/09/07,Tuesday,سه‌شنبه
3153,"507,470","506,800","508,510","506,950",2120,0.42%,2023-11-29,1402/09/08,Wednesday,چهارشنبه
3154,"504,820","503,300","506,010","504,830",1080,0.21%,2023-12-01,1402/09/10,Friday,جمعه
3155,"504,750","504,300","506,910","505,910",600,0.12%,2023-12-02,1402/09/11,Saturday,شنبه
3156,"505,750","505,100","506,510","506,510",1500,0.3%,2023-12-03,1402/09/12,Sunday,یکشنبه
3157,"505,990","504,010","506,010","505,010",770,0.15%,2023-12-04,1402/09/13,Monday,دوشنبه
3158,"506,310","503,050","506,310","504,240",930,0.18%,2023-12-05,1402/09/14,Tuesday,سه‌شنبه
3159,"505,170","504,460","505,900","505,170",140,0.03%,2023-12-06,1402/09/15,Wednesday,چهارشنبه
3160,"504,550","504,150","506,500","505,310",40,0.01%,2023-12-08,1402/09/17,Friday,جمعه
3161,"505,410","504,150","506,200","505,350",820,0.16%,2023-12-09,1402/09/18,Saturday,شنبه
3162,"505,190","504,850","506,200","506,170",1530,0.3%,2023-12-10,1402/09/19,Sunday,یکشنبه
3163,"506,160","504,450","506,400","504,640",180,0.04%,2023-12-11,1402/09/20,Monday,دوشنبه
3164,"503,980","503,450","504,700","504,460",210,0.04%,2023-12-12,1402/09/21,Tuesday,سه‌شنبه
3165,"504,380","503,980","505,200","504,670",-,-,2023-12-13,1402/09/22,Wednesday,چهارشنبه
3166,"504,960","504,060","505,500","504,670",2290,0.46%,2023-12-15,1402/09/24,Friday,جمعه
3167,"503,470","501,950","504,200","502,380",1820,0.36%,2023-12-17,1402/09/26,Sunday,یکشنبه
3168,"502,420","500,450","510,620","500,560",152,0.03%,2023-12-18,1402/09/27,Monday,دوشنبه
3169,"500,205","493,602","507,872","500,712",48,0.01%,2023-12-19,1402/09/28,Tuesday,سه‌شنبه
3170,"498,390","498,160","501,680","500,760",2250,0.45%,2023-12-20,1402/09/29,Wednesday,چهارشنبه
3171,"503,090","502,450","504,490","503,010",2320,0.46%,2023-12-22,1402/10/01,Friday,جمعه
3172,"502,450","500,450","503,400","500,690",200,0.04%,2023-12-23,1402/10/02,Saturday,شنبه
3173,"500,890","500,890","500,890","500,890",150,0.03%,2023-12-24,1402/10/03,Sunday,یکشنبه
3174,"500,960","500,950","503,180","501,040",2410,0.48%,2023-12-25,1402/10/04,Monday,دوشنبه
3175,"500,960","500,750","503,680","503,450",260,0.05%,2023-12-26,1402/10/05,Tuesday,سه‌شنبه
3176,"501,510","501,510","503,680","503,190",2970,0.59%,2023-12-27,1402/10/06,Wednesday,چهارشنبه
3177,"505,490","504,950","507,670","506,160",530,0.1%,2023-12-29,1402/10/08,Friday,جمعه
3178,"505,020","504,650","505,690","505,630",350,0.07%,2023-12-30,1402/10/09,Saturday,شنبه
3179,"506,160","504,450","506,680","505,980",450,0.09%,2023-12-31,1402/10/10,Sunday,یکشنبه
3180,"505,280","504,750","506,500","506,430",1860,0.37%,2024-01-01,1402/10/11,Monday,دوشنبه
3181,"506,280","505,960","509,000","508,290",5880,1.16%,2024-01-02,1402/10/12,Tuesday,سه‌شنبه
3182,"511,290","510,850","515,080","514,170",4430,0.87%,2024-01-03,1402/10/13,Wednesday,چهارشنبه
3183,"511,940","508,850","513,020","509,740",20,-,2024-01-05,1402/10/15,Friday,جمعه
3184,"509,890","505,350","510,100","509,760",270,0.05%,2024-01-06,1402/10/16,Saturday,شنبه
3185,"509,560","507,870","510,100","509,490",5350,1.05%,2024-01-07,1402/10/17,Sunday,یکشنبه
3186,"509,670","509,670","515,700","514,840",4940,0.96%,2024-01-08,1402/10/18,Monday,دوشنبه
3187,"516,480","516,450","520,200","519,780",3760,0.73%,2024-01-09,1402/10/19,Tuesday,سه‌شنبه
3188,"520,960","515,650","521,680","516,020",8660,1.68%,2024-01-10,1402/10/20,Wednesday,چهارشنبه
3189,"517,110","517,110","525,970","524,680",3820,0.73%,2024-01-12,1402/10/22,Friday,جمعه
3190,"524,170","519,770","531,530","520,860",3770,0.72%,2024-01-13,1402/10/23,Saturday,شنبه
3191,"521,910","521,810","525,100","524,630",4410,0.84%,2024-01-14,1402/10/24,Sunday,یکشنبه
3192,"526,040","525,950","529,600","529,040",7470,1.41%,2024-01-15,1402/10/25,Monday,دوشنبه
3193,"530,030","529,760","537,100","536,510",3780,0.7%,2024-01-16,1402/10/26,Tuesday,سه‌شنبه
3194,"538,550","535,250","543,600","540,290",1940,0.36%,2024-01-17,1402/10/27,Wednesday,چهارشنبه
3195,"539,030","536,470","542,600","542,230",3150,0.58%,2024-01-19,1402/10/29,Friday,جمعه
3196,"541,030","537,750","542,600","539,080",1430,0.27%,2024-01-20,1402/10/30,Saturday,شنبه
3197,"539,050","536,250","542,100","540,510",8410,1.56%,2024-01-21,1402/11/01,Sunday,یکشنبه
3198,"541,350","540,760","549,100","548,920",7670,1.4%,2024-01-22,1402/11/02,Monday,دوشنبه
3199,"549,070","548,750","556,600","556,590",6410,1.15%,2024-01-23,1402/11/03,Tuesday,سه‌شنبه
3200,"553,520","553,290","571,330","563,000",4370,0.78%,2024-01-26,1402/11/06,Friday,جمعه
3201,"560,470","555,810","560,590","558,630",24360,4.36%,2024-01-27,1402/11/07,Saturday,شنبه
3202,"562,550","562,550","583,600","582,990",100,0.02%,2024-01-28,1402/11/08,Sunday,یکشنبه
3203,"588,990","571,410","591,100","582,890",1140,0.2%,2024-01-29,1402/11/09,Monday,دوشنبه
3204,"582,390","579,270","584,600","584,030",7534,1.31%,2024-01-30,1402/11/10,Tuesday,سه‌شنبه
3205,"580,400","566,234","584,869","576,496",12716,2.26%,2024-01-31,1402/11/11,Wednesday,چهارشنبه
3206,"580,090","563,750","580,090","563,780",12410,2.25%,2024-02-02,1402/11/13,Friday,جمعه
3207,"561,290","549,760","561,570","551,370",2510,0.46%,2024-02-03,1402/11/14,Saturday,شنبه
3208,"551,330","544,250","558,530","553,880",3135,0.57%,2024-02-04,1402/11/15,Sunday,یکشنبه
3209,"551,817","546,354","566,094","557,015",365,0.07%,2024-02-05,1402/11/16,Monday,دوشنبه
3210,"552,300","552,250","559,100","557,380",8360,1.52%,2024-02-06,1402/11/17,Tuesday,سه‌شنبه
3211,"552,900","548,260","552,900","549,020",2930,0.53%,2024-02-09,1402/11/20,Friday,جمعه
3212,"551,450","550,750","555,300","551,950",2740,0.5%,2024-02-11,1402/11/22,Sunday,یکشنبه
3213,"551,460","551,450","554,900","554,690",1110,0.2%,2024-02-12,1402/11/23,Monday,دوشنبه
3214,"556,770","553,950","556,770","555,800",4470,0.8%,2024-02-13,1402/11/24,Tuesday,سه‌شنبه
3215,"557,210","556,450","560,800","560,270",2750,0.49%,2024-02-14,1402/11/25,Wednesday,چهارشنبه
3216,"562,280","559,480","563,100","563,020",8280,1.47%,2024-02-16,1402/11/27,Friday,جمعه
3217,"565,310","564,810","571,400","571,300",940,0.16%,2024-02-18,1402/11/29,Sunday,یکشنبه
3218,"570,340","563,450","570,600","565,060",5230,0.93%,2024-02-19,1402/11/30,Monday,دوشنبه
3219,"567,450","567,270","572,100","570,290",2420,0.42%,2024-02-20,1402/12/01,Tuesday,سه‌شنبه
3220,"570,310","570,110","573,900","572,710",40,0.01%,2024-02-21,1402/12/02,Wednesday,چهارشنبه
3221,"572,580","571,950","574,400","572,670",9821,1.71%,2024-02-23,1402/12/04,Friday,جمعه
3222,"573,221","567,144","592,684","582,491",3559,0.61%,2024-02-25,1402/12/06,Sunday,یکشنبه
3223,"580,310","579,760","586,600","586,050",4960,0.85%,2024-02-26,1402/12/07,Monday,دوشنبه
3224,"588,080","579,260","588,600","581,090",3570,0.61%,2024-02-27,1402/12/08,Tuesday,سه‌شنبه
3225,"581,060","580,750","585,100","584,660",8470,1.45%,2024-02-28,1402/12/09,Wednesday,چهارشنبه
3226,"592,390","591,750","601,100","593,130",260,0.04%,2024-03-01,1402/12/11,Friday,جمعه
3227,"592,990","590,750","595,600","593,390",11630,1.96%,2024-03-02,1402/12/12,Saturday,شنبه
3228,"598,550","598,060","605,100","605,020",4450,0.74%,2024-03-03,1402/12/13,Sunday,یکشنبه
3229,"606,720","598,165","620,988","609,470",420,0.07%,2024-03-04,1402/12/14,Monday,دوشنبه
3230,"609,370","604,150","610,600","609,890",4251,0.7%,2024-03-05,1402/12/15,Tuesday,سه‌شنبه
3231,"609,152","595,100","615,852","605,639",299,0.05%,2024-03-06,1402/12/16,Wednesday,چهارشنبه
3232,"608,930","603,750","609,600","605,340",12490,2.11%,2024-03-08,1402/12/18,Friday,جمعه
3233,"601,070","592,250","601,070","592,850",6560,1.11%,2024-03-09,1402/12/19,Saturday,شنبه
3234,"593,320","592,550","600,100","599,410",2320,0.39%,2024-03-10,1402/12/20,Sunday,یکشنبه
3235,"598,830","595,560","599,600","597,090",1750,0.29%,2024-03-11,1402/12/21,Monday,دوشنبه
3236,"596,750","592,250","597,030","595,340",1540,0.26%,2024-03-12,1402/12/22,Tuesday,سه‌شنبه
3237,"595,330","591,900","595,340","593,800",7280,1.23%,2024-03-13,1402/12/23,Wednesday,چهارشنبه
3238,"595,280","593,000","601,100","601,080",820,0.14%,2024-03-15,1402/12/25,Friday,جمعه
3239,"600,250","599,750","603,600","600,260",3250,0.54%,2024-03-16,1402/12/26,Saturday,شنبه
3240,"600,320","600,270","604,100","603,510",14590,2.42%,2024-03-17,1402/12/27,Sunday,یکشنبه
3241,"608,730","608,700","618,440","618,100",4070,0.66%,2024-03-23,1403/01/04,Saturday,شنبه
3242,"616,550","613,750","617,090","614,030",5650,0.93%,2024-03-24,1403/01/05,Sunday,یکشنبه
3243,"612,600","607,870","612,600","608,380",5570,0.92%,2024-03-25,1403/01/06,Monday,دوشنبه
3244,"608,000","607,950","614,100","613,950",2630,0.43%,2024-03-26,1403/01/07,Tuesday,سه‌شنبه
3245,"617,050","615,750","617,100","616,580",1754,0.28%,2024-03-27,1403/01/08,Wednesday,چهارشنبه
3246,"620,645","607,884","627,285","618,334",14566,2.36%,2024-03-29,1403/01/10,Friday,جمعه
3247,"623,120","623,000","632,900","632,900",1840,0.29%,2024-04-01,1403/01/13,Monday,دوشنبه
3248,"627,730","627,500","634,750","634,740",6260,0.99%,2024-04-02,1403/01/14,Tuesday,سه‌شنبه
3249,"635,620","635,500","644,100","641,000",6000,0.94%,2024-04-03,1403/01/15,Wednesday,چهارشنبه
3250,"647,000","647,000","647,000","647,000",7000,1.09%,2024-04-05,1403/01/17,Friday,جمعه
3251,"606,800","594,000","643,300","640,000",31300,5.14%,2024-04-06,1403/01/18,Saturday,شنبه
3252,"637,200","604,000","643,400","608,700",28300,4.65%,2024-04-07,1403/01/19,Sunday,یکشنبه
3253,"624,600","613,100","640,500","637,000",4000,0.63%,2024-04-08,1403/01/20,Monday,دوشنبه
3254,"615,700","610,200","645,900","641,000",22200,3.59%,2024-04-12,1403/01/24,Friday,جمعه
3255,"622,700","611,600","630,200","618,800",19600,3.17%,2024-04-13,1403/01/25,Saturday,شنبه
3256,"637,100","624,300","645,200","638,400",19200,3.1%,2024-04-14,1403/01/26,Sunday,یکشنبه
3257,"626,700","607,300","633,700","619,200",21300,3.56%,2024-04-15,1403/01/27,Monday,دوشنبه
3258,"622,500","593,200","633,200","597,900",3000,0.5%,2024-04-16,1403/01/28,Tuesday,سه‌شنبه
3259,"637,300","596,800","644,100","600,900",28100,4.68%,2024-04-17,1403/01/29,Wednesday,چهارشنبه
3260,"621,400","609,900","634,000","629,000",1400,0.22%,2024-04-19,1403/01/31,Friday,جمعه
3261,"597,300","594,100","634,500","627,600",12500,1.99%,2024-04-20,1403/02/01,Saturday,شنبه
3262,"616,300","612,600","648,600","640,100",21800,3.53%,2024-04-21,1403/02/02,Sunday,یکشنبه
3263,"596,000","586,600","625,400","618,300",4600,0.75%,2024-04-22,1403/02/03,Monday,دوشنبه
3264,"631,400","606,000","642,500","613,700",30500,4.97%,2024-04-23,1403/02/04,Tuesday,سه‌شنبه
3265,"608,000","598,200","649,600","644,200",43600,7.26%,2024-04-24,1403/02/05,Wednesday,چهارشنبه
3266,"637,200","595,600","643,000","600,600",19500,3.25%,2024-04-26,1403/02/07,Friday,جمعه
3267,"614,300","608,500","626,600","620,100",7400,1.19%,2024-04-27,1403/02/08,Saturday,شنبه
3268,"610,000","605,900","635,000","627,500",16600,2.65%,2024-04-28,1403/02/09,Sunday,یکشنبه
3269,"621,400","613,100","653,100","644,100",13100,2.08%,2024-04-29,1403/02/10,Monday,دوشنبه
3270,"615,900","605,000","643,400","631,000",33700,5.64%,2024-04-30,1403/02/11,Tuesday,سه‌شنبه
3271,"622,300","591,300","631,800","597,300",8800,1.47%,2024-05-01,1403/02/12,Wednesday,چهارشنبه
3272,"621,500","599,200","633,300","606,100",3900,0.65%,2024-05-04,1403/02/15,Saturday,شنبه
3273,"609,000","595,100","612,300","602,200",5000,0.84%,2024-05-05,1403/02/16,Sunday,یکشنبه
3274,"608,000","586,800","616,600","597,200",2300,0.39%,2024-05-06,1403/02/17,Monday,دوشنبه
3275,"631,200","594,200","637,700","599,500",35100,5.85%,2024-05-07,1403/02/18,Tuesday,سه‌شنبه
3276,"632,100","627,100","647,100","634,600",900,0.14%,2024-05-08,1403/02/19,Wednesday,چهارشنبه
3277,"627,700","621,200","641,000","633,700",32100,5.34%,2024-05-10,1403/02/21,Friday,جمعه
3278,"604,800","589,800","609,600","601,600",27400,4.55%,2024-05-11,1403/02/22,Saturday,شنبه
3279,"620,200","614,500","634,400","629,000",34000,5.71%,2024-05-12,1403/02/23,Sunday,یکشنبه
3280,"594,850","594,800","595,600","595,000",2300,0.39%,2024-05-13,1403/02/24,Monday,دوشنبه
3281,"602,900","586,700","613,400","597,300",3300,0.55%,2024-05-14,1403/02/25,Tuesday,سه‌شنبه
3282,"615,200","593,900","625,600","600,600",7100,1.18%,2024-05-15,1403/02/26,Wednesday,چهارشنبه
3283,"610,700","596,300","622,600","607,700",900,0.15%,2024-05-17,1403/02/28,Friday,جمعه
3284,"614,400","600,900","621,700","608,600",3000,0.5%,2024-05-18,1403/02/29,Saturday,شنبه
3285,"608,700","598,000","611,900","605,600",900,0.15%,2024-05-19,1403/02/30,Sunday,یکشنبه
3286,"611,000","594,500","622,900","604,700",3700,0.62%,2024-05-20,1403/02/31,Monday,دوشنبه
3287,"603,000","597,800","607,800","601,000",300,0.05%,2024-05-21,1403/03/01,Tuesday,سه‌شنبه
3288,"596,000","584,600","606,200","600,700",13800,2.3%,2024-05-22,1403/03/02,Wednesday,چهارشنبه
3289,"597,400","586,800","627,000","614,500",2300,0.38%,2024-05-24,1403/03/04,Friday,جمعه
3290,"612,200","601,700","622,900","612,200",1900,0.31%,2024-05-25,1403/03/05,Saturday,شنبه
3291,"609,200","599,000","625,900","614,100",15900,2.66%,2024-05-26,1403/03/06,Sunday,یکشنبه
3292,"597,000","585,400","607,700","598,200",18300,3.06%,2024-05-27,1403/03/07,Monday,دوشنبه
3293,"603,100","590,900","626,200","616,500",11100,1.83%,2024-05-28,1403/03/08,Tuesday,سه‌شنبه
3294,"612,400","598,600","617,200","605,400",5800,0.97%,2024-05-29,1403/03/09,Wednesday,چهارشنبه
3295,"611,600","594,800","622,900","599,600",3500,0.58%,2024-05-31,1403/03/11,Friday,جمعه
3296,"601,400","588,800","607,300","603,100",3300,0.55%,2024-06-01,1403/03/12,Saturday,شنبه
3297,"607,700","595,000","619,400","599,800",2100,0.35%,2024-06-04,1403/03/15,Tuesday,سه‌شنبه
3298,"611,200","596,900","617,600","601,900",2000,0.33%,2024-06-05,1403/03/16,Wednesday,چهارشنبه
3299,"614,100","595,200","621,100","603,900",7700,1.28%,2024-06-07,1403/03/18,Friday,جمعه
3300,"613,000","602,800","618,700","611,600",3100,0.51%,2024-06-08,1403/03/19,Saturday,شنبه
3301,"599,100","592,400","619,500","608,500",1400,0.23%,2024-06-09,1403/03/20,Sunday,یکشنبه
3302,"613,100","605,800","619,800","609,900",1600,0.26%,2024-06-10,1403/03/21,Monday,دوشنبه
3303,"614,200","603,000","621,500","608,300",7600,1.25%,2024-06-11,1403/03/22,Tuesday,سه‌شنبه
3304,"605,000","599,100","620,700","615,900",19400,3.25%,2024-06-12,1403/03/23,Wednesday,چهارشنبه
3305,"610,000","586,300","618,200","596,500",6100,1.02%,2024-06-14,1403/03/25,Friday,جمعه
3306,"614,200","590,300","623,100","602,600",2100,0.35%,2024-06-15,1403/03/26,Saturday,شنبه
3307,"605,000","592,100","610,400","604,700",8600,1.44%,2024-06-17,1403/03/28,Monday,دوشنبه
3308,"603,600","583,900","614,400","596,100",18700,3.14%,2024-06-18,1403/03/29,Tuesday,سه‌شنبه
3309,"605,700","596,800","627,300","614,800",13600,2.26%,2024-06-19,1403/03/30,Wednesday,چهارشنبه
3310,"597,200","593,900","608,700","601,200",1500,0.25%,2024-06-21,1403/04/01,Friday,جمعه
3311,"608,300","598,600","614,000","602,700",1800,0.3%,2024-06-22,1403/04/02,Saturday,شنبه
3312,"606,500","595,900","612,400","604,500",3300,0.55%,2024-06-23,1403/04/03,Sunday,یکشنبه
3313,"610,300","592,000","613,500","601,200",2000,0.33%,2024-06-25,1403/04/05,Tuesday,سه‌شنبه
3314,"609,000","598,200","617,200","603,200",7000,1.16%,2024-06-26,1403/04/06,Wednesday,چهارشنبه
3315,"597,600","586,000","618,400","610,200",6710,1.1%,2024-06-28,1403/04/08,Friday,جمعه
3316,"615,340","615,000","618,000","616,910",3290,0.54%,2024-06-29,1403/04/09,Saturday,شنبه
3317,"615,600","611,810","615,800","613,620",5480,0.9%,2024-06-30,1403/04/10,Sunday,یکشنبه
3318,"613,950","606,400","616,000","608,140",4390,0.73%,2024-07-01,1403/04/11,Monday,دوشنبه
3319,"606,980","598,400","611,450","603,750",5010,0.83%,2024-07-02,1403/04/12,Tuesday,سه‌شنبه
3320,"602,360","601,300","611,950","608,760",10460,1.75%,2024-07-03,1403/04/13,Wednesday,چهارشنبه
3321,"608,460","582,140","608,550","598,300",9790,1.66%,2024-07-05,1403/04/15,Friday,جمعه
3322,"588,570","588,400","588,700","588,510",10,-,2024-07-06,1403/04/16,Saturday,شنبه
3323,"588,610","588,400","588,800","588,520",270,0.05%,2024-07-07,1403/04/17,Sunday,یکشنبه
3324,"588,400","588,400","588,800","588,790",3690,0.63%,2024-07-08,1403/04/18,Monday,دوشنبه
3325,"588,600","584,700","588,800","585,100",5450,0.94%,2024-07-09,1403/04/19,Tuesday,سه‌شنبه
3326,"584,760","579,400","585,100","579,650",250,0.04%,2024-07-10,1403/04/20,Wednesday,چهارشنبه
3327,"579,420","576,400","579,900","579,900",730,0.13%,2024-07-12,1403/04/22,Friday,جمعه
3328,"583,300","578,900","583,700","579,170",5870,1.02%,2024-07-13,1403/04/23,Saturday,شنبه
3329,"582,470","572,900","582,500","573,300",1100,0.19%,2024-07-16,1403/04/26,Tuesday,سه‌شنبه
3330,"573,780","571,400","574,000","572,200",3570,0.62%,2024-07-17,1403/04/27,Wednesday,چهارشنبه
3331,"571,860","571,600","576,000","575,770",340,0.06%,2024-07-19,1403/04/29,Friday,جمعه
3332,"577,750","575,000","579,200","576,110",150,0.03%,2024-07-20,1403/04/30,Saturday,شنبه
3333,"575,850","574,300","578,700","575,960",5800,1.01%,2024-07-21,1403/04/31,Sunday,یکشنبه
3334,"579,600","579,320","583,700","581,760",2840,0.49%,2024-07-22,1403/05/01,Monday,دوشنبه
3335,"582,970","582,300","585,200","584,600",3010,0.51%,2024-07-23,1403/05/02,Tuesday,سه‌شنبه
3336,"583,390","583,300","588,200","587,610",1150,0.2%,2024-07-24,1403/05/03,Wednesday,چهارشنبه
3337,"587,650","585,600","588,200","586,460",4380,0.75%,2024-07-26,1403/05/05,Friday,جمعه
3338,"587,380","587,000","592,200","590,840",1440,0.24%,2024-07-27,1403/05/06,Saturday,شنبه
3339,"590,520","584,600","592,700","589,400",4100,0.7%,2024-07-28,1403/05/07,Sunday,یکشنبه
3340,"588,900","588,300","594,500","593,500",6900,1.16%,2024-07-29,1403/05/08,Monday,دوشنبه
3341,"595,000","594,610","606,400","600,400",5600,0.93%,2024-07-30,1403/05/09,Tuesday,سه‌شنبه
3342,"598,560","598,500","607,100","606,000",9270,1.53%,2024-07-31,1403/05/10,Wednesday,چهارشنبه
3343,"611,790","608,710","616,750","615,270",6270,1.03%,2024-08-02,1403/05/12,Friday,جمعه
3344,"614,530","602,900","614,600","609,000",5900,0.97%,2024-08-03,1403/05/13,Saturday,شنبه
3345,"607,890","601,600","620,500","614,900",3500,0.57%,2024-08-04,1403/05/14,Sunday,یکشنبه
3346,"601,080","600,800","617,400","611,400",2610,0.43%,2024-08-05,1403/05/15,Monday,دوشنبه
3347,"609,370","602,300","615,300","614,010",4010,0.66%,2024-08-06,1403/05/16,Tuesday,سه‌شنبه
3348,"616,200","604,200","616,200","610,000",12300,2.06%,2024-08-07,1403/05/17,Wednesday,چهارشنبه
3349,"603,800","594,900","604,400","597,700",3600,0.61%,2024-08-09,1403/05/19,Friday,جمعه
3350,"598,400","588,700","598,400","594,100",6150,1.04%,2024-08-10,1403/05/20,Saturday,شنبه
3351,"595,350","594,850","602,100","600,250",4550,0.76%,2024-08-11,1403/05/21,Sunday,یکشنبه
3352,"598,800","592,700","599,100","595,700",7350,1.25%,2024-08-12,1403/05/22,Monday,دوشنبه
3353,"591,500","587,600","593,500","588,350",700,0.12%,2024-08-13,1403/05/23,Tuesday,سه‌شنبه
3354,"586,350","584,800","590,100","587,650",10600,1.84%,2024-08-14,1403/05/24,Wednesday,چهارشنبه
3355,"583,400","575,200","583,800","577,050",3450,0.6%,2024-08-16,1403/05/26,Friday,جمعه
3356,"576,200","573,500","581,200","580,500",2600,0.45%,2024-08-18,1403/05/28,Sunday,یکشنبه
3357,"587,800","578,650","590,000","579,850",1750,0.3%,2024-08-19,1403/05/29,Monday,دوشنبه
3358,"581,050","578,250","587,900","581,600",2500,0.43%,2024-08-20,1403/05/30,Tuesday,سه‌شنبه
3359,"586,700","581,900","590,100","584,100",1450,0.25%,2024-08-21,1403/05/31,Wednesday,چهارشنبه
3360,"582,450","579,900","585,900","582,650",10550,1.81%,2024-08-23,1403/06/02,Friday,جمعه
3361,"590,400","590,300","597,400","593,200",1950,0.33%,2024-08-25,1403/06/04,Sunday,یکشنبه
3362,"593,600","584,400","593,900","591,250",1250,0.21%,2024-08-26,1403/06/05,Monday,دوشنبه
3363,"589,350","588,800","596,600","590,000",3950,0.67%,2024-08-27,1403/06/06,Tuesday,سه‌شنبه
3364,"592,050","589,900","596,400","593,950",850,0.14%,2024-08-28,1403/06/07,Wednesday,چهارشنبه
3365,"593,900","592,400","598,200","594,800",4200,0.71%,2024-08-30,1403/06/09,Friday,جمعه
3366,"594,500","590,700","600,300","599,000",100,0.02%,2024-08-31,1403/06/10,Saturday,شنبه
3367,"592,000","591,500","600,600","598,900",100,0.02%,2024-09-02,1403/06/12,Monday,دوشنبه
3368,"599,400","599,000","599,600","599,000",1500,0.25%,2024-09-04,1403/06/14,Wednesday,چهارشنبه
3369,"599,200","597,500","599,600","597,500",3000,0.5%,2024-09-06,1403/06/16,Friday,جمعه
3370,"596,700","593,500","598,300","594,500",2250,0.38%,2024-09-07,1403/06/17,Saturday,شنبه
3371,"594,400","594,400","598,000","596,750",600,0.1%,2024-09-08,1403/06/18,Sunday,یکشنبه
3372,"594,750","592,400","598,000","596,150",1350,0.23%,2024-09-09,1403/06/19,Monday,دوشنبه
3373,"596,000","594,900","598,300","597,500",3600,0.61%,2024-09-10,1403/06/20,Tuesday,سه‌شنبه
3374,"594,900","593,200","596,100","593,900",3500,0.59%,2024-09-13,1403/06/23,Friday,جمعه
3375,"594,250","589,200","594,700","590,400",600,0.1%,2024-09-14,1403/06/24,Saturday,شنبه
3376,"591,050","588,500","593,800","591,000",4150,0.7%,2024-09-15,1403/06/25,Sunday,یکشنبه
3377,"591,900","590,800","596,200","595,150",2800,0.47%,2024-09-16,1403/06/26,Monday,دوشنبه
3378,"595,100","592,200","597,550","592,350",50,0.01%,2024-09-17,1403/06/27,Tuesday,سه‌شنبه
3379,"591,450","590,500","592,500","592,300",3200,0.54%,2024-09-18,1403/06/28,Wednesday,چهارشنبه
3380,"592,500","590,900","595,800","595,500",2300,0.39%,2024-09-21,1403/06/31,Saturday,شنبه
3381,"595,250","593,800","597,800","597,800",7050,1.18%,2024-09-22,1403/07/01,Sunday,یکشنبه
3382,"598,400","598,200","606,500","604,850",7700,1.29%,2024-09-23,1403/07/02,Monday,دوشنبه
3383,"603,150","596,500","603,400","597,150",3150,0.53%,2024-09-24,1403/07/03,Tuesday,سه‌شنبه
3384,"602,500","599,300","604,800","600,300",6700,1.12%,2024-09-25,1403/07/04,Wednesday,چهارشنبه
3385,"598,050","597,800","615,300","607,000",900,0.15%,2024-09-27,1403/07/06,Friday,جمعه
3386,"609,450","601,300","609,700","606,100",2350,0.39%,2024-09-28,1403/07/07,Saturday,شنبه
3387,"606,200","602,200","606,600","603,750",11200,1.86%,2024-09-29,1403/07/08,Sunday,یکشنبه
3388,"605,800","605,200","615,400","614,950",7600,1.24%,2024-09-30,1403/07/09,Monday,دوشنبه
3389,"619,850","611,700","622,800","622,550",4350,0.7%,2024-10-01,1403/07/10,Tuesday,سه‌شنبه
3390,"621,300","620,900","631,300","626,900",3000,0.48%,2024-10-02,1403/07/11,Wednesday,چهارشنبه
3391,"615,850","614,300","624,800","623,900",10650,1.71%,2024-10-04,1403/07/13,Friday,جمعه
3392,"624,350","624,200","634,800","634,550",6100,0.97%,2024-10-05,1403/07/14,Saturday,شنبه
3393,"634,600","626,700","634,800","628,450",3000,0.48%,2024-10-06,1403/07/15,Sunday,یکشنبه
3394,"627,650","625,000","628,300","625,450",3900,0.62%,2024-10-07,1403/07/16,Monday,دوشنبه
3395,"624,800","624,200","629,800","629,350",6150,0.98%,2024-10-08,1403/07/17,Tuesday,سه‌شنبه
3396,"628,900","628,700","636,300","635,500",10550,1.69%,2024-10-09,1403/07/18,Wednesday,چهارشنبه
3397,"631,100","624,700","631,300","624,950",3500,0.56%,2024-10-11,1403/07/20,Friday,جمعه
3398,"624,750","624,700","630,600","628,450",3050,0.49%,2024-10-12,1403/07/21,Saturday,شنبه
3399,"628,050","628,000","634,800","631,500",3850,0.61%,2024-10-13,1403/07/22,Sunday,یکشنبه
3400,"630,350","626,100","630,800","627,650",5700,0.91%,2024-10-14,1403/07/23,Monday,دوشنبه
3401,"626,850","626,800","638,200","633,350",3250,0.51%,2024-10-15,1403/07/24,Tuesday,سه‌شنبه
3402,"633,500","633,300","638,800","636,600",3000,0.47%,2024-10-16,1403/07/25,Wednesday,چهارشنبه
3403,"633,850","633,600","640,000","639,600",2350,0.37%,2024-10-18,1403/07/27,Friday,جمعه
3404,"637,950","637,900","645,950","641,950",6600,1.03%,2024-10-19,1403/07/28,Saturday,شنبه
3405,"642,050","641,600","648,600","648,550",12950,2%,2024-10-20,1403/07/29,Sunday,یکشنبه
3406,"648,850","648,350","661,600","661,500",15800,2.39%,2024-10-21,1403/07/30,Monday,دوشنبه
3407,"663,150","663,000","684,800","677,300",2200,0.32%,2024-10-22,1403/08/01,Tuesday,سه‌شنبه
3408,"676,750","674,900","685,300","679,500",24200,3.69%,2024-10-23,1403/08/02,Wednesday,چهارشنبه
3409,"658,950","652,800","679,000","655,300",5550,0.85%,2024-10-25,1403/08/04,Friday,جمعه
3410,"654,700","654,350","667,300","660,850",13950,2.11%,2024-10-26,1403/08/05,Saturday,شنبه
3411,"660,550","660,200","674,800","674,800",9200,1.36%,2024-10-27,1403/08/06,Sunday,یکشنبه
3412,"673,800","673,200","689,250","684,000",8400,1.23%,2024-10-28,1403/08/07,Monday,دوشنبه
3413,"683,750","680,200","697,800","692,400",10100,1.48%,2024-10-29,1403/08/08,Tuesday,سه‌شنبه
3414,"687,500","680,200","687,600","682,300",12500,1.83%,2024-10-30,1403/08/09,Wednesday,چهارشنبه
3415,"683,650","683,200","695,300","694,800",1550,0.22%,2024-11-01,1403/08/11,Friday,جمعه
3416,"694,500","689,700","701,500","693,250",3650,0.53%,2024-11-02,1403/08/12,Saturday,شنبه
3417,"694,200","686,700","694,300","689,600",700,0.1%,2024-11-03,1403/08/13,Sunday,یکشنبه
3418,"689,400","683,200","689,800","688,900",7350,1.07%,2024-11-04,1403/08/14,Monday,دوشنبه
3419,"698,550","694,000","698,800","696,250",5800,0.84%,2024-11-05,1403/08/15,Tuesday,سه‌شنبه
3420,"696,100","686,700","696,300","690,450",1750,0.25%,2024-11-06,1403/08/16,Wednesday,چهارشنبه
3421,"695,400","692,000","695,700","692,200",9550,1.4%,2024-11-08,1403/08/18,Friday,جمعه
3422,"691,800","682,200","692,800","682,650",13450,2.01%,2024-11-09,1403/08/19,Saturday,شنبه
3423,"682,300","669,200","682,500","669,200",9000,1.34%,2024-11-10,1403/08/20,Sunday,یکشنبه
3424,"668,800","668,700","681,300","678,200",6200,0.91%,2024-11-11,1403/08/21,Monday,دوشنبه
3425,"679,450","679,200","688,800","684,400",1100,0.16%,2024-11-12,1403/08/22,Tuesday,سه‌شنبه
3426,"682,300","677,700","683,800","683,300",900,0.13%,2024-11-13,1403/08/23,Wednesday,چهارشنبه
3427,"683,750","680,200","685,800","682,400",650,0.1%,2024-11-15,1403/08/25,Friday,جمعه
3428,"682,200","681,250","688,800","681,750",2700,0.4%,2024-11-16,1403/08/26,Saturday,شنبه
3429,"680,950","680,700","684,700","684,450",4600,0.67%,2024-11-17,1403/08/27,Sunday,یکشنبه
3430,"683,850","682,700","689,800","689,050",250,0.04%,2024-11-18,1403/08/28,Monday,دوشنبه
3431,"690,250","688,700","695,300","689,300",2950,0.43%,2024-11-19,1403/08/29,Tuesday,سه‌شنبه
3432,"689,900","689,500","694,800","692,250",6800,0.98%,2024-11-20,1403/08/30,Wednesday,چهارشنبه
3433,"697,400","697,200","703,300","699,050",9450,1.37%,2024-11-22,1403/09/02,Friday,جمعه
3434,"698,000","686,800","700,800","689,600",4100,0.59%,2024-11-23,1403/09/03,Saturday,شنبه
3435,"687,400","679,800","694,700","693,700",2250,0.32%,2024-11-24,1403/09/04,Sunday,یکشنبه
3436,"693,350","693,300","699,700","695,950",3100,0.45%,2024-11-25,1403/09/05,Monday,دوشنبه
3437,"695,750","695,600","699,700","699,050",2350,0.34%,2024-11-26,1403/09/06,Tuesday,سه‌شنبه
3438,"699,300","698,800","701,700","701,400",2600,0.37%,2024-11-27,1403/09/07,Wednesday,چهارشنبه
3439,"704,950","699,800","709,200","704,000",5000,0.72%,2024-11-29,1403/09/09,Friday,جمعه
3440,"702,950","697,900","705,400","699,000",5150,0.74%,2024-11-30,1403/09/10,Saturday,شنبه
3441,"699,550","699,400","707,200","704,150",6800,0.97%,2024-12-01,1403/09/11,Sunday,یکشنبه
3442,"704,800","704,500","711,200","710,950",3850,0.54%,2024-12-02,1403/09/12,Monday,دوشنبه
3443,"712,200","710,800","715,200","714,800",800,0.11%,2024-12-03,1403/09/13,Tuesday,سه‌شنبه
3444,"712,650","711,500","716,200","715,600",3600,0.5%,2024-12-06,1403/09/16,Friday,جمعه
3445,"715,350","714,600","721,700","719,200",350,0.05%,2024-12-07,1403/09/17,Saturday,شنبه
3446,"718,400","717,800","722,700","718,850",4350,0.61%,2024-12-08,1403/09/18,Sunday,یکشنبه
3447,"718,800","718,800","724,200","723,200",8750,1.21%,2024-12-09,1403/09/19,Monday,دوشنبه
3448,"723,650","723,300","732,700","731,950",2350,0.32%,2024-12-10,1403/09/20,Tuesday,سه‌شنبه
3449,"732,450","727,800","734,700","729,600",17550,2.41%,2024-12-11,1403/09/21,Wednesday,چهارشنبه
3450,"736,600","727,572","748,200","747,150",50,0.01%,2024-12-13,1403/09/23,Friday,جمعه
3451,"748,550","745,800","756,600","747,100",12400,1.66%,2024-12-14,1403/09/24,Saturday,شنبه
3452,"745,950","745,800","759,700","759,500",6800,0.9%,2024-12-15,1403/09/25,Sunday,یکشنبه
3453,"765,550","763,300","768,700","766,300",7350,0.96%,2024-12-16,1403/09/26,Monday,دوشنبه
3454,"767,200","766,800","775,700","773,650",6100,0.79%,2024-12-17,1403/09/27,Tuesday,سه‌شنبه
3455,"771,600","766,800","772,700","767,550",5150,0.68%,2024-12-18,1403/09/28,Wednesday,چهارشنبه
3456,"766,900","761,800","768,700","762,400",400,0.05%,2024-12-20,1403/09/30,Friday,جمعه
3457,"761,600","753,300","763,100","762,800",16000,2.1%,2024-12-21,1403/10/01,Saturday,شنبه
3458,"762,200","760,900","781,700","778,800",7800,1%,2024-12-22,1403/10/02,Sunday,یکشنبه
3459,"779,700","779,300","787,700","786,600",650,0.08%,2024-12-23,1403/10/03,Monday,دوشنبه
3460,"785,200","777,800","787,700","785,950",7900,1.01%,2024-12-24,1403/10/04,Tuesday,سه‌شنبه
3461,"784,850","776,800","794,700","793,850",16750,2.11%,2024-12-25,1403/10/05,Wednesday,چهارشنبه
3462,"799,350","799,350","811,200","810,600",13450,1.69%,2024-12-27,1403/10/07,Friday,جمعه
3463,"811,550","793,300","814,700","797,150",16050,2.01%,2024-12-28,1403/10/08,Saturday,شنبه
3464,"796,350","794,850","813,200","813,200",150,0.02%,2024-12-29,1403/10/09,Sunday,یکشنبه
3465,"816,300","807,300","816,700","813,050",750,0.09%,2024-12-30,1403/10/10,Monday,دوشنبه
3466,"813,200","810,100","814,700","812,300",5950,0.74%,2024-12-31,1403/10/11,Tuesday,سه‌شنبه
3467,"812,950","805,100","813,200","806,350",8000,1%,2025-01-01,1403/10/12,Wednesday,چهارشنبه
3468,"799,600","792,300","799,700","798,350",2900,0.36%,2025-01-03,1403/10/14,Friday,جمعه
3469,"799,600","794,700","801,200","795,450",2000,0.25%,2025-01-04,1403/10/15,Saturday,شنبه
3470,"794,200","789,800","794,200","793,450",7350,0.93%,2025-01-05,1403/10/16,Sunday,یکشنبه
3471,"798,100","795,300","803,700","800,800",3300,0.41%,2025-01-06,1403/10/17,Monday,دوشنبه
3472,"799,000","797,800","806,200","804,100",9800,1.22%,2025-01-07,1403/10/18,Tuesday,سه‌شنبه
3473,"803,300","803,300","815,200","813,900",5600,0.69%,2025-01-08,1403/10/19,Wednesday,چهارشنبه
3474,"818,300","818,300","821,200","819,500",12850,1.59%,2025-01-10,1403/10/21,Friday,جمعه
3475,"817,650","805,800","817,700","806,650",7950,0.99%,2025-01-11,1403/10/22,Saturday,شنبه
3476,"806,400","806,300","816,200","814,600",9750,1.21%,2025-01-12,1403/10/23,Sunday,یکشنبه
3477,"813,650","804,800","813,700","804,850",4150,0.52%,2025-01-14,1403/10/25,Tuesday,سه‌شنبه
3478,"803,350","799,300","803,700","800,700",4600,0.57%,2025-01-15,1403/10/26,Wednesday,چهارشنبه
3479,"796,100","795,800","805,700","805,300",1400,0.17%,2025-01-17,1403/10/28,Friday,جمعه
3480,"806,350","806,300","809,200","806,700",3500,0.43%,2025-01-18,1403/10/29,Saturday,شنبه
3481,"806,400","806,300","812,200","810,200",13150,1.62%,2025-01-19,1403/10/30,Sunday,یکشنبه
3482,"808,800","808,800","823,700","823,350",2350,0.29%,2025-01-20,1403/11/01,Monday,دوشنبه
3483,"823,900","822,800","828,200","825,700",13350,1.62%,2025-01-21,1403/11/02,Tuesday,سه‌شنبه
3484,"824,800","824,800","839,200","839,050",5150,0.62%,2025-01-22,1403/11/03,Wednesday,چهارشنبه
3485,"829,400","829,300","835,700","833,900",4900,0.59%,2025-01-24,1403/11/05,Friday,جمعه
3486,"835,850","835,300","839,700","838,800",500,0.06%,2025-01-25,1403/11/06,Saturday,شنبه
3487,"837,400","835,300","841,200","839,300",7000,0.84%,2025-01-26,1403/11/07,Sunday,یکشنبه
3488,"836,400","830,600","837,700","832,300",2800,0.34%,2025-01-28,1403/11/09,Tuesday,سه‌شنبه
3489,"832,100","830,600","835,700","835,100",2550,0.31%,2025-01-29,1403/11/10,Wednesday,چهارشنبه
3490,"834,700","834,300","838,200","837,650",2850,0.34%,2025-01-31,1403/11/12,Friday,جمعه
3491,"838,950","838,600","845,200","840,500",1850,0.22%,2025-02-01,1403/11/13,Saturday,شنبه
3492,"840,200","836,300","844,200","838,650",7300,0.87%,2025-02-02,1403/11/14,Sunday,یکشنبه
3493,"838,200","837,800","846,200","845,950",6750,0.8%,2025-02-03,1403/11/15,Monday,دوشنبه
3494,"845,500","845,300","854,200","852,700",1900,0.22%,2025-02-04,1403/11/16,Tuesday,سه‌شنبه
3495,"851,800","851,800","855,700","854,600",35000,4.1%,2025-02-05,1403/11/17,Wednesday,چهارشنبه
3496,"877,600","874,300","890,700","889,600",24050,2.7%,2025-02-07,1403/11/19,Friday,جمعه
3497,"888,400","888,300","913,700","913,650",32150,3.65%,2025-02-08,1403/11/20,Saturday,شنبه
3498,"916,650","869,800","916,700","881,500",2000,0.23%,2025-02-10,1403/11/22,Monday,دوشنبه
3499,"885,700","874,300","885,700","883,500",7100,0.8%,2025-02-11,1403/11/23,Tuesday,سه‌شنبه
3500,"884,200","883,800","890,700","890,600",15550,1.75%,2025-02-12,1403/11/24,Wednesday,چهارشنبه
3501,"903,550","902,300","909,700","906,150",900,0.1%,2025-02-14,1403/11/26,Friday,جمعه
3502,"907,350","896,800","912,200","907,050",1150,0.13%,2025-02-15,1403/11/27,Saturday,شنبه
3503,"906,900","906,850","912,200","908,200",11750,1.29%,2025-02-16,1403/11/28,Sunday,یکشنبه
3504,"908,600","908,300","920,200","919,950",1750,0.19%,2025-02-17,1403/11/29,Monday,دوشنبه
3505,"918,700","918,300","928,700","921,700",9000,0.98%,2025-02-18,1403/11/30,Tuesday,سه‌شنبه
3506,"921,350","921,300","932,700","930,700",5100,0.55%,2025-02-19,1403/12/01,Wednesday,چهارشنبه
3507,"930,000","929,600","943,700","935,800",8400,0.91%,2025-02-21,1403/12/03,Friday,جمعه
3508,"930,850","922,300","933,700","927,400",14250,1.56%,2025-02-22,1403/12/04,Saturday,شنبه
3509,"926,150","912,300","928,700","913,150",5150,0.56%,2025-02-23,1403/12/05,Sunday,یکشنبه
3510,"913,200","906,800","919,700","918,300",7650,0.83%,2025-02-24,1403/12/06,Monday,دوشنبه
3511,"920,550","920,300","934,200","925,950",750,0.08%,2025-02-25,1403/12/07,Tuesday,سه‌شنبه
3512,"924,150","923,800","929,200","925,200",3600,0.39%,2025-02-26,1403/12/08,Wednesday,چهارشنبه
3513,"922,300","916,800","925,200","921,600",700,0.08%,2025-02-28,1403/12/10,Friday,جمعه
3514,"921,150","914,800","927,700","922,300",14950,1.65%,2025-03-01,1403/12/11,Saturday,شنبه
3515,"920,400","906,800","921,700","907,350",2550,0.28%,2025-03-02,1403/12/12,Sunday,یکشنبه
3516,"907,400","904,800","911,700","904,800",19900,2.25%,2025-03-03,1403/12/13,Monday,دوشنبه
3517,"904,300","884,800","904,700","884,900",6800,0.77%,2025-03-04,1403/12/14,Tuesday,سه‌شنبه
3518,"883,850","882,300","896,700","891,700",20500,2.3%,2025-03-05,1403/12/15,Wednesday,چهارشنبه
3519,"896,900","896,900","923,200","912,200",9900,1.09%,2025-03-07,1403/12/17,Friday,جمعه
3520,"912,450","912,300","923,700","922,100",1750,0.19%,2025-03-08,1403/12/18,Saturday,شنبه
3521,"934,650","919,800","935,200","923,850",1000,0.11%,2025-03-09,1403/12/19,Sunday,یکشنبه
3522,"924,000","922,300","929,200","922,850",3950,0.43%,2025-03-10,1403/12/20,Monday,دوشنبه
3523,"926,350","923,300","927,700","926,800",3750,0.41%,2025-03-11,1403/12/21,Tuesday,سه‌شنبه
3524,"926,650","922,400","929,700","923,050",11700,1.28%,2025-03-12,1403/12/22,Wednesday,چهارشنبه
3525,"918,650","906,300","918,700","911,350",19950,2.19%,2025-03-14,1403/12/24,Friday,جمعه
3526,"912,900","912,800","931,700","931,300",11900,1.28%,2025-03-15,1403/12/25,Saturday,شنبه
3527,"933,550","933,300","944,700","943,200",34600,3.67%,2025-03-16,1403/12/26,Sunday,یکشنبه
3528,"973,900","967,800","982,200","977,800",40050,4.1%,2025-03-17,1403/12/27,Monday,دوشنبه
3529,"976,550","976,300","1,037,200","1,017,850",1350,0.13%,2025-03-24,1404/01/04,Monday,دوشنبه
3530,"1,018,900","1,006,800","1,022,200","1,019,200",2700,0.26%,2025-03-25,1404/01/05,Tuesday,سه‌شنبه
3531,"1,018,850","1,018,800","1,024,200","1,021,900",17050,1.67%,2025-03-26,1404/01/06,Wednesday,چهارشنبه
3532,"1,036,950","1,036,800","1,042,200","1,038,950",11150,1.08%,2025-03-28,1404/01/08,Friday,جمعه
3533,"1,038,850","1,027,800","1,039,200","1,027,800",2150,0.21%,2025-03-29,1404/01/09,Saturday,شنبه
3534,"1,032,900","1,025,300","1,032,900","1,025,650",19550,1.91%,2025-04-04,1404/01/15,Friday,جمعه
3535,"1,028,200","1,027,800","1,045,200","1,045,200",10350,0.99%,2025-04-05,1404/01/16,Saturday,شنبه
3536,"1,045,350","1,045,300","1,057,700","1,055,550",57600,5.77%,2025-04-06,1404/01/17,Sunday,یکشنبه
3537,"1,058,100","984,800","1,058,200","997,950",1750,0.18%,2025-04-07,1404/01/18,Monday,دوشنبه
3538,"998,800","998,300","1,006,700","999,700",9200,0.92%,2025-04-08,1404/01/19,Tuesday,سه‌شنبه
3539,"999,100","998,800","1,021,200","1,008,900",46750,4.86%,2025-04-09,1404/01/20,Wednesday,چهارشنبه
3540,"994,200","954,800","994,200","962,150",102250,11.89%,2025-04-11,1404/01/22,Friday,جمعه
3541,"897,950","829,800","904,200","859,900",20900,2.43%,2025-04-12,1404/01/23,Saturday,شنبه
3542,"850,150","849,800","898,200","880,800",1000,0.11%,2025-04-13,1404/01/24,Sunday,یکشنبه
3543,"894,900","879,800","900,150","879,800",2800,0.32%,2025-04-14,1404/01/25,Monday,دوشنبه
3544,"880,200","869,050","889,200","877,000",21050,2.46%,2025-04-15,1404/01/26,Tuesday,سه‌شنبه
3545,"880,200","851,800","880,200","855,950",24050,2.89%,2025-04-16,1404/01/27,Wednesday,چهارشنبه
3546,"849,650","831,800","864,200","831,900",4000,0.48%,2025-04-18,1404/01/29,Friday,جمعه
3547,"829,100","809,800","834,200","827,900",8150,0.99%,2025-04-19,1404/01/30,Saturday,شنبه
3548,"831,050","817,400","842,200","819,750",11400,1.41%,2025-04-20,1404/01/31,Sunday,یکشنبه
3549,"818,900","794,400","819,300","808,350",400,0.05%,2025-04-21,1404/02/01,Monday,دوشنبه
3550,"813,150","803,650","813,500","808,750",14850,1.84%,2025-04-22,1404/02/02,Tuesday,سه‌شنبه
3551,"795,650","795,100","828,000","823,600",3400,0.41%,2025-04-25,1404/02/05,Friday,جمعه
3552,"829,250","825,600","845,500","827,000",14350,1.77%,2025-04-26,1404/02/06,Saturday,شنبه
3553,"832,650","811,600","833,000","812,650",3000,0.37%,2025-04-27,1404/02/07,Sunday,یکشنبه
3554,"808,750","800,600","814,000","809,650",4250,0.52%,2025-04-28,1404/02/08,Monday,دوشنبه
3555,"808,850","808,600","816,000","813,900",5550,0.68%,2025-04-29,1404/02/09,Tuesday,سه‌شنبه
3556,"814,000","813,650","820,000","819,450",37450,4.57%,2025-04-30,1404/02/10,Wednesday,چهارشنبه
3557,"850,200","850,100","869,000","856,900",1800,0.21%,2025-05-02,1404/02/12,Friday,جمعه
3558,"851,650","851,600","866,000","858,700",14300,1.69%,2025-05-03,1404/02/13,Saturday,شنبه
3559,"862,400","839,600","862,500","844,400",19750,2.39%,2025-05-04,1404/02/14,Sunday,یکشنبه
3560,"842,700","821,600","843,000","824,650",4150,0.51%,2025-05-05,1404/02/15,Monday,دوشنبه
3561,"823,400","816,100","831,000","820,500",10100,1.23%,2025-05-06,1404/02/16,Tuesday,سه‌شنبه
3562,"821,200","821,100","839,000","830,600",4900,0.59%,2025-05-07,1404/02/17,Wednesday,چهارشنبه
3563,"819,650","819,600","836,000","835,500",3550,0.43%,2025-05-09,1404/02/19,Friday,جمعه
3564,"834,150","829,600","847,900","831,950",2950,0.35%,2025-05-10,1404/02/20,Saturday,شنبه
3565,"831,000","830,600","839,000","834,900",100,0.01%,2025-05-11,1404/02/21,Sunday,یکشنبه
3566,"835,900","832,600","839,000","835,000",2900,0.35%,2025-05-12,1404/02/22,Monday,دوشنبه
3567,"835,600","831,600","837,000","832,100",1000,0.12%,2025-05-13,1404/02/23,Tuesday,سه‌شنبه
3568,"831,650","829,100","832,500","831,100",7750,0.94%,2025-05-14,1404/02/24,Wednesday,چهارشنبه
3569,"829,700","823,100","834,500","823,350",5350,0.65%,2025-05-16,1404/02/26,Friday,جمعه
3570,"822,750","812,650","827,000","818,000",550,0.07%,2025-05-17,1404/02/27,Saturday,شنبه
3571,"817,400","817,100","826,000","818,550",22100,2.7%,2025-05-18,1404/02/28,Sunday,یکشنبه
3572,"817,900","817,600","859,000","840,650",8750,1.05%,2025-05-19,1404/02/29,Monday,دوشنبه
3573,"841,400","831,600","852,950","831,900",4800,0.58%,2025-05-20,1404/02/30,Tuesday,سه‌شنبه
3574,"824,600","822,100","828,000","827,100",2050,0.25%,2025-05-21,1404/02/31,Wednesday,چهارشنبه
3575,"832,500","828,100","834,500","829,150",5650,0.69%,2025-05-23,1404/03/02,Friday,جمعه
3576,"828,200","823,100","828,500","823,500",1000,0.12%,2025-05-24,1404/03/03,Saturday,شنبه
3577,"823,950","813,750","824,000","822,500",5800,0.71%,2025-05-25,1404/03/04,Sunday,یکشنبه
3578,"822,150","822,100","828,500","828,300",1450,0.18%,2025-05-26,1404/03/05,Monday,دوشنبه
3579,"828,500","826,600","829,000","826,850",4150,0.5%,2025-05-27,1404/03/06,Tuesday,سه‌شنبه
3580,"824,450","821,100","824,500","822,700",4700,0.57%,2025-05-28,1404/03/07,Wednesday,چهارشنبه
3581,"827,700","825,700","830,500","827,400",4900,0.6%,2025-05-30,1404/03/09,Friday,جمعه
3582,"825,350","821,100","826,000","822,500",1150,0.14%,2025-05-31,1404/03/10,Saturday,شنبه
3583,"821,250","815,600","824,000","823,650",200,0.02%,2025-06-01,1404/03/11,Sunday,یکشنبه
3584,"825,750","823,100","827,000","823,850",3150,0.38%,2025-06-02,1404/03/12,Monday,دوشنبه
3585,"835,500","820,600","835,500","820,700",2150,0.26%,2025-06-06,1404/03/16,Friday,جمعه
3586,"818,500","818,100","823,000","822,850",2100,0.26%,2025-06-07,1404/03/17,Saturday,شنبه
3587,"823,450","823,100","826,000","824,950",5850,0.71%,2025-06-08,1404/03/18,Sunday,یکشنبه
3588,"824,650","819,100","825,000","819,100",8300,1.01%,2025-06-09,1404/03/19,Monday,دوشنبه
3589,"819,400","819,150","827,500","827,400",7950,0.96%,2025-06-10,1404/03/20,Tuesday,سه‌شنبه
3590,"829,000","828,600","836,000","835,350",6650,0.8%,2025-06-11,1404/03/21,Wednesday,چهارشنبه
3591,"828,600","828,600","828,900","828,700",8100,0.98%,2025-06-24,1404/04/03,Tuesday,سه‌شنبه
3592,"829,900","829,600","840,000","836,800",8900,1.06%,2025-06-25,1404/04/04,Wednesday,چهارشنبه
3593,"835,900","835,600","847,000","845,700",35500,4.2%,2025-06-27,1404/04/06,Friday,جمعه
3594,"846,400","846,100","883,500","881,200",25750,2.92%,2025-06-28,1404/04/07,Saturday,شنبه
3595,"881,800","881,600","910,000","906,950",10250,1.13%,2025-06-29,1404/04/08,Sunday,یکشنبه
3596,"918,450","917,200","928,000","917,200",3300,0.36%,2025-06-30,1404/04/09,Monday,دوشنبه
3597,"917,400","902,100","917,400","913,900",2100,0.23%,2025-07-01,1404/04/10,Tuesday,سه‌شنبه
3598,"915,800","913,600","924,500","916,000",32300,3.66%,2025-07-02,1404/04/11,Wednesday,چهارشنبه
3599,"906,500","883,700","906,500","883,700",13300,1.53%,2025-07-06,1404/04/15,Sunday,یکشنبه
3600,"883,500","864,600","883,500","870,400",7900,0.91%,2025-07-07,1404/04/16,Monday,دوشنبه
3601,"870,700","870,700","882,000","878,300",4550,0.52%,2025-07-08,1404/04/17,Tuesday,سه‌شنبه
3602,"878,500","876,700","883,000","882,850",11950,1.37%,2025-07-09,1404/04/18,Wednesday,چهارشنبه
3603,"880,150","869,600","880,500","870,900",18100,2.08%,2025-07-11,1404/04/20,Friday,جمعه
3604,"871,600","871,600","891,400","889,000",5200,0.58%,2025-07-12,1404/04/21,Saturday,شنبه
3605,"891,000","890,900","901,000","894,200",9300,1.05%,2025-07-14,1404/04/23,Monday,دوشنبه
3606,"892,250","884,600","898,000","884,900",3500,0.4%,2025-07-15,1404/04/24,Tuesday,سه‌شنبه
3607,"888,500","885,100","888,500","887,400",11800,1.35%,2025-07-16,1404/04/25,Wednesday,چهارشنبه
3608,"887,000","875,400","887,000","875,600",8000,0.92%,2025-07-18,1404/04/27,Friday,جمعه
3609,"874,800","867,600","876,500","867,600",11350,1.31%,2025-07-19,1404/04/28,Saturday,شنبه
3610,"868,000","867,600","882,500","878,950",2150,0.24%,2025-07-20,1404/04/29,Sunday,یکشنبه
3611,"879,400","879,100","887,000","881,100",1200,0.14%,2025-07-21,1404/04/30,Monday,دوشنبه
3612,"882,200","879,600","883,000","879,900",4500,0.51%,2025-07-22,1404/04/31,Tuesday,سه‌شنبه
3613,"880,900","880,100","884,500","884,400",3900,0.44%,2025-07-23,1404/05/01,Wednesday,چهارشنبه
3614,"884,000","879,200","889,600","880,500",500,0.06%,2025-07-25,1404/05/03,Friday,جمعه
3615,"880,800","876,700","881,100","880,000",12050,1.37%,2025-07-26,1404/05/04,Saturday,شنبه
3616,"881,500","881,200","893,600","892,050",450,0.05%,2025-07-27,1404/05/05,Sunday,یکشنبه
3617,"892,350","891,700","895,600","892,500",3500,0.39%,2025-07-28,1404/05/06,Monday,دوشنبه
3618,"892,100","891,800","896,100","896,000",9600,1.07%,2025-07-29,1404/05/07,Tuesday,سه‌شنبه
3619,"896,100","895,700","908,850","905,600",6200,0.68%,2025-07-30,1404/05/08,Wednesday,چهارشنبه
3620,"905,400","904,700","912,600","911,800",12200,1.34%,2025-08-01,1404/05/10,Friday,جمعه
3621,"912,450","912,200","927,600","924,000",14000,1.52%,2025-08-02,1404/05/11,Saturday,شنبه
3622,"924,300","923,700","938,100","938,000",3900,0.42%,2025-08-03,1404/05/12,Sunday,یکشنبه
3623,"937,500","931,200","949,100","934,100",4500,0.48%,2025-08-04,1404/05/13,Monday,دوشنبه
3624,"933,050","928,200","935,050","929,600",4900,0.53%,2025-08-05,1404/05/14,Tuesday,سه‌شنبه
3625,"929,050","928,700","935,100","934,500",16200,1.76%,2025-08-06,1404/05/15,Wednesday,چهارشنبه
3626,"933,250","917,200","933,600","918,300",1700,0.19%,2025-08-09,1404/05/18,Saturday,شنبه
3627,"917,600","915,300","921,600","920,000",12750,1.39%,2025-08-10,1404/05/19,Sunday,یکشنبه
3628,"920,800","920,700","934,600","932,750",7850,0.85%,2025-08-11,1404/05/20,Monday,دوشنبه
3629,"930,500","924,200","930,600","924,900",11800,1.28%,2025-08-12,1404/05/21,Tuesday,سه‌شنبه
3630,"924,700","924,700","937,100","936,700",9100,0.98%,2025-08-13,1404/05/22,Wednesday,چهارشنبه
3631,"933,050","927,200","934,100","927,600",5300,0.57%,2025-08-16,1404/05/25,Saturday,شنبه
3632,"927,300","927,200","935,100","932,900",5600,0.6%,2025-08-17,1404/05/26,Sunday,یکشنبه
3633,"934,250","934,200","938,600","938,500",5050,0.54%,2025-08-18,1404/05/27,Monday,دوشنبه
3634,"938,050","932,700","938,100","933,450",4050,0.43%,2025-08-19,1404/05/28,Tuesday,سه‌شنبه
3635,"934,400","934,200","940,100","937,500",13100,1.4%,2025-08-20,1404/05/29,Wednesday,چهارشنبه
3636,"939,950","939,700","951,100","950,600",9600,1.02%,2025-08-21,1404/05/30,Thursday,پنج‌شنبه
3637,"935,600","933,700","942,100","941,000",17000,1.81%,2025-08-23,1404/06/01,Saturday,شنبه
3638,"947,700","947,700","959,100","958,000",8500,0.89%,2025-08-25,1404/06/03,Monday,دوشنبه
3639,"959,100","958,700","967,100","966,500",33500,3.47%,2025-08-26,1404/06/04,Tuesday,سه‌شنبه
3640,"999,950","976,350","1,004,500","1,000,000",11000,1.11%,2025-08-27,1404/06/05,Wednesday,چهارشنبه
3641,"1,000,000","999,500","1,002,000","989,000",37200,3.76%,2025-08-28,1404/06/06,Thursday,پنج‌شنبه
3642,"1,003,700","999,700","1,026,200","1,026,200",22100,2.15%,2025-08-30,1404/06/08,Saturday,شنبه
3643,"1,024,900","1,024,300","1,049,200","1,048,300",16300,1.58%,2025-08-31,1404/06/09,Sunday,یکشنبه
3644,"1,055,700","1,031,300","1,056,700","1,032,000",6300,0.61%,2025-09-02,1404/06/11,Tuesday,سه‌شنبه
3645,"1,032,700","1,023,800","1,032,700","1,025,700",11300,1.11%,2025-09-03,1404/06/12,Wednesday,چهارشنبه
3646,"1,023,900","1,014,300","1,024,200","1,014,400",15400,1.52%,2025-09-04,1404/06/13,Thursday,پنج‌شنبه
3647,"1,012,100","1,011,700","1,034,100","1,029,800",3000,0.29%,2025-09-06,1404/06/15,Saturday,شنبه
3648,"1,027,100","1,023,700","1,032,100","1,026,800",15800,1.56%,2025-09-07,1404/06/16,Sunday,یکشنبه
3649,"1,025,700","1,010,700","1,026,600","1,011,000",2700,0.27%,2025-09-08,1404/06/17,Monday,دوشنبه
3650,"1,005,950","1,000,000","999,950","1,008,300",15300,1.54%,2025-09-09,1404/06/18,Tuesday,سه‌شنبه
3651,"990,250","990,200","996,600","993,000",16150,1.65%,2025-09-11,1404/06/20,Thursday,پنج‌شنبه
3652,"992,000","975,700","992,100","976,850",2950,0.3%,2025-09-13,1404/06/22,Saturday,شنبه
3653,"978,100","977,700","988,100","979,800",12750,1.3%,2025-09-14,1404/06/23,Sunday,یکشنبه
3654,"981,000","980,700","998,100","992,550",3900,0.39%,2025-09-15,1404/06/24,Monday,دوشنبه
3655,"992,000","1,000,000","999,950","996,450",4100,0.41%,2025-09-16,1404/06/25,Tuesday,سه‌شنبه
3656,"996,000","1,000,000","999,950","992,350",3900,0.39%,2025-09-17,1404/06/26,Wednesday,چهارشنبه
3657,"992,700","987,200","993,100","988,450",37650,3.81%,2025-09-18,1404/06/27,Thursday,پنج‌شنبه
3658,"1,006,100","1,005,700","1,033,100","1,026,100",32500,3.17%,2025-09-20,1404/06/29,Saturday,شنبه
3659,"1,027,100","1,026,700","1,058,600","1,058,600",18600,1.79%,2025-09-21,1404/06/30,Sunday,یکشنبه
3660,"1,063,100","1,037,200","1,063,100","1,040,000",5100,0.49%,2025-09-22,1404/06/31,Monday,دوشنبه
3661,"1,041,100","1,025,200","1,042,100","1,034,900",37150,3.59%,2025-09-23,1404/07/01,Tuesday,سه‌شنبه
3662,"1,047,200","1,047,200","1,075,700","1,072,050",10850,1.01%,2025-09-24,1404/07/02,Wednesday,چهارشنبه
3663,"1,072,850","1,072,300","1,085,700","1,082,900",18300,1.69%,2025-09-25,1404/07/03,Thursday,پنج‌شنبه
3664,"1,084,150","1,082,800","1,122,200","1,101,200",4000,0.36%,2025-09-27,1404/07/05,Saturday,شنبه
3665,"1,103,100","1,095,800","1,105,200","1,105,200",15200,1.38%,2025-09-28,1404/07/06,Sunday,یکشنبه
3666,"1,111,450","1,097,800","1,120,700","1,120,400",20900,1.87%,2025-09-29,1404/07/07,Monday,دوشنبه
3667,"1,120,600","1,120,300","1,141,700","1,141,300",13100,1.15%,2025-09-30,1404/07/08,Tuesday,سه‌شنبه
3668,"1,138,700","1,138,300","1,165,700","1,154,400",24200,2.1%,2025-10-01,1404/07/09,Wednesday,چهارشنبه
3669,"1,158,700","1,158,300","1,180,700","1,178,600",24800,2.15%,2025-10-02,1404/07/10,Thursday,پنج‌شنبه
3670,"1,170,550","1,148,300","1,170,700","1,153,800",15100,1.33%,2025-10-04,1404/07/12,Saturday,شنبه
3671,"1,151,300","1,138,300","1,153,700","1,138,700",27100,2.44%,2025-10-05,1404/07/13,Sunday,یکشنبه
3672,"1,133,400","1,111,300","1,133,700","1,111,600",28100,2.53%,2025-10-06,1404/07/14,Monday,دوشنبه
3673,"1,110,700","1,106,800","1,141,200","1,139,700",17200,1.51%,2025-10-07,1404/07/15,Tuesday,سه‌شنبه
3674,"1,138,300","1,138,300","1,164,200","1,156,900",24050,2.12%,2025-10-08,1404/07/16,Wednesday,چهارشنبه
3675,"1,156,150","1,129,800","1,156,200","1,132,850",5850,0.52%,2025-10-09,1404/07/17,Thursday,پنج‌شنبه
3676,"1,124,300","1,124,300","1,149,200","1,127,000",5600,0.5%,2025-10-11,1404/07/19,Saturday,شنبه
3677,"1,123,850","1,112,800","1,128,200","1,121,400",9400,0.85%,2025-10-12,1404/07/20,Sunday,یکشنبه
3678,"1,118,800","1,110,300","1,126,700","1,112,000",23100,2.12%,2025-10-13,1404/07/21,Monday,دوشنبه
3679,"1,105,800","1,085,300","1,106,200","1,088,900",6900,0.63%,2025-10-14,1404/07/22,Tuesday,سه‌شنبه
3680,"1,086,700","1,086,300","1,101,700","1,095,800",6700,0.61%,2025-10-15,1404/07/23,Wednesday,چهارشنبه
3681,"1,098,100","1,097,800","1,114,200","1,102,500",37500,3.52%,2025-10-16,1404/07/24,Thursday,پنج‌شنبه
3682,"1,100,700","1,060,800","1,100,700","1,065,000",18400,1.73%,2025-10-18,1404/07/26,Saturday,شنبه
3683,"1,073,050","1,072,800","1,091,200","1,083,400",19300,1.81%,2025-10-19,1404/07/27,Sunday,یکشنبه
3684,"1,086,600","1,063,800","1,099,200","1,064,100",24800,2.33%,2025-10-20,1404/07/28,Monday,دوشنبه
3685,"1,063,600","1,059,800","1,091,200","1,088,900",13300,1.24%,2025-10-21,1404/07/29,Tuesday,سه‌شنبه
3686,"1,078,200","1,072,300","1,079,700","1,075,600",9200,0.86%,2025-10-22,1404/07/30,Wednesday,چهارشنبه
3687,"1,078,450","1,078,300","1,094,200","1,084,800",14600,1.36%,2025-10-23,1404/08/01,Thursday,پنج‌شنبه
3688,"1,071,200","1,066,800","1,077,200","1,070,200",8200,0.77%,2025-10-25,1404/08/03,Saturday,شنبه
3689,"1,068,850","1,068,800","1,087,200","1,078,400",1400,0.13%,2025-10-26,1404/08/04,Sunday,یکشنبه
3690,"1,079,150","1,077,300","1,086,200","1,079,800",10500,0.98%,2025-10-27,1404/08/05,Monday,دوشنبه
3691,"1,078,550","1,069,300","1,083,200","1,069,300",200,0.02%,2025-10-28,1404/08/06,Tuesday,سه‌شنبه
3692,"1,069,050","1,066,800","1,074,700","1,069,100",3900,0.36%,2025-10-29,1404/08/07,Wednesday,چهارشنبه
3693,"1,071,300","1,071,300","1,076,700","1,073,000",15700,1.46%,2025-10-30,1404/08/08,Thursday,پنج‌شنبه
3694,"1,073,800","1,073,800","1,089,200","1,088,700",5500,0.51%,2025-11-01,1404/08/10,Saturday,شنبه
3695,"1,087,200","1,082,300","1,088,700","1,083,200",3500,0.32%,2025-11-02,1404/08/11,Sunday,یکشنبه
3696,"1,087,850","1,074,800","1,088,200","1,079,700",2450,0.23%,2025-11-03,1404/08/12,Monday,دوشنبه
3697,"1,079,300","1,079,300","1,085,200","1,082,150",3550,0.33%,2025-11-04,1404/08/13,Tuesday,سه‌شنبه
3698,"1,082,100","1,077,800","1,083,200","1,078,600",200,0.02%,2025-11-05,1404/08/14,Wednesday,چهارشنبه
3699,"1,078,700","1,076,300","1,079,200","1,078,400",350,0.03%,2025-11-06,1404/08/15,Thursday,پنج‌شنبه
3700,"1,079,200","1,075,300","1,080,200","1,078,050",550,0.05%,2025-11-08,1404/08/17,Saturday,شنبه
3701,"1,077,450","1,077,300","1,079,700","1,078,600",1900,0.18%,2025-11-09,1404/08/18,Sunday,یکشنبه
3702,"1,078,500","1,075,800","1,078,700","1,076,700",21700,2.02%,2025-11-10,1404/08/19,Monday,دوشنبه
3703,"1,076,400","1,076,300","1,098,700","1,098,400",27700,2.52%,2025-11-11,1404/08/20,Tuesday,سه‌شنبه
3704,"1,102,100","1,101,800","1,128,200","1,126,100",800,0.07%,2025-11-12,1404/08/21,Wednesday,چهارشنبه
3705,"1,125,400","1,124,800","1,136,200","1,125,300",3000,0.27%,2025-11-13,1404/08/22,Thursday,پنج‌شنبه
3706,"1,121,000","1,120,800","1,138,200","1,128,300",6400,0.57%,2025-11-15,1404/08/24,Saturday,شنبه
3707,"1,130,200","1,119,300","1,132,200","1,121,900",3050,0.27%,2025-11-16,1404/08/25,Sunday,یکشنبه
3708,"1,123,200","1,121,600","1,126,500","1,124,950",550,0.05%,2025-11-17,1404/08/26,Monday,دوشنبه
3709,"1,124,900","1,122,100","1,128,500","1,125,500",8100,0.72%,2025-11-18,1404/08/27,Tuesday,سه‌شنبه
3710,"1,126,700","1,117,600","1,134,500","1,133,600",1600,0.14%,2025-11-19,1404/08/28,Wednesday,چهارشنبه
3711,"1,134,750","1,132,800","1,141,500","1,135,200",6100,0.54%,2025-11-20,1404/08/29,Thursday,پنج‌شنبه
3712,"1,135,100","1,127,800","1,135,200","1,129,100",8500,0.75%,2025-11-22,1404/09/01,Saturday,شنبه
3713,"1,127,350","1,125,800","1,138,200","1,137,600",3000,0.26%,2025-11-23,1404/09/02,Sunday,یکشنبه
3714,"1,133,150","1,127,800","1,138,200","1,134,600",1800,0.16%,2025-11-25,1404/09/04,Tuesday,سه‌شنبه
3715,"1,134,500","1,131,800","1,139,200","1,136,400",5300,0.47%,2025-11-26,1404/09/05,Wednesday,چهارشنبه
3716,"1,136,150","1,135,800","1,144,200","1,141,700",16900,1.48%,2025-11-27,1404/09/06,Thursday,پنج‌شنبه
3717,"1,140,000","1,139,800","1,158,700","1,158,600",15200,1.31%,2025-11-29,1404/09/08,Saturday,شنبه
3718,"1,159,700","1,159,300","1,174,200","1,173,800",15950,1.36%,2025-11-30,1404/09/09,Sunday,یکشنبه
3719,"1,176,600","1,176,300","1,193,550","1,189,750",2800,0.24%,2025-12-01,1404/09/10,Monday,دوشنبه
3720,"1,191,050","1,178,150","1,191,050","1,186,950",17600,1.48%,2025-12-02,1404/09/11,Tuesday,سه‌شنبه
3721,"1,190,450","1,190,150","1,209,050","1,204,550",7500,0.63%,2025-12-03,1404/09/12,Wednesday,چهارشنبه
3722,"1,203,250","1,195,150","1,206,050","1,197,050",22900,1.91%,2025-12-04,1404/09/13,Thursday,پنج‌شنبه
3723,"1,197,250","1,197,150","1,222,050","1,219,950",20100,1.65%,2025-12-06,1404/09/15,Saturday,شنبه
3724,"1,221,250","1,221,150","1,240,050","1,240,050",22750,1.83%,2025-12-07,1404/09/16,Sunday,یکشنبه
3725,"1,240,450","1,240,150","1,263,050","1,262,800",14100,1.13%,2025-12-08,1404/09/17,Monday,دوشنبه
3726,"1,259,750","1,243,100","1,266,550","1,248,700",600,0.05%,2025-12-09,1404/09/18,Tuesday,سه‌شنبه
3727,"1,249,800","1,241,100","1,251,000","1,249,300",8200,0.66%,2025-12-10,1404/09/19,Wednesday,چهارشنبه
3728,"1,246,800","1,238,600","1,258,000","1,257,500",32400,2.58%,2025-12-11,1404/09/20,Thursday,پنج‌شنبه
3729,"1,276,850","1,265,600","1,291,000","1,289,900",7000,0.54%,2025-12-13,1404/09/22,Saturday,شنبه
3730,"1,285,650","1,275,100","1,298,000","1,296,900",6700,0.52%,2025-12-14,1404/09/23,Sunday,یکشنبه
3731,"1,299,700","1,299,700","1,317,000","1,303,600",4900,0.38%,2025-12-15,1404/09/24,Monday,دوشنبه
3732,"1,303,100","1,292,100","1,303,500","1,298,700",22000,1.69%,2025-12-16,1404/09/25,Tuesday,سه‌شنبه
3733,"1,300,600","1,300,600","1,321,000","1,320,700",4400,0.33%,2025-12-17,1404/09/26,Wednesday,چهارشنبه
3734,"1,321,900","1,316,100","1,322,000","1,316,300",5700,0.43%,2025-12-18,1404/09/27,Thursday,پنج‌شنبه
3735,"1,309,950","1,309,600","1,329,000","1,322,000",9750,0.74%,2025-12-20,1404/09/29,Saturday,شنبه
3736,"1,320,500","1,298,100","1,320,500","1,312,250",17250,1.31%,2025-12-21,1404/09/30,Sunday,یکشنبه
3737,"1,310,250","1,299,600","1,329,500","1,329,500",18000,1.35%,2025-12-22,1404/10/01,Monday,دوشنبه
3738,"1,319,650","1,319,650","1,347,500","1,347,500",6400,0.47%,2025-12-23,1404/10/02,Tuesday,سه‌شنبه
3739,"1,346,850","1,340,600","1,362,000","1,353,900",10000,0.74%,2025-12-24,1404/10/03,Wednesday,چهارشنبه
3740,"1,356,000","1,337,600","1,356,000","1,343,900",44400,3.3%,2025-12-25,1404/10/04,Thursday,پنج‌شنبه
3741,"1,344,150","1,344,100","1,388,500","1,388,300",30800,2.22%,2025-12-27,1404/10/06,Saturday,شنبه
3742,"1,394,950","1,394,600","1,445,000","1,419,100",41900,3.04%,2025-12-28,1404/10/07,Sunday,یکشنبه
3743,"1,417,500","1,375,800","1,417,600","1,377,200",18500,1.34%,2025-12-29,1404/10/08,Monday,دوشنبه
3744,"1,369,850","1,369,800","1,397,000","1,395,700",40050,2.95%,2025-12-30,1404/10/09,Tuesday,سه‌شنبه
3745,"1,397,500","1,355,400","1,397,500","1,355,650",1150,0.08%,2025-12-31,1404/10/10,Wednesday,چهارشنبه
3746,"1,352,050","1,340,400","1,356,800","1,356,800",22600,1.67%,2026-01-01,1404/10/11,Thursday,پنج‌شنبه
3747,"1,370,400","1,367,400","1,384,800","1,379,400",58200,4.22%,2026-01-04,1404/10/14,Sunday,یکشنبه
3748,"1,377,700","1,377,400","1,438,800","1,437,600",32550,2.26%,2026-01-05,1404/10/15,Monday,دوشنبه
3749,"1,441,500","1,441,400","1,474,400","1,470,150",5050,0.34%,2026-01-06,1404/10/16,Tuesday,سه‌شنبه
3750,"1,470,300","1,454,600","1,479,400","1,475,200",14800,1.01%,2026-01-07,1404/10/17,Wednesday,چهارشنبه
3751,"1,468,050","1,454,000","1,471,400","1,460,400",5400,0.37%,2026-01-08,1404/10/18,Thursday,پنج‌شنبه
3752,"1,455,000","1,455,000","1,455,400","1,455,000",400,0.03%,2026-01-10,1404/10/20,Saturday,شنبه
3753,"1,455,050","1,455,000","1,455,400","1,455,400",300,0.02%,2026-01-11,1404/10/21,Sunday,یکشنبه
3754,"1,455,250","1,455,000","1,455,400","1,455,100",300,0.02%,2026-01-12,1404/10/22,Monday,دوشنبه
3755,"1,455,350","1,455,000","1,455,400","1,455,400",300,0.02%,2026-01-13,1404/10/23,Tuesday,سه‌شنبه
3756,"1,455,350","1,455,000","1,455,400","1,455,100",-,-,2026-01-14,1404/10/24,Wednesday,چهارشنبه
3757,"1,455,250","1,455,000","1,455,400","1,455,100",-,-,2026-01-15,1404/10/25,Thursday,پنج‌شنبه
3758,"1,455,050","1,455,000","1,455,400","1,455,100",200,0.01%,2026-01-17,1404/10/27,Saturday,شنبه
3759,"1,455,200","1,455,000","1,455,400","1,455,300",300,0.02%,2026-01-18,1404/10/28,Sunday,یکشنبه
3760,"1,455,350","1,455,000","1,455,400","1,455,000",400,0.03%,2026-01-19,1404/10/29,Monday,دوشنبه
3761,"1,455,050","1,455,000","1,455,400","1,455,400",150,0.01%,2026-01-20,1404/10/30,Tuesday,سه‌شنبه
3762,"1,455,000","1,455,000","1,455,400","1,455,250",52250,3.72%,2026-01-21,1404/11/01,Wednesday,چهارشنبه
3763,"1,455,100","1,403,000","1,455,400","1,403,000",7000,0.5%,2026-01-22,1404/11/02,Thursday,پنج‌شنبه
3764,"1,455,300","1,410,000","1,455,400","1,410,000",11740,0.83%,2026-01-24,1404/11/04,Saturday,شنبه
3765,"1,410,100","1,410,000","1,426,200","1,421,740",42910,3.02%,2026-01-25,1404/11/05,Sunday,یکشنبه
3766,"1,421,640","1,400,340","1,464,700","1,464,650",52950,3.62%,2026-01-26,1404/11/06,Monday,دوشنبه
3767,"1,465,700","1,465,300","1,517,700","1,517,600",78000,5.14%,2026-01-27,1404/11/07,Tuesday,سه‌شنبه
3768,"1,527,400","1,527,300","1,596,700","1,595,600",11200,0.71%,2026-01-28,1404/11/08,Wednesday,چهارشنبه
3769,"1,609,450","1,564,300","1,649,700","1,584,400",45200,2.85%,2026-01-29,1404/11/09,Thursday,پنج‌شنبه
3770,"1,599,650","1,582,300","1,649,700","1,629,600",40050,2.52%,2026-01-31,1404/11/11,Saturday,شنبه
3771,"1,624,300","1,574,300","1,624,700","1,589,550",45150,2.92%,2026-02-01,1404/11/12,Sunday,یکشنبه
3772,"1,586,600","1,532,300","1,586,700","1,544,400",24100,1.56%,2026-02-02,1404/11/13,Monday,دوشنبه
3773,"1,544,650","1,534,300","1,571,700","1,568,500",53900,3.44%,2026-02-03,1404/11/14,Tuesday,سه‌شنبه
3774,"1,609,350","1,572,300","1,624,700","1,622,400",57700,3.69%,2026-02-05,1404/11/16,Thursday,پنج‌شنبه
3775,"1,619,350","1,564,300","1,619,700","1,564,700",24800,1.58%,2026-02-07,1404/11/18,Saturday,شنبه
3776,"1,554,450","1,554,300","1,591,700","1,589,500",22800,1.43%,2026-02-08,1404/11/19,Sunday,یکشنبه
3777,"1,592,600","1,592,300","1,617,700","1,612,300",20100,1.25%,2026-02-09,1404/11/20,Monday,دوشنبه
3778,"1,613,600","1,613,300","1,637,700","1,632,400",6900,0.42%,2026-02-10,1404/11/21,Tuesday,سه‌شنبه
3779,"1,624,550","1,617,300","1,627,700","1,625,500",41600,2.63%,2026-02-12,1404/11/23,Thursday,پنج‌شنبه
3780,"1,621,350","1,583,800","1,621,700","1,583,900",13400,0.85%,2026-02-14,1404/11/25,Saturday,شنبه
3781,"1,586,600","1,586,300","1,603,700","1,597,300",2300,0.14%,2026-02-15,1404/11/26,Sunday,یکشنبه
3782,"1,598,550","1,591,300","1,603,700","1,599,600",9000,0.56%,2026-02-16,1404/11/27,Monday,دوشنبه
3783,"1,599,900","1,599,800","1,629,700","1,608,600",14750,0.92%,2026-02-17,1404/11/28,Tuesday,سه‌شنبه
3784,"1,610,300","1,610,300","1,629,700","1,623,350",13050,0.8%,2026-02-18,1404/11/29,Wednesday,چهارشنبه
3785,"1,627,300","1,627,300","1,637,700","1,636,400",9300,0.57%,2026-02-19,1404/11/30,Thursday,پنج‌شنبه
3786,"1,634,350","1,634,300","1,650,700","1,645,700",13050,0.8%,2026-02-21,1404/12/02,Saturday,شنبه
3787,"1,641,650","1,632,300","1,645,700","1,632,650",2050,0.13%,2026-02-22,1404/12/03,Sunday,یکشنبه
3788,"1,632,300","1,623,300","1,634,700","1,634,700",4750,0.29%,2026-02-23,1404/12/04,Monday,دوشنبه
3789,"1,630,700","1,630,300","1,642,700","1,639,450",11850,0.72%,2026-02-24,1404/12/05,Tuesday,سه‌شنبه
3790,"1,640,600","1,640,300","1,658,700","1,651,300",2400,0.15%,2026-02-25,1404/12/06,Wednesday,چهارشنبه
3791,"1,651,550","1,650,300","1,656,700","1,653,700",9900,0.6%,2026-02-26,1404/12/07,Thursday,پنج‌شنبه
3792,"1,663,350","1,663,300","1,663,700","1,663,600",100,0.01%,2026-02-28,1404/12/09,Saturday,شنبه
3793,"1,663,550","1,663,300","1,663,700","1,663,700",300,0.02%,2026-03-01,1404/12/10,Sunday,یکشنبه
3794,"1,663,450","1,663,300","1,663,700","1,663,400",150,0.01%,2026-03-02,1404/12/11,Monday,دوشنبه
3795,"1,663,300","1,663,300","1,663,700","1,663,550",150,0.01%,2026-03-03,1404/12/12,Tuesday,سه‌شنبه
3796,"1,663,600","1,663,300","1,663,700","1,663,700",400,0.02%,2026-03-04,1404/12/13,Wednesday,چهارشنبه
3797,"1,663,550","1,663,300","1,663,700","1,663,300",400,0.02%,2026-03-05,1404/12/14,Thursday,پنج‌شنبه
3798,"1,663,600","1,663,300","1,663,700","1,663,700",200,0.01%,2026-03-07,1404/12/16,Saturday,شنبه
3799,"1,663,550","1,663,300","1,663,700","1,663,500",-,-,2026-03-08,1404/12/17,Sunday,یکشنبه
3800,"1,663,700","1,663,300","1,663,700","1,663,500",200,0.01%,2026-03-09,1404/12/18,Monday,دوشنبه
3801,"1,663,300","1,663,300","1,663,700","1,663,700",200,0.01%,2026-03-10,1404/12/19,Tuesday,سه‌شنبه
3802,"1,663,300","1,663,300","1,663,700","1,663,500",100,0.01%,2026-03-11,1404/12/20,Wednesday,چهارشنبه
3803,"1,663,700","1,663,300","1,663,700","1,663,600",-,-,2026-03-12,1404/12/21,Thursday,پنج‌شنبه
3804,"1,663,300","1,663,300","1,663,700","1,663,600",193600,13.17%,2026-03-14,1404/12/23,Saturday,شنبه
3805,"1,470,000","1,470,000","1,470,000","1,470,000",33000,2.3%,2026-03-15,1404/12/24,Sunday,یکشنبه
3806,"1,663,400","1,437,000","1,663,700","1,437,000",14200,0.99%,2026-03-16,1404/12/25,Monday,دوشنبه
3807,"1,434,000","1,434,000","1,451,200","1,451,200",112700,7.77%,2026-03-17,1404/12/26,Tuesday,سه‌شنبه
3808,"1,518,400","1,518,400","1,563,900","1,563,900",28900,1.85%,2026-03-18,1404/12/27,Wednesday,چهارشنبه
3809,"1,566,000","1,566,000","1,592,800","1,592,800",5000,0.31%,2026-03-19,1404/12/28,Thursday,پنج‌شنبه
3810,"1,551,600","1,546,500","1,600,000","1,587,800",10100,0.64%,2026-03-23,1405/01/03,Monday,دوشنبه
3811,"1,469,950","1,469,800","1,578,000","1,577,700",400,0.03%,2026-03-24,1405/01/04,Tuesday,سه‌شنبه
3812,"1,577,600","1,577,200","1,578,000","1,577,300",8500,0.54%,2026-03-25,1405/01/05,Wednesday,چهارشنبه
3813,"1,577,500","1,577,200","1,585,800","1,585,800",-,-,2026-03-26,1405/01/06,Thursday,پنج‌شنبه
3814,"1,585,700","1,585,400","1,585,800","1,585,800",200,0.01%,2026-03-28,1405/01/08,Saturday,شنبه
3815,"1,585,400","1,585,400","1,585,800","1,585,600",100,0.01%,2026-03-29,1405/01/09,Sunday,یکشنبه
3816,"1,585,500","1,585,400","1,585,800","1,585,500",250,0.02%,2026-03-30,1405/01/10,Monday,دوشنبه
3817,"1,585,800","1,585,400","1,585,800","1,585,750",50,-,2026-03-31,1405/01/11,Tuesday,سه‌شنبه
3818,"1,585,800","1,585,400","1,585,800","1,585,700",100,0.01%,2026-04-01,1405/01/12,Wednesday,چهارشنبه
3819,"1,585,550","1,585,400","1,585,800","1,585,600",100,0.01%,2026-04-02,1405/01/13,Thursday,پنج‌شنبه
3820,"1,585,800","1,585,400","1,585,800","1,585,700",15700,1%,2026-04-04,1405/01/15,Saturday,شنبه
3821,"1,585,600","1,469,800","1,585,800","1,570,000",35000,2.23%,2026-04-05,1405/01/16,Sunday,یکشنبه
3822,"1,605,000","1,605,000","1,605,000","1,605,000",61600,3.99%,2026-04-07,1405/01/18,Tuesday,سه‌شنبه
3823,"1,569,900","1,533,100","1,570,200","1,543,400",21500,1.39%,2026-04-08,1405/01/19,Wednesday,چهارشنبه
3824,"1,543,200","1,539,100","1,570,200","1,564,900",28800,1.87%,2026-04-09,1405/01/20,Thursday,پنج‌شنبه
3825,"1,565,000","1,536,000","1,565,200","1,536,100",29600,1.93%,2026-04-11,1405/01/22,Saturday,شنبه
3826,"1,536,000","1,536,000","1,570,200","1,565,700",25400,1.62%,2026-04-12,1405/01/23,Sunday,یکشنبه
3827,"1,565,600","1,565,400","1,591,200","1,591,100",-,-,2026-04-13,1405/01/24,Monday,دوشنبه
3828,"1,590,800","1,590,800","1,591,200","1,591,100",66300,4.35%,2026-04-14,1405/01/25,Tuesday,سه‌شنبه
3829,"1,590,800","1,524,800","1,591,200","1,524,800",3600,0.24%,2026-04-15,1405/01/26,Wednesday,چهارشنبه
3830,"1,525,200","1,520,800","1,525,200","1,521,200",44400,3.01%,2026-04-16,1405/01/27,Thursday,پنج‌شنبه
3831,"1,520,900","1,471,800","1,521,200","1,476,800",13400,0.91%,2026-04-18,1405/01/29,Saturday,شنبه
3832,"1,476,400","1,476,400","1,538,200","1,490,200",21700,1.46%,2026-04-19,1405/01/30,Sunday,یکشنبه
3833,"1,490,000","1,489,800","1,535,200","1,511,900",13300,0.88%,2026-04-20,1405/01/31,Monday,دوشنبه
3834,"1,512,200","1,511,800","1,525,200","1,525,200",27000,1.77%,2026-04-21,1405/02/01,Tuesday,سه‌شنبه
3835,"1,525,100","1,524,800","1,560,200","1,552,200",2300,0.15%,2026-04-22,1405/02/02,Wednesday,چهارشنبه
3836,"1,552,100","1,544,800","1,552,200","1,549,900",10100,0.65%,2026-04-23,1405/02/03,Thursday,پنج‌شنبه
3837,"1,550,000","1,537,800","1,562,200","1,560,000",4950,0.32%,2026-04-25,1405/02/05,Saturday,شنبه
3838,"1,574,200","1,564,800","1,574,200","1,564,950",23950,1.53%,2026-04-26,1405/02/06,Sunday,یکشنبه
3839,"1,574,000","1,563,800","1,589,200","1,588,900",70000,4.41%,2026-04-27,1405/02/07,Monday,دوشنبه
3840,"1,594,200","1,593,800","1,669,200","1,658,900",95000,5.73%,2026-04-28,1405/02/08,Tuesday,سه‌شنبه
3841,"1,739,200","1,733,800","1,819,200","1,753,900",25200,1.44%,2026-04-29,1405/02/09,Wednesday,چهارشنبه
3842,"1,769,150","1,768,800","1,789,200","1,779,100",45000,2.53%,2026-04-30,1405/02/10,Thursday,پنج‌شنبه
3843,"1,808,900","1,808,800","1,839,200","1,824,100",40000,2.19%,2026-05-02,1405/02/12,Saturday,شنبه
3844,"1,869,200","1,863,800","1,874,200","1,864,100",69100,3.85%,2026-05-03,1405/02/13,Sunday,یکشنبه
3845,"1,879,050","1,795,000","1,904,200","1,795,000",18800,1.05%,2026-05-04,1405/02/14,Monday,دوشنبه
3846,"1,818,900","1,798,800","1,829,200","1,813,800",50000,2.83%,2026-05-05,1405/02/15,Tuesday,سه‌شنبه
3847,"1,789,200","1,743,800","1,794,200","1,763,800",9600,0.55%,2026-05-06,1405/02/16,Wednesday,چهارشنبه
3848,"1,743,850","1,738,800","1,754,200","1,754,200",24700,1.41%,2026-05-07,1405/02/17,Thursday,پنج‌شنبه
3849,"1,779,000","1,778,800","1,784,200","1,778,900",20100,1.14%,2026-05-09,1405/02/19,Saturday,شنبه
3850,"1,778,800","1,758,800","1,779,200","1,758,800",60250,3.43%,2026-05-10,1405/02/20,Sunday,یکشنبه
3851,"1,804,200","1,799,800","1,824,200","1,819,050",15050,0.83%,2026-05-11,1405/02/21,Monday,دوشنبه
3852,"1,813,900","1,798,800","1,824,200","1,804,000",15050,0.84%,2026-05-12,1405/02/22,Tuesday,سه‌شنبه
3853,"1,804,100","1,778,800","1,804,200","1,788,950",9950,0.56%,2026-05-13,1405/02/23,Wednesday,چهارشنبه
3854,"1,794,150","1,788,800","1,804,200","1,798,900",4900,0.27%,2026-05-14,1405/02/24,Thursday,پنج‌شنبه
3855,"1,803,900","1,793,800","1,814,200","1,794,000",19900,1.11%,2026-05-16,1405/02/26,Saturday,شنبه
3856,"1,799,050","1,798,800","1,829,200","1,813,900",14700,0.82%,2026-05-17,1405/02/27,Sunday,یکشنبه
3857,"1,809,200","1,788,800","1,809,200","1,799,200",15200,0.85%,2026-05-18,1405/02/28,Monday,دوشنبه
3858,"1,794,200","1,771,850","1,794,200","1,784,000",15100,0.85%,2026-05-19,1405/02/29,Tuesday,سه‌شنبه
3859,"1,784,100","1,783,800","1,824,200","1,799,100",8300,0.46%,2026-05-20,1405/02/30,Wednesday,چهارشنبه
3860,"1,799,150","1,786,800","1,799,200","1,790,800",16600,0.94%,2026-05-21,1405/02/31,Thursday,پنج‌شنبه
3861,"1,792,100","1,773,850","1,794,200","1,774,200",75100,4.42%,2026-05-23,1405/03/02,Saturday,شنبه
3862,"1,767,200","1,683,800","1,767,200","1,699,100",40000,2.35%,2026-05-24,1405/03/03,Sunday,یکشنبه
3863,"1,723,950","1,723,800","1,754,200","1,739,100",15100,0.88%,2026-05-25,1405/03/04,Monday,دوشنبه
3864,"1,733,850","1,718,800","1,734,200","1,724,000",21000,1.22%,2026-05-26,1405/03/05,Tuesday,سه‌شنبه
3865,"1,723,950","1,723,800","1,745,200","1,745,000",40100,2.35%,2026-05-28,1405/03/07,Thursday,پنج‌شنبه
3866,"1,739,800","1,699,800","1,740,200","1,704,900",50,-,2026-05-30,1405/03/09,Saturday,شنبه
3867,"1,709,900","1,699,800","1,710,200","1,704,850",56950,3.34%,2026-05-31,1405/03/10,Sunday,یکشنبه
3868,"1,715,150","1,714,800","1,770,200","1,761,800",16600,0.95%,2026-06-01,1405/03/11,Monday,دوشنبه
3869,"1,744,950","1,739,800","1,755,200","1,745,200",1000,0.06%,2026-06-02,1405/03/12,Tuesday,سه‌شنبه
3870,"1,745,100","1,737,800","1,748,200","1,744,200",5700,0.33%,2026-06-03,1405/03/13,Wednesday,چهارشنبه
3871,"1,735,000","1,734,800","1,755,200","1,749,900",30200,1.73%,2026-06-06,1405/03/16,Saturday,شنبه
3872,"1,747,950","1,747,800","1,780,200","1,780,100",6100,0.34%,2026-06-07,1405/03/17,Sunday,یکشنبه
3873,"1,782,150","1,772,800","1,788,200","1,774,000",21000,1.2%,2026-06-08,1405/03/18,Monday,دوشنبه
3874,"1,769,800","1,751,800","1,770,200","1,753,000",32100,1.83%,2026-06-09,1405/03/19,Tuesday,سه‌شنبه
3875,"1,758,050","1,757,800","1,785,200","1,785,100",16700,0.94%,2026-06-10,1405/03/20,Wednesday,چهارشنبه
3876,"1,787,800","1,787,800","1,805,200","1,801,800",81700,4.75%,2026-06-11,1405/03/21,Thursday,پنج‌شنبه
3877,"1,810,050","1,719,800","1,810,200","1,720,100",8050,0.47%,2026-06-13,1405/03/23,Saturday,شنبه
3878,"1,699,900","1,689,800","1,720,200","1,712,050",96950,6%,2026-06-14,1405/03/24,Sunday,یکشنبه
3879,"1,710,000","1,614,800","1,710,200","1,615,100",65100,4.2%,2026-06-15,1405/03/25,Monday,دوشنبه
3880,"1,604,900","1,549,800","1,605,200","1,550,000",45000,2.9%,2026-06-16,1405/03/26,Tuesday,سه‌شنبه
3881,"1,535,050","1,534,800","1,610,150","1,595,000",30000,1.92%,2026-06-17,1405/03/27,Wednesday,چهارشنبه
3882,"1,564,850","1,564,800","1,575,200","1,565,000",43000,2.75%,2026-06-18,1405/03/28,Thursday,پنج‌شنبه
3883,"1,614,850","1,607,800","1,635,200","1,608,000",12000,0.75%,2026-06-20,1405/03/30,Saturday,شنبه
3884,"1,602,950","1,589,800","1,603,200","1,596,000",16000,1.01%,2026-06-21,1405/03/31,Sunday,یکشنبه
3885,"1,602,900","1,574,800","1,605,200","1,580,000",35000,2.22%,2026-06-22,1405/04/01,Monday,دوشنبه
3886,"1,579,850","1,579,800","1,620,200","1,615,000",53150,3.29%,2026-06-23,1405/04/02,Tuesday,سه‌شنبه
3887,"1,662,850","1,662,800","1,680,200","1,668,150",58750,3.52%,2026-06-27,1405/04/06,Saturday,شنبه
3888,"1,667,950","1,667,800","1,729,200","1,726,900",17900,1.05%,2026-06-28,1405/04/07,Sunday,یکشنبه
3889,"1,734,000","1,706,800","1,736,200","1,709,000",16000,0.94%,2026-06-29,1405/04/08,Monday,دوشنبه
3890,"1,716,950","1,706,800","1,727,200","1,725,000",18000,1.04%,2026-06-30,1405/04/09,Tuesday,سه‌شنبه
3891,"1,730,000","1,729,800","1,765,200","1,743,000",10950,0.63%,2026-07-01,1405/04/10,Wednesday,چهارشنبه
3892,"1,749,900","1,747,800","1,760,200","1,753,950",2050,0.12%,2026-07-02,1405/04/11,Thursday,پنج‌شنبه
3893,"1,746,100","1,745,800","1,758,200","1,756,000",1000,0.06%,2026-07-05,1405/04/14,Sunday,یکشنبه
3894,"1,755,950","1,751,800","1,760,280","1,757,000",9850,0.56%,2026-07-06,1405/04/15,Monday,دوشنبه
3895,"1,757,100","1,749,800","1,770,200","1,766,850",35100,1.99%,2026-07-07,1405/04/16,Tuesday,سه‌شنبه
3896,"1,759,850","1,759,800","1,812,200","1,801,950",14250,0.79%,2026-07-08,1405/04/17,Wednesday,چهارشنبه
3897,"1,801,000","1,800,800","1,826,200","1,816,200",34200,1.92%,2026-07-09,1405/04/18,Thursday,پنج‌شنبه
3898,"1,825,100","1,779,800","1,825,200","1,782,000",14000,0.79%,2026-07-11,1405/04/20,Saturday,شنبه
3899,"1,775,000","1,774,800","1,798,200","1,796,000",13850,0.77%,2026-07-12,1405/04/21,Sunday,یکشنبه
3900,"1,802,000","1,795,800","1,810,200","1,809,850",31250,1.73%,2026-07-13,1405/04/22,Monday,دوشنبه
3901,"1,813,150","1,812,800","1,846,200","1,841,100",40900,2.22%,2026-07-14,1405/04/23,Tuesday,سه‌شنبه
3902,"1,834,800","1,834,800","1,888,200","1,882,000",4000,0.21%,2026-07-15,1405/04/24,Wednesday,چهارشنبه
3903,"1,892,100","1,873,800","1,892,200","1,886,000",59000,3.13%,2026-07-16,1405/04/25,Thursday,پنج‌شنبه
3904,"1,912,900","1,912,800","1,945,200","1,945,000",15000,0.78%,2026-07-18,1405/04/27,Saturday,شنبه
3905,"1,950,000","1,923,800","1,950,200","1,930,000",53000,2.82%,2026-07-19,1405/04/28,Sunday,یکشنبه
3906,"1,905,000","1,874,800","1,905,200","1,877,000",26000,1.39%,2026-07-20,1405/04/29,Monday,دوشنبه
3907,"1,878,000","1,877,800","1,910,200","1,903,000",21050,1.11%,2026-07-21,1405/04/30,Tuesday,سه‌شنبه
3908,"1,900,850","1,900,800","1,926,200","1,924,050",7100,0.37%,2026-07-22,1405/04/31,Wednesday,چهارشنبه
3909,"1,917,950","1,917,800","1,932,200","1,931,150",34150,1.8%,2026-07-23,1405/05/01,Thursday,پنج‌شنبه
3910,"1,911,900","1,894,800","1,913,200","1,897,000",32000,1.72%,2026-07-25,1405/05/03,Saturday,شنبه
3911,"1,892,000","1,853,800","1,892,000","1,865,000",15000,0.8%,2026-07-26,1405/05/04,Sunday,یکشنبه
3912,"1,863,900","1,863,800","1,902,200","1,880,000",22000,1.17%,2026-07-27,1405/05/05,Monday,دوشنبه
3913,"1,870,000","1,869,800","1,912,200","1,902,000",33000,1.74%,2026-07-28,1405/05/06,Tuesday,سه‌شنبه
3914,"1,925,000","1,924,800","1,940,200","1,935,000",11000,0.57%,2026-07-29,1405/05/07,Wednesday,چهارشنبه
3915,"1,935,850","1,920,800","1,936,200","1,924,000",13000,0.68%,2026-07-30,1405/05/08,Thursday,پنج‌شنبه
3916,"1,928,200","1,927,800","1,945,200","1,937,000",27000,1.41%,2026-08-01,1405/05/10,Saturday,شنبه
3917,"1,911,050","1,907,800","1,940,000","1,910,000",27000,1.41%,2026-08-02,1405/05/11,Sunday,یکشنبه
