,Open,Low,High,Close,Change,ChangePercent,Date_Gregorian,Date_Jalali,weekday_en,weekday_fa
0,"1,911,050","1,907,800","1,940,000","1,910,000",27000,1.41%,2026-08-02,1405/05/11,Sunday,یکشنبه
1,"1,928,200","1,927,800","1,945,200","1,937,000",13000,0.68%,2026-08-01,1405/05/10,Saturday,شنبه
2,"1,935,850","1,920,800","1,936,200","1,924,000",11000,0.57%,2026-07-30,1405/05/08,Thursday,پنج‌شنبه
3,"1,925,000","1,924,800","1,940,200","1,935,000",33000,1.74%,2026-07-29,1405/05/07,Wednesday,چهارشنبه
4,"1,870,000","1,869,800","1,912,200","1,902,000",22000,1.17%,2026-07-28,1405/05/06,Tuesday,سه‌شنبه
5,"1,863,900","1,863,800","1,902,200","1,880,000",15000,0.8%,2026-07-27,1405/05/05,Monday,دوشنبه
6,"1,892,000","1,853,800","1,892,000","1,865,000",32000,1.72%,2026-07-26,1405/05/04,Sunday,یکشنبه
7,"1,911,900","1,894,800","1,913,200","1,897,000",34150,1.8%,2026-07-25,1405/05/03,Saturday,شنبه
8,"1,917,950","1,917,800","1,932,200","1,931,150",7100,0.37%,2026-07-23,1405/05/01,Thursday,پنج‌شنبه
9,"1,900,850","1,900,800","1,926,200","1,924,050",21050,1.11%,2026-07-22,1405/04/31,Wednesday,چهارشنبه
10,"1,878,000","1,877,800","1,910,200","1,903,000",26000,1.39%,2026-07-21,1405/04/30,Tuesday,سه‌شنبه
11,"1,905,000","1,874,800","1,905,200","1,877,000",53000,2.82%,2026-07-20,1405/04/29,Monday,دوشنبه
12,"1,950,000","1,923,800","1,950,200","1,930,000",15000,0.78%,2026-07-19,1405/04/28,Sunday,یکشنبه
13,"1,912,900","1,912,800","1,945,200","1,945,000",59000,3.13%,2026-07-18,1405/04/27,Saturday,شنبه
14,"1,892,100","1,873,800","1,892,200","1,886,000",4000,0.21%,2026-07-16,1405/04/25,Thursday,پنج‌شنبه
15,"1,834,800","1,834,800","1,888,200","1,882,000",40900,2.22%,2026-07-15,1405/04/24,Wednesday,چهارشنبه
16,"1,813,150","1,812,800","1,846,200","1,841,100",31250,1.73%,2026-07-14,1405/04/23,Tuesday,سه‌شنبه
17,"1,802,000","1,795,800","1,810,200","1,809,850",13850,0.77%,2026-07-13,1405/04/22,Monday,دوشنبه
18,"1,775,000","1,774,800","1,798,200","1,796,000",14000,0.79%,2026-07-12,1405/04/21,Sunday,یکشنبه
19,"1,825,100","1,779,800","1,825,200","1,782,000",34200,1.92%,2026-07-11,1405/04/20,Saturday,شنبه
20,"1,801,000","1,800,800","1,826,200","1,816,200",14250,0.79%,2026-07-09,1405/04/18,Thursday,پنج‌شنبه
21,"1,759,850","1,759,800","1,812,200","1,801,950",35100,1.99%,2026-07-08,1405/04/17,Wednesday,چهارشنبه
22,"1,757,100","1,749,800","1,770,200","1,766,850",9850,0.56%,2026-07-07,1405/04/16,Tuesday,سه‌شنبه
23,"1,755,950","1,751,800","1,760,280","1,757,000",1000,0.06%,2026-07-06,1405/04/15,Monday,دوشنبه
24,"1,746,100","1,745,800","1,758,200","1,756,000",2050,0.12%,2026-07-05,1405/04/14,Sunday,یکشنبه
25,"1,749,900","1,747,800","1,760,200","1,753,950",10950,0.63%,2026-07-02,1405/04/11,Thursday,پنج‌شنبه
26,"1,730,000","1,729,800","1,765,200","1,743,000",18000,1.04%,2026-07-01,1405/04/10,Wednesday,چهارشنبه
27,"1,716,950","1,706,800","1,727,200","1,725,000",16000,0.94%,2026-06-30,1405/04/09,Tuesday,سه‌شنبه
28,"1,734,000","1,706,800","1,736,200","1,709,000",17900,1.05%,2026-06-29,1405/04/08,Monday,دوشنبه
29,"1,667,950","1,667,800","1,729,200","1,726,900",58750,3.52%,2026-06-28,1405/04/07,Sunday,یکشنبه
30,"1,662,850","1,662,800","1,680,200","1,668,150",53150,3.29%,2026-06-27,1405/04/06,Saturday,شنبه
31,"1,579,850","1,579,800","1,620,200","1,615,000",35000,2.22%,2026-06-23,1405/04/02,Tuesday,سه‌شنبه
32,"1,602,900","1,574,800","1,605,200","1,580,000",16000,1.01%,2026-06-22,1405/04/01,Monday,دوشنبه
33,"1,602,950","1,589,800","1,603,200","1,596,000",12000,0.75%,2026-06-21,1405/03/31,Sunday,یکشنبه
34,"1,614,850","1,607,800","1,635,200","1,608,000",43000,2.75%,2026-06-20,1405/03/30,Saturday,شنبه
35,"1,564,850","1,564,800","1,575,200","1,565,000",30000,1.92%,2026-06-18,1405/03/28,Thursday,پنج‌شنبه
36,"1,535,050","1,534,800","1,610,150","1,595,000",45000,2.9%,2026-06-17,1405/03/27,Wednesday,چهارشنبه
37,"1,604,900","1,549,800","1,605,200","1,550,000",65100,4.2%,2026-06-16,1405/03/26,Tuesday,سه‌شنبه
38,"1,710,000","1,614,800","1,710,200","1,615,100",96950,6%,2026-06-15,1405/03/25,Monday,دوشنبه
39,"1,699,900","1,689,800","1,720,200","1,712,050",8050,0.47%,2026-06-14,1405/03/24,Sunday,یکشنبه
40,"1,810,050","1,719,800","1,810,200","1,720,100",81700,4.75%,2026-06-13,1405/03/23,Saturday,شنبه
41,"1,787,800","1,787,800","1,805,200","1,801,800",16700,0.94%,2026-06-11,1405/03/21,Thursday,پنج‌شنبه
42,"1,758,050","1,757,800","1,785,200","1,785,100",32100,1.83%,2026-06-10,1405/03/20,Wednesday,چهارشنبه
43,"1,769,800","1,751,800","1,770,200","1,753,000",21000,1.2%,2026-06-09,1405/03/19,Tuesday,سه‌شنبه
44,"1,782,150","1,772,800","1,788,200","1,774,000",6100,0.34%,2026-06-08,1405/03/18,Monday,دوشنبه
45,"1,747,950","1,747,800","1,780,200","1,780,100",30200,1.73%,2026-06-07,1405/03/17,Sunday,یکشنبه
46,"1,735,000","1,734,800","1,755,200","1,749,900",5700,0.33%,2026-06-06,1405/03/16,Saturday,شنبه
47,"1,745,100","1,737,800","1,748,200","1,744,200",1000,0.06%,2026-06-03,1405/03/13,Wednesday,چهارشنبه
48,"1,744,950","1,739,800","1,755,200","1,745,200",16600,0.95%,2026-06-02,1405/03/12,Tuesday,سه‌شنبه
49,"1,715,150","1,714,800","1,770,200","1,761,800",56950,3.34%,2026-06-01,1405/03/11,Monday,دوشنبه
50,"1,709,900","1,699,800","1,710,200","1,704,850",50,-,2026-05-31,1405/03/10,Sunday,یکشنبه
51,"1,739,800","1,699,800","1,740,200","1,704,900",40100,2.35%,2026-05-30,1405/03/09,Saturday,شنبه
52,"1,723,950","1,723,800","1,745,200","1,745,000",21000,1.22%,2026-05-28,1405/03/07,Thursday,پنج‌شنبه
53,"1,733,850","1,718,800","1,734,200","1,724,000",15100,0.88%,2026-05-26,1405/03/05,Tuesday,سه‌شنبه
54,"1,723,950","1,723,800","1,754,200","1,739,100",40000,2.35%,2026-05-25,1405/03/04,Monday,دوشنبه
55,"1,767,200","1,683,800","1,767,200","1,699,100",75100,4.42%,2026-05-24,1405/03/03,Sunday,یکشنبه
56,"1,792,100","1,773,850","1,794,200","1,774,200",16600,0.94%,2026-05-23,1405/03/02,Saturday,شنبه
57,"1,799,150","1,786,800","1,799,200","1,790,800",8300,0.46%,2026-05-21,1405/02/31,Thursday,پنج‌شنبه
58,"1,784,100","1,783,800","1,824,200","1,799,100",15100,0.85%,2026-05-20,1405/02/30,Wednesday,چهارشنبه
59,"1,794,200","1,771,850","1,794,200","1,784,000",15200,0.85%,2026-05-19,1405/02/29,Tuesday,سه‌شنبه
60,"1,809,200","1,788,800","1,809,200","1,799,200",14700,0.82%,2026-05-18,1405/02/28,Monday,دوشنبه
61,"1,799,050","1,798,800","1,829,200","1,813,900",19900,1.11%,2026-05-17,1405/02/27,Sunday,یکشنبه
62,"1,803,900","1,793,800","1,814,200","1,794,000",4900,0.27%,2026-05-16,1405/02/26,Saturday,شنبه
63,"1,794,150","1,788,800","1,804,200","1,798,900",9950,0.56%,2026-05-14,1405/02/24,Thursday,پنج‌شنبه
64,"1,804,100","1,778,800","1,804,200","1,788,950",15050,0.84%,2026-05-13,1405/02/23,Wednesday,چهارشنبه
65,"1,813,900","1,798,800","1,824,200","1,804,000",15050,0.83%,2026-05-12,1405/02/22,Tuesday,سه‌شنبه
66,"1,804,200","1,799,800","1,824,200","1,819,050",60250,3.43%,2026-05-11,1405/02/21,Monday,دوشنبه
67,"1,778,800","1,758,800","1,779,200","1,758,800",20100,1.14%,2026-05-10,1405/02/20,Sunday,یکشنبه
68,"1,779,000","1,778,800","1,784,200","1,778,900",24700,1.41%,2026-05-09,1405/02/19,Saturday,شنبه
69,"1,743,850","1,738,800","1,754,200","1,754,200",9600,0.55%,2026-05-07,1405/02/17,Thursday,پنج‌شنبه
70,"1,789,200","1,743,800","1,794,200","1,763,800",50000,2.83%,2026-05-06,1405/02/16,Wednesday,چهارشنبه
71,"1,818,900","1,798,800","1,829,200","1,813,800",18800,1.05%,2026-05-05,1405/02/15,Tuesday,سه‌شنبه
72,"1,879,050","1,795,000","1,904,200","1,795,000",69100,3.85%,2026-05-04,1405/02/14,Monday,دوشنبه
73,"1,869,200","1,863,800","1,874,200","1,864,100",40000,2.19%,2026-05-03,1405/02/13,Sunday,یکشنبه
74,"1,808,900","1,808,800","1,839,200","1,824,100",45000,2.53%,2026-05-02,1405/02/12,Saturday,شنبه
75,"1,769,150","1,768,800","1,789,200","1,779,100",25200,1.44%,2026-04-30,1405/02/10,Thursday,پنج‌شنبه
76,"1,739,200","1,733,800","1,819,200","1,753,900",95000,5.73%,2026-04-29,1405/02/09,Wednesday,چهارشنبه
77,"1,594,200","1,593,800","1,669,200","1,658,900",70000,4.41%,2026-04-28,1405/02/08,Tuesday,سه‌شنبه
78,"1,574,000","1,563,800","1,589,200","1,588,900",23950,1.53%,2026-04-27,1405/02/07,Monday,دوشنبه
79,"1,574,200","1,564,800","1,574,200","1,564,950",4950,0.32%,2026-04-26,1405/02/06,Sunday,یکشنبه
80,"1,550,000","1,537,800","1,562,200","1,560,000",10100,0.65%,2026-04-25,1405/02/05,Saturday,شنبه
81,"1,552,100","1,544,800","1,552,200","1,549,900",2300,0.15%,2026-04-23,1405/02/03,Thursday,پنج‌شنبه
82,"1,525,100","1,524,800","1,560,200","1,552,200",27000,1.77%,2026-04-22,1405/02/02,Wednesday,چهارشنبه
83,"1,512,200","1,511,800","1,525,200","1,525,200",13300,0.88%,2026-04-21,1405/02/01,Tuesday,سه‌شنبه
84,"1,490,000","1,489,800","1,535,200","1,511,900",21700,1.46%,2026-04-20,1405/01/31,Monday,دوشنبه
85,"1,476,400","1,476,400","1,538,200","1,490,200",13400,0.91%,2026-04-19,1405/01/30,Sunday,یکشنبه
86,"1,520,900","1,471,800","1,521,200","1,476,800",44400,3.01%,2026-04-18,1405/01/29,Saturday,شنبه
87,"1,525,200","1,520,800","1,525,200","1,521,200",3600,0.24%,2026-04-16,1405/01/27,Thursday,پنج‌شنبه
88,"1,590,800","1,524,800","1,591,200","1,524,800",66300,4.35%,2026-04-15,1405/01/26,Wednesday,چهارشنبه
89,"1,590,800","1,590,800","1,591,200","1,591,100",-,-,2026-04-14,1405/01/25,Tuesday,سه‌شنبه
90,"1,565,600","1,565,400","1,591,200","1,591,100",25400,1.62%,2026-04-13,1405/01/24,Monday,دوشنبه
91,"1,536,000","1,536,000","1,570,200","1,565,700",29600,1.93%,2026-04-12,1405/01/23,Sunday,یکشنبه
92,"1,565,000","1,536,000","1,565,200","1,536,100",28800,1.87%,2026-04-11,1405/01/22,Saturday,شنبه
93,"1,543,200","1,539,100","1,570,200","1,564,900",21500,1.39%,2026-04-09,1405/01/20,Thursday,پنج‌شنبه
94,"1,569,900","1,533,100","1,570,200","1,543,400",61600,3.99%,2026-04-08,1405/01/19,Wednesday,چهارشنبه
95,"1,605,000","1,605,000","1,605,000","1,605,000",35000,2.23%,2026-04-07,1405/01/18,Tuesday,سه‌شنبه
96,"1,585,600","1,469,800","1,585,800","1,570,000",15700,1%,2026-04-05,1405/01/16,Sunday,یکشنبه
97,"1,585,800","1,585,400","1,585,800","1,585,700",100,0.01%,2026-04-04,1405/01/15,Saturday,شنبه
98,"1,585,550","1,585,400","1,585,800","1,585,600",100,0.01%,2026-04-02,1405/01/13,Thursday,پنج‌شنبه
99,"1,585,800","1,585,400","1,585,800","1,585,700",50,-,2026-04-01,1405/01/12,Wednesday,چهارشنبه
100,"1,585,800","1,585,400","1,585,800","1,585,750",250,0.02%,2026-03-31,1405/01/11,Tuesday,سه‌شنبه
101,"1,585,500","1,585,400","1,585,800","1,585,500",100,0.01%,2026-03-30,1405/01/10,Monday,دوشنبه
102,"1,585,400","1,585,400","1,585,800","1,585,600",200,0.01%,2026-03-29,1405/01/09,Sunday,یکشنبه
103,"1,585,700","1,585,400","1,585,800","1,585,800",-,-,2026-03-28,1405/01/08,Saturday,شنبه
104,"1,577,500","1,577,200","1,585,800","1,585,800",8500,0.54%,2026-03-26,1405/01/06,Thursday,پنج‌شنبه
105,"1,577,600","1,577,200","1,578,000","1,577,300",400,0.03%,2026-03-25,1405/01/05,Wednesday,چهارشنبه
106,"1,469,950","1,469,800","1,578,000","1,577,700",10100,0.64%,2026-03-24,1405/01/04,Tuesday,سه‌شنبه
107,"1,551,600","1,546,500","1,600,000","1,587,800",5000,0.31%,2026-03-23,1405/01/03,Monday,دوشنبه
108,"1,566,000","1,566,000","1,592,800","1,592,800",28900,1.85%,2026-03-19,1404/12/28,Thursday,پنج‌شنبه
109,"1,518,400","1,518,400","1,563,900","1,563,900",112700,7.77%,2026-03-18,1404/12/27,Wednesday,چهارشنبه
110,"1,434,000","1,434,000","1,451,200","1,451,200",14200,0.99%,2026-03-17,1404/12/26,Tuesday,سه‌شنبه
111,"1,663,400","1,437,000","1,663,700","1,437,000",33000,2.3%,2026-03-16,1404/12/25,Monday,دوشنبه
112,"1,470,000","1,470,000","1,470,000","1,470,000",193600,13.17%,2026-03-15,1404/12/24,Sunday,یکشنبه
113,"1,663,300","1,663,300","1,663,700","1,663,600",-,-,2026-03-14,1404/12/23,Saturday,شنبه
114,"1,663,700","1,663,300","1,663,700","1,663,600",100,0.01%,2026-03-12,1404/12/21,Thursday,پنج‌شنبه
115,"1,663,300","1,663,300","1,663,700","1,663,500",200,0.01%,2026-03-11,1404/12/20,Wednesday,چهارشنبه
116,"1,663,300","1,663,300","1,663,700","1,663,700",200,0.01%,2026-03-10,1404/12/19,Tuesday,سه‌شنبه
117,"1,663,700","1,663,300","1,663,700","1,663,500",-,-,2026-03-09,1404/12/18,Monday,دوشنبه
118,"1,663,550","1,663,300","1,663,700","1,663,500",200,0.01%,2026-03-08,1404/12/17,Sunday,یکشنبه
119,"1,663,600","1,663,300","1,663,700","1,663,700",400,0.02%,2026-03-07,1404/12/16,Saturday,شنبه
120,"1,663,550","1,663,300","1,663,700","1,663,300",400,0.02%,2026-03-05,1404/12/14,Thursday,پنج‌شنبه
121,"1,663,600","1,663,300","1,663,700","1,663,700",150,0.01%,2026-03-04,1404/12/13,Wednesday,چهارشنبه
122,"1,663,300","1,663,300","1,663,700","1,663,550",150,0.01%,2026-03-03,1404/12/12,Tuesday,سه‌شنبه
123,"1,663,450","1,663,300","1,663,700","1,663,400",300,0.02%,2026-03-02,1404/12/11,Monday,دوشنبه
124,"1,663,550","1,663,300","1,663,700","1,663,700",100,0.01%,2026-03-01,1404/12/10,Sunday,یکشنبه
125,"1,663,350","1,663,300","1,663,700","1,663,600",9900,0.6%,2026-02-28,1404/12/09,Saturday,شنبه
126,"1,651,550","1,650,300","1,656,700","1,653,700",2400,0.15%,2026-02-26,1404/12/07,Thursday,پنج‌شنبه
127,"1,640,600","1,640,300","1,658,700","1,651,300",11850,0.72%,2026-02-25,1404/12/06,Wednesday,چهارشنبه
128,"1,630,700","1,630,300","1,642,700","1,639,450",4750,0.29%,2026-02-24,1404/12/05,Tuesday,سه‌شنبه
129,"1,632,300","1,623,300","1,634,700","1,634,700",2050,0.13%,2026-02-23,1404/12/04,Monday,دوشنبه
130,"1,641,650","1,632,300","1,645,700","1,632,650",13050,0.8%,2026-02-22,1404/12/03,Sunday,یکشنبه
131,"1,634,350","1,634,300","1,650,700","1,645,700",9300,0.57%,2026-02-21,1404/12/02,Saturday,شنبه
132,"1,627,300","1,627,300","1,637,700","1,636,400",13050,0.8%,2026-02-19,1404/11/30,Thursday,پنج‌شنبه
133,"1,610,300","1,610,300","1,629,700","1,623,350",14750,0.92%,2026-02-18,1404/11/29,Wednesday,چهارشنبه
134,"1,599,900","1,599,800","1,629,700","1,608,600",9000,0.56%,2026-02-17,1404/11/28,Tuesday,سه‌شنبه
135,"1,598,550","1,591,300","1,603,700","1,599,600",2300,0.14%,2026-02-16,1404/11/27,Monday,دوشنبه
136,"1,586,600","1,586,300","1,603,700","1,597,300",13400,0.85%,2026-02-15,1404/11/26,Sunday,یکشنبه
137,"1,621,350","1,583,800","1,621,700","1,583,900",41600,2.63%,2026-02-14,1404/11/25,Saturday,شنبه
138,"1,624,550","1,617,300","1,627,700","1,625,500",6900,0.42%,2026-02-12,1404/11/23,Thursday,پنج‌شنبه
139,"1,613,600","1,613,300","1,637,700","1,632,400",20100,1.25%,2026-02-10,1404/11/21,Tuesday,سه‌شنبه
140,"1,592,600","1,592,300","1,617,700","1,612,300",22800,1.43%,2026-02-09,1404/11/20,Monday,دوشنبه
141,"1,554,450","1,554,300","1,591,700","1,589,500",24800,1.58%,2026-02-08,1404/11/19,Sunday,یکشنبه
142,"1,619,350","1,564,300","1,619,700","1,564,700",57700,3.69%,2026-02-07,1404/11/18,Saturday,شنبه
143,"1,609,350","1,572,300","1,624,700","1,622,400",53900,3.44%,2026-02-05,1404/11/16,Thursday,پنج‌شنبه
144,"1,544,650","1,534,300","1,571,700","1,568,500",24100,1.56%,2026-02-03,1404/11/14,Tuesday,سه‌شنبه
145,"1,586,600","1,532,300","1,586,700","1,544,400",45150,2.92%,2026-02-02,1404/11/13,Monday,دوشنبه
146,"1,624,300","1,574,300","1,624,700","1,589,550",40050,2.52%,2026-02-01,1404/11/12,Sunday,یکشنبه
147,"1,599,650","1,582,300","1,649,700","1,629,600",45200,2.85%,2026-01-31,1404/11/11,Saturday,شنبه
148,"1,609,450","1,564,300","1,649,700","1,584,400",11200,0.71%,2026-01-29,1404/11/09,Thursday,پنج‌شنبه
149,"1,527,400","1,527,300","1,596,700","1,595,600",78000,5.14%,2026-01-28,1404/11/08,Wednesday,چهارشنبه
150,"1,465,700","1,465,300","1,517,700","1,517,600",52950,3.62%,2026-01-27,1404/11/07,Tuesday,سه‌شنبه
151,"1,421,640","1,400,340","1,464,700","1,464,650",42910,3.02%,2026-01-26,1404/11/06,Monday,دوشنبه
152,"1,410,100","1,410,000","1,426,200","1,421,740",11740,0.83%,2026-01-25,1404/11/05,Sunday,یکشنبه
153,"1,455,300","1,410,000","1,455,400","1,410,000",7000,0.5%,2026-01-24,1404/11/04,Saturday,شنبه
154,"1,455,100","1,403,000","1,455,400","1,403,000",52250,3.72%,2026-01-22,1404/11/02,Thursday,پنج‌شنبه
155,"1,455,000","1,455,000","1,455,400","1,455,250",150,0.01%,2026-01-21,1404/11/01,Wednesday,چهارشنبه
156,"1,455,050","1,455,000","1,455,400","1,455,400",400,0.03%,2026-01-20,1404/10/30,Tuesday,سه‌شنبه
157,"1,455,350","1,455,000","1,455,400","1,455,000",300,0.02%,2026-01-19,1404/10/29,Monday,دوشنبه
158,"1,455,200","1,455,000","1,455,400","1,455,300",200,0.01%,2026-01-18,1404/10/28,Sunday,یکشنبه
159,"1,455,050","1,455,000","1,455,400","1,455,100",-,-,2026-01-17,1404/10/27,Saturday,شنبه
160,"1,455,250","1,455,000","1,455,400","1,455,100",-,-,2026-01-15,1404/10/25,Thursday,پنج‌شنبه
161,"1,455,350","1,455,000","1,455,400","1,455,100",300,0.02%,2026-01-14,1404/10/24,Wednesday,چهارشنبه
162,"1,455,350","1,455,000","1,455,400","1,455,400",300,0.02%,2026-01-13,1404/10/23,Tuesday,سه‌شنبه
163,"1,455,250","1,455,000","1,455,400","1,455,100",300,0.02%,2026-01-12,1404/10/22,Monday,دوشنبه
164,"1,455,050","1,455,000","1,455,400","1,455,400",400,0.03%,2026-01-11,1404/10/21,Sunday,یکشنبه
165,"1,455,000","1,455,000","1,455,400","1,455,000",5400,0.37%,2026-01-10,1404/10/20,Saturday,شنبه
166,"1,468,050","1,454,000","1,471,400","1,460,400",14800,1.01%,2026-01-08,1404/10/18,Thursday,پنج‌شنبه
167,"1,470,300","1,454,600","1,479,400","1,475,200",5050,0.34%,2026-01-07,1404/10/17,Wednesday,چهارشنبه
168,"1,441,500","1,441,400","1,474,400","1,470,150",32550,2.26%,2026-01-06,1404/10/16,Tuesday,سه‌شنبه
169,"1,377,700","1,377,400","1,438,800","1,437,600",58200,4.22%,2026-01-05,1404/10/15,Monday,دوشنبه
170,"1,370,400","1,367,400","1,384,800","1,379,400",22600,1.67%,2026-01-04,1404/10/14,Sunday,یکشنبه
171,"1,352,050","1,340,400","1,356,800","1,356,800",1150,0.08%,2026-01-01,1404/10/11,Thursday,پنج‌شنبه
172,"1,397,500","1,355,400","1,397,500","1,355,650",40050,2.95%,2025-12-31,1404/10/10,Wednesday,چهارشنبه
173,"1,369,850","1,369,800","1,397,000","1,395,700",18500,1.34%,2025-12-30,1404/10/09,Tuesday,سه‌شنبه
174,"1,417,500","1,375,800","1,417,600","1,377,200",41900,3.04%,2025-12-29,1404/10/08,Monday,دوشنبه
175,"1,394,950","1,394,600","1,445,000","1,419,100",30800,2.22%,2025-12-28,1404/10/07,Sunday,یکشنبه
176,"1,344,150","1,344,100","1,388,500","1,388,300",44400,3.3%,2025-12-27,1404/10/06,Saturday,شنبه
177,"1,356,000","1,337,600","1,356,000","1,343,900",10000,0.74%,2025-12-25,1404/10/04,Thursday,پنج‌شنبه
178,"1,346,850","1,340,600","1,362,000","1,353,900",6400,0.47%,2025-12-24,1404/10/03,Wednesday,چهارشنبه
179,"1,319,650","1,319,650","1,347,500","1,347,500",18000,1.35%,2025-12-23,1404/10/02,Tuesday,سه‌شنبه
180,"1,310,250","1,299,600","1,329,500","1,329,500",17250,1.31%,2025-12-22,1404/10/01,Monday,دوشنبه
181,"1,320,500","1,298,100","1,320,500","1,312,250",9750,0.74%,2025-12-21,1404/09/30,Sunday,یکشنبه
182,"1,309,950","1,309,600","1,329,000","1,322,000",5700,0.43%,2025-12-20,1404/09/29,Saturday,شنبه
183,"1,321,900","1,316,100","1,322,000","1,316,300",4400,0.33%,2025-12-18,1404/09/27,Thursday,پنج‌شنبه
184,"1,300,600","1,300,600","1,321,000","1,320,700",22000,1.69%,2025-12-17,1404/09/26,Wednesday,چهارشنبه
185,"1,303,100","1,292,100","1,303,500","1,298,700",4900,0.38%,2025-12-16,1404/09/25,Tuesday,سه‌شنبه
186,"1,299,700","1,299,700","1,317,000","1,303,600",6700,0.52%,2025-12-15,1404/09/24,Monday,دوشنبه
187,"1,285,650","1,275,100","1,298,000","1,296,900",7000,0.54%,2025-12-14,1404/09/23,Sunday,یکشنبه
188,"1,276,850","1,265,600","1,291,000","1,289,900",32400,2.58%,2025-12-13,1404/09/22,Saturday,شنبه
189,"1,246,800","1,238,600","1,258,000","1,257,500",8200,0.66%,2025-12-11,1404/09/20,Thursday,پنج‌شنبه
190,"1,249,800","1,241,100","1,251,000","1,249,300",600,0.05%,2025-12-10,1404/09/19,Wednesday,چهارشنبه
191,"1,259,750","1,243,100","1,266,550","1,248,700",14100,1.13%,2025-12-09,1404/09/18,Tuesday,سه‌شنبه
192,"1,240,450","1,240,150","1,263,050","1,262,800",22750,1.83%,2025-12-08,1404/09/17,Monday,دوشنبه
193,"1,221,250","1,221,150","1,240,050","1,240,050",20100,1.65%,2025-12-07,1404/09/16,Sunday,یکشنبه
194,"1,197,250","1,197,150","1,222,050","1,219,950",22900,1.91%,2025-12-06,1404/09/15,Saturday,شنبه
195,"1,203,250","1,195,150","1,206,050","1,197,050",7500,0.63%,2025-12-04,1404/09/13,Thursday,پنج‌شنبه
196,"1,190,450","1,190,150","1,209,050","1,204,550",17600,1.48%,2025-12-03,1404/09/12,Wednesday,چهارشنبه
197,"1,191,050","1,178,150","1,191,050","1,186,950",2800,0.24%,2025-12-02,1404/09/11,Tuesday,سه‌شنبه
198,"1,176,600","1,176,300","1,193,550","1,189,750",15950,1.36%,2025-12-01,1404/09/10,Monday,دوشنبه
199,"1,159,700","1,159,300","1,174,200","1,173,800",15200,1.31%,2025-11-30,1404/09/09,Sunday,یکشنبه
200,"1,140,000","1,139,800","1,158,700","1,158,600",16900,1.48%,2025-11-29,1404/09/08,Saturday,شنبه
201,"1,136,150","1,135,800","1,144,200","1,141,700",5300,0.47%,2025-11-27,1404/09/06,Thursday,پنج‌شنبه
202,"1,134,500","1,131,800","1,139,200","1,136,400",1800,0.16%,2025-11-26,1404/09/05,Wednesday,چهارشنبه
203,"1,133,150","1,127,800","1,138,200","1,134,600",3000,0.26%,2025-11-25,1404/09/04,Tuesday,سه‌شنبه
204,"1,127,350","1,125,800","1,138,200","1,137,600",8500,0.75%,2025-11-23,1404/09/02,Sunday,یکشنبه
205,"1,135,100","1,127,800","1,135,200","1,129,100",6100,0.54%,2025-11-22,1404/09/01,Saturday,شنبه
206,"1,134,750","1,132,800","1,141,500","1,135,200",1600,0.14%,2025-11-20,1404/08/29,Thursday,پنج‌شنبه
207,"1,126,700","1,117,600","1,134,500","1,133,600",8100,0.72%,2025-11-19,1404/08/28,Wednesday,چهارشنبه
208,"1,124,900","1,122,100","1,128,500","1,125,500",550,0.05%,2025-11-18,1404/08/27,Tuesday,سه‌شنبه
209,"1,123,200","1,121,600","1,126,500","1,124,950",3050,0.27%,2025-11-17,1404/08/26,Monday,دوشنبه
210,"1,130,200","1,119,300","1,132,200","1,121,900",6400,0.57%,2025-11-16,1404/08/25,Sunday,یکشنبه
211,"1,121,000","1,120,800","1,138,200","1,128,300",3000,0.27%,2025-11-15,1404/08/24,Saturday,شنبه
212,"1,125,400","1,124,800","1,136,200","1,125,300",800,0.07%,2025-11-13,1404/08/22,Thursday,پنج‌شنبه
213,"1,102,100","1,101,800","1,128,200","1,126,100",27700,2.52%,2025-11-12,1404/08/21,Wednesday,چهارشنبه
214,"1,076,400","1,076,300","1,098,700","1,098,400",21700,2.02%,2025-11-11,1404/08/20,Tuesday,سه‌شنبه
215,"1,078,500","1,075,800","1,078,700","1,076,700",1900,0.18%,2025-11-10,1404/08/19,Monday,دوشنبه
216,"1,077,450","1,077,300","1,079,700","1,078,600",550,0.05%,2025-11-09,1404/08/18,Sunday,یکشنبه
217,"1,079,200","1,075,300","1,080,200","1,078,050",350,0.03%,2025-11-08,1404/08/17,Saturday,شنبه
218,"1,078,700","1,076,300","1,079,200","1,078,400",200,0.02%,2025-11-06,1404/08/15,Thursday,پنج‌شنبه
219,"1,082,100","1,077,800","1,083,200","1,078,600",3550,0.33%,2025-11-05,1404/08/14,Wednesday,چهارشنبه
220,"1,079,300","1,079,300","1,085,200","1,082,150",2450,0.23%,2025-11-04,1404/08/13,Tuesday,سه‌شنبه
221,"1,087,850","1,074,800","1,088,200","1,079,700",3500,0.32%,2025-11-03,1404/08/12,Monday,دوشنبه
222,"1,087,200","1,082,300","1,088,700","1,083,200",5500,0.51%,2025-11-02,1404/08/11,Sunday,یکشنبه
223,"1,073,800","1,073,800","1,089,200","1,088,700",15700,1.46%,2025-11-01,1404/08/10,Saturday,شنبه
224,"1,071,300","1,071,300","1,076,700","1,073,000",3900,0.36%,2025-10-30,1404/08/08,Thursday,پنج‌شنبه
225,"1,069,050","1,066,800","1,074,700","1,069,100",200,0.02%,2025-10-29,1404/08/07,Wednesday,چهارشنبه
226,"1,078,550","1,069,300","1,083,200","1,069,300",10500,0.98%,2025-10-28,1404/08/06,Tuesday,سه‌شنبه
227,"1,079,150","1,077,300","1,086,200","1,079,800",1400,0.13%,2025-10-27,1404/08/05,Monday,دوشنبه
228,"1,068,850","1,068,800","1,087,200","1,078,400",8200,0.77%,2025-10-26,1404/08/04,Sunday,یکشنبه
229,"1,071,200","1,066,800","1,077,200","1,070,200",14600,1.36%,2025-10-25,1404/08/03,Saturday,شنبه
230,"1,078,450","1,078,300","1,094,200","1,084,800",9200,0.86%,2025-10-23,1404/08/01,Thursday,پنج‌شنبه
231,"1,078,200","1,072,300","1,079,700","1,075,600",13300,1.24%,2025-10-22,1404/07/30,Wednesday,چهارشنبه
232,"1,063,600","1,059,800","1,091,200","1,088,900",24800,2.33%,2025-10-21,1404/07/29,Tuesday,سه‌شنبه
233,"1,086,600","1,063,800","1,099,200","1,064,100",19300,1.81%,2025-10-20,1404/07/28,Monday,دوشنبه
234,"1,073,050","1,072,800","1,091,200","1,083,400",18400,1.73%,2025-10-19,1404/07/27,Sunday,یکشنبه
235,"1,100,700","1,060,800","1,100,700","1,065,000",37500,3.52%,2025-10-18,1404/07/26,Saturday,شنبه
236,"1,098,100","1,097,800","1,114,200","1,102,500",6700,0.61%,2025-10-16,1404/07/24,Thursday,پنج‌شنبه
237,"1,086,700","1,086,300","1,101,700","1,095,800",6900,0.63%,2025-10-15,1404/07/23,Wednesday,چهارشنبه
238,"1,105,800","1,085,300","1,106,200","1,088,900",23100,2.12%,2025-10-14,1404/07/22,Tuesday,سه‌شنبه
239,"1,118,800","1,110,300","1,126,700","1,112,000",9400,0.85%,2025-10-13,1404/07/21,Monday,دوشنبه
240,"1,123,850","1,112,800","1,128,200","1,121,400",5600,0.5%,2025-10-12,1404/07/20,Sunday,یکشنبه
241,"1,124,300","1,124,300","1,149,200","1,127,000",5850,0.52%,2025-10-11,1404/07/19,Saturday,شنبه
242,"1,156,150","1,129,800","1,156,200","1,132,850",24050,2.12%,2025-10-09,1404/07/17,Thursday,پنج‌شنبه
243,"1,138,300","1,138,300","1,164,200","1,156,900",17200,1.51%,2025-10-08,1404/07/16,Wednesday,چهارشنبه
244,"1,110,700","1,106,800","1,141,200","1,139,700",28100,2.53%,2025-10-07,1404/07/15,Tuesday,سه‌شنبه
245,"1,133,400","1,111,300","1,133,700","1,111,600",27100,2.44%,2025-10-06,1404/07/14,Monday,دوشنبه
246,"1,151,300","1,138,300","1,153,700","1,138,700",15100,1.33%,2025-10-05,1404/07/13,Sunday,یکشنبه
247,"1,170,550","1,148,300","1,170,700","1,153,800",24800,2.15%,2025-10-04,1404/07/12,Saturday,شنبه
248,"1,158,700","1,158,300","1,180,700","1,178,600",24200,2.1%,2025-10-02,1404/07/10,Thursday,پنج‌شنبه
249,"1,138,700","1,138,300","1,165,700","1,154,400",13100,1.15%,2025-10-01,1404/07/09,Wednesday,چهارشنبه
250,"1,120,600","1,120,300","1,141,700","1,141,300",20900,1.87%,2025-09-30,1404/07/08,Tuesday,سه‌شنبه
251,"1,111,450","1,097,800","1,120,700","1,120,400",15200,1.38%,2025-09-29,1404/07/07,Monday,دوشنبه
252,"1,103,100","1,095,800","1,105,200","1,105,200",4000,0.36%,2025-09-28,1404/07/06,Sunday,یکشنبه
253,"1,084,150","1,082,800","1,122,200","1,101,200",18300,1.69%,2025-09-27,1404/07/05,Saturday,شنبه
254,"1,072,850","1,072,300","1,085,700","1,082,900",10850,1.01%,2025-09-25,1404/07/03,Thursday,پنج‌شنبه
255,"1,047,200","1,047,200","1,075,700","1,072,050",37150,3.59%,2025-09-24,1404/07/02,Wednesday,چهارشنبه
256,"1,041,100","1,025,200","1,042,100","1,034,900",5100,0.49%,2025-09-23,1404/07/01,Tuesday,سه‌شنبه
257,"1,063,100","1,037,200","1,063,100","1,040,000",18600,1.79%,2025-09-22,1404/06/31,Monday,دوشنبه
258,"1,027,100","1,026,700","1,058,600","1,058,600",32500,3.17%,2025-09-21,1404/06/30,Sunday,یکشنبه
259,"1,006,100","1,005,700","1,033,100","1,026,100",37650,3.81%,2025-09-20,1404/06/29,Saturday,شنبه
260,"992,700","987,200","993,100","988,450",3900,0.39%,2025-09-18,1404/06/27,Thursday,پنج‌شنبه
261,"996,000","1,000,000","999,950","992,350",4100,0.41%,2025-09-17,1404/06/26,Wednesday,چهارشنبه
262,"992,000","1,000,000","999,950","996,450",3900,0.39%,2025-09-16,1404/06/25,Tuesday,سه‌شنبه
263,"981,000","980,700","998,100","992,550",12750,1.3%,2025-09-15,1404/06/24,Monday,دوشنبه
264,"978,100","977,700","988,100","979,800",2950,0.3%,2025-09-14,1404/06/23,Sunday,یکشنبه
265,"992,000","975,700","992,100","976,850",16150,1.65%,2025-09-13,1404/06/22,Saturday,شنبه
266,"990,250","990,200","996,600","993,000",15300,1.54%,2025-09-11,1404/06/20,Thursday,پنج‌شنبه
267,"1,005,950","1,000,000","999,950","1,008,300",2700,0.27%,2025-09-09,1404/06/18,Tuesday,سه‌شنبه
268,"1,025,700","1,010,700","1,026,600","1,011,000",15800,1.56%,2025-09-08,1404/06/17,Monday,دوشنبه
269,"1,027,100","1,023,700","1,032,100","1,026,800",3000,0.29%,2025-09-07,1404/06/16,Sunday,یکشنبه
270,"1,012,100","1,011,700","1,034,100","1,029,800",15400,1.52%,2025-09-06,1404/06/15,Saturday,شنبه
271,"1,023,900","1,014,300","1,024,200","1,014,400",11300,1.11%,2025-09-04,1404/06/13,Thursday,پنج‌شنبه
272,"1,032,700","1,023,800","1,032,700","1,025,700",6300,0.61%,2025-09-03,1404/06/12,Wednesday,چهارشنبه
273,"1,055,700","1,031,300","1,056,700","1,032,000",16300,1.58%,2025-09-02,1404/06/11,Tuesday,سه‌شنبه
274,"1,024,900","1,024,300","1,049,200","1,048,300",22100,2.15%,2025-08-31,1404/06/09,Sunday,یکشنبه
275,"1,003,700","999,700","1,026,200","1,026,200",37200,3.76%,2025-08-30,1404/06/08,Saturday,شنبه
276,"1,000,000","999,500","1,002,000","989,000",11000,1.11%,2025-08-28,1404/06/06,Thursday,پنج‌شنبه
277,"999,950","976,350","1,004,500","1,000,000",33500,3.47%,2025-08-27,1404/06/05,Wednesday,چهارشنبه
278,"959,100","958,700","967,100","966,500",8500,0.89%,2025-08-26,1404/06/04,Tuesday,سه‌شنبه
279,"947,700","947,700","959,100","958,000",17000,1.81%,2025-08-25,1404/06/03,Monday,دوشنبه
280,"935,600","933,700","942,100","941,000",9600,1.02%,2025-08-23,1404/06/01,Saturday,شنبه
281,"939,950","939,700","951,100","950,600",13100,1.4%,2025-08-21,1404/05/30,Thursday,پنج‌شنبه
282,"934,400","934,200","940,100","937,500",4050,0.43%,2025-08-20,1404/05/29,Wednesday,چهارشنبه
283,"938,050","932,700","938,100","933,450",5050,0.54%,2025-08-19,1404/05/28,Tuesday,سه‌شنبه
284,"934,250","934,200","938,600","938,500",5600,0.6%,2025-08-18,1404/05/27,Monday,دوشنبه
285,"927,300","927,200","935,100","932,900",5300,0.57%,2025-08-17,1404/05/26,Sunday,یکشنبه
286,"933,050","927,200","934,100","927,600",9100,0.98%,2025-08-16,1404/05/25,Saturday,شنبه
287,"924,700","924,700","937,100","936,700",11800,1.28%,2025-08-13,1404/05/22,Wednesday,چهارشنبه
288,"930,500","924,200","930,600","924,900",7850,0.85%,2025-08-12,1404/05/21,Tuesday,سه‌شنبه
289,"920,800","920,700","934,600","932,750",12750,1.39%,2025-08-11,1404/05/20,Monday,دوشنبه
290,"917,600","915,300","921,600","920,000",1700,0.19%,2025-08-10,1404/05/19,Sunday,یکشنبه
291,"933,250","917,200","933,600","918,300",16200,1.76%,2025-08-09,1404/05/18,Saturday,شنبه
292,"929,050","928,700","935,100","934,500",4900,0.53%,2025-08-06,1404/05/15,Wednesday,چهارشنبه
293,"933,050","928,200","935,050","929,600",4500,0.48%,2025-08-05,1404/05/14,Tuesday,سه‌شنبه
294,"937,500","931,200","949,100","934,100",3900,0.42%,2025-08-04,1404/05/13,Monday,دوشنبه
295,"924,300","923,700","938,100","938,000",14000,1.52%,2025-08-03,1404/05/12,Sunday,یکشنبه
296,"912,450","912,200","927,600","924,000",12200,1.34%,2025-08-02,1404/05/11,Saturday,شنبه
297,"905,400","904,700","912,600","911,800",6200,0.68%,2025-08-01,1404/05/10,Friday,جمعه
298,"896,100","895,700","908,850","905,600",9600,1.07%,2025-07-30,1404/05/08,Wednesday,چهارشنبه
299,"892,100","891,800","896,100","896,000",3500,0.39%,2025-07-29,1404/05/07,Tuesday,سه‌شنبه
300,"892,350","891,700","895,600","892,500",450,0.05%,2025-07-28,1404/05/06,Monday,دوشنبه
301,"881,500","881,200","893,600","892,050",12050,1.37%,2025-07-27,1404/05/05,Sunday,یکشنبه
302,"880,800","876,700","881,100","880,000",500,0.06%,2025-07-26,1404/05/04,Saturday,شنبه
303,"884,000","879,200","889,600","880,500",3900,0.44%,2025-07-25,1404/05/03,Friday,جمعه
304,"880,900","880,100","884,500","884,400",4500,0.51%,2025-07-23,1404/05/01,Wednesday,چهارشنبه
305,"882,200","879,600","883,000","879,900",1200,0.14%,2025-07-22,1404/04/31,Tuesday,سه‌شنبه
306,"879,400","879,100","887,000","881,100",2150,0.24%,2025-07-21,1404/04/30,Monday,دوشنبه
307,"868,000","867,600","882,500","878,950",11350,1.31%,2025-07-20,1404/04/29,Sunday,یکشنبه
308,"874,800","867,600","876,500","867,600",8000,0.92%,2025-07-19,1404/04/28,Saturday,شنبه
309,"887,000","875,400","887,000","875,600",11800,1.35%,2025-07-18,1404/04/27,Friday,جمعه
310,"888,500","885,100","888,500","887,400",1000,0.11%,2025-07-16,1404/04/25,Wednesday,چهارشنبه
311,"886,200","886,100","889,500","888,400",3500,0.4%,2025-07-15,1404/04/24,Tuesday,سه‌شنبه
312,"891,000","890,900","901,000","894,200",5200,0.58%,2025-07-14,1404/04/23,Monday,دوشنبه
313,"871,600","871,600","891,400","889,000",18100,2.08%,2025-07-12,1404/04/21,Saturday,شنبه
314,"880,150","869,600","880,500","870,900",11950,1.37%,2025-07-11,1404/04/20,Friday,جمعه
315,"878,500","876,700","883,000","882,850",4550,0.52%,2025-07-09,1404/04/18,Wednesday,چهارشنبه
316,"870,700","870,700","882,000","878,300",7900,0.91%,2025-07-08,1404/04/17,Tuesday,سه‌شنبه
317,"883,500","864,600","883,500","870,400",13300,1.53%,2025-07-07,1404/04/16,Monday,دوشنبه
318,"906,500","883,700","906,500","883,700",32300,3.66%,2025-07-06,1404/04/15,Sunday,یکشنبه
319,"915,800","913,600","924,500","916,000",2100,0.23%,2025-07-02,1404/04/11,Wednesday,چهارشنبه
320,"917,400","902,100","917,400","913,900",3300,0.36%,2025-07-01,1404/04/10,Tuesday,سه‌شنبه
321,"918,450","917,200","928,000","917,200",10250,1.13%,2025-06-30,1404/04/09,Monday,دوشنبه
322,"881,800","881,600","910,000","906,950",25750,2.92%,2025-06-29,1404/04/08,Sunday,یکشنبه
323,"846,400","846,100","883,500","881,200",35500,4.2%,2025-06-28,1404/04/07,Saturday,شنبه
324,"835,900","835,600","847,000","845,700",8900,1.06%,2025-06-27,1404/04/06,Friday,جمعه
325,"829,900","829,600","840,000","836,800",8100,0.98%,2025-06-25,1404/04/04,Wednesday,چهارشنبه
326,"828,600","828,600","828,900","828,700",6650,0.8%,2025-06-24,1404/04/03,Tuesday,سه‌شنبه
327,"829,000","828,600","836,000","835,350",7950,0.96%,2025-06-11,1404/03/21,Wednesday,چهارشنبه
328,"819,400","819,150","827,500","827,400",8300,1.01%,2025-06-10,1404/03/20,Tuesday,سه‌شنبه
329,"824,650","819,100","825,000","819,100",5850,0.71%,2025-06-09,1404/03/19,Monday,دوشنبه
330,"823,450","823,100","826,000","824,950",2100,0.26%,2025-06-08,1404/03/18,Sunday,یکشنبه
331,"818,500","818,100","823,000","822,850",2150,0.26%,2025-06-07,1404/03/17,Saturday,شنبه
332,"835,500","820,600","835,500","820,700",3150,0.38%,2025-06-06,1404/03/16,Friday,جمعه
333,"825,750","823,100","827,000","823,850",200,0.02%,2025-06-02,1404/03/12,Monday,دوشنبه
334,"821,250","815,600","824,000","823,650",1150,0.14%,2025-06-01,1404/03/11,Sunday,یکشنبه
335,"825,350","821,100","826,000","822,500",4900,0.6%,2025-05-31,1404/03/10,Saturday,شنبه
336,"827,700","825,700","830,500","827,400",4700,0.57%,2025-05-30,1404/03/09,Friday,جمعه
337,"824,450","821,100","824,500","822,700",4150,0.5%,2025-05-28,1404/03/07,Wednesday,چهارشنبه
338,"828,500","826,600","829,000","826,850",1450,0.18%,2025-05-27,1404/03/06,Tuesday,سه‌شنبه
339,"822,150","822,100","828,500","828,300",5800,0.71%,2025-05-26,1404/03/05,Monday,دوشنبه
340,"823,950","813,750","824,000","822,500",1000,0.12%,2025-05-25,1404/03/04,Sunday,یکشنبه
341,"828,200","823,100","828,500","823,500",5650,0.69%,2025-05-24,1404/03/03,Saturday,شنبه
342,"832,500","828,100","834,500","829,150",2050,0.25%,2025-05-23,1404/03/02,Friday,جمعه
343,"824,600","822,100","828,000","827,100",4800,0.58%,2025-05-21,1404/02/31,Wednesday,چهارشنبه
344,"841,400","831,600","852,950","831,900",8750,1.05%,2025-05-20,1404/02/30,Tuesday,سه‌شنبه
345,"817,900","817,600","859,000","840,650",22100,2.7%,2025-05-19,1404/02/29,Monday,دوشنبه
346,"817,400","817,100","826,000","818,550",550,0.07%,2025-05-18,1404/02/28,Sunday,یکشنبه
347,"822,750","812,650","827,000","818,000",5350,0.65%,2025-05-17,1404/02/27,Saturday,شنبه
348,"829,700","823,100","834,500","823,350",7750,0.94%,2025-05-16,1404/02/26,Friday,جمعه
349,"831,650","829,100","832,500","831,100",1000,0.12%,2025-05-14,1404/02/24,Wednesday,چهارشنبه
350,"835,600","831,600","837,000","832,100",2900,0.35%,2025-05-13,1404/02/23,Tuesday,سه‌شنبه
351,"835,900","832,600","839,000","835,000",100,0.01%,2025-05-12,1404/02/22,Monday,دوشنبه
352,"831,000","830,600","839,000","834,900",2950,0.35%,2025-05-11,1404/02/21,Sunday,یکشنبه
353,"834,150","829,600","847,900","831,950",3550,0.43%,2025-05-10,1404/02/20,Saturday,شنبه
354,"819,650","819,600","836,000","835,500",4900,0.59%,2025-05-09,1404/02/19,Friday,جمعه
355,"821,200","821,100","839,000","830,600",10100,1.23%,2025-05-07,1404/02/17,Wednesday,چهارشنبه
356,"823,400","816,100","831,000","820,500",4150,0.51%,2025-05-06,1404/02/16,Tuesday,سه‌شنبه
357,"842,700","821,600","843,000","824,650",19750,2.39%,2025-05-05,1404/02/15,Monday,دوشنبه
358,"862,400","839,600","862,500","844,400",14300,1.69%,2025-05-04,1404/02/14,Sunday,یکشنبه
359,"851,650","851,600","866,000","858,700",1800,0.21%,2025-05-03,1404/02/13,Saturday,شنبه
360,"850,200","850,100","869,000","856,900",37450,4.57%,2025-05-02,1404/02/12,Friday,جمعه
361,"814,000","813,650","820,000","819,450",5550,0.68%,2025-04-30,1404/02/10,Wednesday,چهارشنبه
362,"808,850","808,600","816,000","813,900",4250,0.52%,2025-04-29,1404/02/09,Tuesday,سه‌شنبه
363,"808,750","800,600","814,000","809,650",3000,0.37%,2025-04-28,1404/02/08,Monday,دوشنبه
364,"832,650","811,600","833,000","812,650",14350,1.77%,2025-04-27,1404/02/07,Sunday,یکشنبه
365,"829,250","825,600","845,500","827,000",3400,0.41%,2025-04-26,1404/02/06,Saturday,شنبه
366,"795,650","795,100","828,000","823,600",14850,1.84%,2025-04-25,1404/02/05,Friday,جمعه
367,"813,150","803,650","813,500","808,750",400,0.05%,2025-04-22,1404/02/02,Tuesday,سه‌شنبه
368,"818,900","794,400","819,300","808,350",11400,1.41%,2025-04-21,1404/02/01,Monday,دوشنبه
369,"831,050","817,400","842,200","819,750",8150,0.99%,2025-04-20,1404/01/31,Sunday,یکشنبه
370,"829,100","809,800","834,200","827,900",4000,0.48%,2025-04-19,1404/01/30,Saturday,شنبه
371,"849,650","831,800","864,200","831,900",24050,2.89%,2025-04-18,1404/01/29,Friday,جمعه
372,"880,200","851,800","880,200","855,950",21050,2.46%,2025-04-16,1404/01/27,Wednesday,چهارشنبه
373,"880,200","869,050","889,200","877,000",2800,0.32%,2025-04-15,1404/01/26,Tuesday,سه‌شنبه
374,"894,900","879,800","900,150","879,800",1000,0.11%,2025-04-14,1404/01/25,Monday,دوشنبه
375,"850,150","849,800","898,200","880,800",20900,2.43%,2025-04-13,1404/01/24,Sunday,یکشنبه
376,"897,950","829,800","904,200","859,900",102250,11.89%,2025-04-12,1404/01/23,Saturday,شنبه
377,"994,200","954,800","994,200","962,150",46750,4.86%,2025-04-11,1404/01/22,Friday,جمعه
378,"999,100","998,800","1,021,200","1,008,900",9200,0.92%,2025-04-09,1404/01/20,Wednesday,چهارشنبه
379,"998,800","998,300","1,006,700","999,700",1750,0.18%,2025-04-08,1404/01/19,Tuesday,سه‌شنبه
380,"1,058,100","984,800","1,058,200","997,950",57600,5.77%,2025-04-07,1404/01/18,Monday,دوشنبه
381,"1,045,350","1,045,300","1,057,700","1,055,550",10350,0.99%,2025-04-06,1404/01/17,Sunday,یکشنبه
382,"1,028,200","1,027,800","1,045,200","1,045,200",19550,1.91%,2025-04-05,1404/01/16,Saturday,شنبه
383,"1,032,900","1,025,300","1,032,900","1,025,650",2150,0.21%,2025-04-04,1404/01/15,Friday,جمعه
384,"1,038,850","1,027,800","1,039,200","1,027,800",11150,1.08%,2025-03-29,1404/01/09,Saturday,شنبه
385,"1,036,950","1,036,800","1,042,200","1,038,950",17050,1.67%,2025-03-28,1404/01/08,Friday,جمعه
386,"1,018,850","1,018,800","1,024,200","1,021,900",2700,0.26%,2025-03-26,1404/01/06,Wednesday,چهارشنبه
387,"1,018,900","1,006,800","1,022,200","1,019,200",1350,0.13%,2025-03-25,1404/01/05,Tuesday,سه‌شنبه
388,"976,550","976,300","1,037,200","1,017,850",40050,4.1%,2025-03-24,1404/01/04,Monday,دوشنبه
389,"973,900","967,800","982,200","977,800",34600,3.67%,2025-03-17,1403/12/27,Monday,دوشنبه
390,"933,550","933,300","944,700","943,200",11900,1.28%,2025-03-16,1403/12/26,Sunday,یکشنبه
391,"912,900","912,800","931,700","931,300",19950,2.19%,2025-03-15,1403/12/25,Saturday,شنبه
392,"918,650","906,300","918,700","911,350",11700,1.28%,2025-03-14,1403/12/24,Friday,جمعه
393,"926,650","922,400","929,700","923,050",3750,0.41%,2025-03-12,1403/12/22,Wednesday,چهارشنبه
394,"926,350","923,300","927,700","926,800",3950,0.43%,2025-03-11,1403/12/21,Tuesday,سه‌شنبه
395,"924,000","922,300","929,200","922,850",1000,0.11%,2025-03-10,1403/12/20,Monday,دوشنبه
396,"934,650","919,800","935,200","923,850",1750,0.19%,2025-03-09,1403/12/19,Sunday,یکشنبه
397,"912,450","912,300","923,700","922,100",9900,1.09%,2025-03-08,1403/12/18,Saturday,شنبه
398,"896,900","896,900","923,200","912,200",20500,2.3%,2025-03-07,1403/12/17,Friday,جمعه
399,"883,850","882,300","896,700","891,700",6800,0.77%,2025-03-05,1403/12/15,Wednesday,چهارشنبه
400,"904,300","884,800","904,700","884,900",19900,2.25%,2025-03-04,1403/12/14,Tuesday,سه‌شنبه
401,"907,400","904,800","911,700","904,800",2550,0.28%,2025-03-03,1403/12/13,Monday,دوشنبه
402,"920,400","906,800","921,700","907,350",14950,1.65%,2025-03-02,1403/12/12,Sunday,یکشنبه
403,"921,150","914,800","927,700","922,300",700,0.08%,2025-03-01,1403/12/11,Saturday,شنبه
404,"922,300","916,800","925,200","921,600",3600,0.39%,2025-02-28,1403/12/10,Friday,جمعه
405,"924,150","923,800","929,200","925,200",750,0.08%,2025-02-26,1403/12/08,Wednesday,چهارشنبه
406,"920,550","920,300","934,200","925,950",7650,0.83%,2025-02-25,1403/12/07,Tuesday,سه‌شنبه
407,"913,200","906,800","919,700","918,300",5150,0.56%,2025-02-24,1403/12/06,Monday,دوشنبه
408,"926,150","912,300","928,700","913,150",14250,1.56%,2025-02-23,1403/12/05,Sunday,یکشنبه
409,"930,850","922,300","933,700","927,400",8400,0.91%,2025-02-22,1403/12/04,Saturday,شنبه
410,"930,000","929,600","943,700","935,800",5100,0.55%,2025-02-21,1403/12/03,Friday,جمعه
411,"921,350","921,300","932,700","930,700",9000,0.98%,2025-02-19,1403/12/01,Wednesday,چهارشنبه
412,"918,700","918,300","928,700","921,700",1750,0.19%,2025-02-18,1403/11/30,Tuesday,سه‌شنبه
413,"908,600","908,300","920,200","919,950",11750,1.29%,2025-02-17,1403/11/29,Monday,دوشنبه
414,"906,900","906,850","912,200","908,200",1150,0.13%,2025-02-16,1403/11/28,Sunday,یکشنبه
415,"907,350","896,800","912,200","907,050",900,0.1%,2025-02-15,1403/11/27,Saturday,شنبه
416,"903,550","902,300","909,700","906,150",15550,1.75%,2025-02-14,1403/11/26,Friday,جمعه
417,"884,200","883,800","890,700","890,600",7100,0.8%,2025-02-12,1403/11/24,Wednesday,چهارشنبه
418,"885,700","874,300","885,700","883,500",2000,0.23%,2025-02-11,1403/11/23,Tuesday,سه‌شنبه
419,"916,650","869,800","916,700","881,500",32150,3.65%,2025-02-10,1403/11/22,Monday,دوشنبه
420,"888,400","888,300","913,700","913,650",24050,2.7%,2025-02-08,1403/11/20,Saturday,شنبه
421,"877,600","874,300","890,700","889,600",35000,4.1%,2025-02-07,1403/11/19,Friday,جمعه
422,"851,800","851,800","855,700","854,600",1900,0.22%,2025-02-05,1403/11/17,Wednesday,چهارشنبه
423,"845,500","845,300","854,200","852,700",6750,0.8%,2025-02-04,1403/11/16,Tuesday,سه‌شنبه
424,"838,200","837,800","846,200","845,950",7300,0.87%,2025-02-03,1403/11/15,Monday,دوشنبه
425,"840,200","836,300","844,200","838,650",1850,0.22%,2025-02-02,1403/11/14,Sunday,یکشنبه
426,"838,950","838,600","845,200","840,500",2850,0.34%,2025-02-01,1403/11/13,Saturday,شنبه
427,"834,700","834,300","838,200","837,650",2550,0.31%,2025-01-31,1403/11/12,Friday,جمعه
428,"832,100","830,600","835,700","835,100",2800,0.34%,2025-01-29,1403/11/10,Wednesday,چهارشنبه
429,"836,400","830,600","837,700","832,300",7000,0.84%,2025-01-28,1403/11/09,Tuesday,سه‌شنبه
430,"837,400","835,300","841,200","839,300",500,0.06%,2025-01-26,1403/11/07,Sunday,یکشنبه
431,"835,850","835,300","839,700","838,800",4900,0.59%,2025-01-25,1403/11/06,Saturday,شنبه
432,"829,400","829,300","835,700","833,900",5150,0.62%,2025-01-24,1403/11/05,Friday,جمعه
433,"824,800","824,800","839,200","839,050",13350,1.62%,2025-01-22,1403/11/03,Wednesday,چهارشنبه
434,"823,900","822,800","828,200","825,700",2350,0.29%,2025-01-21,1403/11/02,Tuesday,سه‌شنبه
435,"808,800","808,800","823,700","823,350",13150,1.62%,2025-01-20,1403/11/01,Monday,دوشنبه
436,"806,400","806,300","812,200","810,200",3500,0.43%,2025-01-19,1403/10/30,Sunday,یکشنبه
437,"806,350","806,300","809,200","806,700",1400,0.17%,2025-01-18,1403/10/29,Saturday,شنبه
438,"796,100","795,800","805,700","805,300",4600,0.57%,2025-01-17,1403/10/28,Friday,جمعه
439,"803,350","799,300","803,700","800,700",4150,0.52%,2025-01-15,1403/10/26,Wednesday,چهارشنبه
440,"813,650","804,800","813,700","804,850",9750,1.21%,2025-01-14,1403/10/25,Tuesday,سه‌شنبه
441,"806,400","806,300","816,200","814,600",7950,0.99%,2025-01-12,1403/10/23,Sunday,یکشنبه
442,"817,650","805,800","817,700","806,650",12850,1.59%,2025-01-11,1403/10/22,Saturday,شنبه
443,"818,300","818,300","821,200","819,500",5600,0.69%,2025-01-10,1403/10/21,Friday,جمعه
444,"803,300","803,300","815,200","813,900",9800,1.22%,2025-01-08,1403/10/19,Wednesday,چهارشنبه
445,"799,000","797,800","806,200","804,100",3300,0.41%,2025-01-07,1403/10/18,Tuesday,سه‌شنبه
446,"798,100","795,300","803,700","800,800",7350,0.93%,2025-01-06,1403/10/17,Monday,دوشنبه
447,"794,200","789,800","794,200","793,450",2000,0.25%,2025-01-05,1403/10/16,Sunday,یکشنبه
448,"799,600","794,700","801,200","795,450",2900,0.36%,2025-01-04,1403/10/15,Saturday,شنبه
449,"799,600","792,300","799,700","798,350",8000,1%,2025-01-03,1403/10/14,Friday,جمعه
450,"812,950","805,100","813,200","806,350",5950,0.74%,2025-01-01,1403/10/12,Wednesday,چهارشنبه
451,"813,200","810,100","814,700","812,300",750,0.09%,2024-12-31,1403/10/11,Tuesday,سه‌شنبه
452,"816,300","807,300","816,700","813,050",150,0.02%,2024-12-30,1403/10/10,Monday,دوشنبه
453,"796,350","794,850","813,200","813,200",16050,2.01%,2024-12-29,1403/10/09,Sunday,یکشنبه
454,"811,550","793,300","814,700","797,150",13450,1.69%,2024-12-28,1403/10/08,Saturday,شنبه
455,"799,350","799,350","811,200","810,600",16750,2.11%,2024-12-27,1403/10/07,Friday,جمعه
456,"784,850","776,800","794,700","793,850",7900,1.01%,2024-12-25,1403/10/05,Wednesday,چهارشنبه
457,"785,200","777,800","787,700","785,950",650,0.08%,2024-12-24,1403/10/04,Tuesday,سه‌شنبه
458,"779,700","779,300","787,700","786,600",7800,1%,2024-12-23,1403/10/03,Monday,دوشنبه
459,"762,200","760,900","781,700","778,800",16000,2.1%,2024-12-22,1403/10/02,Sunday,یکشنبه
460,"761,600","753,300","763,100","762,800",400,0.05%,2024-12-21,1403/10/01,Saturday,شنبه
461,"766,900","761,800","768,700","762,400",5150,0.68%,2024-12-20,1403/09/30,Friday,جمعه
462,"771,600","766,800","772,700","767,550",6100,0.79%,2024-12-18,1403/09/28,Wednesday,چهارشنبه
463,"767,200","766,800","775,700","773,650",7350,0.96%,2024-12-17,1403/09/27,Tuesday,سه‌شنبه
464,"765,550","763,300","768,700","766,300",6800,0.9%,2024-12-16,1403/09/26,Monday,دوشنبه
465,"745,950","745,800","759,700","759,500",12400,1.66%,2024-12-15,1403/09/25,Sunday,یکشنبه
466,"748,550","745,800","756,600","747,100",50,0.01%,2024-12-14,1403/09/24,Saturday,شنبه
467,"736,600","727,572","748,200","747,150",17550,2.41%,2024-12-13,1403/09/23,Friday,جمعه
468,"732,450","727,800","734,700","729,600",2350,0.32%,2024-12-11,1403/09/21,Wednesday,چهارشنبه
469,"723,650","723,300","732,700","731,950",8750,1.21%,2024-12-10,1403/09/20,Tuesday,سه‌شنبه
470,"718,800","718,800","724,200","723,200",4350,0.61%,2024-12-09,1403/09/19,Monday,دوشنبه
471,"718,400","717,800","722,700","718,850",350,0.05%,2024-12-08,1403/09/18,Sunday,یکشنبه
472,"715,350","714,600","721,700","719,200",3600,0.5%,2024-12-07,1403/09/17,Saturday,شنبه
473,"712,650","711,500","716,200","715,600",800,0.11%,2024-12-06,1403/09/16,Friday,جمعه
474,"712,200","710,800","715,200","714,800",3850,0.54%,2024-12-03,1403/09/13,Tuesday,سه‌شنبه
475,"704,800","704,500","711,200","710,950",6800,0.97%,2024-12-02,1403/09/12,Monday,دوشنبه
476,"699,550","699,400","707,200","704,150",5150,0.74%,2024-12-01,1403/09/11,Sunday,یکشنبه
477,"702,950","697,900","705,400","699,000",5000,0.72%,2024-11-30,1403/09/10,Saturday,شنبه
478,"704,950","699,800","709,200","704,000",2600,0.37%,2024-11-29,1403/09/09,Friday,جمعه
479,"699,300","698,800","701,700","701,400",2350,0.34%,2024-11-27,1403/09/07,Wednesday,چهارشنبه
480,"695,750","695,600","699,700","699,050",3100,0.45%,2024-11-26,1403/09/06,Tuesday,سه‌شنبه
481,"693,350","693,300","699,700","695,950",2250,0.32%,2024-11-25,1403/09/05,Monday,دوشنبه
482,"687,400","679,800","694,700","693,700",4100,0.59%,2024-11-24,1403/09/04,Sunday,یکشنبه
483,"698,000","686,800","700,800","689,600",9450,1.37%,2024-11-23,1403/09/03,Saturday,شنبه
484,"697,400","697,200","703,300","699,050",6800,0.98%,2024-11-22,1403/09/02,Friday,جمعه
485,"689,900","689,500","694,800","692,250",2950,0.43%,2024-11-20,1403/08/30,Wednesday,چهارشنبه
486,"690,250","688,700","695,300","689,300",250,0.04%,2024-11-19,1403/08/29,Tuesday,سه‌شنبه
487,"683,850","682,700","689,800","689,050",4600,0.67%,2024-11-18,1403/08/28,Monday,دوشنبه
488,"680,950","680,700","684,700","684,450",2700,0.4%,2024-11-17,1403/08/27,Sunday,یکشنبه
489,"682,200","681,250","688,800","681,750",650,0.1%,2024-11-16,1403/08/26,Saturday,شنبه
490,"683,750","680,200","685,800","682,400",900,0.13%,2024-11-15,1403/08/25,Friday,جمعه
491,"682,300","677,700","683,800","683,300",1100,0.16%,2024-11-13,1403/08/23,Wednesday,چهارشنبه
492,"679,450","679,200","688,800","684,400",6200,0.91%,2024-11-12,1403/08/22,Tuesday,سه‌شنبه
493,"668,800","668,700","681,300","678,200",9000,1.34%,2024-11-11,1403/08/21,Monday,دوشنبه
494,"682,300","669,200","682,500","669,200",13450,2.01%,2024-11-10,1403/08/20,Sunday,یکشنبه
495,"691,800","682,200","692,800","682,650",9550,1.4%,2024-11-09,1403/08/19,Saturday,شنبه
496,"695,400","692,000","695,700","692,200",1750,0.25%,2024-11-08,1403/08/18,Friday,جمعه
497,"696,100","686,700","696,300","690,450",5800,0.84%,2024-11-06,1403/08/16,Wednesday,چهارشنبه
498,"698,550","694,000","698,800","696,250",7350,1.07%,2024-11-05,1403/08/15,Tuesday,سه‌شنبه
499,"689,400","683,200","689,800","688,900",700,0.1%,2024-11-04,1403/08/14,Monday,دوشنبه
500,"694,200","686,700","694,300","689,600",3650,0.53%,2024-11-03,1403/08/13,Sunday,یکشنبه
501,"694,500","689,700","701,500","693,250",1550,0.22%,2024-11-02,1403/08/12,Saturday,شنبه
502,"683,650","683,200","695,300","694,800",12500,1.83%,2024-11-01,1403/08/11,Friday,جمعه
503,"687,500","680,200","687,600","682,300",10100,1.48%,2024-10-30,1403/08/09,Wednesday,چهارشنبه
504,"683,750","680,200","697,800","692,400",8400,1.23%,2024-10-29,1403/08/08,Tuesday,سه‌شنبه
505,"673,800","673,200","689,250","684,000",9200,1.36%,2024-10-28,1403/08/07,Monday,دوشنبه
506,"660,550","660,200","674,800","674,800",13950,2.11%,2024-10-27,1403/08/06,Sunday,یکشنبه
507,"654,700","654,350","667,300","660,850",5550,0.85%,2024-10-26,1403/08/05,Saturday,شنبه
508,"658,950","652,800","679,000","655,300",24200,3.69%,2024-10-25,1403/08/04,Friday,جمعه
509,"676,750","674,900","685,300","679,500",2200,0.32%,2024-10-23,1403/08/02,Wednesday,چهارشنبه
510,"663,150","663,000","684,800","677,300",15800,2.39%,2024-10-22,1403/08/01,Tuesday,سه‌شنبه
511,"648,850","648,350","661,600","661,500",12950,2%,2024-10-21,1403/07/30,Monday,دوشنبه
512,"642,050","641,600","648,600","648,550",6600,1.03%,2024-10-20,1403/07/29,Sunday,یکشنبه
513,"637,950","637,900","645,950","641,950",2350,0.37%,2024-10-19,1403/07/28,Saturday,شنبه
514,"633,850","633,600","640,000","639,600",3000,0.47%,2024-10-18,1403/07/27,Friday,جمعه
515,"633,500","633,300","638,800","636,600",3250,0.51%,2024-10-16,1403/07/25,Wednesday,چهارشنبه
516,"626,850","626,800","638,200","633,350",5700,0.91%,2024-10-15,1403/07/24,Tuesday,سه‌شنبه
517,"630,350","626,100","630,800","627,650",3850,0.61%,2024-10-14,1403/07/23,Monday,دوشنبه
518,"628,050","628,000","634,800","631,500",3050,0.49%,2024-10-13,1403/07/22,Sunday,یکشنبه
519,"624,750","624,700","630,600","628,450",3500,0.56%,2024-10-12,1403/07/21,Saturday,شنبه
520,"631,100","624,700","631,300","624,950",10550,1.69%,2024-10-11,1403/07/20,Friday,جمعه
521,"628,900","628,700","636,300","635,500",6150,0.98%,2024-10-09,1403/07/18,Wednesday,چهارشنبه
522,"624,800","624,200","629,800","629,350",3900,0.62%,2024-10-08,1403/07/17,Tuesday,سه‌شنبه
523,"627,650","625,000","628,300","625,450",3000,0.48%,2024-10-07,1403/07/16,Monday,دوشنبه
524,"634,600","626,700","634,800","628,450",6100,0.97%,2024-10-06,1403/07/15,Sunday,یکشنبه
525,"624,350","624,200","634,800","634,550",10650,1.71%,2024-10-05,1403/07/14,Saturday,شنبه
526,"615,850","614,300","624,800","623,900",3000,0.48%,2024-10-04,1403/07/13,Friday,جمعه
527,"621,300","620,900","631,300","626,900",4350,0.7%,2024-10-02,1403/07/11,Wednesday,چهارشنبه
528,"619,850","611,700","622,800","622,550",7600,1.24%,2024-10-01,1403/07/10,Tuesday,سه‌شنبه
529,"605,800","605,200","615,400","614,950",11200,1.86%,2024-09-30,1403/07/09,Monday,دوشنبه
530,"606,200","602,200","606,600","603,750",2350,0.39%,2024-09-29,1403/07/08,Sunday,یکشنبه
531,"609,450","601,300","609,700","606,100",900,0.15%,2024-09-28,1403/07/07,Saturday,شنبه
532,"598,050","597,800","615,300","607,000",6700,1.12%,2024-09-27,1403/07/06,Friday,جمعه
533,"602,500","599,300","604,800","600,300",3150,0.53%,2024-09-25,1403/07/04,Wednesday,چهارشنبه
534,"603,150","596,500","603,400","597,150",7700,1.29%,2024-09-24,1403/07/03,Tuesday,سه‌شنبه
535,"598,400","598,200","606,500","604,850",7050,1.18%,2024-09-23,1403/07/02,Monday,دوشنبه
536,"595,250","593,800","597,800","597,800",2300,0.39%,2024-09-22,1403/07/01,Sunday,یکشنبه
537,"592,500","590,900","595,800","595,500",3200,0.54%,2024-09-21,1403/06/31,Saturday,شنبه
538,"591,450","590,500","592,500","592,300",50,0.01%,2024-09-18,1403/06/28,Wednesday,چهارشنبه
539,"595,100","592,200","597,550","592,350",2800,0.47%,2024-09-17,1403/06/27,Tuesday,سه‌شنبه
540,"591,900","590,800","596,200","595,150",4150,0.7%,2024-09-16,1403/06/26,Monday,دوشنبه
541,"591,050","588,500","593,800","591,000",600,0.1%,2024-09-15,1403/06/25,Sunday,یکشنبه
542,"594,250","589,200","594,700","590,400",3500,0.59%,2024-09-14,1403/06/24,Saturday,شنبه
543,"594,900","593,200","596,100","593,900",3600,0.61%,2024-09-13,1403/06/23,Friday,جمعه
544,"596,000","594,900","598,300","597,500",1350,0.23%,2024-09-10,1403/06/20,Tuesday,سه‌شنبه
545,"594,750","592,400","598,000","596,150",600,0.1%,2024-09-09,1403/06/19,Monday,دوشنبه
546,"594,400","594,400","598,000","596,750",2250,0.38%,2024-09-08,1403/06/18,Sunday,یکشنبه
547,"596,700","593,500","598,300","594,500",3000,0.5%,2024-09-07,1403/06/17,Saturday,شنبه
548,"599,200","597,500","599,600","597,500",1500,0.25%,2024-09-06,1403/06/16,Friday,جمعه
549,"599,400","599,000","599,600","599,000",100,0.02%,2024-09-04,1403/06/14,Wednesday,چهارشنبه
550,"592,000","591,500","600,600","598,900",100,0.02%,2024-09-02,1403/06/12,Monday,دوشنبه
551,"594,500","590,700","600,300","599,000",4200,0.71%,2024-08-31,1403/06/10,Saturday,شنبه
552,"593,900","592,400","598,200","594,800",850,0.14%,2024-08-30,1403/06/09,Friday,جمعه
553,"592,050","589,900","596,400","593,950",3950,0.67%,2024-08-28,1403/06/07,Wednesday,چهارشنبه
554,"589,350","588,800","596,600","590,000",1250,0.21%,2024-08-27,1403/06/06,Tuesday,سه‌شنبه
555,"593,600","584,400","593,900","591,250",1950,0.33%,2024-08-26,1403/06/05,Monday,دوشنبه
556,"590,400","590,300","597,400","593,200",10550,1.81%,2024-08-25,1403/06/04,Sunday,یکشنبه
557,"582,450","579,900","585,900","582,650",1450,0.25%,2024-08-23,1403/06/02,Friday,جمعه
558,"586,700","581,900","590,100","584,100",2500,0.43%,2024-08-21,1403/05/31,Wednesday,چهارشنبه
559,"581,050","578,250","587,900","581,600",1750,0.3%,2024-08-20,1403/05/30,Tuesday,سه‌شنبه
560,"587,800","578,650","590,000","579,850",3250,0.56%,2024-08-19,1403/05/29,Monday,دوشنبه
561,"580,450","579,050","589,100","583,100",2600,0.45%,2024-08-18,1403/05/28,Sunday,یکشنبه
562,"583,400","575,200","583,800","577,050",10600,1.84%,2024-08-16,1403/05/26,Friday,جمعه
563,"586,350","584,800","590,100","587,650",700,0.12%,2024-08-14,1403/05/24,Wednesday,چهارشنبه
564,"591,500","587,600","593,500","588,350",7350,1.25%,2024-08-13,1403/05/23,Tuesday,سه‌شنبه
565,"598,800","592,700","599,100","595,700",4550,0.76%,2024-08-12,1403/05/22,Monday,دوشنبه
566,"595,350","594,850","602,100","600,250",6150,1.04%,2024-08-11,1403/05/21,Sunday,یکشنبه
567,"598,400","588,700","598,400","594,100",3600,0.61%,2024-08-10,1403/05/20,Saturday,شنبه
568,"603,800","594,900","604,400","597,700",12300,2.06%,2024-08-09,1403/05/19,Friday,جمعه
569,"616,200","604,200","616,200","610,000",4010,0.66%,2024-08-07,1403/05/17,Wednesday,چهارشنبه
570,"609,370","602,300","615,300","614,010",2610,0.43%,2024-08-06,1403/05/16,Tuesday,سه‌شنبه
571,"601,080","600,800","617,400","611,400",3500,0.57%,2024-08-05,1403/05/15,Monday,دوشنبه
572,"607,890","601,600","620,500","614,900",5900,0.97%,2024-08-04,1403/05/14,Sunday,یکشنبه
573,"614,530","602,900","614,600","609,000",6270,1.03%,2024-08-03,1403/05/13,Saturday,شنبه
574,"611,790","608,710","616,750","615,270",9270,1.53%,2024-08-02,1403/05/12,Friday,جمعه
575,"598,560","598,500","607,100","606,000",5600,0.93%,2024-07-31,1403/05/10,Wednesday,چهارشنبه
576,"595,000","594,610","606,400","600,400",6900,1.16%,2024-07-30,1403/05/09,Tuesday,سه‌شنبه
577,"588,900","588,300","594,500","593,500",4100,0.7%,2024-07-29,1403/05/08,Monday,دوشنبه
578,"590,520","584,600","592,700","589,400",1440,0.24%,2024-07-28,1403/05/07,Sunday,یکشنبه
579,"587,380","587,000","592,200","590,840",4380,0.75%,2024-07-27,1403/05/06,Saturday,شنبه
580,"587,650","585,600","588,200","586,460",1150,0.2%,2024-07-26,1403/05/05,Friday,جمعه
581,"583,390","583,300","588,200","587,610",3010,0.51%,2024-07-24,1403/05/03,Wednesday,چهارشنبه
582,"582,970","582,300","585,200","584,600",2840,0.49%,2024-07-23,1403/05/02,Tuesday,سه‌شنبه
583,"579,600","579,320","583,700","581,760",5800,1.01%,2024-07-22,1403/05/01,Monday,دوشنبه
584,"575,850","574,300","578,700","575,960",150,0.03%,2024-07-21,1403/04/31,Sunday,یکشنبه
585,"577,750","575,000","579,200","576,110",340,0.06%,2024-07-20,1403/04/30,Saturday,شنبه
586,"571,860","571,600","576,000","575,770",3570,0.62%,2024-07-19,1403/04/29,Friday,جمعه
587,"573,780","571,400","574,000","572,200",1100,0.19%,2024-07-17,1403/04/27,Wednesday,چهارشنبه
588,"582,470","572,900","582,500","573,300",5870,1.02%,2024-07-16,1403/04/26,Tuesday,سه‌شنبه
589,"583,300","578,900","583,700","579,170",730,0.13%,2024-07-13,1403/04/23,Saturday,شنبه
590,"579,420","576,400","579,900","579,900",250,0.04%,2024-07-12,1403/04/22,Friday,جمعه
591,"584,760","579,400","585,100","579,650",5450,0.94%,2024-07-10,1403/04/20,Wednesday,چهارشنبه
592,"588,600","584,700","588,800","585,100",3690,0.63%,2024-07-09,1403/04/19,Tuesday,سه‌شنبه
593,"588,400","588,400","588,800","588,790",270,0.05%,2024-07-08,1403/04/18,Monday,دوشنبه
594,"588,610","588,400","588,800","588,520",10,-,2024-07-07,1403/04/17,Sunday,یکشنبه
595,"588,570","588,400","588,700","588,510",9790,1.66%,2024-07-06,1403/04/16,Saturday,شنبه
596,"608,460","582,140","608,550","598,300",10460,1.75%,2024-07-05,1403/04/15,Friday,جمعه
597,"602,360","601,300","611,950","608,760",5010,0.83%,2024-07-03,1403/04/13,Wednesday,چهارشنبه
598,"606,980","598,400","611,450","603,750",4390,0.73%,2024-07-02,1403/04/12,Tuesday,سه‌شنبه
599,"613,950","606,400","616,000","608,140",5480,0.9%,2024-07-01,1403/04/11,Monday,دوشنبه
600,"615,600","611,810","615,800","613,620",3290,0.54%,2024-06-30,1403/04/10,Sunday,یکشنبه
601,"615,340","615,000","618,000","616,910",6710,1.1%,2024-06-29,1403/04/09,Saturday,شنبه
602,"597,600","586,000","618,400","610,200",7000,1.16%,2024-06-28,1403/04/08,Friday,جمعه
603,"609,000","598,200","617,200","603,200",2000,0.33%,2024-06-26,1403/04/06,Wednesday,چهارشنبه
604,"610,300","592,000","613,500","601,200",3300,0.55%,2024-06-25,1403/04/05,Tuesday,سه‌شنبه
605,"606,500","595,900","612,400","604,500",1800,0.3%,2024-06-23,1403/04/03,Sunday,یکشنبه
606,"608,300","598,600","614,000","602,700",1500,0.25%,2024-06-22,1403/04/02,Saturday,شنبه
607,"597,200","593,900","608,700","601,200",13600,2.26%,2024-06-21,1403/04/01,Friday,جمعه
608,"605,700","596,800","627,300","614,800",18700,3.14%,2024-06-19,1403/03/30,Wednesday,چهارشنبه
609,"603,600","583,900","614,400","596,100",8600,1.44%,2024-06-18,1403/03/29,Tuesday,سه‌شنبه
610,"605,000","592,100","610,400","604,700",2100,0.35%,2024-06-17,1403/03/28,Monday,دوشنبه
611,"614,200","590,300","623,100","602,600",6100,1.02%,2024-06-15,1403/03/26,Saturday,شنبه
612,"610,000","586,300","618,200","596,500",19400,3.25%,2024-06-14,1403/03/25,Friday,جمعه
613,"605,000","599,100","620,700","615,900",7600,1.25%,2024-06-12,1403/03/23,Wednesday,چهارشنبه
614,"614,200","603,000","621,500","608,300",1600,0.26%,2024-06-11,1403/03/22,Tuesday,سه‌شنبه
615,"613,100","605,800","619,800","609,900",1400,0.23%,2024-06-10,1403/03/21,Monday,دوشنبه
616,"599,100","592,400","619,500","608,500",3100,0.51%,2024-06-09,1403/03/20,Sunday,یکشنبه
617,"613,000","602,800","618,700","611,600",7700,1.28%,2024-06-08,1403/03/19,Saturday,شنبه
618,"614,100","595,200","621,100","603,900",2000,0.33%,2024-06-07,1403/03/18,Friday,جمعه
619,"611,200","596,900","617,600","601,900",2100,0.35%,2024-06-05,1403/03/16,Wednesday,چهارشنبه
620,"607,700","595,000","619,400","599,800",3300,0.55%,2024-06-04,1403/03/15,Tuesday,سه‌شنبه
621,"601,400","588,800","607,300","603,100",3500,0.58%,2024-06-01,1403/03/12,Saturday,شنبه
622,"611,600","594,800","622,900","599,600",5800,0.97%,2024-05-31,1403/03/11,Friday,جمعه
623,"612,400","598,600","617,200","605,400",11100,1.83%,2024-05-29,1403/03/09,Wednesday,چهارشنبه
624,"603,100","590,900","626,200","616,500",18300,3.06%,2024-05-28,1403/03/08,Tuesday,سه‌شنبه
625,"597,000","585,400","607,700","598,200",15900,2.66%,2024-05-27,1403/03/07,Monday,دوشنبه
626,"609,200","599,000","625,900","614,100",1900,0.31%,2024-05-26,1403/03/06,Sunday,یکشنبه
627,"612,200","601,700","622,900","612,200",2300,0.38%,2024-05-25,1403/03/05,Saturday,شنبه
628,"597,400","586,800","627,000","614,500",13800,2.3%,2024-05-24,1403/03/04,Friday,جمعه
629,"596,000","584,600","606,200","600,700",300,0.05%,2024-05-22,1403/03/02,Wednesday,چهارشنبه
630,"603,000","597,800","607,800","601,000",3700,0.62%,2024-05-21,1403/03/01,Tuesday,سه‌شنبه
631,"611,000","594,500","622,900","604,700",900,0.15%,2024-05-20,1403/02/31,Monday,دوشنبه
632,"608,700","598,000","611,900","605,600",3000,0.5%,2024-05-19,1403/02/30,Sunday,یکشنبه
633,"614,400","600,900","621,700","608,600",900,0.15%,2024-05-18,1403/02/29,Saturday,شنبه
634,"610,700","596,300","622,600","607,700",7100,1.18%,2024-05-17,1403/02/28,Friday,جمعه
635,"615,200","593,900","625,600","600,600",3300,0.55%,2024-05-15,1403/02/26,Wednesday,چهارشنبه
636,"602,900","586,700","613,400","597,300",2300,0.39%,2024-05-14,1403/02/25,Tuesday,سه‌شنبه
637,"594,850","594,800","595,600","595,000",34000,5.71%,2024-05-13,1403/02/24,Monday,دوشنبه
638,"620,200","614,500","634,400","629,000",27400,4.55%,2024-05-12,1403/02/23,Sunday,یکشنبه
639,"604,800","589,800","609,600","601,600",32100,5.34%,2024-05-11,1403/02/22,Saturday,شنبه
640,"627,700","621,200","641,000","633,700",900,0.14%,2024-05-10,1403/02/21,Friday,جمعه
641,"632,100","627,100","647,100","634,600",35100,5.85%,2024-05-08,1403/02/19,Wednesday,چهارشنبه
642,"631,200","594,200","637,700","599,500",2300,0.39%,2024-05-07,1403/02/18,Tuesday,سه‌شنبه
643,"608,000","586,800","616,600","597,200",5000,0.84%,2024-05-06,1403/02/17,Monday,دوشنبه
644,"609,000","595,100","612,300","602,200",3900,0.65%,2024-05-05,1403/02/16,Sunday,یکشنبه
645,"621,500","599,200","633,300","606,100",8800,1.47%,2024-05-04,1403/02/15,Saturday,شنبه
646,"622,300","591,300","631,800","597,300",33700,5.64%,2024-05-01,1403/02/12,Wednesday,چهارشنبه
647,"615,900","605,000","643,400","631,000",13100,2.08%,2024-04-30,1403/02/11,Tuesday,سه‌شنبه
648,"621,400","613,100","653,100","644,100",16600,2.65%,2024-04-29,1403/02/10,Monday,دوشنبه
649,"610,000","605,900","635,000","627,500",7400,1.19%,2024-04-28,1403/02/09,Sunday,یکشنبه
650,"614,300","608,500","626,600","620,100",19500,3.25%,2024-04-27,1403/02/08,Saturday,شنبه
651,"637,200","595,600","643,000","600,600",43600,7.26%,2024-04-26,1403/02/07,Friday,جمعه
652,"608,000","598,200","649,600","644,200",30500,4.97%,2024-04-24,1403/02/05,Wednesday,چهارشنبه
653,"631,400","606,000","642,500","613,700",4600,0.75%,2024-04-23,1403/02/04,Tuesday,سه‌شنبه
654,"596,000","586,600","625,400","618,300",21800,3.53%,2024-04-22,1403/02/03,Monday,دوشنبه
655,"616,300","612,600","648,600","640,100",12500,1.99%,2024-04-21,1403/02/02,Sunday,یکشنبه
656,"597,300","594,100","634,500","627,600",1400,0.22%,2024-04-20,1403/02/01,Saturday,شنبه
657,"621,400","609,900","634,000","629,000",28100,4.68%,2024-04-19,1403/01/31,Friday,جمعه
658,"637,300","596,800","644,100","600,900",3000,0.5%,2024-04-17,1403/01/29,Wednesday,چهارشنبه
659,"622,500","593,200","633,200","597,900",21300,3.56%,2024-04-16,1403/01/28,Tuesday,سه‌شنبه
660,"626,700","607,300","633,700","619,200",19200,3.1%,2024-04-15,1403/01/27,Monday,دوشنبه
661,"637,100","624,300","645,200","638,400",19600,3.17%,2024-04-14,1403/01/26,Sunday,یکشنبه
662,"622,700","611,600","630,200","618,800",22200,3.59%,2024-04-13,1403/01/25,Saturday,شنبه
663,"615,700","610,200","645,900","641,000",4000,0.63%,2024-04-12,1403/01/24,Friday,جمعه
664,"624,600","613,100","640,500","637,000",28300,4.65%,2024-04-08,1403/01/20,Monday,دوشنبه
665,"637,200","604,000","643,400","608,700",31300,5.14%,2024-04-07,1403/01/19,Sunday,یکشنبه
666,"606,800","594,000","643,300","640,000",7000,1.09%,2024-04-06,1403/01/18,Saturday,شنبه
667,"647,000","647,000","647,000","647,000",6000,0.94%,2024-04-05,1403/01/17,Friday,جمعه
668,"635,620","635,500","644,100","641,000",6260,0.99%,2024-04-03,1403/01/15,Wednesday,چهارشنبه
669,"627,730","627,500","634,750","634,740",1840,0.29%,2024-04-02,1403/01/14,Tuesday,سه‌شنبه
670,"623,120","623,000","632,900","632,900",14566,2.36%,2024-04-01,1403/01/13,Monday,دوشنبه
671,"620,645","607,884","627,285","618,334",1754,0.28%,2024-03-29,1403/01/10,Friday,جمعه
672,"617,050","615,750","617,100","616,580",2630,0.43%,2024-03-27,1403/01/08,Wednesday,چهارشنبه
673,"608,000","607,950","614,100","613,950",5570,0.92%,2024-03-26,1403/01/07,Tuesday,سه‌شنبه
674,"612,600","607,870","612,600","608,380",5650,0.93%,2024-03-25,1403/01/06,Monday,دوشنبه
675,"616,550","613,750","617,090","614,030",4070,0.66%,2024-03-24,1403/01/05,Sunday,یکشنبه
676,"608,730","608,700","618,440","618,100",14590,2.42%,2024-03-23,1403/01/04,Saturday,شنبه
677,"600,320","600,270","604,100","603,510",3250,0.54%,2024-03-17,1402/12/27,Sunday,یکشنبه
678,"600,250","599,750","603,600","600,260",820,0.14%,2024-03-16,1402/12/26,Saturday,شنبه
679,"595,280","593,000","601,100","601,080",7280,1.23%,2024-03-15,1402/12/25,Friday,جمعه
680,"595,330","591,900","595,340","593,800",1540,0.26%,2024-03-13,1402/12/23,Wednesday,چهارشنبه
681,"596,750","592,250","597,030","595,340",1750,0.29%,2024-03-12,1402/12/22,Tuesday,سه‌شنبه
682,"598,830","595,560","599,600","597,090",2320,0.39%,2024-03-11,1402/12/21,Monday,دوشنبه
683,"593,320","592,550","600,100","599,410",6560,1.11%,2024-03-10,1402/12/20,Sunday,یکشنبه
684,"601,070","592,250","601,070","592,850",12490,2.11%,2024-03-09,1402/12/19,Saturday,شنبه
685,"608,930","603,750","609,600","605,340",299,0.05%,2024-03-08,1402/12/18,Friday,جمعه
686,"609,152","595,100","615,852","605,639",4251,0.7%,2024-03-06,1402/12/16,Wednesday,چهارشنبه
687,"609,370","604,150","610,600","609,890",420,0.07%,2024-03-05,1402/12/15,Tuesday,سه‌شنبه
688,"606,720","598,165","620,988","609,470",4450,0.74%,2024-03-04,1402/12/14,Monday,دوشنبه
689,"598,550","598,060","605,100","605,020",11630,1.96%,2024-03-03,1402/12/13,Sunday,یکشنبه
690,"592,990","590,750","595,600","593,390",260,0.04%,2024-03-02,1402/12/12,Saturday,شنبه
691,"592,390","591,750","601,100","593,130",8470,1.45%,2024-03-01,1402/12/11,Friday,جمعه
692,"581,060","580,750","585,100","584,660",3570,0.61%,2024-02-28,1402/12/09,Wednesday,چهارشنبه
693,"588,080","579,260","588,600","581,090",4960,0.85%,2024-02-27,1402/12/08,Tuesday,سه‌شنبه
694,"580,310","579,760","586,600","586,050",3559,0.61%,2024-02-26,1402/12/07,Monday,دوشنبه
695,"573,221","567,144","592,684","582,491",9821,1.71%,2024-02-25,1402/12/06,Sunday,یکشنبه
696,"572,580","571,950","574,400","572,670",40,0.01%,2024-02-23,1402/12/04,Friday,جمعه
697,"570,310","570,110","573,900","572,710",2420,0.42%,2024-02-21,1402/12/02,Wednesday,چهارشنبه
698,"567,450","567,270","572,100","570,290",5230,0.93%,2024-02-20,1402/12/01,Tuesday,سه‌شنبه
699,"570,340","563,450","570,600","565,060",5300,0.94%,2024-02-19,1402/11/30,Monday,دوشنبه
700,"569,990","568,950","572,100","570,360",940,0.16%,2024-02-18,1402/11/29,Sunday,یکشنبه
701,"562,280","559,480","563,100","563,020",2750,0.49%,2024-02-16,1402/11/27,Friday,جمعه
702,"557,210","556,450","560,800","560,270",4470,0.8%,2024-02-14,1402/11/25,Wednesday,چهارشنبه
703,"556,770","553,950","556,770","555,800",1110,0.2%,2024-02-13,1402/11/24,Tuesday,سه‌شنبه
704,"551,460","551,450","554,900","554,690",2740,0.5%,2024-02-12,1402/11/23,Monday,دوشنبه
705,"551,450","550,750","555,300","551,950",2930,0.53%,2024-02-11,1402/11/22,Sunday,یکشنبه
706,"552,900","548,260","552,900","549,020",8360,1.52%,2024-02-09,1402/11/20,Friday,جمعه
707,"552,300","552,250","559,100","557,380",365,0.07%,2024-02-06,1402/11/17,Tuesday,سه‌شنبه
708,"551,817","546,354","566,094","557,015",3135,0.57%,2024-02-05,1402/11/16,Monday,دوشنبه
709,"551,330","544,250","558,530","553,880",2510,0.46%,2024-02-04,1402/11/15,Sunday,یکشنبه
710,"561,290","549,760","561,570","551,370",12410,2.25%,2024-02-03,1402/11/14,Saturday,شنبه
711,"580,090","563,750","580,090","563,780",12716,2.26%,2024-02-02,1402/11/13,Friday,جمعه
712,"580,400","566,234","584,869","576,496",7534,1.31%,2024-01-31,1402/11/11,Wednesday,چهارشنبه
713,"582,390","579,270","584,600","584,030",1140,0.2%,2024-01-30,1402/11/10,Tuesday,سه‌شنبه
714,"588,990","571,410","591,100","582,890",100,0.02%,2024-01-29,1402/11/09,Monday,دوشنبه
715,"562,550","562,550","583,600","582,990",24360,4.36%,2024-01-28,1402/11/08,Sunday,یکشنبه
716,"560,470","555,810","560,590","558,630",4370,0.78%,2024-01-27,1402/11/07,Saturday,شنبه
717,"553,520","553,290","571,330","563,000",6410,1.15%,2024-01-26,1402/11/06,Friday,جمعه
718,"549,070","548,750","556,600","556,590",7670,1.4%,2024-01-23,1402/11/03,Tuesday,سه‌شنبه
719,"541,350","540,760","549,100","548,920",8410,1.56%,2024-01-22,1402/11/02,Monday,دوشنبه
720,"539,050","536,250","542,100","540,510",1430,0.27%,2024-01-21,1402/11/01,Sunday,یکشنبه
721,"541,030","537,750","542,600","539,080",3150,0.58%,2024-01-20,1402/10/30,Saturday,شنبه
722,"539,030","536,470","542,600","542,230",1940,0.36%,2024-01-19,1402/10/29,Friday,جمعه
723,"538,550","535,250","543,600","540,290",3780,0.7%,2024-01-17,1402/10/27,Wednesday,چهارشنبه
724,"530,030","529,760","537,100","536,510",7470,1.41%,2024-01-16,1402/10/26,Tuesday,سه‌شنبه
725,"526,040","525,950","529,600","529,040",4410,0.84%,2024-01-15,1402/10/25,Monday,دوشنبه
726,"521,910","521,810","525,100","524,630",3770,0.72%,2024-01-14,1402/10/24,Sunday,یکشنبه
727,"524,170","519,770","531,530","520,860",3820,0.73%,2024-01-13,1402/10/23,Saturday,شنبه
728,"517,110","517,110","525,970","524,680",8660,1.68%,2024-01-12,1402/10/22,Friday,جمعه
729,"520,960","515,650","521,680","516,020",3760,0.73%,2024-01-10,1402/10/20,Wednesday,چهارشنبه
730,"516,480","516,450","520,200","519,780",4940,0.96%,2024-01-09,1402/10/19,Tuesday,سه‌شنبه
731,"509,670","509,670","515,700","514,840",5350,1.05%,2024-01-08,1402/10/18,Monday,دوشنبه
732,"509,560","507,870","510,100","509,490",270,0.05%,2024-01-07,1402/10/17,Sunday,یکشنبه
733,"509,890","505,350","510,100","509,760",20,-,2024-01-06,1402/10/16,Saturday,شنبه
734,"511,940","508,850","513,020","509,740",4430,0.87%,2024-01-05,1402/10/15,Friday,جمعه
735,"511,290","510,850","515,080","514,170",5880,1.16%,2024-01-03,1402/10/13,Wednesday,چهارشنبه
736,"506,280","505,960","509,000","508,290",1860,0.37%,2024-01-02,1402/10/12,Tuesday,سه‌شنبه
737,"505,280","504,750","506,500","506,430",450,0.09%,2024-01-01,1402/10/11,Monday,دوشنبه
738,"506,160","504,450","506,680","505,980",350,0.07%,2023-12-31,1402/10/10,Sunday,یکشنبه
739,"505,020","504,650","505,690","505,630",530,0.1%,2023-12-30,1402/10/09,Saturday,شنبه
740,"505,490","504,950","507,670","506,160",2970,0.59%,2023-12-29,1402/10/08,Friday,جمعه
741,"501,510","501,510","503,680","503,190",260,0.05%,2023-12-27,1402/10/06,Wednesday,چهارشنبه
742,"500,960","500,750","503,680","503,450",2410,0.48%,2023-12-26,1402/10/05,Tuesday,سه‌شنبه
743,"500,960","500,950","503,180","501,040",150,0.03%,2023-12-25,1402/10/04,Monday,دوشنبه
744,"500,890","500,890","500,890","500,890",200,0.04%,2023-12-24,1402/10/03,Sunday,یکشنبه
745,"502,450","500,450","503,400","500,690",2320,0.46%,2023-12-23,1402/10/02,Saturday,شنبه
746,"503,090","502,450","504,490","503,010",2250,0.45%,2023-12-22,1402/10/01,Friday,جمعه
747,"498,390","498,160","501,680","500,760",48,0.01%,2023-12-20,1402/09/29,Wednesday,چهارشنبه
748,"500,205","493,602","507,872","500,712",152,0.03%,2023-12-19,1402/09/28,Tuesday,سه‌شنبه
749,"502,420","500,450","510,620","500,560",1820,0.36%,2023-12-18,1402/09/27,Monday,دوشنبه
750,"503,470","501,950","504,200","502,380",2290,0.46%,2023-12-17,1402/09/26,Sunday,یکشنبه
751,"504,960","504,060","505,500","504,670",-,-,2023-12-15,1402/09/24,Friday,جمعه
752,"504,380","503,980","505,200","504,670",210,0.04%,2023-12-13,1402/09/22,Wednesday,چهارشنبه
753,"503,980","503,450","504,700","504,460",180,0.04%,2023-12-12,1402/09/21,Tuesday,سه‌شنبه
754,"506,160","504,450","506,400","504,640",1530,0.3%,2023-12-11,1402/09/20,Monday,دوشنبه
755,"505,190","504,850","506,200","506,170",820,0.16%,2023-12-10,1402/09/19,Sunday,یکشنبه
756,"505,410","504,150","506,200","505,350",40,0.01%,2023-12-09,1402/09/18,Saturday,شنبه
757,"504,550","504,150","506,500","505,310",140,0.03%,2023-12-08,1402/09/17,Friday,جمعه
758,"505,170","504,460","505,900","505,170",930,0.18%,2023-12-06,1402/09/15,Wednesday,چهارشنبه
759,"506,310","503,050","506,310","504,240",770,0.15%,2023-12-05,1402/09/14,Tuesday,سه‌شنبه
760,"505,990","504,010","506,010","505,010",1500,0.3%,2023-12-04,1402/09/13,Monday,دوشنبه
761,"505,750","505,100","506,510","506,510",600,0.12%,2023-12-03,1402/09/12,Sunday,یکشنبه
762,"504,750","504,300","506,910","505,910",1080,0.21%,2023-12-02,1402/09/11,Saturday,شنبه
763,"504,820","503,300","506,010","504,830",2120,0.42%,2023-12-01,1402/09/10,Friday,جمعه
764,"507,470","506,800","508,510","506,950",60,0.01%,2023-11-29,1402/09/08,Wednesday,چهارشنبه
765,"504,160","501,500","509,510","507,010",778,0.15%,2023-11-28,1402/09/07,Tuesday,سه‌شنبه
766,"504,570","498,918","513,420","506,232",1992,0.4%,2023-11-27,1402/09/06,Monday,دوشنبه
767,"504,880","501,860","505,600","504,240",1730,0.34%,2023-11-26,1402/09/05,Sunday,یکشنبه
768,"504,010","502,000","505,510","502,510",1770,0.35%,2023-11-25,1402/09/04,Saturday,شنبه
769,"504,010","502,100","506,010","504,280",540,0.11%,2023-11-24,1402/09/03,Friday,جمعه
770,"502,320","501,300","504,010","503,740",1550,0.31%,2023-11-22,1402/09/01,Wednesday,چهارشنبه
771,"504,470","501,510","504,510","502,190",200,0.04%,2023-11-21,1402/08/30,Tuesday,سه‌شنبه
772,"502,510","501,300","506,510","501,990",2020,0.4%,2023-11-20,1402/08/29,Monday,دوشنبه
773,"501,900","501,510","504,510","504,010",970,0.19%,2023-11-19,1402/08/28,Sunday,یکشنبه
774,"506,650","502,850","507,400","503,040",3360,0.67%,2023-11-18,1402/08/27,Saturday,شنبه
775,"508,520","505,550","508,600","506,400",3030,0.6%,2023-11-17,1402/08/26,Friday,جمعه
776,"510,380","508,850","510,600","509,430",360,0.07%,2023-11-15,1402/08/24,Wednesday,چهارشنبه
777,"511,550","508,850","511,600","509,070",2440,0.48%,2023-11-14,1402/08/23,Tuesday,سه‌شنبه
778,"510,550","509,850","512,400","511,510",290,0.06%,2023-11-13,1402/08/22,Monday,دوشنبه
779,"513,740","510,850","513,900","511,800",1570,0.31%,2023-11-12,1402/08/21,Sunday,یکشنبه
780,"514,980","512,550","515,100","513,370",120,0.02%,2023-11-11,1402/08/20,Saturday,شنبه
781,"514,580","512,850","515,600","513,250",280,0.05%,2023-11-10,1402/08/19,Friday,جمعه
782,"514,020","513,350","514,600","513,530",3010,0.59%,2023-11-08,1402/08/17,Wednesday,چهارشنبه
783,"511,790","509,850","514,600","510,520",1670,0.33%,2023-11-07,1402/08/16,Tuesday,سه‌شنبه
784,"513,590","511,850","513,600","512,190",1330,0.26%,2023-11-06,1402/08/15,Monday,دوشنبه
785,"514,540","512,190","514,600","513,520",1160,0.23%,2023-11-05,1402/08/14,Sunday,یکشنبه
786,"514,570","512,350","516,100","512,360",960,0.19%,2023-11-04,1402/08/13,Saturday,شنبه
787,"517,600","510,350","517,600","511,400",9950,1.95%,2023-11-03,1402/08/12,Friday,جمعه
788,"518,510","518,130","521,600","521,350",4490,0.87%,2023-11-01,1402/08/10,Wednesday,چهارشنبه
789,"514,980","513,650","518,100","516,860",480,0.09%,2023-10-31,1402/08/09,Tuesday,سه‌شنبه
790,"516,820","515,440","518,090","516,380",1780,0.35%,2023-10-30,1402/08/08,Monday,دوشنبه
791,"511,940","510,650","514,600","514,600",1210,0.24%,2023-10-29,1402/08/07,Sunday,یکشنبه
792,"519,360","513,350","519,600","513,390",8100,1.58%,2023-10-28,1402/08/06,Saturday,شنبه
793,"519,870","518,850","522,600","521,490",5400,1.05%,2023-10-27,1402/08/05,Friday,جمعه
794,"512,080","511,360","516,600","516,090",4230,0.83%,2023-10-25,1402/08/03,Wednesday,چهارشنبه
795,"509,090","508,850","512,100","511,860",4320,0.85%,2023-10-24,1402/08/02,Tuesday,سه‌شنبه
796,"511,510","505,850","511,600","507,540",1380,0.27%,2023-10-23,1402/08/01,Monday,دوشنبه
797,"507,850","506,150","507,900","506,160",202,0.04%,2023-10-22,1402/07/30,Sunday,یکشنبه
798,"503,140","494,033","515,982","506,362",18,-,2023-10-21,1402/07/29,Saturday,شنبه
799,"513,595","504,836","523,969","508,805",3725,0.73%,2023-10-18,1402/07/26,Wednesday,چهارشنبه
800,"514,030","512,350","515,100","513,360",3440,0.67%,2023-10-17,1402/07/25,Tuesday,سه‌شنبه
801,"503,490","503,350","510,600","509,920",6940,1.38%,2023-10-16,1402/07/24,Monday,دوشنبه
802,"506,460","502,850","506,600","502,980",4540,0.9%,2023-10-15,1402/07/23,Sunday,یکشنبه
803,"508,530","507,000","508,640","507,520",4180,0.82%,2023-10-14,1402/07/22,Saturday,شنبه
804,"511,700","511,700","511,700","511,700",3830,0.75%,2023-10-12,1402/07/20,Thursday,پنج‌شنبه
805,"516,910","513,800","517,100","515,530",2200,0.43%,2023-10-11,1402/07/19,Wednesday,چهارشنبه
806,"519,100","517,300","519,600","517,730",2840,0.55%,2023-10-10,1402/07/18,Tuesday,سه‌شنبه
807,"530,600","520,300","531,600","520,570",6960,1.34%,2023-10-09,1402/07/17,Monday,دوشنبه
808,"530,070","526,830","536,600","527,530",3130,0.6%,2023-10-08,1402/07/16,Sunday,یکشنبه
809,"513,590","513,360","524,600","524,400",25430,5.1%,2023-10-07,1402/07/15,Saturday,شنبه
810,"498,970","498,910","498,970","498,970",40,0.01%,2023-10-05,1402/07/13,Thursday,پنج‌شنبه
811,"496,710","496,700","499,100","499,010",2770,0.56%,2023-10-04,1402/07/12,Wednesday,چهارشنبه
812,"495,900","495,600","496,800","496,240",260,0.05%,2023-10-02,1402/07/10,Monday,دوشنبه
813,"496,970","495,600","497,500","496,500",960,0.19%,2023-10-01,1402/07/09,Sunday,یکشنبه
814,"495,130","495,100","497,100","495,540",160,0.03%,2023-09-30,1402/07/08,Saturday,شنبه
815,"495,380","495,380","495,380","495,380",2000,0.4%,2023-09-28,1402/07/06,Thursday,پنج‌شنبه
816,"492,910","492,800","497,900","497,380",2900,0.59%,2023-09-27,1402/07/05,Wednesday,چهارشنبه
817,"494,560","494,320","494,560","494,480",540,0.11%,2023-09-26,1402/07/04,Tuesday,سه‌شنبه
818,"495,020","495,020","495,020","495,020",1440,0.29%,2023-09-25,1402/07/03,Monday,دوشنبه
819,"493,580","493,580","493,580","493,580",350,0.07%,2023-09-23,1402/07/01,Saturday,شنبه
820,"493,930","493,930","493,930","493,930",-,-,2023-09-21,1402/06/30,Thursday,پنج‌شنبه
821,"494,180","491,150","494,430","493,930",2780,0.57%,2023-09-20,1402/06/29,Wednesday,چهارشنبه
822,"493,800","490,300","496,450","491,150",5300,1.08%,2023-09-19,1402/06/28,Tuesday,سه‌شنبه
823,"496,620","494,210","496,790","496,450",1120,0.23%,2023-09-18,1402/06/27,Monday,دوشنبه
824,"495,800","493,710","496,270","495,330",3980,0.8%,2023-09-17,1402/06/26,Sunday,یکشنبه
825,"499,310","499,310","499,310","499,310",-,-,2023-09-13,1402/06/22,Wednesday,چهارشنبه
826,"499,900","497,000","500,490","499,310",2310,0.46%,2023-09-12,1402/06/21,Tuesday,سه‌شنبه
827,"497,150","494,160","497,300","497,000",1250,0.25%,2023-09-11,1402/06/20,Monday,دوشنبه
828,"497,110","495,750","498,470","495,750",900,0.18%,2023-09-10,1402/06/19,Sunday,یکشنبه
829,"497,245","496,230","497,840","496,650",740,0.15%,2023-09-09,1402/06/18,Saturday,شنبه
830,"495,910","495,910","495,910","495,910",130,0.03%,2023-09-07,1402/06/16,Thursday,پنج‌شنبه
831,"496,040","496,040","496,040","496,040",-,-,2023-09-05,1402/06/14,Tuesday,سه‌شنبه
832,"496,865","495,930","497,690","496,040",360,0.07%,2023-09-04,1402/06/13,Monday,دوشنبه
833,"497,205","495,400","498,010","496,400",260,0.05%,2023-09-03,1402/06/12,Sunday,یکشنبه
834,"497,575","494,250","498,490","496,660",6460,1.32%,2023-09-02,1402/06/11,Saturday,شنبه
835,"490,200","490,200","490,200","490,200",-,-,2023-08-31,1402/06/09,Thursday,پنج‌شنبه
836,"490,605","489,300","491,010","490,200",810,0.17%,2023-08-30,1402/06/08,Wednesday,چهارشنبه
837,"491,865","490,630","492,720","491,010",250,0.05%,2023-08-29,1402/06/07,Tuesday,سه‌شنبه
838,"491,255","489,910","491,750","490,760",630,0.13%,2023-08-28,1402/06/06,Monday,دوشنبه
839,"490,875","489,430","491,620","490,130",1490,0.3%,2023-08-27,1402/06/05,Sunday,یکشنبه
840,"492,065","488,720","492,510","491,620",50,0.01%,2023-08-26,1402/06/04,Saturday,شنبه
841,"491,670","491,670","491,670","491,670",-,-,2023-08-24,1402/06/02,Thursday,پنج‌شنبه
842,"491,695","489,330","491,720","491,670",1440,0.29%,2023-08-23,1402/06/01,Wednesday,چهارشنبه
843,"491,540","490,230","492,850","490,230",2500,0.51%,2023-08-22,1402/05/31,Tuesday,سه‌شنبه
844,"493,075","486,950","493,420","492,730",5780,1.19%,2023-08-21,1402/05/30,Monday,دوشنبه
845,"487,480","486,270","488,010","486,950",970,0.2%,2023-08-20,1402/05/29,Sunday,یکشنبه
846,"488,960","487,210","490,000","487,920",660,0.14%,2023-08-19,1402/05/28,Saturday,شنبه
847,"488,580","488,580","488,580","488,580",-,-,2023-08-17,1402/05/26,Thursday,پنج‌شنبه
848,"489,025","487,390","489,470","488,580",860,0.18%,2023-08-16,1402/05/25,Wednesday,چهارشنبه
849,"491,945","489,070","494,450","489,440",3040,0.62%,2023-08-15,1402/05/24,Tuesday,سه‌شنبه
850,"492,965","490,980","493,450","492,480",480,0.1%,2023-08-14,1402/05/23,Monday,دوشنبه
851,"493,455","491,370","493,950","492,960",1540,0.31%,2023-08-13,1402/05/22,Sunday,یکشنبه
852,"492,205","485,410","492,990","491,420",5310,1.08%,2023-08-12,1402/05/21,Saturday,شنبه
853,"496,730","496,590","496,730","496,730",140,0.03%,2023-08-10,1402/05/19,Thursday,پنج‌شنبه
854,"496,660","495,420","496,730","496,590",1170,0.24%,2023-08-09,1402/05/18,Wednesday,چهارشنبه
855,"495,945","493,250","496,470","495,420",1920,0.39%,2023-08-08,1402/05/17,Tuesday,سه‌شنبه
856,"494,970","492,700","496,440","493,500",2940,0.6%,2023-08-07,1402/05/16,Monday,دوشنبه
857,"496,915","495,750","497,390","496,440",120,0.02%,2023-08-06,1402/05/15,Sunday,یکشنبه
858,"496,905","494,510","497,490","496,320",2350,0.47%,2023-08-05,1402/05/14,Saturday,شنبه
859,"500,370","491,630","505,420","498,670",1420,0.28%,2023-08-02,1402/05/11,Wednesday,چهارشنبه
860,"497,470","489,210","503,440","500,090",610,0.12%,2023-08-01,1402/05/10,Tuesday,سه‌شنبه
861,"501,845","493,660","502,990","500,700",7040,1.43%,2023-07-31,1402/05/09,Monday,دوشنبه
862,"493,660","487,410","493,660","493,660",5690,1.17%,2023-07-30,1402/05/08,Sunday,یکشنبه
863,"489,700","487,550","491,430","487,970",1020,0.21%,2023-07-29,1402/05/07,Saturday,شنبه
864,"489,995","488,990","491,000","488,990",1260,0.26%,2023-07-26,1402/05/04,Wednesday,چهارشنبه
865,"490,925","488,370","491,600","490,250",1880,0.38%,2023-07-25,1402/05/03,Tuesday,سه‌شنبه
866,"488,620","483,900","488,870","488,370",2230,0.46%,2023-07-24,1402/05/02,Monday,دوشنبه
867,"486,270","480,160","486,400","486,140",2780,0.58%,2023-07-23,1402/05/01,Sunday,یکشنبه
868,"484,585","481,660","485,810","483,360",3010,0.62%,2023-07-22,1402/04/31,Saturday,شنبه
869,"486,370","486,370","486,370","486,370",-,-,2023-07-20,1402/04/29,Thursday,پنج‌شنبه
870,"486,620","482,680","486,870","486,370",1670,0.34%,2023-07-19,1402/04/28,Wednesday,چهارشنبه
871,"486,435","484,600","488,170","484,700",3470,0.72%,2023-07-18,1402/04/27,Tuesday,سه‌شنبه
872,"489,415","484,870","490,660","488,170",10,-,2023-07-17,1402/04/26,Monday,دوشنبه
873,"488,250","483,700","488,320","488,180",4480,0.93%,2023-07-16,1402/04/25,Sunday,یکشنبه
874,"486,045","483,270","488,390","483,700",8910,1.84%,2023-07-15,1402/04/24,Saturday,شنبه
875,"492,610","492,610","492,610","492,610",-,-,2023-07-13,1402/04/22,Thursday,پنج‌شنبه
876,"492,755","491,660","492,900","492,610",180,0.04%,2023-07-12,1402/04/21,Wednesday,چهارشنبه
877,"492,900","489,620","493,370","492,430",970,0.2%,2023-07-11,1402/04/20,Tuesday,سه‌شنبه
878,"494,875","490,400","498,290","491,460",6830,1.39%,2023-07-10,1402/04/19,Monday,دوشنبه
879,"498,980","496,610","499,670","498,290",1340,0.27%,2023-07-09,1402/04/18,Sunday,یکشنبه
880,"499,765","495,620","499,900","499,630",3500,0.7%,2023-07-08,1402/04/17,Saturday,شنبه
881,"503,130","503,130","503,130","503,130",-,-,2023-07-06,1402/04/15,Thursday,پنج‌شنبه
882,"503,130","500,950","503,130","503,130",30,0.01%,2023-07-05,1402/04/14,Wednesday,چهارشنبه
883,"501,040","500,360","503,300","503,100",260,0.05%,2023-07-04,1402/04/13,Tuesday,سه‌شنبه
884,"503,090","499,300","503,100","502,840",150,0.03%,2023-07-03,1402/04/12,Monday,دوشنبه
885,"503,810","502,300","504,100","502,990",3060,0.61%,2023-07-02,1402/04/11,Sunday,یکشنبه
886,"501,010","499,300","501,600","499,930",7130,1.45%,2023-07-01,1402/04/10,Saturday,شنبه
887,"493,040","492,800","493,100","492,800",450,0.09%,2023-06-28,1402/04/07,Wednesday,چهارشنبه
888,"492,960","490,800","493,100","492,350",570,0.12%,2023-06-27,1402/04/06,Tuesday,سه‌شنبه
889,"499,300","492,800","499,600","492,920",5050,1.02%,2023-06-26,1402/04/05,Monday,دوشنبه
890,"499,530","495,800","500,100","497,970",1540,0.31%,2023-06-25,1402/04/04,Sunday,یکشنبه
891,"505,820","499,300","506,600","499,510",2380,0.48%,2023-06-24,1402/04/03,Saturday,شنبه
892,"497,130","497,130","497,130","497,130",180,0.04%,2023-06-22,1402/04/01,Thursday,پنج‌شنبه
893,"495,840","494,300","497,600","497,310",11430,2.35%,2023-06-21,1402/03/31,Wednesday,چهارشنبه
894,"486,770","485,800","489,100","485,880",3860,0.79%,2023-06-20,1402/03/30,Tuesday,سه‌شنبه
895,"486,320","485,450","490,600","489,740",2930,0.6%,2023-06-19,1402/03/29,Monday,دوشنبه
896,"489,740","485,500","489,950","486,810",5470,1.12%,2023-06-18,1402/03/28,Sunday,یکشنبه
897,"495,890","491,970","496,100","492,280",4180,0.86%,2023-06-17,1402/03/27,Saturday,شنبه
898,"488,100","488,010","488,100","488,100",80,0.02%,2023-06-15,1402/03/25,Thursday,پنج‌شنبه
899,"486,340","486,300","488,600","488,020",560,0.11%,2023-06-14,1402/03/24,Wednesday,چهارشنبه
900,"493,320","484,800","499,100","488,580",10520,2.15%,2023-06-13,1402/03/23,Tuesday,سه‌شنبه
901,"484,440","484,300","500,100","499,100",17130,3.55%,2023-06-12,1402/03/22,Monday,دوشنبه
902,"473,540","470,800","483,100","481,970",11880,2.53%,2023-06-11,1402/03/21,Sunday,یکشنبه
903,"490,530","468,800","492,100","470,090",20750,4.41%,2023-06-10,1402/03/20,Saturday,شنبه
904,"490,840","490,840","490,840","490,840",2060,0.42%,2023-06-08,1402/03/18,Thursday,پنج‌شنبه
905,"498,540","491,300","498,600","492,900",3450,0.7%,2023-06-07,1402/03/17,Wednesday,چهارشنبه
906,"508,560","496,110","508,590","496,350",12900,2.6%,2023-06-06,1402/03/16,Tuesday,سه‌شنبه
907,"512,090","505,800","512,100","509,250",1640,0.32%,2023-06-03,1402/03/13,Saturday,شنبه
908,"510,890","510,890","510,890","510,890",2440,0.48%,2023-06-01,1402/03/11,Thursday,پنج‌شنبه
909,"513,110","511,300","513,600","513,330",3750,0.74%,2023-05-31,1402/03/10,Wednesday,چهارشنبه
910,"509,400","508,300","511,600","509,580",3840,0.75%,2023-05-30,1402/03/09,Tuesday,سه‌شنبه
911,"514,030","512,800","515,600","513,420",4930,0.96%,2023-05-29,1402/03/08,Monday,دوشنبه
912,"513,050","512,110","519,100","518,350",3180,0.62%,2023-05-28,1402/03/07,Sunday,یکشنبه
913,"519,680","515,100","519,890","515,170",850,0.17%,2023-05-27,1402/03/06,Saturday,شنبه
914,"514,320","514,320","514,320","514,320",1870,0.36%,2023-05-25,1402/03/04,Thursday,پنج‌شنبه
915,"514,470","514,300","516,600","516,190",1150,0.22%,2023-05-24,1402/03/03,Wednesday,چهارشنبه
916,"522,610","514,820","523,100","515,040",7470,1.45%,2023-05-23,1402/03/02,Tuesday,سه‌شنبه
917,"524,990","521,300","525,600","522,510",800,0.15%,2023-05-22,1402/03/01,Monday,دوشنبه
918,"522,480","522,300","526,100","523,310",4780,0.92%,2023-05-21,1402/02/31,Sunday,یکشنبه
919,"515,390","515,310","522,600","518,530",7550,1.48%,2023-05-20,1402/02/30,Saturday,شنبه
920,"510,980","510,980","510,980","510,980",1110,0.22%,2023-05-18,1402/02/28,Thursday,پنج‌شنبه
921,"512,860","510,500","513,100","512,090",2930,0.57%,2023-05-17,1402/02/27,Wednesday,چهارشنبه
922,"515,090","514,800","515,100","515,020",6040,1.17%,2023-05-15,1402/02/25,Monday,دوشنبه
923,"515,570","514,300","521,600","521,060",7250,1.41%,2023-05-14,1402/02/24,Sunday,یکشنبه
924,"524,520","513,800","525,590","513,810",16550,3.22%,2023-05-13,1402/02/23,Saturday,شنبه
925,"530,360","530,360","530,360","530,360",50,0.01%,2023-05-11,1402/02/21,Thursday,پنج‌شنبه
926,"530,320","528,800","532,100","530,410",900,0.17%,2023-05-10,1402/02/20,Wednesday,چهارشنبه
927,"531,910","525,300","533,100","529,510",2210,0.42%,2023-05-09,1402/02/19,Tuesday,سه‌شنبه
928,"531,950","531,300","536,100","531,720",4150,0.78%,2023-05-08,1402/02/18,Monday,دوشنبه
929,"527,590","527,300","536,100","535,870",8350,1.58%,2023-05-07,1402/02/17,Sunday,یکشنبه
930,"531,950","526,300","532,100","527,520",9320,1.77%,2023-05-06,1402/02/16,Saturday,شنبه
931,"536,935","536,840","537,030","536,840",4960,0.92%,2023-05-04,1402/02/14,Thursday,پنج‌شنبه
932,"544,560","541,120","545,100","541,800",1600,0.3%,2023-05-03,1402/02/13,Wednesday,چهارشنبه
933,"539,820","538,800","542,600","540,200",6250,1.16%,2023-05-02,1402/02/12,Tuesday,سه‌شنبه
934,"554,600","545,800","554,600","546,450",10900,1.99%,2023-05-01,1402/02/11,Monday,دوشنبه
935,"552,010","551,800","558,600","557,350",8260,1.5%,2023-04-30,1402/02/10,Sunday,یکشنبه
936,"541,900","541,800","549,100","549,090",16260,3.05%,2023-04-29,1402/02/09,Saturday,شنبه
937,"532,960","532,830","533,090","532,830",2220,0.42%,2023-04-27,1402/02/07,Thursday,پنج‌شنبه
938,"526,520","526,400","535,600","535,050",17240,3.33%,2023-04-26,1402/02/06,Wednesday,چهارشنبه
939,"518,530","516,800","518,600","517,810",51,0.01%,2023-04-25,1402/02/05,Tuesday,سه‌شنبه
940,"518,092","514,031","524,464","517,759",1690,0.33%,2023-04-23,1402/02/03,Sunday,یکشنبه
941,"516,714","512,198","521,881","516,069",2189,0.43%,2023-04-19,1402/01/30,Wednesday,چهارشنبه
942,"518,430","516,800","519,600","517,080",490,0.09%,2023-04-18,1402/01/29,Tuesday,سه‌شنبه
943,"514,400","510,800","517,600","517,570",3020,0.59%,2023-04-17,1402/01/28,Monday,دوشنبه
944,"512,370","512,300","519,100","514,550",1960,0.38%,2023-04-16,1402/01/27,Sunday,یکشنبه
945,"505,960","503,800","514,600","512,590",2571,0.5%,2023-04-15,1402/01/26,Saturday,شنبه
946,"510,541","505,275","515,493","510,019",521,0.1%,2023-04-12,1402/01/23,Wednesday,چهارشنبه
947,"511,990","508,800","513,600","510,540",1660,0.33%,2023-04-11,1402/01/22,Tuesday,سه‌شنبه
948,"509,810","506,820","514,600","508,880",4280,0.85%,2023-04-10,1402/01/21,Monday,دوشنبه
949,"503,310","496,800","506,600","504,600",1520,0.3%,2023-04-09,1402/01/20,Sunday,یکشنبه
950,"509,820","502,800","511,600","503,080",7403,1.47%,2023-04-08,1402/01/19,Saturday,شنبه
951,"510,803","500,834","513,561","510,483",2493,0.49%,2023-04-06,1402/01/17,Thursday,پنج‌شنبه
952,"503,570","499,810","508,100","507,990",3090,0.61%,2023-04-05,1402/01/16,Wednesday,چهارشنبه
953,"510,820","508,440","516,100","511,080",-,-,2023-04-04,1402/01/15,Tuesday,سه‌شنبه
954,"517,870","498,800","518,100","511,080",35575,6.96%,2023-04-03,1402/01/14,Monday,دوشنبه
955,"543,247","532,762","549,606","546,655",2385,0.44%,2023-03-29,1402/01/09,Wednesday,چهارشنبه
956,"511,750","511,600","511,900","511,750",150,0.03%,2023-03-28,1402/01/08,Tuesday,سه‌شنبه
957,"511,880","511,600","511,900","511,900",980,0.19%,2023-03-27,1402/01/07,Monday,دوشنبه
958,"515,380","509,800","516,100","510,920",3010,0.59%,2023-03-26,1402/01/06,Sunday,یکشنبه
959,"510,040","506,300","510,600","507,910",26896,5.59%,2023-03-25,1402/01/05,Saturday,شنبه
960,"479,516","475,823","490,345","481,014",104,0.02%,2023-03-18,1401/12/27,Saturday,شنبه
961,"462,803","453,963","474,048","467,919",2349,0.5%,2023-03-15,1401/12/24,Wednesday,چهارشنبه
962,"474,960","460,810","475,100","469,470",1330,0.28%,2023-03-14,1401/12/23,Tuesday,سه‌شنبه
963,"452,980","452,800","471,100","470,800",17960,3.97%,2023-03-13,1401/12/22,Monday,دوشنبه
964,"437,810","437,800","455,560","452,840",7790,1.75%,2023-03-12,1401/12/21,Sunday,یکشنبه
965,"439,310","421,800","460,100","445,050",47938,10.77%,2023-03-11,1401/12/20,Saturday,شنبه
966,"505,727","484,853","513,211","492,988",16082,3.26%,2023-03-08,1401/12/17,Wednesday,چهارشنبه
967,"509,030","503,800","517,100","509,070",5590,1.11%,2023-03-07,1401/12/16,Tuesday,سه‌شنبه
968,"490,870","481,300","506,590","503,480",7560,1.5%,2023-03-06,1401/12/15,Monday,دوشنبه
969,"506,000","502,860","514,090","511,040",2040,0.4%,2023-03-05,1401/12/14,Sunday,یکشنبه
970,"556,500","509,000","556,500","509,000",47478,9.33%,2023-03-04,1401/12/13,Saturday,شنبه
971,"556,568","548,464","559,796","556,478",72,0.01%,2023-03-01,1401/12/10,Wednesday,چهارشنبه
972,"556,430","556,300","556,600","556,510",2830,0.51%,2023-02-28,1401/12/09,Tuesday,سه‌شنبه
973,"581,930","559,300","583,600","559,340",25040,4.48%,2023-02-27,1401/12/08,Monday,دوشنبه
974,"574,520","566,300","587,100","584,380",550,0.09%,2023-02-26,1401/12/07,Sunday,یکشنبه
975,"572,990","555,800","600,600","584,930",59099,11.24%,2023-02-25,1401/12/06,Saturday,شنبه
976,"525,267","518,438","535,243","525,831",3511,0.67%,2023-02-22,1401/12/03,Wednesday,چهارشنبه
977,"499,950","498,210","512,100","511,050",12140,2.43%,2023-02-21,1401/12/02,Tuesday,سه‌شنبه
978,"498,930","497,600","499,100","498,910",110,0.02%,2023-02-20,1401/12/01,Monday,دوشنبه
979,"496,810","492,100","501,100","499,020",47900,10.62%,2023-02-19,1401/11/30,Sunday,یکشنبه
980,"450,350","450,100","451,300","451,120",5988,1.33%,2023-02-16,1401/11/27,Thursday,پنج‌شنبه
981,"451,729","445,224","460,262","457,108",15062,3.3%,2023-02-14,1401/11/25,Tuesday,سه‌شنبه
982,"456,970","456,800","459,100","459,070",3020,0.66%,2023-02-13,1401/11/24,Monday,دوشنبه
983,"456,520","455,800","458,100","456,050",5399,1.2%,2023-02-12,1401/11/23,Sunday,یکشنبه
984,"451,980","446,775","458,217","450,651",1111,0.25%,2023-02-08,1401/11/19,Wednesday,چهارشنبه
985,"443,020","442,330","446,800","445,610",3240,0.73%,2023-02-07,1401/11/18,Tuesday,سه‌شنبه
986,"446,040","442,110","447,600","442,370",7030,1.59%,2023-02-06,1401/11/17,Monday,دوشنبه
987,"447,490","447,300","449,600","449,400",150,0.03%,2023-02-05,1401/11/16,Sunday,یکشنبه
988,"448,940","439,730","457,420","449,250",850,0.19%,2023-02-01,1401/11/12,Wednesday,چهارشنبه
989,"446,860","444,300","448,390","447,040",260,0.06%,2023-01-31,1401/11/11,Tuesday,سه‌شنبه
990,"445,400","443,300","447,400","447,300",1250,0.28%,2023-01-30,1401/11/10,Monday,دوشنبه
991,"448,890","443,800","450,400","446,050",2160,0.48%,2023-01-29,1401/11/09,Sunday,یکشنبه
992,"437,520","437,000","449,300","448,210",10130,2.31%,2023-01-28,1401/11/08,Saturday,شنبه
993,"446,915","435,407","450,222","438,080",7480,1.71%,2023-01-25,1401/11/05,Wednesday,چهارشنبه
994,"430,600","427,410","441,400","437,620",1770,0.41%,2023-01-24,1401/11/04,Tuesday,سه‌شنبه
995,"447,890","435,300","448,570","435,850",12470,2.86%,2023-01-23,1401/11/03,Monday,دوشنبه
996,"446,460","444,800","451,600","448,320",1080,0.24%,2023-01-22,1401/11/02,Sunday,یکشنبه
997,"449,920","444,800","454,600","449,400",9639,2.19%,2023-01-21,1401/11/01,Saturday,شنبه
998,"428,533","420,005","444,730","439,761",11441,2.67%,2023-01-18,1401/10/28,Wednesday,چهارشنبه
999,"419,870","419,620","432,100","431,800",12990,3.1%,2023-01-17,1401/10/27,Tuesday,سه‌شنبه
1000,"415,370","414,620","419,100","418,810",7640,1.86%,2023-01-16,1401/10/26,Monday,دوشنبه
1001,"409,510","409,010","411,400","411,170",1400,0.34%,2023-01-15,1401/10/25,Sunday,یکشنبه
1002,"408,680","407,800","410,100","409,770",357,0.09%,2023-01-14,1401/10/24,Saturday,شنبه
1003,"409,342","403,529","415,472","409,413",2207,0.54%,2023-01-11,1401/10/21,Wednesday,چهارشنبه
1004,"408,860","407,600","412,100","408,300",650,0.16%,2023-01-10,1401/10/20,Tuesday,سه‌شنبه
1005,"409,410","403,200","414,650","407,650",850,0.21%,2023-01-08,1401/10/18,Sunday,یکشنبه
1006,"416,950","408,500","419,400","410,890",16060,4.07%,2023-01-07,1401/10/17,Saturday,شنبه
1007,"394,830","394,830","394,830","394,830",5790,1.47%,2023-01-05,1401/10/15,Thursday,پنج‌شنبه
1008,"393,590","393,320","401,100","400,620",3070,0.77%,2023-01-04,1401/10/14,Wednesday,چهارشنبه
1009,"400,910","394,310","401,100","397,550",170,0.04%,2023-01-03,1401/10/13,Tuesday,سه‌شنبه
1010,"409,350","394,420","409,590","397,380",12150,3.06%,2023-01-02,1401/10/12,Monday,دوشنبه
1011,"409,530","409,320","409,590","409,530",2210,0.54%,2023-01-01,1401/10/11,Sunday,یکشنبه
1012,"400,030","397,020","413,090","411,740",4410,1.07%,2022-12-31,1401/10/10,Saturday,شنبه
1013,"416,150","416,150","416,150","416,150",18210,4.38%,2022-12-29,1401/10/08,Thursday,پنج‌شنبه
1014,"440,230","429,320","442,090","434,360",37150,9.35%,2022-12-28,1401/10/07,Wednesday,چهارشنبه
1015,"397,210","397,210","397,210","397,210",17730,4.46%,2022-12-26,1401/10/05,Monday,دوشنبه
1016,"415,470","411,820","419,090","414,940",4910,1.2%,2022-12-25,1401/10/04,Sunday,یکشنبه
1017,"406,060","405,620","412,090","410,030",19530,5%,2022-12-24,1401/10/03,Saturday,شنبه
1018,"390,500","390,500","390,500","390,500",7110,1.82%,2022-12-22,1401/10/01,Thursday,پنج‌شنبه
1019,"398,770","396,720","398,890","397,610",1280,0.32%,2022-12-21,1401/09/30,Wednesday,چهارشنبه
1020,"390,890","390,020","397,660","396,330",4870,1.24%,2022-12-20,1401/09/29,Tuesday,سه‌شنبه
1021,"396,610","388,220","396,890","391,460",5330,1.36%,2022-12-19,1401/09/28,Monday,دوشنبه
1022,"392,560","392,320","397,090","396,790",3520,0.9%,2022-12-18,1401/09/27,Sunday,یکشنبه
1023,"394,940","391,220","396,090","393,270",14990,3.96%,2022-12-17,1401/09/26,Saturday,شنبه
1024,"378,280","378,280","378,280","378,280",-,-,2022-12-15,1401/09/24,Thursday,پنج‌شنبه
1025,"383,770","376,200","389,260","378,280",5110,1.35%,2022-12-14,1401/09/23,Wednesday,چهارشنبه
1026,"386,060","378,120","388,290","383,390",1780,0.46%,2022-12-13,1401/09/22,Tuesday,سه‌شنبه
1027,"380,080","379,320","385,590","385,170",5610,1.48%,2022-12-12,1401/09/21,Monday,دوشنبه
1028,"373,820","373,320","379,590","379,560",6740,1.81%,2022-12-11,1401/09/20,Sunday,یکشنبه
1029,"370,470","369,520","373,690","372,820",2631,0.71%,2022-12-10,1401/09/19,Saturday,شنبه
1030,"366,705","361,094","377,037","370,189",6229,1.71%,2022-12-07,1401/09/16,Wednesday,چهارشنبه
1031,"361,880","360,420","362,890","362,890",1020,0.28%,2022-12-06,1401/09/15,Tuesday,سه‌شنبه
1032,"363,890","361,320","363,890","361,870",1280,0.35%,2022-12-05,1401/09/14,Monday,دوشنبه
1033,"362,950","362,320","364,790","363,150",40,0.01%,2022-12-04,1401/09/13,Sunday,یکشنبه
1034,"358,020","357,520","363,590","363,110",5160,1.44%,2022-12-03,1401/09/12,Saturday,شنبه
1035,"357,950","357,950","357,950","357,950",930,0.26%,2022-12-01,1401/09/10,Thursday,پنج‌شنبه
1036,"351,956","351,774","360,710","358,880",1880,0.53%,2022-11-30,1401/09/09,Wednesday,چهارشنبه
1037,"354,050","353,157","357,124","357,000",1950,0.55%,2022-11-29,1401/09/08,Tuesday,سه‌شنبه
1038,"360,650","358,000","361,050","355,050",5300,1.49%,2022-11-28,1401/09/07,Monday,دوشنبه
1039,"361,350","359,200","362,250","360,350",236,0.07%,2022-11-27,1401/09/06,Sunday,یکشنبه
1040,"355,046","354,246","360,630","360,114",10214,2.92%,2022-11-26,1401/09/05,Saturday,شنبه
1041,"349,900","349,900","349,900","349,900",4693,1.34%,2022-11-24,1401/09/03,Thursday,پنج‌شنبه
1042,"352,352","352,258","356,357","354,593",533,0.15%,2022-11-23,1401/09/02,Wednesday,چهارشنبه
1043,"357,234","353,988","357,380","355,126",1454,0.41%,2022-11-22,1401/09/01,Tuesday,سه‌شنبه
1044,"355,152","352,805","356,852","356,580",462,0.13%,2022-11-21,1401/08/30,Monday,دوشنبه
1045,"355,368","354,056","357,704","357,042",3951,1.12%,2022-11-20,1401/08/29,Sunday,یکشنبه
1046,"352,440","351,280","354,206","353,091",5581,1.61%,2022-11-19,1401/08/28,Saturday,شنبه
1047,"347,510","347,510","347,510","347,510",2194,0.63%,2022-11-17,1401/08/26,Thursday,پنج‌شنبه
1048,"356,902","348,636","357,176","349,704",4965,1.42%,2022-11-16,1401/08/25,Wednesday,چهارشنبه
1049,"355,411","353,117","355,671","354,669",1281,0.36%,2022-11-15,1401/08/24,Tuesday,سه‌شنبه
1050,"352,093","351,685","356,604","355,950",2060,0.58%,2022-11-14,1401/08/23,Monday,دوشنبه
1051,"353,980","352,850","358,520","358,010",3590,1.01%,2022-11-13,1401/08/22,Sunday,یکشنبه
1052,"348,960","348,650","355,620","354,420",3830,1.09%,2022-11-12,1401/08/21,Saturday,شنبه
1053,"350,590","350,590","350,590","350,590",-,-,2022-11-10,1401/08/19,Thursday,پنج‌شنبه
1054,"354,220","348,350","354,220","350,590",3420,0.98%,2022-11-09,1401/08/18,Wednesday,چهارشنبه
1055,"361,560","353,950","362,600","354,010",7820,2.21%,2022-11-08,1401/08/17,Tuesday,سه‌شنبه
1056,"367,030","361,400","367,600","361,830",140,0.04%,2022-11-07,1401/08/16,Monday,دوشنبه
1057,"361,510","360,930","362,200","361,970",670,0.19%,2022-11-06,1401/08/15,Sunday,یکشنبه
1058,"360,780","357,400","363,100","362,640",12477,3.56%,2022-11-05,1401/08/14,Saturday,شنبه
1059,"350,266","343,019","357,341","350,163",1523,0.44%,2022-11-02,1401/08/11,Wednesday,چهارشنبه
1060,"338,840","338,710","346,600","346,060",11340,3.39%,2022-11-01,1401/08/10,Tuesday,سه‌شنبه
1061,"333,590","332,900","334,900","334,720",2270,0.68%,2022-10-31,1401/08/09,Monday,دوشنبه
1062,"330,030","329,900","332,800","332,450",2710,0.82%,2022-10-30,1401/08/08,Sunday,یکشنبه
1063,"329,040","328,300","330,100","329,740",780,0.24%,2022-10-29,1401/08/07,Saturday,شنبه
1064,"330,520","330,520","330,520","330,520",50,0.02%,2022-10-27,1401/08/05,Thursday,پنج‌شنبه
1065,"330,210","329,900","330,900","330,570",1690,0.51%,2022-10-26,1401/08/04,Wednesday,چهارشنبه
1066,"328,800","327,800","329,000","328,880",180,0.05%,2022-10-25,1401/08/03,Tuesday,سه‌شنبه
1067,"327,940","327,710","328,900","328,700",1070,0.33%,2022-10-24,1401/08/02,Monday,دوشنبه
1068,"327,300","326,200","328,090","327,630",490,0.15%,2022-10-23,1401/08/01,Sunday,یکشنبه
1069,"328,460","327,530","329,100","328,120",1570,0.48%,2022-10-22,1401/07/30,Saturday,شنبه
1070,"326,550","326,550","326,550","326,550",40,0.01%,2022-10-20,1401/07/28,Thursday,پنج‌شنبه
1071,"327,210","325,700","327,300","326,510",1430,0.44%,2022-10-19,1401/07/27,Wednesday,چهارشنبه
1072,"329,410","327,900","329,600","327,940",510,0.16%,2022-10-18,1401/07/26,Tuesday,سه‌شنبه
1073,"327,020","326,400","328,600","328,450",120,0.04%,2022-10-17,1401/07/25,Monday,دوشنبه
1074,"329,710","328,300","329,900","328,570",2640,0.8%,2022-10-16,1401/07/24,Sunday,یکشنبه
1075,"329,210","328,900","331,600","331,210",1750,0.53%,2022-10-15,1401/07/23,Saturday,شنبه
1076,"329,460","329,460","329,460","329,460",80,0.02%,2022-10-13,1401/07/21,Thursday,پنج‌شنبه
1077,"326,210","326,100","329,590","329,540",3060,0.94%,2022-10-12,1401/07/20,Wednesday,چهارشنبه
1078,"327,070","325,600","327,600","326,480",930,0.28%,2022-10-11,1401/07/19,Tuesday,سه‌شنبه
1079,"324,950","324,720","328,200","327,410",2500,0.77%,2022-10-10,1401/07/18,Monday,دوشنبه
1080,"323,120","320,800","325,700","324,910",1840,0.57%,2022-10-09,1401/07/17,Sunday,یکشنبه
1081,"326,150","322,900","326,180","323,070",3246,1%,2022-10-08,1401/07/16,Saturday,شنبه
1082,"327,686","323,052","330,045","326,316",4704,1.44%,2022-10-05,1401/07/13,Wednesday,چهارشنبه
1083,"331,020","331,020","331,020","331,020",70,0.02%,2022-10-04,1401/07/12,Tuesday,سه‌شنبه
1084,"333,160","330,400","333,300","330,950",1470,0.44%,2022-10-03,1401/07/11,Monday,دوشنبه
1085,"333,530","330,700","334,600","332,420",900,0.27%,2022-10-02,1401/07/10,Sunday,یکشنبه
1086,"327,310","325,700","332,600","331,520",13040,4.09%,2022-10-01,1401/07/09,Saturday,شنبه
1087,"318,480","318,480","318,480","318,480",40,0.01%,2022-09-29,1401/07/07,Thursday,پنج‌شنبه
1088,"318,450","318,400","318,600","318,440",1630,0.51%,2022-09-28,1401/07/06,Wednesday,چهارشنبه
1089,"316,810","316,810","316,810","316,810",200,0.06%,2022-09-26,1401/07/04,Monday,دوشنبه
1090,"317,010","317,010","317,010","317,010",350,0.11%,2022-09-24,1401/07/02,Saturday,شنبه
1091,"316,660","316,660","316,660","316,660",70,0.02%,2022-09-22,1401/06/31,Thursday,پنج‌شنبه
1092,"316,050","314,900","317,800","316,730",400,0.13%,2022-09-21,1401/06/30,Wednesday,چهارشنبه
1093,"316,300","315,600","317,300","317,130",390,0.12%,2022-09-20,1401/06/29,Tuesday,سه‌شنبه
1094,"317,270","315,400","317,600","316,740",200,0.06%,2022-09-19,1401/06/28,Monday,دوشنبه
1095,"315,370","314,600","317,000","316,540",980,0.31%,2022-09-18,1401/06/27,Sunday,یکشنبه
1096,"315,560","315,560","315,560","315,560",20,0.01%,2022-09-15,1401/06/24,Thursday,پنج‌شنبه
1097,"315,900","315,410","316,800","315,540",1790,0.57%,2022-09-14,1401/06/23,Wednesday,چهارشنبه
1098,"315,720","312,100","315,900","313,750",3310,1.05%,2022-09-13,1401/06/22,Tuesday,سه‌شنبه
1099,"310,100","309,700","317,600","317,060",7300,2.36%,2022-09-12,1401/06/21,Monday,دوشنبه
1100,"309,240","307,100","310,100","309,760",660,0.21%,2022-09-11,1401/06/20,Sunday,یکشنبه
1101,"303,780","303,700","309,100","309,100",6690,2.21%,2022-09-10,1401/06/19,Saturday,شنبه
1102,"302,410","302,410","302,410","302,410",30,0.01%,2022-09-08,1401/06/17,Thursday,پنج‌شنبه
1103,"301,410","300,900","303,100","302,380",230,0.08%,2022-09-07,1401/06/16,Wednesday,چهارشنبه
1104,"301,150","299,700","302,600","302,150",270,0.09%,2022-09-06,1401/06/15,Tuesday,سه‌شنبه
1105,"302,040","301,100","303,100","302,420",160,0.05%,2022-09-05,1401/06/14,Monday,دوشنبه
1106,"302,370","297,410","302,500","302,260",380,0.13%,2022-09-04,1401/06/13,Sunday,یکشنبه
1107,"300,920","300,900","303,300","302,640",4170,1.4%,2022-09-03,1401/06/12,Saturday,شنبه
1108,"298,470","298,470","298,470","298,470",560,0.19%,2022-09-01,1401/06/10,Thursday,پنج‌شنبه
1109,"298,840","298,400","299,100","299,030",500,0.17%,2022-08-31,1401/06/09,Wednesday,چهارشنبه
1110,"302,000","299,400","302,300","299,530",950,0.32%,2022-08-30,1401/06/08,Tuesday,سه‌شنبه
1111,"296,490","295,100","298,800","298,580",1460,0.49%,2022-08-29,1401/06/07,Monday,دوشنبه
1112,"295,210","294,900","297,900","297,120",1380,0.47%,2022-08-28,1401/06/06,Sunday,یکشنبه
1113,"297,270","294,900","298,600","295,740",2011,0.68%,2022-08-27,1401/06/05,Saturday,شنبه
1114,"298,826","295,756","303,696","297,751",631,0.21%,2022-08-24,1401/06/02,Wednesday,چهارشنبه
1115,"291,010","290,300","291,300","290,870",2480,0.85%,2022-08-23,1401/06/01,Tuesday,سه‌شنبه
1116,"294,470","291,200","296,000","293,350",90,0.03%,2022-08-22,1401/05/31,Monday,دوشنبه
1117,"294,740","292,400","297,800","293,440",2930,1.01%,2022-08-21,1401/05/30,Sunday,یکشنبه
1118,"281,220","281,200","291,080","290,510",534,0.18%,2022-08-20,1401/05/29,Saturday,شنبه
1119,"297,067","285,887","299,265","289,976",10374,3.58%,2022-08-17,1401/05/26,Wednesday,چهارشنبه
1120,"298,520","297,100","299,300","297,730",4650,1.56%,2022-08-16,1401/05/25,Tuesday,سه‌شنبه
1121,"304,530","302,200","305,500","302,380",350,0.12%,2022-08-15,1401/05/24,Monday,دوشنبه
1122,"305,160","300,400","305,300","302,030",1080,0.36%,2022-08-14,1401/05/23,Sunday,یکشنبه
1123,"301,390","300,100","303,300","303,110",6916,2.28%,2022-08-13,1401/05/22,Saturday,شنبه
1124,"310,762","306,708","315,951","310,026",1784,0.58%,2022-08-10,1401/05/19,Wednesday,چهارشنبه
1125,"313,760","310,700","313,900","311,580",6192,1.99%,2022-08-09,1401/05/18,Tuesday,سه‌شنبه
1126,"321,385","314,403","325,627","317,772",2618,0.83%,2022-08-05,1401/05/14,Friday,جمعه
1127,"314,636","311,646","317,927","315,154",84,0.03%,2022-08-03,1401/05/12,Wednesday,چهارشنبه
1128,"314,590","311,300","315,200","311,750",4740,1.52%,2022-08-02,1401/05/11,Tuesday,سه‌شنبه
1129,"317,720","316,400","318,100","316,490",540,0.17%,2022-08-01,1401/05/10,Monday,دوشنبه
1130,"317,420","316,300","317,700","317,030",730,0.23%,2022-07-31,1401/05/09,Sunday,یکشنبه
1131,"319,450","317,700","319,600","317,760",1479,0.47%,2022-07-30,1401/05/08,Saturday,شنبه
1132,"319,136","314,157","325,623","319,239",29,0.01%,2022-07-27,1401/05/05,Wednesday,چهارشنبه
1133,"319,310","319,300","320,100","320,050",420,0.13%,2022-07-26,1401/05/04,Tuesday,سه‌شنبه
1134,"318,640","318,500","320,300","319,630",1150,0.36%,2022-07-25,1401/05/03,Monday,دوشنبه
1135,"320,120","318,300","320,300","318,480",1990,0.62%,2022-07-24,1401/05/02,Sunday,یکشنبه
1136,"320,390","319,300","321,200","320,470",1640,0.51%,2022-07-23,1401/05/01,Saturday,شنبه
1137,"320,470","314,710","326,910","318,830",130,0.04%,2022-07-20,1401/04/29,Wednesday,چهارشنبه
1138,"318,180","317,400","319,100","318,000",885,0.28%,2022-07-19,1401/04/28,Tuesday,سه‌شنبه
1139,"319,705","314,420","322,774","318,885",2375,0.74%,2022-07-16,1401/04/25,Saturday,شنبه
1140,"321,528","315,418","328,798","322,036",1266,0.39%,2022-07-13,1401/04/22,Wednesday,چهارشنبه
1141,"316,890","315,900","316,900","316,030",50,0.02%,2022-07-12,1401/04/21,Tuesday,سه‌شنبه
1142,"316,000","315,800","316,400","316,080",737,0.23%,2022-07-11,1401/04/20,Monday,دوشنبه
1143,"313,722","311,369","321,397","315,343",1305,0.42%,2022-07-08,1401/04/17,Friday,جمعه
1144,"314,226","310,583","319,442","314,038",1478,0.47%,2022-07-06,1401/04/15,Wednesday,چهارشنبه
1145,"317,120","314,700","317,600","315,330",1180,0.38%,2022-07-05,1401/04/14,Tuesday,سه‌شنبه
1146,"318,320","314,110","318,500","314,150",4050,1.29%,2022-07-04,1401/04/13,Monday,دوشنبه
1147,"317,160","312,100","318,400","318,200",3690,1.16%,2022-07-03,1401/04/12,Sunday,یکشنبه
1148,"326,030","320,900","326,900","321,890",451,0.14%,2022-07-02,1401/04/11,Saturday,شنبه
1149,"319,147","313,849","326,260","321,439",1509,0.47%,2022-06-29,1401/04/08,Wednesday,چهارشنبه
1150,"310,460","309,700","312,500","311,750",4490,1.46%,2022-06-28,1401/04/07,Tuesday,سه‌شنبه
1151,"306,670","305,600","307,900","307,260",2140,0.7%,2022-06-27,1401/04/06,Monday,دوشنبه
1152,"310,450","304,600","311,800","305,120",8300,2.72%,2022-06-26,1401/04/05,Sunday,یکشنبه
1153,"316,790","313,300","316,900","313,420",3857,1.23%,2022-06-25,1401/04/04,Saturday,شنبه
1154,"319,489","315,658","323,514","317,277",493,0.16%,2022-06-22,1401/04/01,Wednesday,چهارشنبه
1155,"319,690","318,600","320,300","319,780",2930,0.92%,2022-06-21,1401/03/31,Tuesday,سه‌شنبه
1156,"318,040","316,500","318,600","316,850",250,0.08%,2022-06-20,1401/03/30,Monday,دوشنبه
1157,"318,260","316,600","318,400","317,100",300,0.09%,2022-06-19,1401/03/29,Sunday,یکشنبه
1158,"319,880","316,600","320,400","316,800",968,0.31%,2022-06-18,1401/03/28,Saturday,شنبه
1159,"318,001","316,083","324,011","317,768",818,0.26%,2022-06-15,1401/03/25,Wednesday,چهارشنبه
1160,"319,980","315,400","320,800","315,680",5680,1.8%,2022-06-14,1401/03/24,Tuesday,سه‌شنبه
1161,"324,280","321,300","325,500","321,360",5280,1.64%,2022-06-13,1401/03/23,Monday,دوشنبه
1162,"327,820","325,600","328,500","326,640",2760,0.84%,2022-06-12,1401/03/22,Sunday,یکشنبه
1163,"322,510","321,400","331,000","329,400",8100,2.52%,2022-06-11,1401/03/21,Saturday,شنبه
1164,"320,373","313,997","326,248","321,300",1140,0.36%,2022-06-08,1401/03/18,Wednesday,چهارشنبه
1165,"317,870","316,600","319,500","317,030",880,0.28%,2022-06-07,1401/03/17,Tuesday,سه‌شنبه
1166,"313,370","312,100","318,390","317,910",4976,1.59%,2022-06-06,1401/03/16,Monday,دوشنبه
1167,"315,031","306,863","318,149","312,934",74,0.02%,2022-06-01,1401/03/11,Wednesday,چهارشنبه
1168,"310,400","309,400","315,300","315,180",5150,1.66%,2022-05-31,1401/03/10,Tuesday,سه‌شنبه
1169,"308,150","308,100","311,100","310,030",1670,0.54%,2022-05-30,1401/03/09,Monday,دوشنبه
1170,"305,910","305,800","308,900","308,360",2700,0.88%,2022-05-29,1401/03/08,Sunday,یکشنبه
1171,"303,020","302,700","306,800","305,660",1983,0.65%,2022-05-28,1401/03/07,Saturday,شنبه
1172,"303,555","299,730","305,256","303,677",637,0.21%,2022-05-25,1401/03/04,Wednesday,چهارشنبه
1173,"301,810","299,900","301,900","301,240",630,0.21%,2022-05-24,1401/03/03,Tuesday,سه‌شنبه
1174,"303,430","301,700","304,200","301,870",570,0.19%,2022-05-23,1401/03/02,Monday,دوشنبه
1175,"303,050","300,000","303,500","302,440",790,0.26%,2022-05-22,1401/03/01,Sunday,یکشنبه
1176,"302,800","302,300","305,500","303,230",3670,1.23%,2022-05-21,1401/02/31,Saturday,شنبه
1177,"300,319","295,695","303,652","299,560",540,0.18%,2022-05-18,1401/02/28,Wednesday,چهارشنبه
1178,"301,990","299,800","302,000","301,120",1200,0.4%,2022-05-17,1401/02/27,Tuesday,سه‌شنبه
1179,"305,680","302,300","305,800","302,320",3020,1%,2022-05-16,1401/02/26,Monday,دوشنبه
1180,"306,340","304,000","306,600","305,340",330,0.11%,2022-05-15,1401/02/25,Sunday,یکشنبه
1181,"302,300","299,000","306,000","305,670",49770,19.45%,2022-05-14,1401/02/24,Saturday,شنبه
1182,"255,900","255,900","255,900","255,900",100,0.04%,2022-05-12,1401/02/22,Thursday,پنج‌شنبه
1183,"255,800","255,800","255,800","255,800",19632,7.67%,2022-05-11,1401/02/21,Wednesday,چهارشنبه
1184,"282,216","272,732","286,505","275,432",15638,5.68%,2022-05-09,1401/02/19,Monday,دوشنبه
1185,"285,540","284,900","285,700","285,460",1810,0.64%,2022-05-08,1401/02/18,Sunday,یکشنبه
1186,"284,050","283,200","284,700","283,650",3090,1.1%,2022-05-07,1401/02/17,Saturday,شنبه
1187,"280,560","280,560","280,560","280,560",350,0.12%,2022-05-05,1401/02/15,Thursday,پنج‌شنبه
1188,"280,210","280,210","280,210","280,210",2330,0.83%,2022-05-02,1401/02/12,Monday,دوشنبه
1189,"281,650","281,100","282,600","282,540",960,0.34%,2022-05-01,1401/02/11,Sunday,یکشنبه
1190,"280,950","280,900","281,900","281,580",1780,0.64%,2022-04-30,1401/02/10,Saturday,شنبه
1191,"279,800","279,800","279,800","279,800",1730,0.62%,2022-04-28,1401/02/08,Thursday,پنج‌شنبه
1192,"280,720","279,600","281,800","281,530",610,0.22%,2022-04-27,1401/02/07,Wednesday,چهارشنبه
1193,"279,210","279,200","281,900","280,920",1700,0.61%,2022-04-26,1401/02/06,Tuesday,سه‌شنبه
1194,"278,350","278,300","280,600","279,220",800,0.29%,2022-04-25,1401/02/05,Monday,دوشنبه
1195,"277,740","277,000","278,800","278,420",220,0.08%,2022-04-24,1401/02/04,Sunday,یکشنبه
1196,"278,640","278,640","278,640","278,640",20,0.01%,2022-04-21,1401/02/01,Thursday,پنج‌شنبه
1197,"277,490","277,400","279,200","278,620",1160,0.42%,2022-04-20,1401/01/31,Wednesday,چهارشنبه
1198,"275,700","275,500","278,200","277,460",1650,0.6%,2022-04-19,1401/01/30,Tuesday,سه‌شنبه
1199,"276,510","275,500","278,100","275,810",880,0.32%,2022-04-18,1401/01/29,Monday,دوشنبه
1200,"278,420","276,000","279,900","276,690",2480,0.9%,2022-04-17,1401/01/28,Sunday,یکشنبه
1201,"278,920","278,900","281,400","279,170",1260,0.45%,2022-04-16,1401/01/27,Saturday,شنبه
1202,"277,910","277,320","277,910","277,910",-,-,2022-04-14,1401/01/25,Thursday,پنج‌شنبه
1203,"277,920","277,800","278,000","277,910",260,0.09%,2022-04-13,1401/01/24,Wednesday,چهارشنبه
1204,"281,160","277,800","281,200","278,170",2960,1.06%,2022-04-12,1401/01/23,Tuesday,سه‌شنبه
1205,"280,810","280,700","282,700","281,130",550,0.2%,2022-04-11,1401/01/22,Monday,دوشنبه
1206,"279,620","279,600","281,800","280,580",630,0.23%,2022-04-10,1401/01/21,Sunday,یکشنبه
1207,"277,390","276,700","280,100","279,950",5120,1.86%,2022-04-09,1401/01/20,Saturday,شنبه
1208,"274,830","274,830","274,830","274,830",1200,0.44%,2022-04-07,1401/01/18,Thursday,پنج‌شنبه
1209,"273,920","273,800","277,300","276,030",2090,0.76%,2022-04-06,1401/01/17,Wednesday,چهارشنبه
1210,"276,920","273,120","277,100","273,940",3230,1.18%,2022-04-05,1401/01/16,Tuesday,سه‌شنبه
1211,"272,220","272,200","277,400","277,170",5220,1.92%,2022-04-04,1401/01/15,Monday,دوشنبه
1212,"269,140","269,000","272,300","271,950",810,0.3%,2022-04-03,1401/01/14,Sunday,یکشنبه
1213,"271,140","271,140","271,140","271,140",120,0.04%,2022-03-31,1401/01/11,Thursday,پنج‌شنبه
1214,"270,460","269,950","271,500","271,260",760,0.28%,2022-03-30,1401/01/10,Wednesday,چهارشنبه
1215,"271,800","269,450","272,000","270,500",70,0.03%,2022-03-29,1401/01/09,Tuesday,سه‌شنبه
1216,"267,400","267,050","270,700","270,430",3980,1.49%,2022-03-28,1401/01/08,Monday,دوشنبه
1217,"262,750","262,500","267,490","266,450",3710,1.41%,2022-03-27,1401/01/07,Sunday,یکشنبه
1218,"262,210","262,100","262,750","262,740",220,0.08%,2022-03-26,1401/01/06,Saturday,شنبه
1219,"262,120","258,420","267,840","262,520",220,0.08%,2022-03-18,1400/12/27,Friday,جمعه
1220,"262,300","262,300","262,300","262,300",60,0.02%,2022-03-17,1400/12/26,Thursday,پنج‌شنبه
1221,"262,060","262,050","262,300","262,240",1530,0.58%,2022-03-16,1400/12/25,Wednesday,چهارشنبه
1222,"262,560","262,350","264,400","263,770",90,0.03%,2022-03-15,1400/12/24,Tuesday,سه‌شنبه
1223,"263,440","263,150","265,900","263,680",920,0.35%,2022-03-14,1400/12/23,Monday,دوشنبه
1224,"262,550","261,550","263,100","262,760",1600,0.61%,2022-03-13,1400/12/22,Sunday,یکشنبه
1225,"260,740","260,650","265,900","264,360",7400,2.88%,2022-03-12,1400/12/21,Saturday,شنبه
1226,"256,960","256,960","256,960","256,960",150,0.06%,2022-03-10,1400/12/19,Thursday,پنج‌شنبه
1227,"257,770","256,570","258,300","256,810",780,0.3%,2022-03-09,1400/12/18,Wednesday,چهارشنبه
1228,"258,750","254,850","259,000","257,590",2790,1.08%,2022-03-08,1400/12/17,Tuesday,سه‌شنبه
1229,"258,860","258,650","262,600","260,380",2270,0.88%,2022-03-07,1400/12/16,Monday,دوشنبه
1230,"254,750","254,270","258,900","258,110",3710,1.46%,2022-03-06,1400/12/15,Sunday,یکشنبه
1231,"252,610","251,250","254,400","254,400",1750,0.69%,2022-03-05,1400/12/14,Saturday,شنبه
1232,"256,150","256,150","256,150","256,150",80,0.03%,2022-03-03,1400/12/12,Thursday,پنج‌شنبه
1233,"255,530","255,350","257,800","256,070",3580,1.4%,2022-03-02,1400/12/11,Wednesday,چهارشنبه
1234,"259,650","259,650","259,650","259,650",140,0.05%,2022-02-28,1400/12/09,Monday,دوشنبه
1235,"259,860","259,550","260,300","259,790",60,0.02%,2022-02-27,1400/12/08,Sunday,یکشنبه
1236,"260,140","259,350","260,400","259,850",1590,0.61%,2022-02-26,1400/12/07,Saturday,شنبه
1237,"261,440","261,440","261,440","261,440",110,0.04%,2022-02-24,1400/12/05,Thursday,پنج‌شنبه
1238,"261,690","259,850","262,100","261,550",2060,0.79%,2022-02-23,1400/12/04,Wednesday,چهارشنبه
1239,"262,080","259,350","262,600","259,490",1080,0.42%,2022-02-22,1400/12/03,Tuesday,سه‌شنبه
1240,"258,540","258,360","261,900","260,570",2650,1.03%,2022-02-21,1400/12/02,Monday,دوشنبه
1241,"255,380","254,850","258,400","257,920",3750,1.48%,2022-02-20,1400/12/01,Sunday,یکشنبه
1242,"258,800","254,050","258,800","254,170",8260,3.25%,2022-02-19,1400/11/30,Saturday,شنبه
1243,"261,437","259,763","264,162","262,430",690,0.26%,2022-02-16,1400/11/27,Wednesday,چهارشنبه
1244,"269,429","264,362","273,766","269,153",497,0.18%,2022-02-13,1400/11/24,Sunday,یکشنبه
1245,"264,490","264,260","268,800","268,670",6400,2.44%,2022-02-12,1400/11/23,Saturday,شنبه
1246,"262,270","262,270","262,270","262,270",50,0.02%,2022-02-10,1400/11/21,Thursday,پنج‌شنبه
1247,"262,390","262,150","262,400","262,320",80,0.03%,2022-02-09,1400/11/20,Wednesday,چهارشنبه
1248,"263,690","260,650","263,700","262,240",1720,0.66%,2022-02-08,1400/11/19,Tuesday,سه‌شنبه
1249,"262,070","259,250","262,400","260,520",4080,1.57%,2022-02-07,1400/11/18,Monday,دوشنبه
1250,"266,690","263,750","266,900","264,600",3000,1.13%,2022-02-06,1400/11/17,Sunday,یکشنبه
1251,"261,170","261,050","267,800","267,600",5050,1.89%,2022-02-05,1400/11/16,Saturday,شنبه
1252,"272,650","272,650","272,650","272,650",160,0.06%,2022-02-03,1400/11/14,Thursday,پنج‌شنبه
1253,"273,050","271,950","274,000","272,810",270,0.1%,2022-02-02,1400/11/13,Wednesday,چهارشنبه
1254,"273,770","272,250","274,200","272,540",2060,0.76%,2022-02-01,1400/11/12,Tuesday,سه‌شنبه
1255,"277,540","273,750","277,600","274,600",2310,0.84%,2022-01-31,1400/11/11,Monday,دوشنبه
1256,"278,810","276,350","278,990","276,910",1910,0.69%,2022-01-30,1400/11/10,Sunday,یکشنبه
1257,"277,880","277,750","279,400","278,820",1110,0.4%,2022-01-29,1400/11/09,Saturday,شنبه
1258,"277,710","277,710","277,710","277,710",190,0.07%,2022-01-27,1400/11/07,Thursday,پنج‌شنبه
1259,"277,240","276,850","278,100","277,900",680,0.24%,2022-01-26,1400/11/06,Wednesday,چهارشنبه
1260,"279,020","278,360","281,300","278,580",790,0.28%,2022-01-25,1400/11/05,Tuesday,سه‌شنبه
1261,"278,170","277,350","278,800","277,790",1860,0.67%,2022-01-24,1400/11/04,Monday,دوشنبه
1262,"279,300","278,850","281,400","279,650",1960,0.71%,2022-01-23,1400/11/03,Sunday,یکشنبه
1263,"274,750","274,350","277,800","277,690",2440,0.89%,2022-01-22,1400/11/02,Saturday,شنبه
1264,"275,250","275,250","275,250","275,250",110,0.04%,2022-01-20,1400/10/30,Thursday,پنج‌شنبه
1265,"274,650","274,550","275,600","275,140",400,0.15%,2022-01-19,1400/10/29,Wednesday,چهارشنبه
1266,"274,270","274,050","276,100","274,740",1310,0.48%,2022-01-18,1400/10/28,Tuesday,سه‌شنبه
1267,"271,870","271,250","274,600","273,430",400,0.15%,2022-01-17,1400/10/27,Monday,دوشنبه
1268,"271,690","271,550","273,290","273,030",2050,0.75%,2022-01-16,1400/10/26,Sunday,یکشنبه
1269,"276,450","273,710","276,600","275,080",8460,3.17%,2022-01-15,1400/10/25,Saturday,شنبه
1270,"266,620","266,620","266,620","266,620",12980,4.87%,2022-01-13,1400/10/23,Thursday,پنج‌شنبه
1271,"278,450","277,350","280,280","279,600",2510,0.91%,2022-01-12,1400/10/22,Wednesday,چهارشنبه
1272,"280,350","276,350","280,400","277,090",3290,1.19%,2022-01-11,1400/10/21,Tuesday,سه‌شنبه
1273,"283,020","279,350","284,300","280,380",1560,0.56%,2022-01-10,1400/10/20,Monday,دوشنبه
1274,"273,650","272,390","279,100","278,820",5070,1.85%,2022-01-09,1400/10/19,Sunday,یکشنبه
1275,"279,940","273,560","281,800","273,750",9985,3.65%,2022-01-08,1400/10/18,Saturday,شنبه
1276,"289,621","278,230","291,851","283,735",2695,0.95%,2022-01-04,1400/10/14,Tuesday,سه‌شنبه
1277,"293,180","289,570","293,600","290,320",2330,0.8%,2022-01-03,1400/10/13,Monday,دوشنبه
1278,"294,190","292,050","294,300","292,650",2830,0.97%,2022-01-02,1400/10/12,Sunday,یکشنبه
1279,"296,110","293,350","296,190","295,480",21600,7.89%,2022-01-01,1400/10/11,Saturday,شنبه
1280,"273,880","273,880","273,880","273,880",24300,8.87%,2021-12-30,1400/10/09,Thursday,پنج‌شنبه
1281,"297,740","297,250","299,100","298,180",1590,0.54%,2021-12-29,1400/10/08,Wednesday,چهارشنبه
1282,"296,800","296,060","297,800","296,590",1380,0.47%,2021-12-28,1400/10/07,Tuesday,سه‌شنبه
1283,"296,810","294,650","296,900","295,210",3360,1.14%,2021-12-27,1400/10/06,Monday,دوشنبه
1284,"298,930","298,150","299,300","298,570",800,0.27%,2021-12-26,1400/10/05,Sunday,یکشنبه
1285,"298,260","297,650","299,800","299,370",761,0.25%,2021-12-25,1400/10/04,Saturday,شنبه
1286,"300,527","295,088","302,300","300,131",599,0.2%,2021-12-22,1400/10/01,Wednesday,چهارشنبه
1287,"302,880","300,350","303,500","300,770",1010,0.34%,2021-12-21,1400/09/30,Tuesday,سه‌شنبه
1288,"301,100","300,650","302,500","301,780",1070,0.36%,2021-12-20,1400/09/29,Monday,دوشنبه
1289,"299,480","298,650","301,800","300,710",1610,0.54%,2021-12-19,1400/09/28,Sunday,یکشنبه
1290,"297,380","297,260","299,600","299,100",24930,9.09%,2021-12-18,1400/09/27,Saturday,شنبه
1291,"274,170","274,170","274,170","274,170",25330,9.24%,2021-12-16,1400/09/25,Thursday,پنج‌شنبه
1292,"301,810","298,850","302,400","299,500",1840,0.61%,2021-12-15,1400/09/24,Wednesday,چهارشنبه
1293,"305,730","301,050","305,890","301,340",880,0.29%,2021-12-14,1400/09/23,Tuesday,سه‌شنبه
1294,"294,660","294,460","302,370","302,220",4500,1.51%,2021-12-13,1400/09/22,Monday,دوشنبه
1295,"300,450","295,350","300,900","297,720",3880,1.3%,2021-12-12,1400/09/21,Sunday,یکشنبه
1296,"304,030","300,050","304,100","301,600",24560,8.87%,2021-12-11,1400/09/20,Saturday,شنبه
1297,"277,040","277,040","277,040","277,040",30020,10.84%,2021-12-09,1400/09/18,Thursday,پنج‌شنبه
1298,"307,760","306,550","307,760","307,060",50,0.02%,2021-12-08,1400/09/17,Wednesday,چهارشنبه
1299,"307,480","306,550","308,600","307,010",80,0.03%,2021-12-07,1400/09/16,Tuesday,سه‌شنبه
1300,"308,670","306,350","310,600","306,930",2780,0.91%,2021-12-06,1400/09/15,Monday,دوشنبه
1301,"304,920","304,550","310,090","309,710",6330,2.09%,2021-12-05,1400/09/14,Sunday,یکشنبه
1302,"303,870","302,250","305,100","303,380",30140,11.03%,2021-12-04,1400/09/13,Saturday,شنبه
1303,"273,240","273,240","273,240","273,240",20150,7.37%,2021-12-02,1400/09/11,Thursday,پنج‌شنبه
1304,"292,350","292,050","294,000","293,390",1490,0.51%,2021-12-01,1400/09/10,Wednesday,چهارشنبه
1305,"289,370","289,050","292,500","291,900",1360,0.47%,2021-11-30,1400/09/09,Tuesday,سه‌شنبه
1306,"291,200","287,790","294,400","290,540",3810,1.31%,2021-11-29,1400/09/08,Monday,دوشنبه
1307,"294,250","292,950","294,900","294,350",370,0.13%,2021-11-28,1400/09/07,Sunday,یکشنبه
1308,"290,650","290,550","294,800","294,720",6640,2.3%,2021-11-27,1400/09/06,Saturday,شنبه
1309,"288,080","288,080","288,080","288,080",1690,0.59%,2021-11-25,1400/09/04,Thursday,پنج‌شنبه
1310,"290,710","289,450","290,820","289,770",1890,0.65%,2021-11-24,1400/09/03,Wednesday,چهارشنبه
1311,"287,400","287,150","293,070","291,660",5220,1.82%,2021-11-23,1400/09/02,Tuesday,سه‌شنبه
1312,"285,510","285,250","286,600","286,440",2040,0.72%,2021-11-22,1400/09/01,Monday,دوشنبه
1313,"282,590","281,850","284,400","284,400",1510,0.53%,2021-11-21,1400/08/30,Sunday,یکشنبه
1314,"280,370","280,130","283,400","282,890",3910,1.4%,2021-11-20,1400/08/29,Saturday,شنبه
1315,"278,980","278,980","278,980","278,980",2420,0.87%,2021-11-18,1400/08/27,Thursday,پنج‌شنبه
1316,"282,990","281,350","283,000","281,400",2140,0.76%,2021-11-17,1400/08/26,Wednesday,چهارشنبه
1317,"283,860","282,750","284,000","283,540",2060,0.73%,2021-11-16,1400/08/25,Tuesday,سه‌شنبه
1318,"279,920","279,430","281,800","281,480",1080,0.39%,2021-11-15,1400/08/24,Monday,دوشنبه
1319,"283,370","269,700","283,550","280,400",4840,1.73%,2021-11-14,1400/08/23,Sunday,یکشنبه
1320,"286,510","284,900","287,480","285,240",1000,0.35%,2021-11-13,1400/08/22,Saturday,شنبه
1321,"284,240","284,240","284,240","284,240",-,-,2021-11-11,1400/08/20,Thursday,پنج‌شنبه
1322,"283,150","283,100","284,480","284,240",480,0.17%,2021-11-10,1400/08/19,Wednesday,چهارشنبه
1323,"281,710","281,400","283,880","283,760",2700,0.96%,2021-11-09,1400/08/18,Tuesday,سه‌شنبه
1324,"280,380","280,200","281,780","281,060",810,0.29%,2021-11-08,1400/08/17,Monday,دوشنبه
1325,"279,960","279,700","281,380","280,250",370,0.13%,2021-11-07,1400/08/16,Sunday,یکشنبه
1326,"278,080","277,200","280,080","279,880",3370,1.22%,2021-11-06,1400/08/15,Saturday,شنبه
1327,"276,510","276,510","276,510","276,510",60,0.02%,2021-11-04,1400/08/13,Thursday,پنج‌شنبه
1328,"277,140","276,300","277,280","276,570",2410,0.87%,2021-11-03,1400/08/12,Wednesday,چهارشنبه
1329,"275,910","275,800","279,280","278,980",2950,1.07%,2021-11-02,1400/08/11,Tuesday,سه‌شنبه
1330,"275,100","275,100","276,080","276,030",990,0.36%,2021-11-01,1400/08/10,Monday,دوشنبه
1331,"276,030","274,700","276,380","275,040",720,0.26%,2021-10-31,1400/08/09,Sunday,یکشنبه
1332,"275,320","274,300","276,080","275,760",810,0.29%,2021-10-30,1400/08/08,Saturday,شنبه
1333,"276,570","276,570","276,570","276,570",100,0.04%,2021-10-28,1400/08/06,Thursday,پنج‌شنبه
1334,"277,020","276,400","277,080","276,670",200,0.07%,2021-10-27,1400/08/05,Wednesday,چهارشنبه
1335,"275,600","275,400","278,080","276,870",1260,0.46%,2021-10-26,1400/08/04,Tuesday,سه‌شنبه
1336,"275,030","273,900","275,780","275,610",420,0.15%,2021-10-25,1400/08/03,Monday,دوشنبه
1337,"276,030","276,030","276,030","276,030",1880,0.69%,2021-10-23,1400/08/01,Saturday,شنبه
1338,"274,150","274,150","274,150","274,150",60,0.02%,2021-10-21,1400/07/29,Thursday,پنج‌شنبه
1339,"273,660","273,500","274,680","274,210",1150,0.42%,2021-10-20,1400/07/28,Wednesday,چهارشنبه
1340,"274,150","272,620","274,180","273,060",1690,0.62%,2021-10-19,1400/07/27,Tuesday,سه‌شنبه
1341,"273,570","273,400","275,380","274,750",2220,0.81%,2021-10-18,1400/07/26,Monday,دوشنبه
1342,"271,450","271,100","273,180","272,530",720,0.26%,2021-10-17,1400/07/25,Sunday,یکشنبه
1343,"272,850","271,100","272,980","271,810",940,0.35%,2021-10-16,1400/07/24,Saturday,شنبه
1344,"270,870","270,870","270,870","270,870",170,0.06%,2021-10-14,1400/07/22,Thursday,پنج‌شنبه
1345,"272,410","270,400","272,480","270,700",970,0.36%,2021-10-13,1400/07/21,Wednesday,چهارشنبه
1346,"270,620","270,100","272,780","271,670",1690,0.62%,2021-10-12,1400/07/20,Tuesday,سه‌شنبه
1347,"275,880","272,610","276,080","273,360",1776,0.65%,2021-10-11,1400/07/19,Monday,دوشنبه
1348,"275,796","272,907","280,346","275,136",554,0.2%,2021-10-09,1400/07/17,Saturday,شنبه
1349,"279,320","279,320","279,320","279,320",2040,0.73%,2021-10-06,1400/07/14,Wednesday,چهارشنبه
1350,"281,360","281,360","281,360","281,360",20,0.01%,2021-10-04,1400/07/12,Monday,دوشنبه
1351,"280,040","279,650","281,680","281,380",920,0.33%,2021-10-03,1400/07/11,Sunday,یکشنبه
1352,"281,520","279,480","281,610","280,460",4250,1.52%,2021-10-02,1400/07/10,Saturday,شنبه
1353,"283,160","282,550","284,710","284,710",2280,0.81%,2021-09-30,1400/07/08,Thursday,پنج‌شنبه
1354,"281,470","281,270","283,210","282,430",1870,0.67%,2021-09-29,1400/07/07,Wednesday,چهارشنبه
1355,"277,560","277,550","280,710","280,560",3750,1.35%,2021-09-28,1400/07/06,Tuesday,سه‌شنبه
1356,"276,810","276,810","276,810","276,810",1220,0.44%,2021-09-26,1400/07/04,Sunday,یکشنبه
1357,"276,560","274,850","276,810","275,590",1220,0.44%,2021-09-25,1400/07/03,Saturday,شنبه
1358,"275,190","275,050","276,810","276,810",1600,0.58%,2021-09-23,1400/07/01,Thursday,پنج‌شنبه
1359,"274,610","274,450","276,110","275,210",1180,0.43%,2021-09-22,1400/06/31,Wednesday,چهارشنبه
1360,"274,450","273,650","276,310","274,030",40,0.01%,2021-09-21,1400/06/30,Tuesday,سه‌شنبه
1361,"274,590","273,650","276,310","274,070",360,0.13%,2021-09-20,1400/06/29,Monday,دوشنبه
1362,"274,130","273,350","274,510","274,430",280,0.1%,2021-09-19,1400/06/28,Sunday,یکشنبه
1363,"272,900","272,850","275,010","274,710",250,0.09%,2021-09-18,1400/06/27,Saturday,شنبه
1364,"274,460","274,460","274,460","274,460",50,0.02%,2021-09-16,1400/06/25,Thursday,پنج‌شنبه
1365,"273,570","272,150","274,510","274,510",1340,0.49%,2021-09-15,1400/06/24,Wednesday,چهارشنبه
1366,"272,210","272,050","274,210","273,170",3240,1.19%,2021-09-14,1400/06/23,Tuesday,سه‌شنبه
1367,"274,410","273,350","277,310","276,410",3280,1.2%,2021-09-13,1400/06/22,Monday,دوشنبه
1368,"270,510","269,050","273,210","273,130",740,0.27%,2021-09-12,1400/06/21,Sunday,یکشنبه
1369,"277,110","272,250","277,210","272,390",5880,2.16%,2021-09-11,1400/06/20,Saturday,شنبه
1370,"278,270","278,270","278,270","278,270",140,0.05%,2021-09-09,1400/06/18,Thursday,پنج‌شنبه
1371,"276,910","276,350","279,010","278,410",1600,0.58%,2021-09-08,1400/06/17,Wednesday,چهارشنبه
1372,"275,180","275,050","277,310","276,810",3000,1.1%,2021-09-07,1400/06/16,Tuesday,سه‌شنبه
1373,"271,720","270,750","274,010","273,810",2690,0.99%,2021-09-06,1400/06/15,Monday,دوشنبه
1374,"270,980","269,660","271,510","271,120",450,0.17%,2021-09-05,1400/06/14,Sunday,یکشنبه
1375,"271,110","270,550","272,810","270,670",2240,0.83%,2021-09-04,1400/06/13,Saturday,شنبه
1376,"272,910","272,910","272,910","272,910",120,0.04%,2021-09-02,1400/06/11,Thursday,پنج‌شنبه
1377,"271,010","270,850","272,910","272,790",2440,0.9%,2021-09-01,1400/06/10,Wednesday,چهارشنبه
1378,"273,310","270,050","273,410","270,350",3930,1.45%,2021-08-31,1400/06/09,Tuesday,سه‌شنبه
1379,"273,790","272,250","274,310","274,280",3590,1.33%,2021-08-30,1400/06/08,Monday,دوشنبه
1380,"273,920","269,350","274,010","270,690",5300,1.96%,2021-08-29,1400/06/07,Sunday,یکشنبه
1381,"281,890","275,490","282,040","275,990",3000,1.09%,2021-08-28,1400/06/06,Saturday,شنبه
1382,"278,990","278,990","278,990","278,990",-,-,2021-08-26,1400/06/04,Thursday,پنج‌شنبه
1383,"279,490","277,890","280,240","278,990",500,0.18%,2021-08-25,1400/06/03,Wednesday,چهارشنبه
1384,"277,390","276,790","280,940","278,490",2000,0.72%,2021-08-24,1400/06/02,Tuesday,سه‌شنبه
1385,"277,220","275,690","278,940","276,490",170,0.06%,2021-08-23,1400/06/01,Monday,دوشنبه
1386,"274,390","273,690","276,940","276,660",2080,0.76%,2021-08-22,1400/05/31,Sunday,یکشنبه
1387,"274,500","273,490","275,440","274,580",5590,2.08%,2021-08-21,1400/05/30,Saturday,شنبه
1388,"268,990","268,990","268,990","268,990",100,0.04%,2021-08-17,1400/05/26,Tuesday,سه‌شنبه
1389,"269,050","268,990","269,140","269,090",40,0.01%,2021-08-16,1400/05/25,Monday,دوشنبه
1390,"268,990","268,990","269,140","269,130",60,0.02%,2021-08-15,1400/05/24,Sunday,یکشنبه
1391,"263,560","263,490","269,480","269,070",4780,1.81%,2021-08-14,1400/05/23,Saturday,شنبه
1392,"264,290","264,290","264,290","264,290",30,0.01%,2021-08-12,1400/05/21,Thursday,پنج‌شنبه
1393,"265,890","262,890","266,840","264,320",1840,0.7%,2021-08-11,1400/05/20,Wednesday,چهارشنبه
1394,"264,770","263,790","267,630","266,160",2970,1.13%,2021-08-10,1400/05/19,Tuesday,سه‌شنبه
1395,"258,990","258,990","263,940","263,190",4020,1.55%,2021-08-09,1400/05/18,Monday,دوشنبه
1396,"256,190","256,190","259,940","259,170",2380,0.93%,2021-08-08,1400/05/17,Sunday,یکشنبه
1397,"256,290","252,390","257,440","256,790",510,0.2%,2021-08-07,1400/05/16,Saturday,شنبه
1398,"255,628","252,713","261,636","256,280",40,0.02%,2021-08-04,1400/05/13,Wednesday,چهارشنبه
1399,"257,190","254,690","257,340","256,240",1090,0.43%,2021-08-03,1400/05/12,Tuesday,سه‌شنبه
1400,"255,840","255,690","258,140","257,330",2140,0.84%,2021-08-02,1400/05/11,Monday,دوشنبه
1401,"255,820","254,590","256,640","255,190",300,0.12%,2021-08-01,1400/05/10,Sunday,یکشنبه
1402,"257,190","254,290","257,640","254,890",1100,0.43%,2021-07-31,1400/05/09,Saturday,شنبه
1403,"255,990","255,990","255,990","255,990",150,0.06%,2021-07-28,1400/05/06,Wednesday,چهارشنبه
1404,"251,690","251,690","256,240","256,140",4420,1.76%,2021-07-27,1400/05/05,Tuesday,سه‌شنبه
1405,"250,810","250,690","252,330","251,720",1160,0.46%,2021-07-26,1400/05/04,Monday,دوشنبه
1406,"247,990","247,890","251,040","250,560",2770,1.12%,2021-07-25,1400/05/03,Sunday,یکشنبه
1407,"247,630","247,490","249,640","247,790",1510,0.61%,2021-07-24,1400/05/02,Saturday,شنبه
1408,"246,280","246,280","246,280","246,280",1090,0.44%,2021-07-22,1400/04/31,Thursday,پنج‌شنبه
1409,"245,190","245,190","245,190","245,190",110,0.04%,2021-07-20,1400/04/29,Tuesday,سه‌شنبه
1410,"244,940","244,790","245,440","245,300",630,0.26%,2021-07-19,1400/04/28,Monday,دوشنبه
1411,"245,490","244,090","245,640","244,670",770,0.31%,2021-07-18,1400/04/27,Sunday,یکشنبه
1412,"246,890","245,190","247,640","245,440",1550,0.63%,2021-07-17,1400/04/26,Saturday,شنبه
1413,"246,990","246,990","246,990","246,990",-,-,2021-07-15,1400/04/24,Thursday,پنج‌شنبه
1414,"246,190","246,190","247,940","246,990",880,0.36%,2021-07-14,1400/04/23,Wednesday,چهارشنبه
1415,"247,590","244,990","247,640","246,110",1380,0.56%,2021-07-13,1400/04/22,Tuesday,سه‌شنبه
1416,"249,590","247,090","249,740","247,490",2310,0.93%,2021-07-12,1400/04/21,Monday,دوشنبه
1417,"250,120","249,290","250,140","249,800",190,0.08%,2021-07-11,1400/04/20,Sunday,یکشنبه
1418,"249,190","248,790","250,140","249,990",338,0.14%,2021-07-10,1400/04/19,Saturday,شنبه
1419,"250,354","247,554","255,536","249,652",558,0.22%,2021-07-07,1400/04/16,Wednesday,چهارشنبه
1420,"250,620","250,010","251,340","250,870",120,0.05%,2021-07-06,1400/04/15,Tuesday,سه‌شنبه
1421,"250,990","250,590","251,640","250,990",1400,0.56%,2021-07-05,1400/04/14,Monday,دوشنبه
1422,"251,310","249,490","251,340","249,590",1910,0.77%,2021-07-04,1400/04/13,Sunday,یکشنبه
1423,"254,600","251,090","254,640","251,500",10,-,2021-07-03,1400/04/12,Saturday,شنبه
1424,"251,510","251,510","251,510","251,510",20,0.01%,2021-07-01,1400/04/10,Thursday,پنج‌شنبه
1425,"253,370","250,690","253,440","251,530",2460,0.98%,2021-06-30,1400/04/09,Wednesday,چهارشنبه
1426,"250,020","249,990","254,140","253,990",4330,1.73%,2021-06-29,1400/04/08,Tuesday,سه‌شنبه
1427,"248,890","248,890","252,040","249,660",2580,1.04%,2021-06-28,1400/04/07,Monday,دوشنبه
1428,"246,290","246,290","248,640","247,080",340,0.14%,2021-06-27,1400/04/06,Sunday,یکشنبه
1429,"243,490","243,490","246,940","246,740",4850,2.01%,2021-06-26,1400/04/05,Saturday,شنبه
1430,"241,890","241,890","241,890","241,890",-,-,2021-06-24,1400/04/03,Thursday,پنج‌شنبه
1431,"241,690","241,190","242,430","241,890",100,0.04%,2021-06-23,1400/04/02,Wednesday,چهارشنبه
1432,"243,230","240,790","243,340","241,790",800,0.33%,2021-06-22,1400/04/01,Tuesday,سه‌شنبه
1433,"241,260","241,190","243,140","242,590",1520,0.63%,2021-06-21,1400/03/31,Monday,دوشنبه
1434,"239,790","239,190","241,440","241,070",1580,0.66%,2021-06-20,1400/03/30,Sunday,یکشنبه
1435,"234,690","234,690","240,440","239,490",4800,2%,2021-06-19,1400/03/29,Saturday,شنبه
1436,"244,290","244,290","244,290","244,290",30,0.01%,2021-06-17,1400/03/27,Thursday,پنج‌شنبه
1437,"242,040","241,950","244,640","244,320",2510,1.04%,2021-06-16,1400/03/26,Wednesday,چهارشنبه
1438,"240,520","239,450","242,250","241,810",1360,0.57%,2021-06-15,1400/03/25,Tuesday,سه‌شنبه
1439,"240,030","239,950","241,250","240,450",710,0.3%,2021-06-14,1400/03/24,Monday,دوشنبه
1440,"241,010","238,550","241,050","239,740",1250,0.52%,2021-06-13,1400/03/23,Sunday,یکشنبه
1441,"239,050","238,940","241,250","240,990",1760,0.74%,2021-06-12,1400/03/22,Saturday,شنبه
1442,"239,230","239,230","239,230","239,230",60,0.03%,2021-06-10,1400/03/20,Thursday,پنج‌شنبه
1443,"240,020","239,140","240,450","239,170",2240,0.94%,2021-06-09,1400/03/19,Wednesday,چهارشنبه
1444,"241,220","240,440","242,250","241,410",2000,0.84%,2021-06-08,1400/03/18,Tuesday,سه‌شنبه
1445,"239,350","239,140","240,250","239,410",5080,2.17%,2021-06-07,1400/03/17,Monday,دوشنبه
1446,"234,330","234,330","234,330","234,330",3100,1.32%,2021-06-03,1400/03/13,Thursday,پنج‌شنبه
1447,"238,960","236,640","239,050","237,430",3270,1.4%,2021-06-02,1400/03/12,Wednesday,چهارشنبه
1448,"234,000","233,970","238,660","234,160",100,0.04%,2021-06-01,1400/03/11,Tuesday,سه‌شنبه
1449,"238,590","232,950","238,660","234,060",4510,1.93%,2021-05-31,1400/03/10,Monday,دوشنبه
1450,"234,640","234,550","238,660","238,570",3910,1.67%,2021-05-30,1400/03/09,Sunday,یکشنبه
1451,"226,560","226,460","234,660","234,660",8190,3.62%,2021-05-29,1400/03/08,Saturday,شنبه
1452,"226,470","226,470","226,470","226,470",5920,2.61%,2021-05-27,1400/03/06,Thursday,پنج‌شنبه
1453,"232,170","231,940","232,750","232,390",240,0.1%,2021-05-26,1400/03/05,Wednesday,چهارشنبه
1454,"231,980","231,940","234,050","232,150",910,0.39%,2021-05-25,1400/03/04,Tuesday,سه‌شنبه
1455,"231,690","230,140","239,550","231,240",1550,0.67%,2021-05-24,1400/03/03,Monday,دوشنبه
1456,"230,990","230,940","240,050","232,790",2140,0.93%,2021-05-23,1400/03/02,Sunday,یکشنبه
1457,"229,040","228,940","231,050","230,650",7650,3.43%,2021-05-22,1400/03/01,Saturday,شنبه
1458,"223,000","223,000","223,000","223,000",7020,3.15%,2021-05-20,1400/02/30,Thursday,پنج‌شنبه
1459,"232,140","219,980","232,150","230,020",1780,0.78%,2021-05-19,1400/02/29,Wednesday,چهارشنبه
1460,"228,690","225,940","229,550","228,240",2910,1.27%,2021-05-18,1400/02/28,Tuesday,سه‌شنبه
1461,"228,940","228,440","232,550","231,150",2290,1%,2021-05-17,1400/02/27,Monday,دوشنبه
1462,"231,490","228,340","231,850","228,860",8360,3.79%,2021-05-16,1400/02/26,Sunday,یکشنبه
1463,"220,760","220,410","221,880","220,500",5350,2.43%,2021-05-15,1400/02/25,Saturday,شنبه
1464,"224,160","223,640","226,850","225,850",4000,1.8%,2021-05-12,1400/02/22,Wednesday,چهارشنبه
1465,"216,080","216,080","223,410","221,850",34,0.02%,2021-05-11,1400/02/21,Tuesday,سه‌شنبه
1466,"216,356","213,024","224,100","221,816",296,0.13%,2021-05-09,1400/02/19,Sunday,یکشنبه
1467,"213,460","213,440","217,050","216,460",9980,4.83%,2021-05-08,1400/02/18,Saturday,شنبه
1468,"206,480","206,480","206,480","206,480",10510,5.09%,2021-05-06,1400/02/16,Thursday,پنج‌شنبه
1469,"210,470","210,140","220,050","216,990",3220,1.48%,2021-05-05,1400/02/15,Wednesday,چهارشنبه
1470,"220,210","220,140","220,250","220,210",150,0.07%,2021-05-03,1400/02/13,Monday,دوشنبه
1471,"221,830","218,540","223,050","220,360",1350,0.61%,2021-05-02,1400/02/12,Sunday,یکشنبه
1472,"227,490","218,140","228,550","221,710",10600,4.78%,2021-05-01,1400/02/11,Saturday,شنبه
1473,"232,310","232,310","232,310","232,310",2910,1.25%,2021-04-29,1400/02/09,Thursday,پنج‌شنبه
1474,"237,170","234,940","237,230","235,220",1990,0.85%,2021-04-28,1400/02/08,Wednesday,چهارشنبه
1475,"237,550","236,540","237,650","237,210",540,0.23%,2021-04-27,1400/02/07,Tuesday,سه‌شنبه
1476,"238,250","236,440","238,850","236,670",250,0.11%,2021-04-26,1400/02/06,Monday,دوشنبه
1477,"237,030","236,040","238,050","236,920",400,0.17%,2021-04-25,1400/02/05,Sunday,یکشنبه
1478,"239,120","236,940","239,950","237,320",4020,1.72%,2021-04-24,1400/02/04,Saturday,شنبه
1479,"233,300","233,300","233,300","233,300",5340,2.29%,2021-04-22,1400/02/02,Thursday,پنج‌شنبه
1480,"239,280","237,640","239,350","238,640",3200,1.34%,2021-04-21,1400/02/01,Wednesday,چهارشنبه
1481,"241,970","240,840","242,150","241,840",30,0.01%,2021-04-20,1400/01/31,Tuesday,سه‌شنبه
1482,"238,220","236,540","242,040","241,810",1270,0.53%,2021-04-19,1400/01/30,Monday,دوشنبه
1483,"245,990","239,740","246,350","240,540",5640,2.34%,2021-04-18,1400/01/29,Sunday,یکشنبه
1484,"246,210","244,740","246,550","246,180",6310,2.63%,2021-04-17,1400/01/28,Saturday,شنبه
1485,"239,870","239,870","239,870","239,870",10280,4.29%,2021-04-15,1400/01/26,Thursday,پنج‌شنبه
1486,"248,780","248,740","250,850","250,150",1180,0.47%,2021-04-14,1400/01/25,Wednesday,چهارشنبه
1487,"249,730","248,440","249,850","248,970",1350,0.54%,2021-04-13,1400/01/24,Tuesday,سه‌شنبه
1488,"249,250","248,140","250,350","250,320",370,0.15%,2021-04-12,1400/01/23,Monday,دوشنبه
1489,"248,550","248,440","250,850","249,950",2460,0.99%,2021-04-11,1400/01/22,Sunday,یکشنبه
1490,"247,830","247,440","248,850","247,490",2830,1.16%,2021-04-10,1400/01/21,Saturday,شنبه
1491,"244,660","244,660","244,660","244,660",3330,1.36%,2021-04-08,1400/01/19,Thursday,پنج‌شنبه
1492,"250,020","247,440","250,050","247,990",2620,1.06%,2021-04-07,1400/01/18,Wednesday,چهارشنبه
1493,"252,480","250,540","252,550","250,610",1840,0.73%,2021-04-06,1400/01/17,Tuesday,سه‌شنبه
1494,"248,660","248,640","253,550","252,450",3210,1.29%,2021-04-05,1400/01/16,Monday,دوشنبه
1495,"249,010","247,540","251,050","249,240",220,0.09%,2021-04-04,1400/01/15,Sunday,یکشنبه
1496,"246,150","246,140","250,050","249,460",8060,3.23%,2021-04-03,1400/01/14,Saturday,شنبه
1497,"257,490","257,440","257,550","257,520",440,0.17%,2021-03-31,1400/01/11,Wednesday,چهارشنبه
1498,"257,910","256,140","258,050","257,960",5630,2.23%,2021-03-30,1400/01/10,Tuesday,سه‌شنبه
1499,"252,330","252,330","252,330","252,330",3910,1.55%,2021-03-28,1400/01/08,Sunday,یکشنبه
1500,"253,280","253,240","256,850","256,240",4753,1.89%,2021-03-27,1400/01/07,Saturday,شنبه
1501,"251,409","247,411","253,498","251,487",11857,4.95%,2021-03-24,1400/01/04,Wednesday,چهارشنبه
1502,"239,630","239,630","239,630","239,630",11710,4.89%,2021-03-18,1399/12/28,Thursday,پنج‌شنبه
1503,"249,960","249,940","251,550","251,340",2350,0.94%,2021-03-17,1399/12/27,Wednesday,چهارشنبه
1504,"248,040","247,940","249,550","248,990",480,0.19%,2021-03-16,1399/12/26,Tuesday,سه‌شنبه
1505,"246,740","246,740","249,550","248,510",1270,0.51%,2021-03-15,1399/12/25,Monday,دوشنبه
1506,"246,740","245,140","247,350","247,240",700,0.28%,2021-03-14,1399/12/24,Sunday,یکشنبه
1507,"247,520","246,440","247,550","246,540",4120,1.7%,2021-03-13,1399/12/23,Saturday,شنبه
1508,"242,420","242,420","242,420","242,420",3410,1.41%,2021-03-10,1399/12/20,Wednesday,چهارشنبه
1509,"247,450","245,640","247,850","245,830",650,0.26%,2021-03-09,1399/12/19,Tuesday,سه‌شنبه
1510,"247,440","245,140","247,550","246,480",580,0.24%,2021-03-08,1399/12/18,Monday,دوشنبه
1511,"248,840","246,740","249,850","247,060",700,0.28%,2021-03-07,1399/12/17,Sunday,یکشنبه
1512,"247,420","245,840","248,350","247,760",1150,0.47%,2021-03-06,1399/12/16,Saturday,شنبه
1513,"246,610","246,610","246,610","246,610",3150,1.28%,2021-03-04,1399/12/14,Thursday,پنج‌شنبه
1514,"252,440","249,640","252,550","249,760",3330,1.33%,2021-03-03,1399/12/13,Wednesday,چهارشنبه
1515,"252,610","252,440","253,750","253,090",420,0.17%,2021-03-02,1399/12/12,Tuesday,سه‌شنبه
1516,"253,510","251,340","253,550","252,670",1580,0.63%,2021-03-01,1399/12/11,Monday,دوشنبه
1517,"254,490","253,340","255,150","254,250",800,0.32%,2021-02-28,1399/12/10,Sunday,یکشنبه
1518,"254,740","251,640","254,850","253,450",5240,2.11%,2021-02-27,1399/12/09,Saturday,شنبه
1519,"248,210","248,210","248,210","248,210",5800,2.34%,2021-02-24,1399/12/06,Wednesday,چهارشنبه
1520,"251,540","251,140","254,550","254,010",2620,1.04%,2021-02-23,1399/12/05,Tuesday,سه‌شنبه
1521,"247,550","247,140","252,050","251,390",6350,2.59%,2021-02-22,1399/12/04,Monday,دوشنبه
1522,"247,520","244,840","249,050","245,040",2000,0.82%,2021-02-21,1399/12/03,Sunday,یکشنبه
1523,"251,520","247,040","251,750","247,040",4670,1.89%,2021-02-20,1399/12/02,Saturday,شنبه
1524,"251,710","251,710","251,710","251,710",7740,3.07%,2021-02-18,1399/11/30,Thursday,پنج‌شنبه
1525,"257,940","257,940","260,550","259,450",1420,0.55%,2021-02-17,1399/11/29,Wednesday,چهارشنبه
1526,"259,830","257,940","261,050","258,030",3420,1.33%,2021-02-16,1399/11/28,Tuesday,سه‌شنبه
1527,"254,950","254,940","262,050","261,450",6470,2.54%,2021-02-15,1399/11/27,Monday,دوشنبه
1528,"257,730","253,440","258,050","254,980",2470,0.97%,2021-02-14,1399/11/26,Sunday,یکشنبه
1529,"261,740","257,440","262,550","257,450",10490,4.25%,2021-02-13,1399/11/25,Saturday,شنبه
1530,"246,960","246,960","246,960","246,960",5930,2.46%,2021-02-11,1399/11/23,Thursday,پنج‌شنبه
1531,"241,030","241,030","241,030","241,030",10450,4.34%,2021-02-09,1399/11/21,Tuesday,سه‌شنبه
1532,"249,970","249,140","252,050","251,480",1700,0.68%,2021-02-08,1399/11/20,Monday,دوشنبه
1533,"247,410","246,540","249,850","249,780",5930,2.43%,2021-02-07,1399/11/19,Sunday,یکشنبه
1534,"243,030","242,040","243,850","243,850",6380,2.69%,2021-02-06,1399/11/18,Saturday,شنبه
1535,"237,470","237,470","237,470","237,470",1600,0.67%,2021-02-04,1399/11/16,Thursday,پنج‌شنبه
1536,"240,250","238,340","240,250","239,070",420,0.18%,2021-02-03,1399/11/15,Wednesday,چهارشنبه
1537,"244,830","238,740","244,850","239,490",3990,1.67%,2021-02-02,1399/11/14,Tuesday,سه‌شنبه
1538,"241,980","241,940","244,550","243,480",2630,1.09%,2021-02-01,1399/11/13,Monday,دوشنبه
1539,"245,040","240,440","245,050","240,850",3590,1.49%,2021-01-31,1399/11/12,Sunday,یکشنبه
1540,"245,610","243,740","247,050","244,440",12330,5.31%,2021-01-30,1399/11/11,Saturday,شنبه
1541,"232,110","232,110","232,110","232,110",7540,3.25%,2021-01-28,1399/11/09,Thursday,پنج‌شنبه
1542,"237,550","236,240","240,050","239,650",1620,0.68%,2021-01-27,1399/11/08,Wednesday,چهارشنبه
1543,"236,540","236,440","242,750","238,030",3720,1.59%,2021-01-26,1399/11/07,Tuesday,سه‌شنبه
1544,"231,830","228,440","234,350","234,310",770,0.33%,2021-01-25,1399/11/06,Monday,دوشنبه
1545,"235,150","233,040","236,550","233,540",1080,0.46%,2021-01-24,1399/11/05,Sunday,یکشنبه
1546,"232,850","231,140","238,350","234,620",8070,3.56%,2021-01-23,1399/11/04,Saturday,شنبه
1547,"226,550","226,550","226,550","226,550",1320,0.58%,2021-01-21,1399/11/02,Thursday,پنج‌شنبه
1548,"235,510","220,440","238,050","227,870",1420,0.63%,2021-01-20,1399/11/01,Wednesday,چهارشنبه
1549,"219,760","219,740","233,550","226,450",6620,3.01%,2021-01-19,1399/10/30,Tuesday,سه‌شنبه
1550,"213,040","210,740","223,850","219,830",9640,4.39%,2021-01-18,1399/10/29,Monday,دوشنبه
1551,"229,510","229,440","229,550","229,470",10060,4.38%,2021-01-16,1399/10/27,Saturday,شنبه
1552,"239,530","239,530","239,530","239,530",990,0.42%,2021-01-14,1399/10/25,Thursday,پنج‌شنبه
1553,"243,450","237,840","243,450","238,540",5890,2.47%,2021-01-13,1399/10/24,Wednesday,چهارشنبه
1554,"248,650","244,140","248,750","244,430",4750,1.94%,2021-01-12,1399/10/23,Tuesday,سه‌شنبه
1555,"248,780","248,440","250,050","249,180",440,0.18%,2021-01-11,1399/10/22,Monday,دوشنبه
1556,"249,460","248,140","251,550","248,740",30,0.01%,2021-01-10,1399/10/21,Sunday,یکشنبه
1557,"247,070","246,240","250,550","248,770",6740,2.71%,2021-01-09,1399/10/20,Saturday,شنبه
1558,"255,510","255,510","255,510","255,510",660,0.26%,2021-01-07,1399/10/18,Thursday,پنج‌شنبه
1559,"256,550","254,240","256,550","254,850",3680,1.44%,2021-01-06,1399/10/17,Wednesday,چهارشنبه
1560,"260,620","257,540","260,650","258,530",2450,0.95%,2021-01-05,1399/10/16,Tuesday,سه‌شنبه
1561,"259,030","258,440","261,050","260,980",2000,0.77%,2021-01-04,1399/10/15,Monday,دوشنبه
1562,"257,790","257,240","259,050","258,980",1840,0.72%,2021-01-03,1399/10/14,Sunday,یکشنبه
1563,"255,840","255,440","257,550","257,140",846,0.33%,2021-01-02,1399/10/13,Saturday,شنبه
1564,"257,301","254,474","260,826","256,294",946,0.37%,2020-12-30,1399/10/10,Wednesday,چهارشنبه
1565,"257,110","257,040","257,750","257,350",200,0.08%,2020-12-29,1399/10/09,Tuesday,سه‌شنبه
1566,"257,550","256,740","257,850","257,150",290,0.11%,2020-12-28,1399/10/08,Monday,دوشنبه
1567,"257,710","256,840","258,750","257,440",300,0.12%,2020-12-27,1399/10/07,Sunday,یکشنبه
1568,"256,180","256,140","258,550","257,740",880,0.34%,2020-12-26,1399/10/06,Saturday,شنبه
1569,"258,620","258,620","258,620","258,620",500,0.19%,2020-12-24,1399/10/04,Thursday,پنج‌شنبه
1570,"259,510","259,040","259,750","259,120",160,0.06%,2020-12-23,1399/10/03,Wednesday,چهارشنبه
1571,"256,790","256,740","260,050","259,280",2460,0.96%,2020-12-22,1399/10/02,Tuesday,سه‌شنبه
1572,"256,330","255,740","256,950","256,820",780,0.3%,2020-12-21,1399/10/01,Monday,دوشنبه
1573,"255,450","254,440","257,750","256,040",600,0.23%,2020-12-20,1399/09/30,Sunday,یکشنبه
1574,"254,050","253,940","255,700","255,440",2580,1.01%,2020-12-19,1399/09/29,Saturday,شنبه
1575,"258,020","258,020","258,020","258,020",2190,0.85%,2020-12-17,1399/09/27,Thursday,پنج‌شنبه
1576,"257,790","257,740","260,250","260,210",2450,0.95%,2020-12-16,1399/09/26,Wednesday,چهارشنبه
1577,"259,750","257,740","261,850","257,760",2200,0.85%,2020-12-15,1399/09/25,Tuesday,سه‌شنبه
1578,"256,460","256,440","262,050","259,960",1420,0.55%,2020-12-14,1399/09/24,Monday,دوشنبه
1579,"259,270","257,440","259,350","258,540",220,0.09%,2020-12-13,1399/09/23,Sunday,یکشنبه
1580,"259,310","257,940","259,750","258,760",1890,0.73%,2020-12-12,1399/09/22,Saturday,شنبه
1581,"260,650","260,650","260,650","260,650",500,0.19%,2020-12-10,1399/09/20,Thursday,پنج‌شنبه
1582,"262,520","260,940","262,550","261,150",1530,0.59%,2020-12-09,1399/09/19,Wednesday,چهارشنبه
1583,"259,250","259,240","264,430","262,680",3420,1.32%,2020-12-08,1399/09/18,Tuesday,سه‌شنبه
1584,"258,440","257,940","259,550","259,260",1050,0.41%,2020-12-07,1399/09/17,Monday,دوشنبه
1585,"258,530","257,340","259,050","258,210",430,0.17%,2020-12-06,1399/09/16,Sunday,یکشنبه
1586,"257,180","256,440","259,050","258,640",779,0.3%,2020-12-05,1399/09/15,Saturday,شنبه
1587,"259,066","253,271","263,185","257,861",3099,1.2%,2020-12-02,1399/09/12,Wednesday,چهارشنبه
1588,"262,230","254,440","262,250","258,460",4020,1.56%,2020-12-01,1399/09/11,Tuesday,سه‌شنبه
1589,"255,520","255,440","265,050","262,480",7940,3.12%,2020-11-30,1399/09/10,Monday,دوشنبه
1590,"251,270","251,240","255,050","254,540",3050,1.21%,2020-11-29,1399/09/09,Sunday,یکشنبه
1591,"247,980","245,740","252,050","251,490",3920,1.58%,2020-11-28,1399/09/08,Saturday,شنبه
1592,"247,570","247,570","247,570","247,570",610,0.25%,2020-11-26,1399/09/06,Thursday,پنج‌شنبه
1593,"247,780","245,940","247,850","246,960",2510,1.02%,2020-11-25,1399/09/05,Wednesday,چهارشنبه
1594,"252,950","249,440","253,050","249,470",3560,1.43%,2020-11-24,1399/09/04,Tuesday,سه‌شنبه
1595,"256,820","249,940","256,850","253,030",5990,2.37%,2020-11-23,1399/09/03,Monday,دوشنبه
1596,"258,250","256,240","259,550","259,020",970,0.38%,2020-11-22,1399/09/02,Sunday,یکشنبه
1597,"258,840","254,140","259,050","258,050",1850,0.72%,2020-11-21,1399/09/01,Saturday,شنبه
1598,"256,200","256,200","256,200","256,200",3310,1.29%,2020-11-19,1399/08/29,Thursday,پنج‌شنبه
1599,"258,550","258,440","260,050","259,510",970,0.37%,2020-11-18,1399/08/28,Wednesday,چهارشنبه
1600,"262,460","258,940","262,550","260,480",2290,0.88%,2020-11-17,1399/08/27,Tuesday,سه‌شنبه
1601,"260,010","258,940","287,550","262,770",2720,1.05%,2020-11-16,1399/08/26,Monday,دوشنبه
1602,"285,510","259,940","285,550","260,050",25500,9.81%,2020-11-15,1399/08/25,Sunday,یکشنبه
1603,"269,980","252,940","285,550","285,550",17030,6.34%,2020-11-14,1399/08/24,Saturday,شنبه
1604,"268,520","268,520","268,520","268,520",4490,1.67%,2020-11-12,1399/08/22,Thursday,پنج‌شنبه
1605,"270,050","269,940","274,000","273,010",40,0.01%,2020-11-11,1399/08/21,Wednesday,چهارشنبه
1606,"274,510","269,940","276,550","272,970",3020,1.11%,2020-11-10,1399/08/20,Tuesday,سه‌شنبه
1607,"280,510","272,950","280,550","275,990",8730,3.27%,2020-11-09,1399/08/19,Monday,دوشنبه
1608,"252,050","251,940","277,550","267,260",15300,6.07%,2020-11-08,1399/08/18,Sunday,یکشنبه
1609,"248,040","239,940","255,050","251,960",7471,2.97%,2020-11-07,1399/08/17,Saturday,شنبه
1610,"267,752","254,761","272,544","259,431",10559,4.07%,2020-11-04,1399/08/14,Wednesday,چهارشنبه
1611,"282,420","282,420","282,420","282,420",7520,2.66%,2020-11-02,1399/08/12,Monday,دوشنبه
1612,"277,020","276,940","290,050","289,940",12980,4.69%,2020-11-01,1399/08/11,Sunday,یکشنبه
1613,"269,480","265,000","285,550","276,960",540,0.19%,2020-10-31,1399/08/10,Saturday,شنبه
1614,"277,500","277,500","277,500","277,500",3460,1.25%,2020-10-29,1399/08/08,Thursday,پنج‌شنبه
1615,"280,990","280,940","285,550","280,960",4480,1.59%,2020-10-28,1399/08/07,Wednesday,چهارشنبه
1616,"285,540","277,940","285,550","285,440",1540,0.54%,2020-10-27,1399/08/06,Tuesday,سه‌شنبه
1617,"285,460","285,430","288,740","286,980",3020,1.05%,2020-10-26,1399/08/05,Monday,دوشنبه
1618,"290,000","290,000","290,000","290,000",3750,1.29%,2020-10-24,1399/08/03,Saturday,شنبه
1619,"293,750","293,750","293,750","293,750",2690,0.92%,2020-10-22,1399/08/01,Thursday,پنج‌شنبه
1620,"297,940","292,930","298,540","296,440",2420,0.82%,2020-10-21,1399/07/30,Wednesday,چهارشنبه
1621,"280,960","271,930","294,540","294,020",27040,10.13%,2020-10-20,1399/07/29,Tuesday,سه‌شنبه
1622,"294,040","266,930","294,540","266,980",36560,13.69%,2020-10-19,1399/07/28,Monday,دوشنبه
1623,"319,220","302,930","319,240","303,540",14986,4.94%,2020-10-18,1399/07/27,Sunday,یکشنبه
1624,"322,214","314,958","328,046","318,526",2804,0.88%,2020-10-14,1399/07/23,Wednesday,چهارشنبه
1625,"317,740","315,230","318,040","317,330",690,0.22%,2020-10-13,1399/07/22,Tuesday,سه‌شنبه
1626,"314,440","314,430","318,540","318,020",3560,1.13%,2020-10-12,1399/07/21,Monday,دوشنبه
1627,"308,300","307,730","315,040","314,460",5650,1.83%,2020-10-11,1399/07/20,Sunday,یکشنبه
1628,"310,710","306,930","317,740","308,810",16790,5.75%,2020-10-10,1399/07/19,Saturday,شنبه
1629,"292,040","291,960","292,060","292,020",4720,1.62%,2020-10-07,1399/07/16,Wednesday,چهارشنبه
1630,"295,950","294,230","298,640","296,740",780,0.26%,2020-10-06,1399/07/15,Tuesday,سه‌شنبه
1631,"294,140","294,130","297,640","295,960",1750,0.59%,2020-10-05,1399/07/14,Monday,دوشنبه
1632,"292,550","291,930","294,840","294,210",9180,3.22%,2020-10-04,1399/07/13,Sunday,یکشنبه
1633,"290,020","277,930","290,040","285,030",4010,1.41%,2020-10-03,1399/07/12,Saturday,شنبه
1634,"289,040","289,040","289,040","289,040",10690,3.7%,2020-10-01,1399/07/10,Thursday,پنج‌شنبه
1635,"298,610","297,730","300,040","299,730",2000,0.67%,2020-09-30,1399/07/09,Wednesday,چهارشنبه
1636,"294,060","293,530","298,040","297,730",3490,1.19%,2020-09-29,1399/07/08,Tuesday,سه‌شنبه
1637,"293,600","289,430","295,040","294,240",1060,0.36%,2020-09-28,1399/07/07,Monday,دوشنبه
1638,"291,260","291,230","295,540","295,300",4060,1.39%,2020-09-27,1399/07/06,Sunday,یکشنبه
1639,"289,410","288,930","291,540","291,240",13270,4.77%,2020-09-26,1399/07/05,Saturday,شنبه
1640,"277,970","277,970","277,970","277,970",9470,3.41%,2020-09-24,1399/07/03,Thursday,پنج‌شنبه
1641,"282,450","282,430","288,440","287,440",6510,2.32%,2020-09-23,1399/07/02,Wednesday,چهارشنبه
1642,"277,660","277,230","281,340","280,930",5960,2.17%,2020-09-22,1399/07/01,Tuesday,سه‌شنبه
1643,"271,770","271,440","275,940","274,970",3110,1.14%,2020-09-21,1399/06/31,Monday,دوشنبه
1644,"273,960","271,530","274,640","271,860",620,0.23%,2020-09-20,1399/06/30,Sunday,یکشنبه
1645,"268,960","268,930","273,940","272,480",4510,1.68%,2020-09-19,1399/06/29,Saturday,شنبه
1646,"267,970","267,970","267,970","267,970",880,0.33%,2020-09-17,1399/06/27,Thursday,پنج‌شنبه
1647,"269,250","267,440","269,650","268,850",170,0.06%,2020-09-16,1399/06/26,Wednesday,چهارشنبه
1648,"272,160","267,440","273,550","269,020",100,0.04%,2020-09-15,1399/06/25,Tuesday,سه‌شنبه
1649,"262,510","261,480","270,020","268,920",4400,1.66%,2020-09-14,1399/06/24,Monday,دوشنبه
1650,"267,990","260,480","272,020","264,520",3900,1.47%,2020-09-13,1399/06/23,Sunday,یکشنبه
1651,"264,410","257,000","268,820","268,420",40420,17.73%,2020-09-12,1399/06/22,Saturday,شنبه
1652,"228,000","228,000","228,000","228,000",25710,11.28%,2020-09-10,1399/06/20,Thursday,پنج‌شنبه
1653,"254,720","246,680","254,720","253,710",980,0.39%,2020-09-09,1399/06/19,Wednesday,چهارشنبه
1654,"251,220","251,180","254,720","254,690",3480,1.39%,2020-09-08,1399/06/18,Tuesday,سه‌شنبه
1655,"246,670","246,670","256,020","251,210",4530,1.84%,2020-09-07,1399/06/17,Monday,دوشنبه
1656,"246,710","245,300","246,710","246,680",-,-,2020-09-06,1399/06/16,Sunday,یکشنبه
1657,"248,410","246,170","248,910","246,680",22160,9.87%,2020-09-05,1399/06/15,Saturday,شنبه
1658,"224,520","224,520","224,520","224,520",18580,8.28%,2020-09-03,1399/06/13,Thursday,پنج‌شنبه
1659,"242,970","241,570","243,210","243,100",1170,0.48%,2020-09-02,1399/06/12,Wednesday,چهارشنبه
1660,"245,370","243,870","246,210","244,270",670,0.28%,2020-09-01,1399/06/11,Tuesday,سه‌شنبه
1661,"242,180","229,470","244,010","243,600",12580,5.45%,2020-08-31,1399/06/10,Monday,دوشنبه
1662,"231,020","231,020","231,020","231,020",3180,1.38%,2020-08-27,1399/06/06,Thursday,پنج‌شنبه
1663,"234,680","233,670","234,910","234,200",1100,0.47%,2020-08-26,1399/06/05,Wednesday,چهارشنبه
1664,"235,000","232,070","237,010","235,300",690,0.29%,2020-08-25,1399/06/04,Tuesday,سه‌شنبه
1665,"231,300","230,670","234,710","234,610",3430,1.48%,2020-08-24,1399/06/03,Monday,دوشنبه
1666,"229,500","220,170","231,510","231,180",1810,0.79%,2020-08-23,1399/06/02,Sunday,یکشنبه
1667,"230,570","229,270","231,310","229,370",4350,1.93%,2020-08-22,1399/06/01,Saturday,شنبه
1668,"225,020","225,020","225,020","225,020",5960,2.65%,2020-08-20,1399/05/30,Thursday,پنج‌شنبه
1669,"230,570","229,970","232,010","230,980",3980,1.75%,2020-08-19,1399/05/29,Wednesday,چهارشنبه
1670,"229,700","226,370","230,210","227,000",370,0.16%,2020-08-18,1399/05/28,Tuesday,سه‌شنبه
1671,"231,180","226,470","231,810","227,370",4600,2.02%,2020-08-17,1399/05/27,Monday,دوشنبه
1672,"227,010","226,970","233,510","231,970",7460,3.32%,2020-08-16,1399/05/26,Sunday,یکشنبه
1673,"221,780","219,970","224,710","224,510",4010,1.82%,2020-08-15,1399/05/25,Saturday,شنبه
1674,"220,500","220,500","220,500","220,500",3970,1.8%,2020-08-13,1399/05/23,Thursday,پنج‌شنبه
1675,"222,480","222,470","226,210","224,470",2000,0.9%,2020-08-12,1399/05/22,Wednesday,چهارشنبه
1676,"220,980","210,470","223,510","222,470",300,0.14%,2020-08-11,1399/05/21,Tuesday,سه‌شنبه
1677,"224,510","218,470","227,710","222,170",1660,0.75%,2020-08-10,1399/05/20,Monday,دوشنبه
1678,"209,470","209,470","222,010","220,510",9510,4.31%,2020-08-09,1399/05/19,Sunday,یکشنبه
1679,"230,020","230,020","230,020","230,020",6580,2.86%,2020-08-06,1399/05/16,Thursday,پنج‌شنبه
1680,"234,900","234,870","237,210","236,600",1690,0.72%,2020-08-05,1399/05/15,Wednesday,چهارشنبه
1681,"232,780","232,770","235,410","234,910",2100,0.9%,2020-08-04,1399/05/14,Tuesday,سه‌شنبه
1682,"232,100","232,070","233,410","232,810",100,0.04%,2020-08-03,1399/05/13,Monday,دوشنبه
1683,"232,210","231,870","233,610","232,710",510,0.22%,2020-08-02,1399/05/12,Sunday,یکشنبه
1684,"229,980","225,270","232,710","232,200",24180,11.62%,2020-08-01,1399/05/11,Saturday,شنبه
1685,"208,020","208,020","208,020","208,020",27450,13.2%,2020-07-30,1399/05/09,Thursday,پنج‌شنبه
1686,"234,270","234,270","235,510","235,470",1160,0.5%,2020-07-29,1399/05/08,Wednesday,چهارشنبه
1687,"234,470","232,770","235,910","234,310",190,0.08%,2020-07-28,1399/05/07,Tuesday,سه‌شنبه
1688,"233,480","231,970","236,210","234,500",1000,0.43%,2020-07-27,1399/05/06,Monday,دوشنبه
1689,"232,980","229,970","235,010","233,500",2530,1.1%,2020-07-26,1399/05/05,Sunday,یکشنبه
1690,"237,470","225,970","242,010","230,970",28060,13.83%,2020-07-25,1399/05/04,Saturday,شنبه
1691,"202,910","202,910","202,910","202,910",15470,7.62%,2020-07-23,1399/05/02,Thursday,پنج‌شنبه
1692,"220,580","216,970","221,010","218,380",380,0.17%,2020-07-22,1399/05/01,Wednesday,چهارشنبه
1693,"219,000","216,970","223,510","218,000",1010,0.46%,2020-07-21,1399/04/31,Tuesday,سه‌شنبه
1694,"213,200","209,970","219,010","219,010",9990,4.56%,2020-07-20,1399/04/30,Monday,دوشنبه
1695,"247,810","223,970","247,810","229,000",16480,7.2%,2020-07-19,1399/04/29,Sunday,یکشنبه
1696,"259,570","243,770","260,010","245,480",14460,6.26%,2020-07-18,1399/04/28,Saturday,شنبه
1697,"231,020","231,020","231,020","231,020",10350,4.48%,2020-07-16,1399/04/26,Thursday,پنج‌شنبه
1698,"238,780","238,770","241,810","241,370",2400,1%,2020-07-15,1399/04/25,Wednesday,چهارشنبه
1699,"236,310","236,270","239,610","238,970",2670,1.13%,2020-07-14,1399/04/24,Tuesday,سه‌شنبه
1700,"233,910","229,970","238,010","236,300",2020,0.86%,2020-07-13,1399/04/23,Monday,دوشنبه
1701,"230,010","229,670","234,410","234,280",7270,3.2%,2020-07-12,1399/04/22,Sunday,یکشنبه
1702,"227,380","226,370","228,510","227,010",1330,0.59%,2020-07-11,1399/04/21,Saturday,شنبه
1703,"224,190","222,620","229,420","225,680",980,0.44%,2020-07-08,1399/04/18,Wednesday,چهارشنبه
1704,"224,810","223,370","225,710","224,700",3720,1.68%,2020-07-07,1399/04/17,Tuesday,سه‌شنبه
1705,"218,000","216,770","221,310","220,980",3170,1.46%,2020-07-06,1399/04/16,Monday,دوشنبه
1706,"221,480","213,970","221,710","217,810",5200,2.39%,2020-07-05,1399/04/15,Sunday,یکشنبه
1707,"211,970","211,970","223,510","223,010",14610,7.01%,2020-07-04,1399/04/14,Saturday,شنبه
1708,"206,560","203,540","212,750","208,400",600,0.29%,2020-07-01,1399/04/11,Wednesday,چهارشنبه
1709,"202,570","200,570","205,910","205,770",470,0.23%,2020-06-30,1399/04/10,Tuesday,سه‌شنبه
1710,"203,480","202,870","206,010","205,300",3100,1.53%,2020-06-29,1399/04/09,Monday,دوشنبه
1711,"203,470","200,170","203,510","202,200",30,0.01%,2020-06-28,1399/04/08,Sunday,یکشنبه
1712,"205,200","199,470","206,510","202,170",13740,7.29%,2020-06-27,1399/04/07,Saturday,شنبه
1713,"188,430","188,430","188,430","188,430",3050,1.62%,2020-06-25,1399/04/05,Thursday,پنج‌شنبه
1714,"192,180","189,570","192,810","191,480",3100,1.62%,2020-06-24,1399/04/04,Wednesday,چهارشنبه
1715,"201,380","193,570","203,510","194,580",6420,3.3%,2020-06-23,1399/04/03,Tuesday,سه‌شنبه
1716,"202,570","196,970","205,410","201,000",3200,1.62%,2020-06-22,1399/04/02,Monday,دوشنبه
1717,"195,570","195,270","200,010","197,800",3000,1.54%,2020-06-21,1399/04/01,Sunday,یکشنبه
1718,"192,700","192,470","198,010","194,800",11300,6.16%,2020-06-20,1399/03/31,Saturday,شنبه
1719,"183,500","183,500","183,500","183,500",2170,1.18%,2020-06-18,1399/03/29,Thursday,پنج‌شنبه
1720,"185,680","185,670","185,710","185,670",40,0.02%,2020-06-16,1399/03/27,Tuesday,سه‌شنبه
1721,"183,580","182,870","185,910","185,710",2800,1.53%,2020-06-15,1399/03/26,Monday,دوشنبه
1722,"179,510","179,470","183,210","182,910",3430,1.91%,2020-06-14,1399/03/25,Sunday,یکشنبه
1723,"179,510","179,470","179,510","179,480",1980,1.12%,2020-06-13,1399/03/24,Saturday,شنبه
1724,"177,500","177,500","177,500","177,500",2300,1.3%,2020-06-11,1399/03/22,Thursday,پنج‌شنبه
1725,"180,100","179,670","189,910","179,800",80,0.04%,2020-06-10,1399/03/21,Wednesday,چهارشنبه
1726,"177,880","177,870","180,210","179,880",1970,1.11%,2020-06-09,1399/03/20,Tuesday,سه‌شنبه
1727,"176,080","176,070","178,310","177,910",1800,1.02%,2020-06-08,1399/03/19,Monday,دوشنبه
1728,"176,710","175,670","176,710","176,110",700,0.4%,2020-06-07,1399/03/18,Sunday,یکشنبه
1729,"177,210","176,570","177,510","176,810",1070,0.61%,2020-06-06,1399/03/17,Saturday,شنبه
1730,"177,080","177,080","178,220","177,880",760,0.43%,2020-06-02,1399/03/13,Tuesday,سه‌شنبه
1731,"176,610","176,380","177,120","177,120",100,0.06%,2020-06-01,1399/03/12,Monday,دوشنبه
1732,"176,020","175,980","177,220","177,020",1010,0.57%,2020-05-31,1399/03/11,Sunday,یکشنبه
1733,"176,520","175,580","176,620","176,010",5400,3.17%,2020-05-30,1399/03/10,Saturday,شنبه
1734,"170,610","170,610","170,610","170,610",5100,2.99%,2020-05-28,1399/03/08,Thursday,پنج‌شنبه
1735,"174,610","174,280","175,720","175,710",1930,1.11%,2020-05-27,1399/03/07,Wednesday,چهارشنبه
1736,"175,010","173,080","175,020","173,780",1700,0.98%,2020-05-26,1399/03/06,Tuesday,سه‌شنبه
1737,"177,290","175,480","177,320","175,480",2430,1.4%,2020-05-23,1399/03/03,Saturday,شنبه
1738,"173,050","173,050","173,050","173,050",3960,2.29%,2020-05-21,1399/03/01,Thursday,پنج‌شنبه
1739,"178,420","176,180","178,420","177,010",1900,1.07%,2020-05-20,1399/02/31,Wednesday,چهارشنبه
1740,"177,720","177,380","179,120","178,910",2000,1.13%,2020-05-19,1399/02/30,Tuesday,سه‌شنبه
1741,"174,520","174,080","177,520","176,910",1130,0.64%,2020-05-18,1399/02/29,Monday,دوشنبه
1742,"169,080","169,080","180,210","175,780",6670,3.94%,2020-05-17,1399/02/28,Sunday,یکشنبه
1743,"169,090","169,080","169,120","169,110",570,0.34%,2020-05-16,1399/02/27,Saturday,شنبه
1744,"168,540","168,540","168,540","168,540",70,0.04%,2020-05-14,1399/02/25,Thursday,پنج‌شنبه
1745,"169,480","168,580","170,020","168,610",2470,1.46%,2020-05-13,1399/02/24,Wednesday,چهارشنبه
1746,"171,820","170,080","172,320","171,080",870,0.51%,2020-05-12,1399/02/23,Tuesday,سه‌شنبه
1747,"169,210","169,180","171,820","170,210",1790,1.06%,2020-05-11,1399/02/22,Monday,دوشنبه
1748,"164,880","164,880","168,420","168,420",3500,2.12%,2020-05-10,1399/02/21,Sunday,یکشنبه
1749,"164,380","164,380","165,020","164,920",7920,5.04%,2020-05-09,1399/02/20,Saturday,شنبه
1750,"157,000","157,000","157,000","157,000",5890,3.75%,2020-05-07,1399/02/18,Thursday,پنج‌شنبه
1751,"161,410","161,380","162,920","162,890",1510,0.94%,2020-05-06,1399/02/17,Wednesday,چهارشنبه
1752,"161,410","161,380","161,420","161,380",40,0.02%,2020-05-05,1399/02/16,Tuesday,سه‌شنبه
1753,"161,420","161,380","161,420","161,420",30,0.02%,2020-05-04,1399/02/15,Monday,دوشنبه
1754,"160,720","160,680","161,920","161,390",600,0.37%,2020-05-03,1399/02/14,Sunday,یکشنبه
1755,"160,480","159,880","160,820","160,790",4790,3.07%,2020-05-02,1399/02/13,Saturday,شنبه
1756,"156,000","156,000","156,000","156,000",5420,3.47%,2020-04-30,1399/02/11,Thursday,پنج‌شنبه
1757,"161,780","161,380","162,120","161,420",990,0.61%,2020-04-29,1399/02/10,Wednesday,چهارشنبه
1758,"161,590","161,480","162,720","162,410",1620,1.01%,2020-04-28,1399/02/09,Tuesday,سه‌شنبه
1759,"161,490","159,980","161,520","160,790",720,0.45%,2020-04-27,1399/02/08,Monday,دوشنبه
1760,"161,510","161,480","161,520","161,510",10,0.01%,2020-04-26,1399/02/07,Sunday,یکشنبه
1761,"161,480","161,480","161,520","161,520",6490,4.19%,2020-04-25,1399/02/06,Saturday,شنبه
1762,"155,030","155,030","155,030","155,030",7660,4.94%,2020-04-23,1399/02/04,Thursday,پنج‌شنبه
1763,"163,810","162,680","163,920","162,690",390,0.24%,2020-04-22,1399/02/03,Wednesday,چهارشنبه
1764,"162,710","161,980","163,120","163,080",2190,1.36%,2020-04-21,1399/02/02,Tuesday,سه‌شنبه
1765,"154,380","154,380","160,920","160,890",6470,4.19%,2020-04-20,1399/02/01,Monday,دوشنبه
1766,"154,410","154,380","154,420","154,420",30,0.02%,2020-04-19,1399/01/31,Sunday,یکشنبه
1767,"154,390","154,380","154,420","154,390",610,0.4%,2020-04-18,1399/01/30,Saturday,شنبه
1768,"155,000","155,000","155,000","155,000",4690,3.03%,2020-04-16,1399/01/28,Thursday,پنج‌شنبه
1769,"159,680","159,680","159,720","159,690",80,0.05%,2020-04-15,1399/01/27,Wednesday,چهارشنبه
1770,"159,420","159,180","159,920","159,610",670,0.42%,2020-04-14,1399/01/26,Tuesday,سه‌شنبه
1771,"161,110","159,880","161,120","160,280",810,0.51%,2020-04-13,1399/01/25,Monday,دوشنبه
1772,"161,980","160,780","162,250","161,090",1150,0.71%,2020-04-12,1399/01/24,Sunday,یکشنبه
1773,"162,420","162,050","162,650","162,240",1180,0.73%,2020-04-11,1399/01/23,Saturday,شنبه
1774,"159,590","159,550","161,150","161,060",1410,0.88%,2020-04-08,1399/01/20,Wednesday,چهارشنبه
1775,"161,990","159,450","162,050","159,650",1740,1.09%,2020-04-07,1399/01/19,Tuesday,سه‌شنبه
1776,"163,180","161,250","163,450","161,390",1560,0.97%,2020-04-06,1399/01/18,Monday,دوشنبه
1777,"164,030","162,950","164,050","162,950",1240,0.76%,2020-04-05,1399/01/17,Sunday,یکشنبه
1778,"164,590","164,150","164,700","164,190",15230,10.22%,2020-04-04,1399/01/16,Saturday,شنبه
1779,"148,960","148,960","148,960","148,960",51,0.03%,2020-04-02,1399/01/14,Thursday,پنج‌شنبه
1780,"148,992","147,978","150,143","149,011",1,-,2020-03-29,1399/01/10,Sunday,یکشنبه
1781,"148,982","146,762","152,094","149,010",10,0.01%,2020-03-28,1399/01/09,Saturday,شنبه
1782,"149,028","147,867","151,591","149,000",8,0.01%,2020-03-27,1399/01/08,Friday,جمعه
1783,"148,987","146,394","151,837","148,992",21,0.01%,2020-03-25,1399/01/06,Wednesday,چهارشنبه
1784,"148,996","146,587","151,797","148,971",49,0.03%,2020-03-24,1399/01/05,Tuesday,سه‌شنبه
1785,"148,982","147,670","150,301","149,020",10,0.01%,2020-03-23,1399/01/04,Monday,دوشنبه
1786,"149,030","149,030","149,030","149,030",10890,7.31%,2020-03-18,1398/12/28,Wednesday,چهارشنبه
1787,"160,890","159,890","161,000","159,920",770,0.48%,2020-03-17,1398/12/27,Tuesday,سه‌شنبه
1788,"160,790","159,790","161,200","160,690",2320,1.46%,2020-03-16,1398/12/26,Monday,دوشنبه
1789,"156,490","156,490","159,600","158,370",1800,1.15%,2020-03-15,1398/12/25,Sunday,یکشنبه
1790,"154,510","154,490","156,900","156,570",8060,5.43%,2020-03-14,1398/12/24,Saturday,شنبه
1791,"148,510","148,510","148,510","148,510",5390,3.63%,2020-03-12,1398/12/22,Thursday,پنج‌شنبه
1792,"154,080","152,890","154,100","153,900",90,0.06%,2020-03-11,1398/12/21,Wednesday,چهارشنبه
1793,"154,000","153,590","154,300","153,990",100,0.06%,2020-03-10,1398/12/20,Tuesday,سه‌شنبه
1794,"154,290","153,190","154,600","153,890",3930,2.62%,2020-03-09,1398/12/19,Monday,دوشنبه
1795,"149,960","149,960","149,960","149,960",10,0.01%,2020-03-07,1398/12/17,Saturday,شنبه
1796,"149,950","149,950","149,950","149,950",2760,1.84%,2020-03-05,1398/12/15,Thursday,پنج‌شنبه
1797,"152,090","149,390","153,000","152,710",1650,1.08%,2020-03-04,1398/12/14,Wednesday,چهارشنبه
1798,"155,090","153,590","155,200","154,360",1230,0.8%,2020-03-03,1398/12/13,Tuesday,سه‌شنبه
1799,"153,090","152,490","154,600","153,130",3860,2.52%,2020-03-02,1398/12/12,Monday,دوشنبه
1800,"156,790","155,790","157,500","156,990",1930,1.24%,2020-03-01,1398/12/11,Sunday,یکشنبه
1801,"150,170","150,090","155,100","155,060",1950,1.26%,2020-02-29,1398/12/10,Saturday,شنبه
1802,"157,010","157,010","157,010","157,010",80,0.05%,2020-02-27,1398/12/08,Thursday,پنج‌شنبه
1803,"156,320","156,190","157,600","157,090",700,0.45%,2020-02-26,1398/12/07,Wednesday,چهارشنبه
1804,"156,320","156,290","156,400","156,390",100,0.06%,2020-02-25,1398/12/06,Tuesday,سه‌شنبه
1805,"157,490","155,090","157,900","156,290",200,0.13%,2020-02-24,1398/12/05,Monday,دوشنبه
1806,"154,390","154,090","156,100","156,090",3540,2.32%,2020-02-23,1398/12/04,Sunday,یکشنبه
1807,"156,350","151,790","156,400","152,550",10520,7.41%,2020-02-22,1398/12/03,Saturday,شنبه
1808,"142,030","142,030","142,030","142,030",1900,1.34%,2020-02-20,1398/12/01,Thursday,پنج‌شنبه
1809,"143,690","143,690","144,600","143,930",440,0.31%,2020-02-19,1398/11/30,Wednesday,چهارشنبه
1810,"144,190","142,690","145,000","143,490",540,0.38%,2020-02-18,1398/11/29,Tuesday,سه‌شنبه
1811,"141,590","141,590","144,400","144,030",2410,1.7%,2020-02-17,1398/11/28,Monday,دوشنبه
1812,"141,690","140,990","141,900","141,620",240,0.17%,2020-02-16,1398/11/27,Sunday,یکشنبه
1813,"141,590","140,490","142,200","141,860",3370,2.43%,2020-02-15,1398/11/26,Saturday,شنبه
1814,"138,490","138,490","138,490","138,490",1940,1.4%,2020-02-13,1398/11/24,Thursday,پنج‌شنبه
1815,"140,390","140,390","140,500","140,430",4390,3.23%,2020-02-12,1398/11/23,Wednesday,چهارشنبه
1816,"136,040","136,040","136,040","136,040",3550,2.61%,2020-02-10,1398/11/21,Monday,دوشنبه
1817,"139,090","139,090","139,900","139,590",700,0.5%,2020-02-09,1398/11/20,Sunday,یکشنبه
1818,"138,190","138,190","139,300","138,890",3830,2.84%,2020-02-08,1398/11/19,Saturday,شنبه
1819,"135,060","135,060","135,060","135,060",1670,1.24%,2020-02-06,1398/11/17,Thursday,پنج‌شنبه
1820,"136,640","136,390","136,890","136,730",40,0.03%,2020-02-05,1398/11/16,Wednesday,چهارشنبه
1821,"135,990","135,640","136,800","136,690",1000,0.74%,2020-02-04,1398/11/15,Tuesday,سه‌شنبه
1822,"136,390","135,590","136,600","135,690",350,0.26%,2020-02-03,1398/11/14,Monday,دوشنبه
1823,"135,190","135,190","136,400","136,040",540,0.4%,2020-02-02,1398/11/13,Sunday,یکشنبه
1824,"135,230","134,590","136,200","135,500",960,0.71%,2020-02-01,1398/11/12,Saturday,شنبه
1825,"134,540","134,540","134,540","134,540",520,0.39%,2020-01-30,1398/11/10,Thursday,پنج‌شنبه
1826,"134,020","134,020","134,020","134,020",3170,2.37%,2020-01-28,1398/11/08,Tuesday,سه‌شنبه
1827,"136,790","136,690","138,900","137,190",1000,0.73%,2020-01-27,1398/11/07,Monday,دوشنبه
1828,"136,420","136,190","137,800","136,190",400,0.29%,2020-01-26,1398/11/06,Sunday,یکشنبه
1829,"135,250","135,190","135,900","135,790",5790,4.45%,2020-01-25,1398/11/05,Saturday,شنبه
1830,"130,000","130,000","130,000","130,000",5290,4.07%,2020-01-23,1398/11/03,Thursday,پنج‌شنبه
1831,"135,340","135,190","136,400","135,290",440,0.33%,2020-01-22,1398/11/02,Wednesday,چهارشنبه
1832,"134,090","134,090","136,000","134,850",460,0.34%,2020-01-21,1398/11/01,Tuesday,سه‌شنبه
1833,"134,800","134,290","134,900","134,390",600,0.45%,2020-01-20,1398/10/30,Monday,دوشنبه
1834,"134,540","134,490","135,100","134,990",500,0.37%,2020-01-19,1398/10/29,Sunday,یکشنبه
1835,"134,500","133,790","136,400","134,490",3490,2.66%,2020-01-18,1398/10/28,Saturday,شنبه
1836,"131,000","131,000","131,000","131,000",4160,3.18%,2020-01-16,1398/10/26,Thursday,پنج‌شنبه
1837,"135,020","134,790","135,500","135,160",200,0.15%,2020-01-15,1398/10/25,Wednesday,چهارشنبه
1838,"135,310","134,890","136,360","134,960",540,0.4%,2020-01-14,1398/10/24,Tuesday,سه‌شنبه
1839,"132,990","132,690","135,500","135,500",1350,1.01%,2020-01-13,1398/10/23,Monday,دوشنبه
1840,"133,990","133,490","134,700","134,150",140,0.1%,2020-01-12,1398/10/22,Sunday,یکشنبه
1841,"133,100","133,100","134,400","134,290",2200,1.67%,2020-01-11,1398/10/21,Saturday,شنبه
1842,"132,090","132,090","132,090","132,090",1810,1.37%,2020-01-09,1398/10/19,Thursday,پنج‌شنبه
1843,"139,060","133,090","139,100","133,900",5450,4.07%,2020-01-08,1398/10/18,Wednesday,چهارشنبه
1844,"139,590","139,290","141,800","139,350",310,0.22%,2020-01-07,1398/10/17,Tuesday,سه‌شنبه
1845,"138,200","138,090","140,200","139,660",1570,1.14%,2020-01-06,1398/10/16,Monday,دوشنبه
1846,"139,990","138,090","140,100","138,090",1130,0.82%,2020-01-05,1398/10/15,Sunday,یکشنبه
1847,"137,040","136,690","139,600","139,220",9720,7.51%,2020-01-04,1398/10/14,Saturday,شنبه
1848,"129,500","129,500","129,500","129,500",3490,2.69%,2020-01-02,1398/10/12,Thursday,پنج‌شنبه
1849,"132,890","132,590","133,100","132,990",-,-,2020-01-01,1398/10/11,Wednesday,چهارشنبه
1850,"133,220","132,490","133,420","132,990",200,0.15%,2019-12-31,1398/10/10,Tuesday,سه‌شنبه
1851,"132,390","132,180","133,320","133,190",1570,1.19%,2019-12-30,1398/10/09,Monday,دوشنبه
1852,"131,590","131,380","131,720","131,620",40,0.03%,2019-12-29,1398/10/08,Sunday,یکشنبه
1853,"131,850","131,580","132,050","131,580",1820,1.4%,2019-12-28,1398/10/07,Saturday,شنبه
1854,"129,760","129,760","129,760","129,760",2060,1.59%,2019-12-26,1398/10/05,Thursday,پنج‌شنبه
1855,"131,990","131,790","132,450","131,820",90,0.07%,2019-12-25,1398/10/04,Wednesday,چهارشنبه
1856,"131,240","130,790","132,250","131,910",820,0.63%,2019-12-24,1398/10/03,Tuesday,سه‌شنبه
1857,"132,260","130,790","133,050","131,090",400,0.31%,2019-12-23,1398/10/02,Monday,دوشنبه
1858,"131,510","129,490","132,050","131,490",200,0.15%,2019-12-22,1398/10/01,Sunday,یکشنبه
1859,"133,520","130,590","134,450","131,690",3100,2.41%,2019-12-21,1398/09/30,Saturday,شنبه
1860,"128,590","128,590","128,590","128,590",1400,1.09%,2019-12-19,1398/09/28,Thursday,پنج‌شنبه
1861,"129,090","129,090","130,250","129,990",840,0.65%,2019-12-18,1398/09/27,Wednesday,چهارشنبه
1862,"131,440","128,690","132,150","129,150",1520,1.18%,2019-12-17,1398/09/26,Tuesday,سه‌شنبه
1863,"127,510","127,450","130,950","130,670",3150,2.47%,2019-12-16,1398/09/25,Monday,دوشنبه
1864,"127,620","126,650","128,050","127,520",1680,1.34%,2019-12-15,1398/09/24,Sunday,یکشنبه
1865,"126,880","125,450","126,950","125,840",3170,2.52%,2019-12-14,1398/09/23,Saturday,شنبه
1866,"129,010","129,010","129,010","129,010",1500,1.18%,2019-12-12,1398/09/21,Thursday,پنج‌شنبه
1867,"130,980","127,450","131,050","127,510",3540,2.78%,2019-12-11,1398/09/20,Wednesday,چهارشنبه
1868,"135,960","129,950","136,050","131,050",4790,3.66%,2019-12-10,1398/09/19,Tuesday,سه‌شنبه
1869,"139,480","135,750","141,550","135,840",2190,1.61%,2019-12-09,1398/09/18,Monday,دوشنبه
1870,"134,540","134,450","138,050","138,030",3580,2.66%,2019-12-08,1398/09/17,Sunday,یکشنبه
1871,"132,460","122,700","135,050","134,450",7440,5.86%,2019-12-07,1398/09/16,Saturday,شنبه
1872,"127,010","127,010","127,010","127,010",3480,2.74%,2019-12-05,1398/09/14,Thursday,پنج‌شنبه
1873,"128,970","128,950","130,850","130,490",1450,1.12%,2019-12-04,1398/09/13,Wednesday,چهارشنبه
1874,"127,730","127,650","129,750","129,040",1390,1.09%,2019-12-03,1398/09/12,Tuesday,سه‌شنبه
1875,"126,520","126,450","127,750","127,650",1100,0.87%,2019-12-02,1398/09/11,Monday,دوشنبه
1876,"127,850","126,450","128,650","126,550",1570,1.24%,2019-12-01,1398/09/10,Sunday,یکشنبه
1877,"126,130","124,950","128,150","128,120",4100,3.31%,2019-11-30,1398/09/09,Saturday,شنبه
1878,"124,020","124,020","124,020","124,020",1970,1.59%,2019-11-28,1398/09/07,Thursday,پنج‌شنبه
1879,"125,770","125,750","126,950","125,990",170,0.14%,2019-11-27,1398/09/06,Wednesday,چهارشنبه
1880,"123,190","122,750","125,850","125,820",2850,2.32%,2019-11-26,1398/09/05,Tuesday,سه‌شنبه
1881,"123,680","122,450","123,980","122,970",1180,0.96%,2019-11-25,1398/09/04,Monday,دوشنبه
1882,"122,620","122,450","124,880","124,150",1410,1.15%,2019-11-24,1398/09/03,Sunday,یکشنبه
1883,"118,970","118,950","123,080","122,740",4800,4.07%,2019-11-23,1398/09/02,Saturday,شنبه
1884,"117,940","117,940","117,940","117,940",1040,0.88%,2019-11-21,1398/08/30,Thursday,پنج‌شنبه
1885,"119,060","118,950","119,380","118,980",150,0.13%,2019-11-20,1398/08/29,Wednesday,چهارشنبه
1886,"122,610","119,050","122,880","119,130",3390,2.85%,2019-11-19,1398/08/28,Tuesday,سه‌شنبه
1887,"122,580","122,500","122,650","122,520",130,0.11%,2019-11-18,1398/08/27,Monday,دوشنبه
1888,"122,520","122,500","122,650","122,650",150,0.12%,2019-11-17,1398/08/26,Sunday,یکشنبه
1889,"122,630","122,500","122,650","122,500",7530,6.55%,2019-11-16,1398/08/25,Saturday,شنبه
1890,"114,970","114,970","114,970","114,970",2900,2.52%,2019-11-14,1398/08/23,Thursday,پنج‌شنبه
1891,"117,820","117,700","118,550","117,870",170,0.14%,2019-11-13,1398/08/22,Wednesday,چهارشنبه
1892,"115,150","115,100","117,850","117,700",2460,2.13%,2019-11-12,1398/08/21,Tuesday,سه‌شنبه
1893,"114,970","114,750","115,250","115,240",280,0.24%,2019-11-11,1398/08/20,Monday,دوشنبه
1894,"114,310","114,300","115,000","114,960",630,0.55%,2019-11-10,1398/08/19,Sunday,یکشنبه
1895,"114,120","113,900","114,450","114,330",950,0.84%,2019-11-09,1398/08/18,Saturday,شنبه
1896,"113,380","113,380","113,380","113,380",480,0.43%,2019-11-07,1398/08/16,Thursday,پنج‌شنبه
1897,"112,975","112,890","113,050","112,900",1250,1.11%,2019-11-05,1398/08/14,Tuesday,سه‌شنبه
1898,"113,530","113,500","114,150","114,150",500,0.44%,2019-11-04,1398/08/13,Monday,دوشنبه
1899,"113,750","113,300","113,850","113,650",60,0.05%,2019-11-03,1398/08/12,Sunday,یکشنبه
1900,"112,900","112,900","114,250","113,710",2190,1.96%,2019-11-02,1398/08/11,Saturday,شنبه
1901,"111,520","111,520","111,520","111,520",1030,0.92%,2019-10-31,1398/08/09,Thursday,پنج‌شنبه
1902,"112,030","111,900","112,850","112,550",1140,1.02%,2019-10-30,1398/08/08,Wednesday,چهارشنبه
1903,"111,410","111,410","111,410","111,410",30,0.03%,2019-10-28,1398/08/06,Monday,دوشنبه
1904,"111,380","111,380","111,380","111,380",670,0.6%,2019-10-26,1398/08/04,Saturday,شنبه
1905,"112,050","112,050","112,050","112,050",140,0.13%,2019-10-24,1398/08/02,Thursday,پنج‌شنبه
1906,"112,340","111,000","112,350","111,910",410,0.37%,2019-10-23,1398/08/01,Wednesday,چهارشنبه
1907,"113,350","112,200","113,450","112,320",1110,0.99%,2019-10-22,1398/07/30,Tuesday,سه‌شنبه
1908,"113,100","113,100","113,650","113,430",30,0.03%,2019-10-21,1398/07/29,Monday,دوشنبه
1909,"113,730","113,100","113,750","113,400",620,0.55%,2019-10-20,1398/07/28,Sunday,یکشنبه
1910,"114,020","114,020","114,020","114,020",210,0.18%,2019-10-17,1398/07/25,Thursday,پنج‌شنبه
1911,"114,340","114,200","114,550","114,230",10,0.01%,2019-10-16,1398/07/24,Wednesday,چهارشنبه
1912,"114,150","114,000","114,550","114,220",110,0.1%,2019-10-15,1398/07/23,Tuesday,سه‌شنبه
1913,"113,920","113,900","114,350","114,110",150,0.13%,2019-10-14,1398/07/22,Monday,دوشنبه
1914,"114,080","113,600","114,150","113,960",70,0.06%,2019-10-13,1398/07/21,Sunday,یکشنبه
1915,"114,910","114,000","114,950","114,030",10,0.01%,2019-10-12,1398/07/20,Saturday,شنبه
1916,"114,020","114,020","114,020","114,020",810,0.71%,2019-10-10,1398/07/18,Thursday,پنج‌شنبه
1917,"115,030","114,800","115,050","114,830",150,0.13%,2019-10-09,1398/07/17,Wednesday,چهارشنبه
1918,"115,020","114,700","115,050","114,980",60,0.05%,2019-10-08,1398/07/16,Tuesday,سه‌شنبه
1919,"114,680","114,600","115,050","114,920",190,0.17%,2019-10-07,1398/07/15,Monday,دوشنبه
1920,"114,460","114,400","114,750","114,730",230,0.2%,2019-10-06,1398/07/14,Sunday,یکشنبه
1921,"115,010","114,500","115,050","114,500",70,0.06%,2019-10-05,1398/07/13,Saturday,شنبه
1922,"114,430","114,430","114,430","114,430",1060,0.93%,2019-10-03,1398/07/11,Thursday,پنج‌شنبه
1923,"115,220","115,100","115,550","115,490",260,0.23%,2019-10-02,1398/07/10,Wednesday,چهارشنبه
1924,"115,020","114,500","115,250","115,230",220,0.19%,2019-10-01,1398/07/09,Tuesday,سه‌شنبه
1925,"115,890","114,900","115,900","115,010",800,0.7%,2019-09-30,1398/07/08,Monday,دوشنبه
1926,"115,110","115,050","115,900","115,810",1170,1.02%,2019-09-29,1398/07/07,Sunday,یکشنبه
1927,"114,630","114,550","114,700","114,640",1140,1%,2019-09-28,1398/07/06,Saturday,شنبه
1928,"113,500","113,500","113,500","113,500",880,0.78%,2019-09-26,1398/07/04,Thursday,پنج‌شنبه
1929,"114,210","114,100","114,450","114,380",200,0.18%,2019-09-25,1398/07/03,Wednesday,چهارشنبه
1930,"114,430","114,100","114,550","114,180",270,0.24%,2019-09-24,1398/07/02,Tuesday,سه‌شنبه
1931,"113,920","113,800","114,550","114,450",520,0.46%,2019-09-23,1398/07/01,Monday,دوشنبه
1932,"114,330","113,700","114,350","113,930",380,0.33%,2019-09-22,1398/06/31,Sunday,یکشنبه
1933,"115,100","113,870","115,250","114,310",190,0.17%,2019-09-21,1398/06/30,Saturday,شنبه
1934,"114,500","114,500","114,500","114,500",830,0.72%,2019-09-19,1398/06/28,Thursday,پنج‌شنبه
1935,"115,340","114,900","115,450","115,330",30,0.03%,2019-09-18,1398/06/27,Wednesday,چهارشنبه
1936,"114,500","114,500","115,550","115,360",220,0.19%,2019-09-17,1398/06/26,Tuesday,سه‌شنبه
1937,"115,010","114,600","115,150","115,140",590,0.52%,2019-09-16,1398/06/25,Monday,دوشنبه
1938,"113,450","113,300","115,050","114,550",1120,0.99%,2019-09-15,1398/06/24,Sunday,یکشنبه
1939,"113,810","113,300","114,050","113,430",1010,0.89%,2019-09-14,1398/06/23,Saturday,شنبه
1940,"114,440","114,440","114,440","114,440",2300,2.01%,2019-09-12,1398/06/21,Thursday,پنج‌شنبه
1941,"116,600","115,600","116,750","116,740",740,0.64%,2019-09-11,1398/06/20,Wednesday,چهارشنبه
1942,"116,000","116,000","116,000","116,000",750,0.65%,2019-09-08,1398/06/17,Sunday,یکشنبه
1943,"116,720","116,500","117,150","116,750",2750,2.41%,2019-09-07,1398/06/16,Saturday,شنبه
1944,"114,000","114,000","114,000","114,000",750,0.66%,2019-09-05,1398/06/14,Thursday,پنج‌شنبه
1945,"114,510","114,500","115,450","114,750",700,0.61%,2019-09-04,1398/06/13,Wednesday,چهارشنبه
1946,"113,720","113,700","114,650","114,050",460,0.4%,2019-09-03,1398/06/12,Tuesday,سه‌شنبه
1947,"114,250","113,500","115,350","114,510",760,0.67%,2019-09-02,1398/06/11,Monday,دوشنبه
1948,"113,720","112,200","113,850","113,750",70,0.06%,2019-09-01,1398/06/10,Sunday,یکشنبه
1949,"115,640","113,300","116,150","113,820",1820,1.63%,2019-08-31,1398/06/09,Saturday,شنبه
1950,"112,000","112,000","112,000","112,000",1120,1%,2019-08-29,1398/06/07,Thursday,پنج‌شنبه
1951,"112,420","112,300","113,250","113,120",920,0.82%,2019-08-28,1398/06/06,Wednesday,چهارشنبه
1952,"112,410","111,700","112,850","112,200",50,0.04%,2019-08-27,1398/06/05,Tuesday,سه‌شنبه
1953,"110,650","110,600","113,050","112,250",1400,1.26%,2019-08-26,1398/06/04,Monday,دوشنبه
1954,"113,000","110,850","114,250","110,850",2160,1.95%,2019-08-25,1398/06/03,Sunday,یکشنبه
1955,"115,690","112,500","115,750","113,010",2990,2.65%,2019-08-24,1398/06/02,Saturday,شنبه
1956,"116,000","116,000","116,000","116,000",850,0.73%,2019-08-22,1398/05/31,Thursday,پنج‌شنبه
1957,"117,280","116,400","117,350","116,850",110,0.09%,2019-08-21,1398/05/30,Wednesday,چهارشنبه
1958,"116,980","116,890","117,000","116,960",70,0.06%,2019-08-19,1398/05/28,Monday,دوشنبه
1959,"117,320","116,600","117,350","117,030",310,0.26%,2019-08-18,1398/05/27,Sunday,یکشنبه
1960,"118,340","117,100","118,450","117,340",301,0.26%,2019-08-17,1398/05/26,Saturday,شنبه
1961,"117,086","114,814","119,476","117,641",631,0.54%,2019-08-14,1398/05/23,Wednesday,چهارشنبه
1962,"116,940","116,500","116,950","116,700",300,0.26%,2019-08-13,1398/05/22,Tuesday,سه‌شنبه
1963,"116,910","116,890","117,000","117,000",50,0.04%,2019-08-11,1398/05/20,Sunday,یکشنبه
1964,"117,620","116,200","117,650","116,950",1895,1.62%,2019-08-10,1398/05/19,Saturday,شنبه
1965,"119,497","116,479","121,038","118,845",475,0.4%,2019-08-07,1398/05/16,Wednesday,چهارشنبه
1966,"119,580","119,300","120,050","119,670",120,0.1%,2019-08-06,1398/05/15,Tuesday,سه‌شنبه
1967,"120,180","119,100","120,250","119,550",700,0.59%,2019-08-05,1398/05/14,Monday,دوشنبه
1968,"119,450","119,400","120,550","120,250",810,0.68%,2019-08-04,1398/05/13,Sunday,یکشنبه
1969,"119,590","118,400","119,650","119,440",440,0.37%,2019-08-03,1398/05/12,Saturday,شنبه
1970,"119,000","119,000","119,000","119,000",1790,1.5%,2019-08-01,1398/05/10,Thursday,پنج‌شنبه
1971,"119,630","119,400","120,850","120,790",1650,1.38%,2019-07-31,1398/05/09,Wednesday,چهارشنبه
1972,"120,380","118,400","120,450","119,140",1100,0.92%,2019-07-30,1398/05/08,Tuesday,سه‌شنبه
1973,"121,260","119,700","121,550","120,240",1250,1.04%,2019-07-29,1398/05/07,Monday,دوشنبه
1974,"120,820","120,500","121,950","121,490",850,0.7%,2019-07-28,1398/05/06,Sunday,یکشنبه
1975,"123,440","120,100","123,450","120,640",1140,0.95%,2019-07-27,1398/05/05,Saturday,شنبه
1976,"119,500","119,500","119,500","119,500",580,0.49%,2019-07-25,1398/05/03,Thursday,پنج‌شنبه
1977,"120,570","117,700","120,650","118,920",1360,1.14%,2019-07-24,1398/05/02,Wednesday,چهارشنبه
1978,"123,300","120,000","123,650","120,280",4960,4.12%,2019-07-23,1398/05/01,Tuesday,سه‌شنبه
1979,"124,620","124,100","127,050","125,240",1890,1.53%,2019-07-22,1398/04/31,Monday,دوشنبه
1980,"122,150","121,100","123,550","123,350",1210,0.99%,2019-07-21,1398/04/30,Sunday,یکشنبه
1981,"122,220","121,300","123,250","122,140",2300,1.92%,2019-07-20,1398/04/29,Saturday,شنبه
1982,"118,576","116,619","121,709","119,840",630,0.53%,2019-07-17,1398/04/26,Wednesday,چهارشنبه
1983,"118,520","112,300","119,550","118,130",580,0.49%,2019-07-16,1398/04/25,Tuesday,سه‌شنبه
1984,"121,140","118,600","121,250","118,710",2410,2.03%,2019-07-15,1398/04/24,Monday,دوشنبه
1985,"124,810","120,800","125,050","121,120",3800,3.14%,2019-07-14,1398/04/23,Sunday,یکشنبه
1986,"126,110","124,100","126,450","124,920",2540,2.03%,2019-07-13,1398/04/22,Saturday,شنبه
1987,"127,460","127,460","127,460","127,460",2120,1.66%,2019-07-11,1398/04/20,Thursday,پنج‌شنبه
1988,"129,770","129,400","130,050","129,580",100,0.08%,2019-07-10,1398/04/19,Wednesday,چهارشنبه
1989,"129,820","129,500","130,250","129,680",40,0.03%,2019-07-09,1398/04/18,Tuesday,سه‌شنبه
1990,"128,910","128,800","129,850","129,720",830,0.64%,2019-07-08,1398/04/17,Monday,دوشنبه
1991,"130,530","128,800","130,550","128,890",1760,1.37%,2019-07-07,1398/04/16,Sunday,یکشنبه
1992,"132,430","130,400","132,450","130,650",3150,2.47%,2019-07-06,1398/04/15,Saturday,شنبه
1993,"127,500","127,500","127,500","127,500",3320,2.6%,2019-07-04,1398/04/13,Thursday,پنج‌شنبه
1994,"129,820","129,700","131,050","130,820",980,0.75%,2019-07-03,1398/04/12,Wednesday,چهارشنبه
1995,"129,240","129,100","130,150","129,840",690,0.53%,2019-07-02,1398/04/11,Tuesday,سه‌شنبه
1996,"129,840","129,100","130,450","129,150",990,0.77%,2019-07-01,1398/04/10,Monday,دوشنبه
1997,"129,190","128,100","130,750","130,140",730,0.56%,2019-06-30,1398/04/09,Sunday,یکشنبه
1998,"129,410","129,410","129,410","129,410",2850,2.2%,2019-06-27,1398/04/06,Thursday,پنج‌شنبه
1999,"132,110","131,900","132,350","132,260",80,0.06%,2019-06-26,1398/04/05,Wednesday,چهارشنبه
2000,"133,120","131,600","133,250","132,340",300,0.23%,2019-06-25,1398/04/04,Tuesday,سه‌شنبه
2001,"133,710","132,000","133,850","132,040",2000,1.51%,2019-06-24,1398/04/03,Monday,دوشنبه
2002,"134,120","133,900","134,950","134,040",110,0.08%,2019-06-23,1398/04/02,Sunday,یکشنبه
2003,"131,700","131,700","134,250","133,930",1930,1.46%,2019-06-22,1398/04/01,Saturday,شنبه
2004,"132,000","132,000","132,000","132,000",2630,1.99%,2019-06-20,1398/03/30,Thursday,پنج‌شنبه
2005,"133,510","133,500","135,150","134,630",620,0.46%,2019-06-19,1398/03/29,Wednesday,چهارشنبه
2006,"132,880","131,600","134,250","134,010",1400,1.06%,2019-06-18,1398/03/28,Tuesday,سه‌شنبه
2007,"134,430","132,300","134,550","132,610",2880,2.17%,2019-06-17,1398/03/27,Monday,دوشنبه
2008,"137,410","135,200","137,450","135,490",2420,1.79%,2019-06-16,1398/03/26,Sunday,یکشنبه
2009,"136,110","136,100","138,250","137,910",3042,2.26%,2019-06-15,1398/03/25,Saturday,شنبه
2010,"133,715","132,685","136,297","134,868",2778,2.1%,2019-06-12,1398/03/22,Wednesday,چهارشنبه
2011,"130,680","130,400","131,950","131,350",770,0.59%,2019-06-11,1398/03/21,Tuesday,سه‌شنبه
2012,"132,050","130,000","132,150","130,580",830,0.64%,2019-06-10,1398/03/20,Monday,دوشنبه
2013,"127,110","127,040","131,450","131,410",4220,3.32%,2019-06-09,1398/03/19,Sunday,یکشنبه
2014,"132,130","126,740","132,200","127,190",3790,2.98%,2019-06-08,1398/03/18,Saturday,شنبه
2015,"131,010","130,870","131,040","130,980",1700,1.3%,2019-06-03,1398/03/13,Monday,دوشنبه
2016,"134,680","132,150","134,800","132,680",1900,1.43%,2019-06-02,1398/03/12,Sunday,یکشنبه
2017,"136,870","133,950","137,010","134,580",790,0.59%,2019-06-01,1398/03/11,Saturday,شنبه
2018,"135,370","135,370","135,370","135,370",2020,1.49%,2019-05-30,1398/03/09,Thursday,پنج‌شنبه
2019,"136,010","135,850","137,510","137,390",1420,1.04%,2019-05-29,1398/03/08,Wednesday,چهارشنبه
2020,"137,010","130,850","137,010","135,970",4852,3.57%,2019-05-28,1398/03/07,Tuesday,سه‌شنبه
2021,"141,908","139,089","143,114","140,822",1188,0.84%,2019-05-25,1398/03/04,Saturday,شنبه
2022,"140,460","140,460","140,460","140,460",1550,1.1%,2019-05-23,1398/03/02,Thursday,پنج‌شنبه
2023,"143,880","141,850","144,010","142,010",2000,1.41%,2019-05-22,1398/03/01,Wednesday,چهارشنبه
2024,"142,510","142,350","144,010","144,010",1630,1.14%,2019-05-21,1398/02/31,Tuesday,سه‌شنبه
2025,"139,510","137,850","142,510","142,380",2020,1.44%,2019-05-20,1398/02/30,Monday,دوشنبه
2026,"143,410","137,850","143,510","140,360",3150,2.24%,2019-05-19,1398/02/29,Sunday,یکشنبه
2027,"145,880","143,350","147,510","143,510",2960,2.06%,2019-05-18,1398/02/28,Saturday,شنبه
2028,"146,470","146,470","146,470","146,470",90,0.06%,2019-05-16,1398/02/26,Thursday,پنج‌شنبه
2029,"148,510","146,350","148,510","146,380",2110,1.44%,2019-05-15,1398/02/25,Wednesday,چهارشنبه
2030,"151,480","147,850","151,600","148,490",3020,2.03%,2019-05-14,1398/02/24,Tuesday,سه‌شنبه
2031,"150,380","150,350","151,510","151,510",1040,0.69%,2019-05-13,1398/02/23,Monday,دوشنبه
2032,"148,010","147,850","151,010","150,470",2500,1.69%,2019-05-12,1398/02/22,Sunday,یکشنبه
2033,"150,360","147,350","150,510","147,970",5530,3.74%,2019-05-11,1398/02/21,Saturday,شنبه
2034,"153,500","153,500","153,500","153,500",2510,1.64%,2019-05-09,1398/02/19,Thursday,پنج‌شنبه
2035,"153,930","153,850","156,510","156,010",2120,1.38%,2019-05-08,1398/02/18,Wednesday,چهارشنبه
2036,"152,510","151,850","154,010","153,890",1500,0.98%,2019-05-07,1398/02/17,Tuesday,سه‌شنبه
2037,"151,000","149,850","153,010","152,390",2380,1.59%,2019-05-06,1398/02/16,Monday,دوشنبه
2038,"147,350","147,350","150,010","150,010",2500,1.69%,2019-05-05,1398/02/15,Sunday,یکشنبه
2039,"148,520","147,350","152,510","147,510",5100,3.58%,2019-05-04,1398/02/14,Saturday,شنبه
2040,"142,410","142,410","142,410","142,410",3600,2.53%,2019-05-02,1398/02/12,Thursday,پنج‌شنبه
2041,"144,970","144,850","146,100","146,010",940,0.65%,2019-05-01,1398/02/11,Wednesday,چهارشنبه
2042,"143,000","142,850","145,100","145,070",2690,1.89%,2019-04-30,1398/02/10,Tuesday,سه‌شنبه
2043,"142,530","142,350","143,100","142,380",1140,0.8%,2019-04-29,1398/02/09,Monday,دوشنبه
2044,"143,390","142,350","143,600","143,520",660,0.46%,2019-04-28,1398/02/08,Sunday,یکشنبه
2045,"143,000","142,850","143,100","142,860",4740,3.43%,2019-04-27,1398/02/07,Saturday,شنبه
2046,"138,120","138,120","138,120","138,120",2360,1.71%,2019-04-25,1398/02/05,Thursday,پنج‌شنبه
2047,"139,490","139,350","141,100","140,480",960,0.69%,2019-04-24,1398/02/04,Wednesday,چهارشنبه
2048,"139,600","139,350","139,600","139,520",100,0.07%,2019-04-23,1398/02/03,Tuesday,سه‌شنبه
2049,"139,360","139,350","139,600","139,420",4720,3.5%,2019-04-22,1398/02/02,Monday,دوشنبه
2050,"134,900","134,700","134,900","134,700",90,0.07%,2019-04-20,1398/01/31,Saturday,شنبه
2051,"134,790","134,790","134,790","134,790",-,-,2019-04-18,1398/01/29,Thursday,پنج‌شنبه
2052,"133,990","133,900","134,950","134,790",780,0.58%,2019-04-17,1398/01/28,Wednesday,چهارشنبه
2053,"135,480","133,890","135,500","134,010",1420,1.06%,2019-04-16,1398/01/27,Tuesday,سه‌شنبه
2054,"136,870","134,040","136,900","135,430",1470,1.09%,2019-04-15,1398/01/26,Monday,دوشنبه
2055,"134,450","134,390","136,900","136,900",2400,1.78%,2019-04-14,1398/01/25,Sunday,یکشنبه
2056,"135,900","134,390","136,000","134,500",2810,2.09%,2019-04-13,1398/01/24,Saturday,شنبه
2057,"137,310","137,310","137,310","137,310",-,-,2019-04-11,1398/01/22,Thursday,پنج‌شنبه
2058,"137,380","137,290","137,400","137,310",190,0.14%,2019-04-10,1398/01/21,Wednesday,چهارشنبه
2059,"141,760","137,390","141,800","137,500",4250,3.09%,2019-04-09,1398/01/20,Tuesday,سه‌شنبه
2060,"136,870","136,790","141,800","141,750",4850,3.54%,2019-04-08,1398/01/19,Monday,دوشنبه
2061,"133,900","133,890","136,900","136,900",2990,2.23%,2019-04-07,1398/01/18,Sunday,یکشنبه
2062,"131,930","131,890","138,010","133,910",2010,1.52%,2019-04-06,1398/01/17,Saturday,شنبه
2063,"131,900","130,100","133,300","131,900",100,0.08%,2019-04-03,1398/01/14,Wednesday,چهارشنبه
2064,"131,900","129,800","134,200","132,000",-,-,2019-03-30,1398/01/10,Saturday,شنبه
2065,"131,890","131,890","131,890","131,890",-,-,2019-03-28,1398/01/08,Thursday,پنج‌شنبه
2066,"129,540","129,380","133,600","131,890",2470,1.91%,2019-03-27,1398/01/07,Wednesday,چهارشنبه
2067,"129,560","129,400","129,560","129,420",90,0.07%,2019-03-26,1398/01/06,Tuesday,سه‌شنبه
2068,"129,490","129,400","129,560","129,510",570,0.44%,2019-03-25,1398/01/05,Monday,دوشنبه
2069,"128,940","128,800","128,940","128,940",-,-,2019-03-19,1397/12/28,Tuesday,سه‌شنبه
2070,"128,950","128,800","128,960","128,940",50,0.04%,2019-03-18,1397/12/27,Monday,دوشنبه
2071,"128,920","128,800","128,960","128,890",60,0.05%,2019-03-17,1397/12/26,Sunday,یکشنبه
2072,"129,930","128,800","129,960","128,830",2190,1.7%,2019-03-16,1397/12/25,Saturday,شنبه
2073,"131,020","131,020","131,020","131,020",-,-,2019-03-14,1397/12/23,Thursday,پنج‌شنبه
2074,"132,040","130,930","132,050","131,020",2470,1.92%,2019-03-13,1397/12/22,Wednesday,چهارشنبه
2075,"128,490","128,430","128,550","128,550",80,0.06%,2019-03-12,1397/12/21,Tuesday,سه‌شنبه
2076,"128,970","128,430","129,050","128,470",580,0.45%,2019-03-11,1397/12/20,Monday,دوشنبه
2077,"129,440","128,930","129,550","129,050",1370,1.06%,2019-03-10,1397/12/19,Sunday,یکشنبه
2078,"131,460","130,360","131,570","130,420",50,0.04%,2019-03-09,1397/12/18,Saturday,شنبه
2079,"130,370","130,370","130,370","130,370",-,-,2019-03-07,1397/12/16,Thursday,پنج‌شنبه
2080,"131,560","130,360","131,570","130,370",1170,0.9%,2019-03-06,1397/12/15,Wednesday,چهارشنبه
2081,"125,950","125,900","132,550","131,540",5560,4.41%,2019-03-05,1397/12/14,Tuesday,سه‌شنبه
2082,"126,020","125,850","126,100","125,980",1090,0.87%,2019-03-04,1397/12/13,Monday,دوشنبه
2083,"130,040","126,850","130,040","127,070",2790,2.2%,2019-03-03,1397/12/12,Sunday,یکشنبه
2084,"133,000","129,800","133,000","129,860",2140,1.65%,2019-03-02,1397/12/11,Saturday,شنبه
2085,"132,000","132,000","132,000","132,000",-,-,2019-02-28,1397/12/09,Thursday,پنج‌شنبه
2086,"132,000","132,000","132,000","132,000",500,0.38%,2019-02-27,1397/12/08,Wednesday,چهارشنبه
2087,"132,500","132,500","132,800","132,500",500,0.38%,2019-02-26,1397/12/07,Tuesday,سه‌شنبه
2088,"133,500","133,000","133,500","133,000",1500,1.13%,2019-02-25,1397/12/06,Monday,دوشنبه
2089,"135,500","134,500","135,500","134,500",2000,1.49%,2019-02-24,1397/12/05,Sunday,یکشنبه
2090,"136,500","136,500","136,500","136,500",10120,8.01%,2019-02-23,1397/12/04,Saturday,شنبه
2091,"128,100","124,210","130,530","126,380",3320,2.63%,2019-02-20,1397/12/01,Wednesday,چهارشنبه
2092,"129,900","122,800","129,900","129,700",1700,1.33%,2019-02-19,1397/11/30,Tuesday,سه‌شنبه
2093,"128,000","127,800","128,000","128,000",1000,0.78%,2019-02-18,1397/11/29,Monday,دوشنبه
2094,"123,600","123,600","129,000","129,000",5500,4.45%,2019-02-17,1397/11/28,Sunday,یکشنبه
2095,"122,500","122,550","123,600","123,500",5000,4.22%,2019-02-16,1397/11/27,Saturday,شنبه
2096,"118,500","118,500","118,500","118,500",-,-,2019-02-14,1397/11/25,Thursday,پنج‌شنبه
2097,"118,500","118,300","118,500","118,500",800,0.68%,2019-02-13,1397/11/24,Wednesday,چهارشنبه
2098,"119,300","119,100","119,300","119,300",2200,1.88%,2019-02-12,1397/11/23,Tuesday,سه‌شنبه
2099,"117,100","117,000","117,100","117,100",650,0.56%,2019-02-10,1397/11/21,Sunday,یکشنبه
2100,"116,450","116,450","116,450","116,450",-,-,2019-02-07,1397/11/18,Thursday,پنج‌شنبه
2101,"116,500","116,450","116,600","116,450",2050,1.76%,2019-02-06,1397/11/17,Wednesday,چهارشنبه
2102,"118,500","118,200","118,600","118,500",1000,0.85%,2019-02-05,1397/11/16,Tuesday,سه‌شنبه
2103,"118,500","117,300","118,600","117,500",1000,0.86%,2019-02-04,1397/11/15,Monday,دوشنبه
2104,"114,500","114,400","116,550","116,500",6500,5.91%,2019-02-03,1397/11/14,Sunday,یکشنبه
2105,"110,000","109,700","110,000","110,000",8500,7.73%,2019-02-02,1397/11/13,Saturday,شنبه
2106,"118,500","118,500","118,500","118,500",-,-,2019-01-31,1397/11/11,Thursday,پنج‌شنبه
2107,"119,000","118,350","119,000","118,500",950,0.8%,2019-01-30,1397/11/10,Wednesday,چهارشنبه
2108,"119,500","119,300","119,600","119,450",1150,0.97%,2019-01-29,1397/11/09,Tuesday,سه‌شنبه
2109,"118,900","117,900","118,900","118,300",300,0.25%,2019-01-28,1397/11/08,Monday,دوشنبه
2110,"118,500","117,800","118,500","118,000",100,0.08%,2019-01-27,1397/11/07,Sunday,یکشنبه
2111,"117,900","117,750","117,950","117,900",2900,2.52%,2019-01-26,1397/11/06,Saturday,شنبه
2112,"115,000","115,000","115,000","115,000",-,-,2019-01-24,1397/11/04,Thursday,پنج‌شنبه
2113,"115,100","115,000","115,100","115,000",400,0.35%,2019-01-23,1397/11/03,Wednesday,چهارشنبه
2114,"115,400","115,200","115,450","115,400",1100,0.95%,2019-01-22,1397/11/02,Tuesday,سه‌شنبه
2115,"116,500","116,250","116,500","116,500",200,0.17%,2019-01-21,1397/11/01,Monday,دوشنبه
2116,"116,500","116,300","116,500","116,300",1800,1.57%,2019-01-20,1397/10/30,Sunday,یکشنبه
2117,"114,400","114,300","114,500","114,500",1400,1.22%,2019-01-19,1397/10/29,Saturday,شنبه
2118,"115,900","115,900","115,900","115,900",-,-,2019-01-17,1397/10/27,Thursday,پنج‌شنبه
2119,"115,900","115,900","115,900","115,900",1400,1.22%,2019-01-16,1397/10/26,Wednesday,چهارشنبه
2120,"114,500","114,350","114,600","114,500",2000,1.78%,2019-01-15,1397/10/25,Tuesday,سه‌شنبه
2121,"112,500","112,300","112,650","112,500",2600,2.37%,2019-01-14,1397/10/24,Monday,دوشنبه
2122,"108,950","109,750","108,000","109,900",4100,3.73%,2019-01-13,1397/10/23,Sunday,یکشنبه
2123,"116,000","114,000","118,000","114,000",5100,4.68%,2019-01-12,1397/10/22,Saturday,شنبه
2124,"108,900","108,900","108,900","108,900",-,-,2019-01-10,1397/10/20,Thursday,پنج‌شنبه
2125,"108,900","108,850","108,900","108,900",100,0.09%,2019-01-09,1397/10/19,Wednesday,چهارشنبه
2126,"108,800","108,600","109,050","108,800",200,0.18%,2019-01-08,1397/10/18,Tuesday,سه‌شنبه
2127,"109,000","108,700","109,000","109,000",2000,1.87%,2019-01-07,1397/10/17,Monday,دوشنبه
2128,"107,000","106,900","107,100","107,000",1500,1.42%,2019-01-06,1397/10/16,Sunday,یکشنبه
2129,"105,450","104,900","105,600","105,500",500,0.47%,2019-01-05,1397/10/15,Saturday,شنبه
2130,"106,000","106,000","106,000","106,000",-,-,2019-01-03,1397/10/13,Thursday,پنج‌شنبه
2131,"106,000","105,800","106,000","106,000",1500,1.44%,2019-01-02,1397/10/12,Wednesday,چهارشنبه
2132,"104,900","104,200","105,000","104,500",500,0.48%,2019-01-01,1397/10/11,Tuesday,سه‌شنبه
2133,"107,000","105,000","107,000","105,000",3000,2.86%,2018-12-31,1397/10/10,Monday,دوشنبه
2134,"108,000","107,900","108,000","108,000",1000,0.93%,2018-12-30,1397/10/09,Sunday,یکشنبه
2135,"106,000","105,500","108,000","107,000",500,0.47%,2018-12-29,1397/10/08,Saturday,شنبه
2136,"107,500","107,500","107,500","107,500",-,-,2018-12-27,1397/10/06,Thursday,پنج‌شنبه
2137,"111,900","107,500","111,900","107,500",4500,4.19%,2018-12-26,1397/10/05,Wednesday,چهارشنبه
2138,"109,000","109,000","118,000","112,000",7000,6.67%,2018-12-25,1397/10/04,Tuesday,سه‌شنبه
2139,"103,950","103,950","105,000","105,000",4000,3.96%,2018-12-24,1397/10/03,Monday,دوشنبه
2140,"101,000","101,000","101,000","101,000",30,0.03%,2018-12-23,1397/10/02,Sunday,یکشنبه
2141,"100,020","98,420","102,780","100,970",1270,1.27%,2018-12-21,1397/09/30,Friday,جمعه
2142,"99,700","99,700","99,700","99,700",-,-,2018-12-20,1397/09/29,Thursday,پنج‌شنبه
2143,"99,800","99,700","99,890","99,700",200,0.2%,2018-12-19,1397/09/28,Wednesday,چهارشنبه
2144,"101,000","99,900","101,000","99,900",500,0.5%,2018-12-18,1397/09/27,Tuesday,سه‌شنبه
2145,"99,400","99,400","99,400","99,400",-,-,2018-12-17,1397/09/26,Monday,دوشنبه
2146,"99,900","99,400","99,900","99,400",100,0.1%,2018-12-16,1397/09/25,Sunday,یکشنبه
2147,"99,900","97,050","99,950","99,500",1800,1.81%,2018-12-15,1397/09/24,Saturday,شنبه
2148,"101,300","101,300","101,300","101,300",-,-,2018-12-13,1397/09/22,Thursday,پنج‌شنبه
2149,"97,900","97,900","101,500","101,300",4200,4.33%,2018-12-12,1397/09/21,Wednesday,چهارشنبه
2150,"108,230","86,900","109,940","97,100",11090,11.42%,2018-12-11,1397/09/20,Tuesday,سه‌شنبه
2151,"107,840","107,640","108,230","108,190",290,0.27%,2018-12-10,1397/09/19,Monday,دوشنبه
2152,"112,500","107,360","112,540","107,900",4510,4.18%,2018-12-09,1397/09/18,Sunday,یکشنبه
2153,"114,870","112,110","114,870","112,410",1008,0.9%,2018-12-08,1397/09/17,Saturday,شنبه
2154,"113,377","111,642","114,189","113,418",388,0.34%,2018-12-05,1397/09/14,Wednesday,چهارشنبه
2155,"113,900","112,690","114,010","113,520",150,0.13%,2018-12-04,1397/09/13,Tuesday,سه‌شنبه
2156,"114,030","111,710","114,800","113,670",630,0.55%,2018-12-03,1397/09/12,Monday,دوشنبه
2157,"120,240","113,660","120,290","114,300",6800,5.95%,2018-12-02,1397/09/11,Sunday,یکشنبه
2158,"113,570","113,570","121,100","121,100",8650,7.69%,2018-12-01,1397/09/10,Saturday,شنبه
2159,"112,450","112,450","112,450","112,450",-,-,2018-11-29,1397/09/08,Thursday,پنج‌شنبه
2160,"112,680","112,450","112,680","112,450",8700,7.74%,2018-11-28,1397/09/07,Wednesday,چهارشنبه
2161,"121,150","121,150","121,150","121,150",1880,1.55%,2018-11-27,1397/09/06,Tuesday,سه‌شنبه
2162,"123,030","123,030","123,030","123,030",4220,3.43%,2018-11-26,1397/09/05,Monday,دوشنبه
2163,"127,250","127,250","127,250","127,250",460,0.36%,2018-11-24,1397/09/03,Saturday,شنبه
2164,"127,710","127,710","127,710","127,710",-,-,2018-11-22,1397/09/01,Thursday,پنج‌شنبه
2165,"127,710","127,710","127,710","127,710",200,0.16%,2018-11-21,1397/08/30,Wednesday,چهارشنبه
2166,"127,910","127,910","127,910","127,910",490,0.38%,2018-11-20,1397/08/29,Tuesday,سه‌شنبه
2167,"128,400","128,400","128,400","128,400",1180,0.93%,2018-11-19,1397/08/28,Monday,دوشنبه
2168,"127,220","127,220","127,220","127,220",6350,5.25%,2018-11-18,1397/08/27,Sunday,یکشنبه
2169,"120,870","120,870","120,870","120,870",2470,2.09%,2018-11-17,1397/08/26,Saturday,شنبه
2170,"118,400","118,400","118,400","118,400",-,-,2018-11-15,1397/08/24,Thursday,پنج‌شنبه
2171,"119,000","118,400","119,000","118,400",800,0.68%,2018-11-14,1397/08/23,Wednesday,چهارشنبه
2172,"119,000","117,100","120,400","119,200",700,0.59%,2018-11-12,1397/08/21,Monday,دوشنبه
2173,"120,600","117,500","122,500","119,900",700,0.58%,2018-11-11,1397/08/20,Sunday,یکشنبه
2174,"119,900","117,900","123,000","120,600",2000,1.69%,2018-11-10,1397/08/19,Saturday,شنبه
2175,"120,100","117,200","122,200","118,600",1700,1.43%,2018-11-09,1397/08/18,Friday,جمعه
2176,"119,700","118,600","121,000","120,300",200,0.17%,2018-11-05,1397/08/14,Monday,دوشنبه
2177,"120,500","119,100","121,200","120,500",200,0.17%,2018-11-04,1397/08/13,Sunday,یکشنبه
2178,"119,500","117,300","122,200","120,300",1100,0.92%,2018-11-03,1397/08/12,Saturday,شنبه
2179,"119,600","116,800","121,200","119,200",400,0.34%,2018-11-02,1397/08/11,Friday,جمعه
2180,"120,500","117,800","121,500","119,600",900,0.75%,2018-10-31,1397/08/09,Wednesday,چهارشنبه
2181,"119,300","118,200","121,500","120,500",2100,1.77%,2018-10-30,1397/08/08,Tuesday,سه‌شنبه
2182,"119,800","117,700","120,500","118,400",2200,1.86%,2018-10-28,1397/08/06,Sunday,یکشنبه
2183,"120,300","118,800","122,500","120,600",2200,1.86%,2018-10-27,1397/08/05,Saturday,شنبه
2184,"120,800","117,200","122,000","118,400",400,0.34%,2018-10-26,1397/08/04,Friday,جمعه
2185,"120,800","117,800","121,400","118,800",2200,1.85%,2018-10-24,1397/08/02,Wednesday,چهارشنبه
2186,"141,395","138,990","142,400","140,390",1550,1.1%,2018-10-23,1397/08/01,Tuesday,سه‌شنبه
2187,"143,110","140,330","144,280","141,940",2210,1.56%,2018-10-22,1397/07/30,Monday,دوشنبه
2188,"144,745","142,860","145,340","144,150",9850,7.33%,2018-10-21,1397/07/29,Sunday,یکشنبه
2189,"128,200","126,300","136,600","134,300",300,0.22%,2018-10-19,1397/07/27,Friday,جمعه
2190,"136,800","132,200","139,000","134,000",12200,10.02%,2018-10-17,1397/07/25,Wednesday,چهارشنبه
2191,"123,900","119,600","124,900","121,800",13700,11.25%,2018-10-16,1397/07/24,Tuesday,سه‌شنبه
2192,"144,200","134,000","145,200","135,500",10400,8.31%,2018-10-15,1397/07/23,Monday,دوشنبه
2193,"133,600","124,100","135,800","125,100",5900,4.72%,2018-10-14,1397/07/22,Sunday,یکشنبه
2194,"137,500","130,200","138,400","131,000",11700,8.93%,2018-10-13,1397/07/21,Saturday,شنبه
2195,"133,800","131,600","144,800","142,700",20800,17.06%,2018-10-12,1397/07/20,Friday,جمعه
2196,"133,200","120,100","134,800","121,900",1800,1.48%,2018-10-10,1397/07/18,Wednesday,چهارشنبه
2197,"122,300","121,100","126,200","123,700",2300,1.89%,2018-10-09,1397/07/17,Tuesday,سه‌شنبه
2198,"140,300","119,200","141,500","121,400",20000,16.47%,2018-10-08,1397/07/16,Monday,دوشنبه
2199,"144,000","139,200","145,400","141,400",10300,7.86%,2018-10-07,1397/07/15,Sunday,یکشنبه
2200,"141,800","128,800","142,800","131,100",2300,1.79%,2018-10-06,1397/07/14,Saturday,شنبه
2201,"141,800","127,700","144,300","128,800",2000,1.58%,2018-10-05,1397/07/13,Friday,جمعه
2202,"122,700","121,400","127,900","126,800",5400,4.26%,2018-10-03,1397/07/11,Wednesday,چهارشنبه
2203,"136,700","131,000","137,700","132,200",11200,9.26%,2018-10-02,1397/07/10,Tuesday,سه‌شنبه
2204,"147,928","144,445","148,904","145,288",6482,4.46%,2018-10-01,1397/07/09,Monday,دوشنبه
2205,"162,055","146,490","172,340","151,770",18450,12.16%,2018-09-30,1397/07/08,Sunday,یکشنبه
2206,"172,290","168,680","174,360","170,220",5170,3.04%,2018-09-29,1397/07/07,Saturday,شنبه
2207,"175,390","175,390","175,390","175,390",-,-,2018-09-27,1397/07/05,Thursday,پنج‌شنبه
2208,"181,035","169,000","186,680","175,390",11290,6.44%,2018-09-26,1397/07/04,Wednesday,چهارشنبه
2209,"190,110","168,290","193,540","186,680",16690,9.82%,2018-09-25,1397/07/03,Tuesday,سه‌شنبه
2210,"170,640","155,830","171,290","169,990",9990,6.24%,2018-09-24,1397/07/02,Monday,دوشنبه
2211,"160,975","149,330","161,950","160,000",10660,7.14%,2018-09-23,1397/07/01,Sunday,یکشنبه
2212,"151,205","141,280","153,070","149,340",3460,2.37%,2018-09-22,1397/06/31,Saturday,شنبه
2213,"145,880","145,120","145,880","145,880",-,-,2018-09-18,1397/06/27,Tuesday,سه‌شنبه
2214,"145,880","142,900","145,880","145,880",2230,1.55%,2018-09-17,1397/06/26,Monday,دوشنبه
2215,"143,655","140,390","143,660","143,650",950,0.67%,2018-09-16,1397/06/25,Sunday,یکشنبه
2216,"145,145","139,070","147,590","142,700",5050,3.67%,2018-09-15,1397/06/24,Saturday,شنبه
2217,"137,650","137,650","137,650","137,650",50,0.04%,2018-09-13,1397/06/22,Thursday,پنج‌شنبه
2218,"137,210","136,750","138,940","137,600",440,0.32%,2018-09-12,1397/06/21,Wednesday,چهارشنبه
2219,"135,370","134,170","138,980","137,160",1830,1.35%,2018-09-11,1397/06/20,Tuesday,سه‌شنبه
2220,"138,190","135,190","146,060","135,330",2830,2.09%,2018-09-10,1397/06/19,Monday,دوشنبه
2221,"129,940","129,550","138,980","138,160",8530,6.58%,2018-09-09,1397/06/18,Sunday,یکشنبه
2222,"128,710","120,970","130,320","129,630",5141,3.97%,2018-09-08,1397/06/17,Saturday,شنبه
2223,"136,265","132,183","137,382","134,771",339,0.25%,2018-09-05,1397/06/14,Wednesday,چهارشنبه
2224,"137,140","136,400","150,670","136,890",8940,6.99%,2018-09-04,1397/06/13,Tuesday,سه‌شنبه
2225,"119,790","119,370","135,880","127,950",3377,2.71%,2018-09-03,1397/06/12,Monday,دوشنبه
2226,"117,297","115,971","125,557","124,573",4803,4.01%,2018-09-01,1397/06/10,Saturday,شنبه
2227,"109,430","109,270","111,050","110,350",240,0.22%,2018-08-29,1397/06/07,Wednesday,چهارشنبه
2228,"110,620","106,020","110,680","110,110",500,0.45%,2018-08-28,1397/06/06,Tuesday,سه‌شنبه
2229,"107,140","104,770","110,700","110,610",3460,3.23%,2018-08-27,1397/06/05,Monday,دوشنبه
2230,"105,310","105,270","108,140","107,150",1720,1.63%,2018-08-26,1397/06/04,Sunday,یکشنبه
2231,"105,020","104,390","106,440","105,430",2640,2.57%,2018-08-25,1397/06/03,Saturday,شنبه
2232,"105,080","102,370","105,280","102,790",2670,2.6%,2018-08-23,1397/06/01,Thursday,پنج‌شنبه
2233,"105,830","105,230","106,070","105,460",380,0.36%,2018-08-21,1397/05/30,Tuesday,سه‌شنبه
2234,"104,150","103,600","107,110","105,840",1700,1.63%,2018-08-20,1397/05/29,Monday,دوشنبه
2235,"103,160","102,880","105,600","104,140",1090,1.06%,2018-08-19,1397/05/28,Sunday,یکشنبه
2236,"102,980","101,960","105,280","103,050",4070,3.95%,2018-08-18,1397/05/27,Saturday,شنبه
2237,"107,120","106,610","109,980","107,120",30,0.03%,2018-08-16,1397/05/25,Thursday,پنج‌شنبه
2238,"105,040","103,360","107,150","107,090",2060,1.96%,2018-08-15,1397/05/24,Wednesday,چهارشنبه
2239,"105,540","103,070","107,970","105,030",520,0.5%,2018-08-14,1397/05/23,Tuesday,سه‌شنبه
2240,"106,260","105,150","110,300","105,550",710,0.67%,2018-08-13,1397/05/22,Monday,دوشنبه
2241,"100,880","99,470","106,590","106,260",5410,5.36%,2018-08-12,1397/05/21,Sunday,یکشنبه
2242,"103,970","97,470","105,910","100,850",8580,8.51%,2018-08-11,1397/05/20,Saturday,شنبه
2243,"103,350","103,170","109,670","109,430",6070,5.87%,2018-08-09,1397/05/18,Thursday,پنج‌شنبه
2244,"102,520","91,740","111,550","103,360",820,0.8%,2018-08-08,1397/05/17,Wednesday,چهارشنبه
2245,"89,780","89,250","107,860","102,540",12780,14.24%,2018-08-07,1397/05/16,Tuesday,سه‌شنبه
2246,"95,970","82,310","98,050","89,760",6200,6.91%,2018-08-06,1397/05/15,Monday,دوشنبه
2247,"98,150","92,450","99,290","95,960",2210,2.3%,2018-08-05,1397/05/14,Sunday,یکشنبه
2248,"98,100","98,170","101,660","98,170",7600,7.74%,2018-08-04,1397/05/13,Saturday,شنبه
2249,"112,970","102,100","113,370","105,770",7190,6.8%,2018-08-02,1397/05/11,Thursday,پنج‌شنبه
2250,"105,990","95,600","113,120","112,960",6980,6.59%,2018-08-01,1397/05/10,Wednesday,چهارشنبه
2251,"105,390","101,010","111,930","105,980",570,0.54%,2018-07-31,1397/05/09,Tuesday,سه‌شنبه
2252,"114,710","95,090","114,890","105,410",9290,8.81%,2018-07-30,1397/05/08,Monday,دوشنبه
2253,"116,550","107,810","117,610","114,700",4332,3.93%,2018-07-29,1397/05/07,Sunday,یکشنبه
2254,"106,401","104,198","112,089","110,368",15808,16.72%,2018-07-28,1397/05/06,Saturday,شنبه
2255,"93,170","93,060","95,530","94,560",1400,1.5%,2018-07-26,1397/05/04,Thursday,پنج‌شنبه
2256,"91,560","91,340","95,290","93,160",1610,1.76%,2018-07-25,1397/05/03,Wednesday,چهارشنبه
2257,"94,070","91,450","94,600","91,550",2510,2.74%,2018-07-24,1397/05/02,Tuesday,سه‌شنبه
2258,"93,710","91,130","95,750","94,060",360,0.38%,2018-07-23,1397/05/01,Monday,دوشنبه
2259,"88,990","88,730","95,340","93,700",4730,5.32%,2018-07-22,1397/04/31,Sunday,یکشنبه
2260,"86,250","85,990","90,460","88,970",7480,9.18%,2018-07-21,1397/04/30,Saturday,شنبه
2261,"81,980","81,240","82,740","81,490",470,0.58%,2018-07-19,1397/04/28,Thursday,پنج‌شنبه
2262,"81,360","80,770","84,620","81,960",620,0.76%,2018-07-18,1397/04/27,Wednesday,چهارشنبه
2263,"81,940","80,450","83,640","81,340",610,0.75%,2018-07-17,1397/04/26,Tuesday,سه‌شنبه
2264,"79,170","77,650","81,990","81,950",2760,3.49%,2018-07-16,1397/04/25,Monday,دوشنبه
2265,"80,780","78,790","81,320","79,190",1550,1.96%,2018-07-15,1397/04/24,Sunday,یکشنبه
2266,"80,300","80,300","83,120","80,740",2520,3.22%,2018-07-14,1397/04/23,Saturday,شنبه
2267,"78,170","77,740","78,620","78,220",320,0.41%,2018-07-12,1397/04/21,Thursday,پنج‌شنبه
2268,"77,860","76,000","78,300","77,900",18,0.02%,2018-07-11,1397/04/20,Wednesday,چهارشنبه
2269,"77,941","76,526","78,400","77,882",1578,2.03%,2018-07-09,1397/04/18,Monday,دوشنبه
2270,"79,820","78,630","79,860","79,460",400,0.5%,2018-07-08,1397/04/17,Sunday,یکشنبه
2271,"79,800","78,610","80,870","79,860",510,0.64%,2018-07-07,1397/04/16,Saturday,شنبه
2272,"78,460","78,340","81,690","80,370",1900,2.42%,2018-07-05,1397/04/14,Thursday,پنج‌شنبه
2273,"80,150","76,250","80,360","78,470",1670,2.13%,2018-07-04,1397/04/13,Wednesday,چهارشنبه
2274,"81,640","78,850","82,160","80,140",1460,1.82%,2018-07-03,1397/04/12,Tuesday,سه‌شنبه
2275,"83,330","81,390","83,610","81,600",1710,2.1%,2018-07-02,1397/04/11,Monday,دوشنبه
2276,"83,650","82,170","85,420","83,310",270,0.32%,2018-07-01,1397/04/10,Sunday,یکشنبه
2277,"79,980","79,870","83,670","83,580",1300,1.58%,2018-06-30,1397/04/09,Saturday,شنبه
2278,"82,270","81,940","83,310","82,280",-,-,2018-06-28,1397/04/07,Thursday,پنج‌شنبه
2279,"79,710","79,630","84,510","82,280",2540,3.19%,2018-06-27,1397/04/06,Wednesday,چهارشنبه
2280,"78,920","77,900","80,290","79,740",830,1.05%,2018-06-26,1397/04/05,Tuesday,سه‌شنبه
2281,"81,530","78,330","83,640","78,910",2640,3.35%,2018-06-25,1397/04/04,Monday,دوشنبه
2282,"87,000","78,760","89,430","81,550",5500,6.74%,2018-06-24,1397/04/03,Sunday,یکشنبه
2283,"81,000","79,620","90,960","87,050",12139,16.2%,2018-06-23,1397/04/02,Saturday,شنبه
2284,"74,693","73,146","75,570","74,911",1,-,2018-06-20,1397/03/30,Wednesday,چهارشنبه
2285,"72,290","72,260","74,030","74,000",1730,2.39%,2018-06-19,1397/03/29,Tuesday,سه‌شنبه
2286,"70,550","70,250","72,720","72,270",1730,2.45%,2018-06-18,1397/03/28,Monday,دوشنبه
2287,"70,430","69,300","72,760","70,540",1870,2.72%,2018-06-17,1397/03/27,Sunday,یکشنبه
2288,"67,680","67,630","68,880","68,670",980,1.45%,2018-06-14,1397/03/24,Thursday,پنج‌شنبه
2289,"70,070","66,600","70,160","67,690",2390,3.53%,2018-06-13,1397/03/23,Wednesday,چهارشنبه
2290,"70,340","69,780","71,860","70,080",270,0.39%,2018-06-12,1397/03/22,Tuesday,سه‌شنبه
2291,"67,800","67,790","70,910","70,350",2540,3.75%,2018-06-11,1397/03/21,Monday,دوشنبه
2292,"65,740","65,500","68,660","67,810",2050,3.12%,2018-06-10,1397/03/20,Sunday,یکشنبه
2293,"67,570","65,760","68,880","65,760",1370,2.13%,2018-06-09,1397/03/19,Saturday,شنبه
2294,"65,040","64,390","65,220","64,390",140,0.22%,2018-06-07,1397/03/17,Thursday,پنج‌شنبه
2295,"64,400","64,090","64,530","64,250",140,0.22%,2018-06-03,1397/03/13,Sunday,یکشنبه
2296,"64,470","63,610","64,950","64,390",630,0.98%,2018-06-02,1397/03/12,Saturday,شنبه
2297,"64,630","64,620","65,150","65,020",380,0.59%,2018-05-31,1397/03/10,Thursday,پنج‌شنبه
2298,"64,370","64,000","64,900","64,640",260,0.4%,2018-05-30,1397/03/09,Wednesday,چهارشنبه
2299,"62,930","62,890","65,740","64,380",1460,2.32%,2018-05-29,1397/03/08,Tuesday,سه‌شنبه
2300,"63,540","58,650","64,150","62,920",610,0.97%,2018-05-28,1397/03/07,Monday,دوشنبه
2301,"63,700","62,740","64,480","63,530",100,0.16%,2018-05-27,1397/03/06,Sunday,یکشنبه
2302,"64,020","63,300","64,440","63,630",40,0.06%,2018-05-26,1397/03/05,Saturday,شنبه
2303,"63,450","63,360","63,670","63,670",230,0.36%,2018-05-24,1397/03/03,Thursday,پنج‌شنبه
2304,"63,630","62,430","64,250","63,440",200,0.32%,2018-05-23,1397/03/02,Wednesday,چهارشنبه
2305,"63,860","63,310","63,990","63,640",230,0.36%,2018-05-22,1397/03/01,Tuesday,سه‌شنبه
2306,"63,320","62,410","64,410","63,870",540,0.85%,2018-05-21,1397/02/31,Monday,دوشنبه
2307,"62,130","62,060","64,050","63,330",1320,2.13%,2018-05-20,1397/02/30,Sunday,یکشنبه
2308,"61,250","60,650","62,250","62,010",630,1.02%,2018-05-19,1397/02/29,Saturday,شنبه
2309,"62,750","62,600","62,980","62,640",100,0.16%,2018-05-17,1397/02/27,Thursday,پنج‌شنبه
2310,"61,530","61,380","63,650","62,740",1220,1.98%,2018-05-16,1397/02/26,Wednesday,چهارشنبه
2311,"64,150","60,940","65,280","61,520",2620,4.26%,2018-05-15,1397/02/25,Tuesday,سه‌شنبه
2312,"63,310","62,050","64,290","64,140",840,1.33%,2018-05-14,1397/02/24,Monday,دوشنبه
2313,"64,540","61,130","64,560","63,300",1250,1.97%,2018-05-13,1397/02/23,Sunday,یکشنبه
2314,"65,410","63,990","66,300","64,550",2350,3.64%,2018-05-12,1397/02/22,Saturday,شنبه
2315,"66,520","66,300","66,990","66,900",370,0.56%,2018-05-10,1397/02/20,Thursday,پنج‌شنبه
2316,"65,720","64,660","68,090","66,530",820,1.25%,2018-05-09,1397/02/19,Wednesday,چهارشنبه
2317,"63,890","63,650","66,840","65,710",1810,2.83%,2018-05-08,1397/02/18,Tuesday,سه‌شنبه
2318,"59,220","59,080","64,420","63,900",4670,7.88%,2018-05-07,1397/02/17,Monday,دوشنبه
2319,"63,510","59,060","63,650","59,230",4270,7.21%,2018-05-06,1397/02/16,Sunday,یکشنبه
2320,"63,810","62,180","65,600","63,500",2340,3.83%,2018-05-05,1397/02/15,Saturday,شنبه
2321,"61,190","61,090","61,420","61,160",1520,2.55%,2018-05-03,1397/02/13,Thursday,پنج‌شنبه
2322,"59,640","59,310","59,740","59,640",10,0.02%,2018-05-01,1397/02/11,Tuesday,سه‌شنبه
2323,"57,020","57,020","60,390","59,650",2620,4.59%,2018-04-30,1397/02/10,Monday,دوشنبه
2324,"58,520","56,610","59,610","57,030",1510,2.65%,2018-04-29,1397/02/09,Sunday,یکشنبه
2325,"57,110","56,950","58,540","58,540",2306,4.1%,2018-04-28,1397/02/08,Saturday,شنبه
2326,"56,306","55,491","56,767","56,234",116,0.21%,2018-04-25,1397/02/05,Wednesday,چهارشنبه
2327,"54,180","54,150","54,230","54,230",270,0.5%,2018-04-24,1397/02/04,Tuesday,سه‌شنبه
2328,"54,830","54,450","55,240","54,500",790,1.45%,2018-04-23,1397/02/03,Monday,دوشنبه
2329,"55,880","54,880","56,010","55,290",580,1.05%,2018-04-22,1397/02/02,Sunday,یکشنبه
2330,"56,170","55,870","56,330","55,870",3941,7.59%,2018-04-21,1397/02/01,Saturday,شنبه
2331,"55,601","51,160","56,357","51,929",3149,6.46%,2018-04-19,1397/01/30,Thursday,پنج‌شنبه
2332,"54,990","47,930","55,410","48,780",4680,10.61%,2018-04-18,1397/01/29,Wednesday,چهارشنبه
2333,"52,600","43,300","52,900","44,100",8600,19.5%,2018-04-17,1397/01/28,Tuesday,سه‌شنبه
2334,"53,100","51,600","54,100","52,700",3500,7.11%,2018-04-15,1397/01/26,Sunday,یکشنبه
2335,"45,500","44,700","49,600","49,200",2600,5.58%,2018-04-14,1397/01/25,Saturday,شنبه
2336,"45,500","45,000","47,000","46,600",7020,15.06%,2018-04-11,1397/01/22,Wednesday,چهارشنبه
2337,"47,660","47,350","55,840","55,030",3170,5.76%,2018-04-10,1397/01/21,Tuesday,سه‌شنبه
2338,"58,200","58,200","58,200","58,200",450,0.77%,2018-04-09,1397/01/20,Monday,دوشنبه
2339,"56,450","56,450","60,480","58,650",2050,3.62%,2018-04-08,1397/01/19,Sunday,یکشنبه
2340,"52,450","52,080","57,050","56,600",5660,11.11%,2018-04-07,1397/01/18,Saturday,شنبه
2341,"50,940","50,940","50,940","50,940",-,-,2018-04-05,1397/01/16,Thursday,پنج‌شنبه
2342,"50,430","50,400","50,940","50,940",380,0.75%,2018-04-04,1397/01/15,Wednesday,چهارشنبه
2343,"50,550","50,050","50,560","50,560",460,0.91%,2018-04-03,1397/01/14,Tuesday,سه‌شنبه
2344,"51,020","51,020","51,020","51,020",570,1.13%,2018-03-29,1397/01/09,Thursday,پنج‌شنبه
2345,"50,570","50,410","51,400","50,450",10,0.02%,2018-03-28,1397/01/08,Wednesday,چهارشنبه
2346,"50,440","50,340","50,700","50,460",30,0.06%,2018-03-27,1397/01/07,Tuesday,سه‌شنبه
2347,"51,010","49,600","51,400","50,490",540,1.07%,2018-03-26,1397/01/06,Monday,دوشنبه
2348,"49,710","49,710","51,180","51,030",2040,4.16%,2018-03-25,1397/01/05,Sunday,یکشنبه
2349,"48,750","48,750","49,130","48,990",420,0.86%,2018-03-19,1396/12/28,Monday,دوشنبه
2350,"48,280","48,280","48,750","48,570",380,0.79%,2018-03-18,1396/12/27,Sunday,یکشنبه
2351,"48,290","48,190","48,290","48,190",460,0.95%,2018-03-17,1396/12/26,Saturday,شنبه
2352,"48,650","48,650","48,650","48,650",160,0.33%,2018-03-15,1396/12/24,Thursday,پنج‌شنبه
2353,"48,550","48,370","48,560","48,490",20,0.04%,2018-03-14,1396/12/23,Wednesday,چهارشنبه
2354,"48,210","48,060","48,510","48,510",350,0.73%,2018-03-13,1396/12/22,Tuesday,سه‌شنبه
2355,"48,270","47,820","48,420","48,160",100,0.21%,2018-03-12,1396/12/21,Monday,دوشنبه
2356,"48,080","47,230","48,500","48,260",230,0.48%,2018-03-11,1396/12/20,Sunday,یکشنبه
2357,"47,920","47,850","48,030","48,030",140,0.29%,2018-03-10,1396/12/19,Saturday,شنبه
2358,"47,890","47,890","47,890","47,890",30,0.06%,2018-03-08,1396/12/17,Thursday,پنج‌شنبه
2359,"47,890","47,850","47,900","47,860",20,0.04%,2018-03-07,1396/12/16,Wednesday,چهارشنبه
2360,"47,950","47,840","47,960","47,880",130,0.27%,2018-03-06,1396/12/15,Tuesday,سه‌شنبه
2361,"47,740","47,730","47,800","47,750",60,0.13%,2018-03-05,1396/12/14,Monday,دوشنبه
2362,"47,730","47,630","47,790","47,690",10,0.02%,2018-03-04,1396/12/13,Sunday,یکشنبه
2363,"47,110","47,080","47,700","47,700",3010,6.74%,2018-03-03,1396/12/12,Saturday,شنبه
2364,"44,690","44,690","44,690","44,690",10,0.02%,2018-03-01,1396/12/10,Thursday,پنج‌شنبه
2365,"44,700","44,690","44,700","44,700",10,0.02%,2018-02-28,1396/12/09,Wednesday,چهارشنبه
2366,"44,710","44,710","44,710","44,710",10,0.02%,2018-02-27,1396/12/08,Tuesday,سه‌شنبه
2367,"44,760","44,720","44,760","44,720",60,0.13%,2018-02-26,1396/12/07,Monday,دوشنبه
2368,"44,780","44,760","44,780","44,780",20,0.04%,2018-02-25,1396/12/06,Sunday,یکشنبه
2369,"44,790","44,750","44,800","44,760",151,0.34%,2018-02-24,1396/12/05,Saturday,شنبه
2370,"45,092","44,376","45,741","44,911",19,0.04%,2018-02-21,1396/12/02,Wednesday,چهارشنبه
2371,"45,920","45,750","46,090","45,750",-,-,2018-02-19,1396/11/30,Monday,دوشنبه
2372,"46,060","45,670","46,060","45,750",340,0.74%,2018-02-18,1396/11/29,Sunday,یکشنبه
2373,"46,970","46,090","46,970","46,090",1090,2.36%,2018-02-17,1396/11/28,Saturday,شنبه
2374,"47,452","46,491","48,239","47,180",200,0.42%,2018-02-14,1396/11/25,Wednesday,چهارشنبه
2375,"48,750","48,160","48,750","48,170",600,1.25%,2018-02-13,1396/11/24,Tuesday,سه‌شنبه
2376,"48,720","48,450","49,120","48,770",1500,3.17%,2018-02-12,1396/11/23,Monday,دوشنبه
2377,"47,260","47,250","47,350","47,270",370,0.79%,2018-02-10,1396/11/21,Saturday,شنبه
2378,"46,150","45,520","47,870","46,900",200,0.43%,2018-02-07,1396/11/18,Wednesday,چهارشنبه
2379,"46,930","45,410","47,800","45,450",1450,3.19%,2018-02-06,1396/11/17,Tuesday,سه‌شنبه
2380,"46,660","46,110","47,020","46,900",140,0.3%,2018-02-05,1396/11/16,Monday,دوشنبه
2381,"47,490","46,730","47,590","46,760",680,1.45%,2018-02-04,1396/11/15,Sunday,یکشنبه
2382,"47,090","46,890","47,790","47,440",672,1.44%,2018-02-03,1396/11/14,Saturday,شنبه
2383,"46,510","45,621","47,460","46,768",298,0.64%,2018-01-31,1396/11/11,Wednesday,چهارشنبه
2384,"45,880","45,620","46,450","46,450",780,1.71%,2018-01-30,1396/11/10,Tuesday,سه‌شنبه
2385,"45,450","45,420","45,830","45,670",170,0.37%,2018-01-29,1396/11/09,Monday,دوشنبه
2386,"45,700","45,490","46,080","45,500",180,0.4%,2018-01-28,1396/11/08,Sunday,یکشنبه
2387,"45,230","45,230","45,690","45,680",350,0.77%,2018-01-27,1396/11/07,Saturday,شنبه
2388,"45,495","45,330","45,660","45,330",-,-,2018-01-25,1396/11/05,Thursday,پنج‌شنبه
2389,"45,630","45,330","45,650","45,330",330,0.73%,2018-01-24,1396/11/04,Wednesday,چهارشنبه
2390,"45,610","45,530","46,010","45,660",140,0.31%,2018-01-23,1396/11/03,Tuesday,سه‌شنبه
2391,"45,780","45,550","46,460","45,800",10,0.02%,2018-01-22,1396/11/02,Monday,دوشنبه
2392,"46,230","45,600","46,980","45,790",180,0.39%,2018-01-21,1396/11/01,Sunday,یکشنبه
2393,"45,530","45,420","46,420","45,970",1353,3.03%,2018-01-20,1396/10/30,Saturday,شنبه
2394,"44,605","43,681","45,156","44,617",37,0.08%,2018-01-17,1396/10/27,Wednesday,چهارشنبه
2395,"44,370","44,100","44,590","44,480",190,0.43%,2018-01-16,1396/10/26,Tuesday,سه‌شنبه
2396,"44,280","44,200","44,480","44,290",80,0.18%,2018-01-15,1396/10/25,Monday,دوشنبه
2397,"44,170","43,920","44,230","44,210",50,0.11%,2018-01-14,1396/10/24,Sunday,یکشنبه
2398,"44,110","44,090","44,520","44,260",144,0.33%,2018-01-13,1396/10/23,Saturday,شنبه
2399,"43,842","43,447","44,645","44,116",34,0.08%,2018-01-10,1396/10/20,Wednesday,چهارشنبه
2400,"43,690","43,690","44,020","44,010",350,0.8%,2018-01-09,1396/10/19,Tuesday,سه‌شنبه
2401,"43,650","43,490","43,970","43,660",290,0.66%,2018-01-08,1396/10/18,Monday,دوشنبه
2402,"43,680","43,680","44,150","43,950",420,0.96%,2018-01-07,1396/10/17,Sunday,یکشنبه
2403,"43,340","43,340","43,580","43,530",247,0.57%,2018-01-06,1396/10/16,Saturday,شنبه
2404,"43,344","42,503","44,015","43,283",43,0.1%,2018-01-03,1396/10/13,Wednesday,چهارشنبه
2405,"43,380","43,000","43,910","43,740",350,0.81%,2018-01-02,1396/10/12,Tuesday,سه‌شنبه
2406,"42,960","42,850","43,460","43,390",510,1.19%,2018-01-01,1396/10/11,Monday,دوشنبه
2407,"42,990","42,880","43,230","42,880",-,-,2017-12-31,1396/10/10,Sunday,یکشنبه
2408,"42,420","42,420","42,920","42,880",581,1.37%,2017-12-30,1396/10/09,Saturday,شنبه
2409,"41,937","41,186","42,815","42,299",269,0.64%,2017-12-27,1396/10/06,Wednesday,چهارشنبه
2410,"41,800","41,800","42,100","41,890",-,-,2017-12-26,1396/10/05,Tuesday,سه‌شنبه
2411,"41,800","41,750","41,890","41,890",100,0.24%,2017-12-25,1396/10/04,Monday,دوشنبه
2412,"41,900","41,790","41,950","41,790",150,0.36%,2017-12-24,1396/10/03,Sunday,یکشنبه
2413,"41,950","41,860","41,980","41,940",11,0.03%,2017-12-23,1396/10/02,Saturday,شنبه
2414,"41,972","41,702","42,706","41,929",11,0.03%,2017-12-20,1396/09/29,Wednesday,چهارشنبه
2415,"41,900","41,860","41,970","41,860",110,0.26%,2017-12-19,1396/09/28,Tuesday,سه‌شنبه
2416,"41,800","41,800","41,970","41,970",160,0.38%,2017-12-18,1396/09/27,Monday,دوشنبه
2417,"41,850","41,780","41,870","41,810",20,0.05%,2017-12-17,1396/09/26,Sunday,یکشنبه
2418,"41,830","41,810","42,000","41,830",273,0.65%,2017-12-16,1396/09/25,Saturday,شنبه
2419,"42,090","41,471","42,957","42,103",7,0.02%,2017-12-13,1396/09/22,Wednesday,چهارشنبه
2420,"42,080","42,080","42,230","42,190",10,0.02%,2017-12-12,1396/09/21,Tuesday,سه‌شنبه
2421,"42,130","42,040","42,220","42,200",90,0.21%,2017-12-11,1396/09/20,Monday,دوشنبه
2422,"42,140","42,070","42,170","42,110",40,0.1%,2017-12-10,1396/09/19,Sunday,یکشنبه
2423,"42,070","42,060","42,200","42,070",48,0.11%,2017-12-09,1396/09/18,Saturday,شنبه
2424,"41,911","41,177","42,429","42,022",43,0.1%,2017-12-06,1396/09/15,Wednesday,چهارشنبه
2425,"41,974","41,277","42,789","41,979",41,0.1%,2017-12-04,1396/09/13,Monday,دوشنبه
2426,"41,660","41,660","41,920","41,860",220,0.53%,2017-12-03,1396/09/12,Sunday,یکشنبه
2427,"41,500","41,480","41,680","41,640",96,0.23%,2017-12-02,1396/09/11,Saturday,شنبه
2428,"41,417","40,911","42,071","41,544",154,0.37%,2017-11-29,1396/09/08,Wednesday,چهارشنبه
2429,"41,340","41,250","41,480","41,360",180,0.44%,2017-11-28,1396/09/07,Tuesday,سه‌شنبه
2430,"41,150","41,150","41,180","41,180",-,-,2017-11-26,1396/09/05,Sunday,یکشنبه
2431,"41,220","41,110","41,220","41,180",75,0.18%,2017-11-25,1396/09/04,Saturday,شنبه
2432,"41,230","40,702","41,828","41,255",15,0.04%,2017-11-22,1396/09/01,Wednesday,چهارشنبه
2433,"41,020","41,010","41,250","41,210",280,0.68%,2017-11-21,1396/08/30,Tuesday,سه‌شنبه
2434,"40,920","40,910","40,990","40,930",18,0.04%,2017-11-20,1396/08/29,Monday,دوشنبه
2435,"40,998","40,391","41,342","40,948",48,0.12%,2017-11-17,1396/08/26,Friday,جمعه
2436,"40,900","40,200","41,400","40,900",100,0.24%,2017-11-15,1396/08/24,Wednesday,چهارشنبه
2437,"41,100","40,970","41,100","41,010",210,0.51%,2017-11-14,1396/08/23,Tuesday,سه‌شنبه
2438,"41,340","41,120","41,380","41,220",140,0.34%,2017-11-13,1396/08/22,Monday,دوشنبه
2439,"40,970","40,970","41,360","41,360",370,0.9%,2017-11-12,1396/08/21,Sunday,یکشنبه
2440,"40,850","40,850","40,990","40,990",244,0.6%,2017-11-11,1396/08/20,Saturday,شنبه
2441,"40,747","40,362","41,447","40,746",6,0.01%,2017-11-07,1396/08/16,Tuesday,سه‌شنبه
2442,"40,730","40,690","40,770","40,700",20,0.05%,2017-11-06,1396/08/15,Monday,دوشنبه
2443,"40,700","40,690","40,740","40,720",60,0.15%,2017-11-05,1396/08/14,Sunday,یکشنبه
2444,"40,520","40,510","40,700","40,660",120,0.3%,2017-11-04,1396/08/13,Saturday,شنبه
2445,"40,564","40,244","40,998","40,540",-,-,2017-11-01,1396/08/10,Wednesday,چهارشنبه
2446,"40,550","40,520","40,620","40,580",60,0.15%,2017-10-31,1396/08/09,Tuesday,سه‌شنبه
2447,"40,530","40,520","40,570","40,520",30,0.07%,2017-10-30,1396/08/08,Monday,دوشنبه
2448,"40,710","40,540","40,720","40,550",140,0.35%,2017-10-29,1396/08/07,Sunday,یکشنبه
2449,"40,670","40,620","40,760","40,690",152,0.37%,2017-10-28,1396/08/06,Saturday,شنبه
2450,"40,398","39,783","41,239","40,538",218,0.54%,2017-10-25,1396/08/03,Wednesday,چهارشنبه
2451,"40,330","40,220","40,330","40,280",20,0.05%,2017-10-24,1396/08/02,Tuesday,سه‌شنبه
2452,"40,200","40,190","40,350","40,300",120,0.3%,2017-10-23,1396/08/01,Monday,دوشنبه
2453,"40,120","40,110","40,180","40,180",70,0.17%,2017-10-22,1396/07/30,Sunday,یکشنبه
2454,"40,140","40,110","40,160","40,110",48,0.12%,2017-10-21,1396/07/29,Saturday,شنبه
2455,"40,215","39,543","40,786","40,158",12,0.03%,2017-10-18,1396/07/26,Wednesday,چهارشنبه
2456,"40,170","40,170","40,340","40,210",20,0.05%,2017-10-17,1396/07/25,Tuesday,سه‌شنبه
2457,"40,070","40,070","40,190","40,190",110,0.27%,2017-10-16,1396/07/24,Monday,دوشنبه
2458,"40,060","40,010","40,150","40,080",10,0.02%,2017-10-15,1396/07/23,Sunday,یکشنبه
2459,"39,950","39,930","40,080","40,070",97,0.24%,2017-10-14,1396/07/22,Saturday,شنبه
2460,"40,190","39,501","40,989","39,973",197,0.49%,2017-10-11,1396/07/19,Wednesday,چهارشنبه
2461,"40,220","40,040","40,230","40,160",80,0.2%,2017-10-10,1396/07/18,Tuesday,سه‌شنبه
2462,"40,480","39,830","40,490","40,240",170,0.42%,2017-10-09,1396/07/17,Monday,دوشنبه
2463,"39,760","39,740","40,410","40,410",630,1.58%,2017-10-08,1396/07/16,Sunday,یکشنبه
2464,"39,660","39,600","39,980","39,780",200,0.51%,2017-10-07,1396/07/15,Saturday,شنبه
2465,"39,425","39,082","40,106","39,580",100,0.25%,2017-10-04,1396/07/12,Wednesday,چهارشنبه
2466,"39,240","39,240","39,370","39,370",70,0.18%,2017-10-03,1396/07/11,Tuesday,سه‌شنبه
2467,"39,170","39,170","39,300","39,300",153,0.39%,2017-10-02,1396/07/10,Monday,دوشنبه
2468,"39,104","38,341","39,605","39,147",37,0.09%,2017-09-27,1396/07/05,Wednesday,چهارشنبه
2469,"39,050","39,050","39,090","39,070",10,0.03%,2017-09-26,1396/07/04,Tuesday,سه‌شنبه
2470,"39,010","39,010","39,130","39,060",60,0.15%,2017-09-25,1396/07/03,Monday,دوشنبه
2471,"38,930","38,930","39,000","39,000",80,0.21%,2017-09-24,1396/07/02,Sunday,یکشنبه
2472,"38,920","38,920","38,930","38,920",7,0.02%,2017-09-23,1396/07/01,Saturday,شنبه
2473,"38,922","38,248","39,226","38,927",7,0.02%,2017-09-20,1396/06/29,Wednesday,چهارشنبه
2474,"38,930","38,910","38,930","38,930",10,0.03%,2017-09-19,1396/06/28,Tuesday,سه‌شنبه
2475,"38,950","38,920","38,950","38,920",50,0.13%,2017-09-18,1396/06/27,Monday,دوشنبه
2476,"38,970","38,960","39,000","38,970",10,0.03%,2017-09-17,1396/06/26,Sunday,یکشنبه
2477,"39,080","38,980","39,080","38,980",80,0.21%,2017-09-16,1396/06/25,Saturday,شنبه
2478,"39,130","38,340","39,750","39,060",40,0.1%,2017-09-13,1396/06/22,Wednesday,چهارشنبه
2479,"39,160","39,090","39,250","39,200",60,0.15%,2017-09-12,1396/06/21,Tuesday,سه‌شنبه
2480,"39,010","39,000","39,170","39,140",140,0.36%,2017-09-11,1396/06/20,Monday,دوشنبه
2481,"39,010","38,980","39,010","39,000",9,0.02%,2017-09-10,1396/06/19,Sunday,یکشنبه
2482,"39,022","38,314","39,459","39,009",31,0.08%,2017-09-06,1396/06/15,Wednesday,چهارشنبه
2483,"38,830","38,830","38,960","38,940",120,0.31%,2017-09-05,1396/06/14,Tuesday,سه‌شنبه
2484,"38,780","38,760","38,820","38,820",30,0.08%,2017-09-04,1396/06/13,Monday,دوشنبه
2485,"38,910","38,790","38,930","38,790",110,0.28%,2017-09-03,1396/06/12,Sunday,یکشنبه
2486,"38,830","38,830","38,900","38,900",97,0.25%,2017-09-02,1396/06/11,Saturday,شنبه
2487,"38,747","38,204","39,536","38,803",63,0.16%,2017-08-30,1396/06/08,Wednesday,چهارشنبه
2488,"38,650","38,650","38,720","38,720",90,0.23%,2017-08-29,1396/06/07,Tuesday,سه‌شنبه
2489,"38,570","38,570","38,630","38,630",50,0.13%,2017-08-28,1396/06/06,Monday,دوشنبه
2490,"38,580","38,580","38,600","38,580",10,0.03%,2017-08-27,1396/06/05,Sunday,یکشنبه
2491,"38,530","38,530","38,650","38,590",105,0.27%,2017-08-26,1396/06/04,Saturday,شنبه
2492,"38,383","37,626","38,804","38,485",105,0.27%,2017-08-23,1396/06/01,Wednesday,چهارشنبه
2493,"38,310","38,310","38,330","38,330",30,0.08%,2017-08-22,1396/05/31,Tuesday,سه‌شنبه
2494,"38,310","38,300","38,310","38,300",-,-,2017-08-21,1396/05/30,Monday,دوشنبه
2495,"38,270","38,270","38,320","38,300",20,0.05%,2017-08-20,1396/05/29,Sunday,یکشنبه
2496,"38,250","38,250","38,280","38,280",50,0.13%,2017-08-19,1396/05/28,Saturday,شنبه
2497,"38,190","37,620","38,460","38,230",30,0.08%,2017-08-16,1396/05/25,Wednesday,چهارشنبه
2498,"38,190","38,180","38,200","38,200",30,0.08%,2017-08-15,1396/05/24,Tuesday,سه‌شنبه
2499,"38,140","38,140","38,170","38,170",40,0.1%,2017-08-14,1396/05/23,Monday,دوشنبه
2500,"38,130","38,130","38,130","38,130",10,0.03%,2017-08-13,1396/05/22,Sunday,یکشنبه
2501,"38,140","38,100","38,140","38,120",14,0.04%,2017-08-12,1396/05/21,Saturday,شنبه
2502,"38,144","37,786","38,605","38,134",16,0.04%,2017-08-09,1396/05/18,Wednesday,چهارشنبه
2503,"38,120","38,110","38,130","38,110",-,-,2017-08-08,1396/05/17,Tuesday,سه‌شنبه
2504,"38,140","38,110","38,140","38,110",40,0.1%,2017-08-07,1396/05/16,Monday,دوشنبه
2505,"38,200","38,150","38,200","38,150",60,0.16%,2017-08-06,1396/05/15,Sunday,یکشنبه
2506,"38,250","38,200","38,250","38,210",6,0.02%,2017-08-05,1396/05/14,Saturday,شنبه
2507,"38,226","37,623","38,550","38,216",44,0.12%,2017-08-02,1396/05/11,Wednesday,چهارشنبه
2508,"38,200","38,190","38,210","38,210",20,0.05%,2017-08-01,1396/05/10,Tuesday,سه‌شنبه
2509,"38,140","38,140","38,210","38,190",60,0.16%,2017-07-31,1396/05/09,Monday,دوشنبه
2510,"38,110","38,100","38,130","38,130",10,0.03%,2017-07-30,1396/05/08,Sunday,یکشنبه
2511,"38,080","38,080","38,130","38,120",81,0.21%,2017-07-29,1396/05/07,Saturday,شنبه
2512,"38,020","37,468","38,400","38,039",29,0.08%,2017-07-26,1396/05/04,Wednesday,چهارشنبه
2513,"37,810","37,810","38,000","38,000",210,0.56%,2017-07-25,1396/05/03,Tuesday,سه‌شنبه
2514,"37,730","37,720","37,790","37,790",70,0.19%,2017-07-24,1396/05/02,Monday,دوشنبه
2515,"37,740","37,710","37,740","37,720",30,0.08%,2017-07-23,1396/05/01,Sunday,یکشنبه
2516,"37,750","37,740","37,750","37,750",70,0.19%,2017-07-22,1396/04/31,Saturday,شنبه
2517,"37,820","37,820","37,820","37,820",50,0.13%,2017-07-19,1396/04/28,Wednesday,چهارشنبه
2518,"37,770","37,770","37,770","37,770",10,0.03%,2017-07-18,1396/04/27,Tuesday,سه‌شنبه
2519,"37,780","37,780","37,790","37,780",10,0.03%,2017-07-17,1396/04/26,Monday,دوشنبه
2520,"37,810","37,770","37,810","37,790",10,0.03%,2017-07-16,1396/04/25,Sunday,یکشنبه
2521,"37,810","37,790","37,830","37,800",46,0.12%,2017-07-15,1396/04/24,Saturday,شنبه
2522,"37,866","37,176","38,161","37,846",4,0.01%,2017-07-12,1396/04/21,Wednesday,چهارشنبه
2523,"37,950","37,900","37,950","37,900",30,0.08%,2017-07-11,1396/04/20,Tuesday,سه‌شنبه
2524,"37,910","37,910","37,960","37,930",50,0.13%,2017-07-10,1396/04/19,Monday,دوشنبه
2525,"37,870","37,860","37,880","37,880",20,0.05%,2017-07-09,1396/04/18,Sunday,یکشنبه
2526,"37,880","37,860","37,890","37,860",28,0.07%,2017-07-08,1396/04/17,Saturday,شنبه
2527,"37,890","37,304","38,659","37,888",8,0.02%,2017-07-05,1396/04/14,Wednesday,چهارشنبه
2528,"37,820","37,790","37,880","37,880",80,0.21%,2017-07-04,1396/04/13,Tuesday,سه‌شنبه
2529,"37,840","37,800","37,860","37,800",10,0.03%,2017-07-03,1396/04/12,Monday,دوشنبه
2530,"37,820","37,780","37,820","37,790",50,0.13%,2017-07-02,1396/04/11,Sunday,یکشنبه
2531,"37,870","37,840","37,880","37,840",95,0.25%,2017-07-01,1396/04/10,Saturday,شنبه
2532,"37,670","37,327","37,963","37,745",65,0.17%,2017-06-28,1396/04/07,Wednesday,چهارشنبه
2533,"37,565","37,104","37,899","37,540",-,-,2017-06-24,1396/04/03,Saturday,شنبه
2534,"37,456","36,763","37,861","37,568",128,0.34%,2017-06-21,1396/03/31,Wednesday,چهارشنبه
2535,"37,420","37,370","37,420","37,420",30,0.08%,2017-06-20,1396/03/30,Tuesday,سه‌شنبه
2536,"37,510","37,450","37,520","37,450",50,0.13%,2017-06-19,1396/03/29,Monday,دوشنبه
2537,"37,480","37,440","37,610","37,500",-,-,2017-06-18,1396/03/28,Sunday,یکشنبه
2538,"37,320","37,320","37,500","37,500",186,0.5%,2017-06-17,1396/03/27,Saturday,شنبه
2539,"37,308","36,878","37,541","37,314",4,0.01%,2017-06-14,1396/03/24,Wednesday,چهارشنبه
2540,"37,280","37,270","37,310","37,300",30,0.08%,2017-06-13,1396/03/23,Tuesday,سه‌شنبه
2541,"37,310","37,270","37,310","37,270",30,0.08%,2017-06-12,1396/03/22,Monday,دوشنبه
2542,"37,340","37,290","37,350","37,300",50,0.13%,2017-06-11,1396/03/21,Sunday,یکشنبه
2543,"37,350","37,350","37,380","37,350",18,0.05%,2017-06-10,1396/03/20,Saturday,شنبه
2544,"37,392","36,915","37,721","37,368",2,0.01%,2017-06-07,1396/03/17,Wednesday,چهارشنبه
2545,"37,310","37,300","37,390","37,380",50,0.13%,2017-06-06,1396/03/16,Tuesday,سه‌شنبه
2546,"37,330","37,330","37,330","37,330",3,0.01%,2017-06-03,1396/03/13,Saturday,شنبه
2547,"37,350","37,138","37,648","37,333",7,0.02%,2017-05-31,1396/03/10,Wednesday,چهارشنبه
2548,"37,380","37,330","37,580","37,340",20,0.05%,2017-05-30,1396/03/09,Tuesday,سه‌شنبه
2549,"37,370","37,350","37,380","37,360",20,0.05%,2017-05-29,1396/03/08,Monday,دوشنبه
2550,"37,380","37,380","37,430","37,380",10,0.03%,2017-05-28,1396/03/07,Sunday,یکشنبه
2551,"37,420","37,370","37,450","37,370",60,0.16%,2017-05-27,1396/03/06,Saturday,شنبه
2552,"37,424","37,105","38,013","37,430",-,-,2017-05-24,1396/03/03,Wednesday,چهارشنبه
2553,"37,520","37,480","37,560","37,480",50,0.13%,2017-05-23,1396/03/02,Tuesday,سه‌شنبه
2554,"37,450","37,450","37,580","37,530",180,0.48%,2017-05-22,1396/03/01,Monday,دوشنبه
2555,"37,330","37,320","37,390","37,350",50,0.13%,2017-05-21,1396/02/31,Sunday,یکشنبه
2556,"37,380","37,330","37,400","37,400",126,0.34%,2017-05-20,1396/02/30,Saturday,شنبه
2557,"37,707","36,921","37,955","37,526",144,0.38%,2017-05-17,1396/02/27,Wednesday,چهارشنبه
2558,"37,590","37,550","37,720","37,710",160,0.43%,2017-05-16,1396/02/26,Tuesday,سه‌شنبه
2559,"37,550","37,540","37,580","37,550",10,0.03%,2017-05-15,1396/02/25,Monday,دوشنبه
2560,"37,580","37,540","37,580","37,540",20,0.05%,2017-05-14,1396/02/24,Sunday,یکشنبه
2561,"37,580","37,560","37,600","37,560",30,0.08%,2017-05-13,1396/02/23,Saturday,شنبه
2562,"37,584","37,031","37,984","37,590",-,-,2017-05-10,1396/02/20,Wednesday,چهارشنبه
2563,"37,570","37,560","37,590","37,570",30,0.08%,2017-05-09,1396/02/19,Tuesday,سه‌شنبه
2564,"37,560","37,540","37,570","37,540",30,0.08%,2017-05-08,1396/02/18,Monday,دوشنبه
2565,"37,580","37,570","37,600","37,570",20,0.05%,2017-05-07,1396/02/17,Sunday,یکشنبه
2566,"37,620","37,580","37,620","37,590",100,0.27%,2017-05-06,1396/02/16,Saturday,شنبه
2567,"37,700","37,260","38,140","37,690",10,0.03%,2017-05-03,1396/02/13,Wednesday,چهارشنبه
2568,"37,630","37,620","37,650","37,650",30,0.08%,2017-05-02,1396/02/12,Tuesday,سه‌شنبه
2569,"37,660","37,620","37,680","37,620",50,0.13%,2017-05-01,1396/02/11,Monday,دوشنبه
2570,"37,710","37,660","37,730","37,670",60,0.16%,2017-04-30,1396/02/10,Sunday,یکشنبه
2571,"37,740","37,730","37,820","37,730",80,0.21%,2017-04-29,1396/02/09,Saturday,شنبه
2572,"37,640","37,286","38,067","37,650",30,0.08%,2017-04-26,1396/02/06,Wednesday,چهارشنبه
2573,"37,550","37,001","37,933","37,569",39,0.1%,2017-04-23,1396/02/03,Sunday,یکشنبه
2574,"37,500","37,500","37,530","37,530",45,0.12%,2017-04-22,1396/02/02,Saturday,شنبه
2575,"37,497","36,832","37,988","37,485",5,0.01%,2017-04-19,1396/01/30,Wednesday,چهارشنبه
2576,"37,490","37,490","37,510","37,490",10,0.03%,2017-04-18,1396/01/29,Tuesday,سه‌شنبه
2577,"37,540","37,500","37,540","37,500",50,0.13%,2017-04-17,1396/01/28,Monday,دوشنبه
2578,"37,560","37,540","37,570","37,550",-,-,2017-04-16,1396/01/27,Sunday,یکشنبه
2579,"37,590","37,550","37,590","37,550",46,0.12%,2017-04-15,1396/01/26,Saturday,شنبه
2580,"37,607","37,280","38,069","37,596",6,0.02%,2017-04-12,1396/01/23,Wednesday,چهارشنبه
2581,"37,650","37,216","38,259","37,630",-,-,2017-04-09,1396/01/20,Sunday,یکشنبه
2582,"37,600","37,600","37,640","37,630",20,0.05%,2017-04-08,1396/01/19,Saturday,شنبه
2583,"37,629","37,109","38,362","37,610",-,-,2017-04-05,1396/01/16,Wednesday,چهارشنبه
2584,"37,490","37,490","37,650","37,650",120,0.32%,2017-04-04,1396/01/15,Tuesday,سه‌شنبه
2585,"37,700","37,530","37,700","37,530",80,0.21%,2017-04-03,1396/01/14,Monday,دوشنبه
2586,"37,480","37,100","37,910","37,450",50,0.13%,2017-03-29,1396/01/09,Wednesday,چهارشنبه
2587,"37,630","37,500","37,630","37,520",140,0.37%,2017-03-28,1396/01/08,Tuesday,سه‌شنبه
2588,"38,550","37,630","38,550","37,660",20,0.05%,2017-03-27,1396/01/07,Monday,دوشنبه
2589,"37,570","37,330","37,640","37,640",100,0.27%,2017-03-26,1396/01/06,Sunday,یکشنبه
2590,"37,650","37,540","37,680","37,540",60,0.16%,2017-03-25,1396/01/05,Saturday,شنبه
2591,"37,530","36,707","37,954","37,480",45,0.12%,2017-03-17,1395/12/27,Friday,جمعه
2592,"37,729","36,992","38,351","37,525",45,0.12%,2017-03-15,1395/12/25,Wednesday,چهارشنبه
2593,"37,650","37,650","37,970","37,950",320,0.85%,2017-03-14,1395/12/24,Tuesday,سه‌شنبه
2594,"37,490","37,460","37,980","37,630",130,0.35%,2017-03-13,1395/12/23,Monday,دوشنبه
2595,"37,500","37,430","37,510","37,500",10,0.03%,2017-03-12,1395/12/22,Sunday,یکشنبه
2596,"37,580","37,480","37,600","37,490",23,0.06%,2017-03-11,1395/12/21,Saturday,شنبه
2597,"37,349","37,039","37,895","37,513",23,0.06%,2017-03-08,1395/12/18,Wednesday,چهارشنبه
2598,"37,450","37,230","37,450","37,240",220,0.59%,2017-03-07,1395/12/17,Tuesday,سه‌شنبه
2599,"37,600","37,460","37,600","37,460",150,0.4%,2017-03-06,1395/12/16,Monday,دوشنبه
2600,"37,730","37,610","37,730","37,610",130,0.35%,2017-03-05,1395/12/15,Sunday,یکشنبه
2601,"37,800","37,730","37,800","37,740",90,0.24%,2017-03-04,1395/12/14,Saturday,شنبه
2602,"37,830","37,830","37,830","37,830",10,0.03%,2017-03-01,1395/12/11,Wednesday,چهارشنبه
2603,"37,800","37,800","37,850","37,840",50,0.13%,2017-02-28,1395/12/10,Tuesday,سه‌شنبه
2604,"37,780","37,720","37,790","37,790",-,-,2017-02-27,1395/12/09,Monday,دوشنبه
2605,"37,830","37,780","38,200","37,790",20,0.05%,2017-02-26,1395/12/08,Sunday,یکشنبه
2606,"37,790","37,790","37,810","37,810",20,0.05%,2017-02-25,1395/12/07,Saturday,شنبه
2607,"37,800","37,150","38,040","37,790",10,0.03%,2017-02-22,1395/12/04,Wednesday,چهارشنبه
2608,"38,680","37,780","38,680","37,800",70,0.19%,2017-02-21,1395/12/03,Tuesday,سه‌شنبه
2609,"37,910","37,860","38,430","37,870",30,0.08%,2017-02-20,1395/12/02,Monday,دوشنبه
2610,"37,920","37,890","37,920","37,900",30,0.08%,2017-02-19,1395/12/01,Sunday,یکشنبه
2611,"38,010","37,920","38,130","37,930",117,0.31%,2017-02-18,1395/11/30,Saturday,شنبه
2612,"38,128","37,343","38,471","38,047",63,0.17%,2017-02-15,1395/11/27,Wednesday,چهارشنبه
2613,"38,140","38,140","38,250","38,150",70,0.18%,2017-02-14,1395/11/26,Tuesday,سه‌شنبه
2614,"38,130","38,060","38,140","38,080",60,0.16%,2017-02-13,1395/11/25,Monday,دوشنبه
2615,"38,220","38,140","38,230","38,140",90,0.24%,2017-02-12,1395/11/24,Sunday,یکشنبه
2616,"38,270","38,230","38,380","38,230",39,0.1%,2017-02-11,1395/11/23,Saturday,شنبه
2617,"38,274","37,863","38,974","38,269",9,0.02%,2017-02-08,1395/11/20,Wednesday,چهارشنبه
2618,"38,370","38,260","38,370","38,260",100,0.26%,2017-02-07,1395/11/19,Tuesday,سه‌شنبه
2619,"38,480","38,300","38,480","38,360",110,0.29%,2017-02-06,1395/11/18,Monday,دوشنبه
2620,"38,540","38,470","38,560","38,470",50,0.13%,2017-02-05,1395/11/17,Sunday,یکشنبه
2621,"38,440","38,440","38,700","38,520",96,0.25%,2017-02-04,1395/11/16,Saturday,شنبه
2622,"38,251","37,726","39,011","38,424",184,0.48%,2017-02-01,1395/11/13,Wednesday,چهارشنبه
2623,"38,260","38,200","38,310","38,260",50,0.13%,2017-01-31,1395/11/12,Tuesday,سه‌شنبه
2624,"38,220","38,130","38,250","38,210",20,0.05%,2017-01-30,1395/11/11,Monday,دوشنبه
2625,"38,530","38,210","38,530","38,230",280,0.73%,2017-01-29,1395/11/10,Sunday,یکشنبه
2626,"38,600","38,430","38,630","38,510",74,0.19%,2017-01-28,1395/11/09,Saturday,شنبه
2627,"38,653","37,924","39,383","38,584",4,0.01%,2017-01-25,1395/11/06,Wednesday,چهارشنبه
2628,"38,560","38,490","38,640","38,600",60,0.16%,2017-01-24,1395/11/05,Tuesday,سه‌شنبه
2629,"38,450","38,450","38,850","38,540",40,0.1%,2017-01-23,1395/11/04,Monday,دوشنبه
2630,"38,290","38,280","38,590","38,500",170,0.44%,2017-01-22,1395/11/03,Sunday,یکشنبه
2631,"38,050","37,890","38,350","38,330",131,0.34%,2017-01-21,1395/11/02,Saturday,شنبه
2632,"38,376","37,675","38,817","38,199",41,0.11%,2017-01-18,1395/10/29,Wednesday,چهارشنبه
2633,"38,670","38,130","38,670","38,200",140,0.37%,2017-01-17,1395/10/28,Tuesday,سه‌شنبه
2634,"39,080","38,340","39,460","38,340",800,2.09%,2017-01-16,1395/10/27,Monday,دوشنبه
2635,"39,400","39,090","39,410","39,140",300,0.77%,2017-01-15,1395/10/26,Sunday,یکشنبه
2636,"39,470","39,160","39,470","39,440",249,0.63%,2017-01-14,1395/10/25,Saturday,شنبه
2637,"39,806","39,431","40,470","39,689",101,0.25%,2017-01-11,1395/10/22,Wednesday,چهارشنبه
2638,"39,660","39,510","39,790","39,790",6,0.02%,2017-01-10,1395/10/21,Tuesday,سه‌شنبه
2639,"39,612","39,009","40,157","39,784",134,0.34%,2017-01-08,1395/10/19,Sunday,یکشنبه
2640,"39,550","39,420","39,560","39,450",416,1.07%,2017-01-07,1395/10/18,Saturday,شنبه
2641,"39,090","38,791","39,473","39,034",4,0.01%,2017-01-04,1395/10/15,Wednesday,چهارشنبه
2642,"39,200","38,790","39,200","39,000",140,0.36%,2017-01-03,1395/10/14,Tuesday,سه‌شنبه
2643,"38,800","38,800","39,190","39,140",350,0.9%,2017-01-02,1395/10/13,Monday,دوشنبه
2644,"38,260","38,260","38,810","38,790",440,1.15%,2017-01-01,1395/10/12,Sunday,یکشنبه
2645,"39,260","38,270","39,260","38,350",1833,4.78%,2016-12-31,1395/10/11,Saturday,شنبه
2646,"40,575","39,407","41,260","40,183",107,0.27%,2016-12-28,1395/10/08,Wednesday,چهارشنبه
2647,"40,570","40,570","41,230","40,750",460,1.13%,2016-12-27,1395/10/07,Tuesday,سه‌شنبه
2648,"40,830","40,830","41,210","41,210",490,1.2%,2016-12-26,1395/10/06,Monday,دوشنبه
2649,"40,530","40,220","40,890","40,720",60,0.15%,2016-12-25,1395/10/05,Sunday,یکشنبه
2650,"40,030","39,750","40,680","40,660",788,1.98%,2016-12-24,1395/10/04,Saturday,شنبه
2651,"39,830","39,511","40,709","39,872",22,0.06%,2016-12-21,1395/10/01,Wednesday,چهارشنبه
2652,"39,370","39,370","39,780","39,780",600,1.53%,2016-12-20,1395/09/30,Tuesday,سه‌شنبه
2653,"39,220","39,160","39,320","39,180",10,0.03%,2016-12-19,1395/09/29,Monday,دوشنبه
2654,"39,300","39,110","39,300","39,170",110,0.28%,2016-12-18,1395/09/28,Sunday,یکشنبه
2655,"39,191","38,936","39,606","39,280",-,-,2016-12-14,1395/09/24,Wednesday,چهارشنبه
2656,"39,160","39,110","39,200","39,140",170,0.44%,2016-12-13,1395/09/23,Tuesday,سه‌شنبه
2657,"38,750","38,750","38,990","38,970",290,0.75%,2016-12-12,1395/09/22,Monday,دوشنبه
2658,"39,000","38,680","39,000","38,680",230,0.59%,2016-12-11,1395/09/21,Sunday,یکشنبه
2659,"39,100","38,850","39,100","38,910",80,0.21%,2016-12-10,1395/09/20,Saturday,شنبه
2660,"38,990","38,840","38,990","38,990",230,0.59%,2016-12-07,1395/09/17,Wednesday,چهارشنبه
2661,"38,990","38,720","38,990","38,760",120,0.31%,2016-12-06,1395/09/16,Tuesday,سه‌شنبه
2662,"39,150","38,680","39,150","38,880",80,0.21%,2016-12-05,1395/09/15,Monday,دوشنبه
2663,"38,390","38,390","38,990","38,960",10,0.03%,2016-12-04,1395/09/14,Sunday,یکشنبه
2664,"38,800","38,470","39,220","38,950",676,1.77%,2016-12-03,1395/09/13,Saturday,شنبه
2665,"38,356","37,799","38,555","38,274",406,1.06%,2016-11-30,1395/09/10,Wednesday,چهارشنبه
2666,"38,050","37,692","39,341","38,680",189,0.49%,2016-11-28,1395/09/08,Monday,دوشنبه
2667,"37,380","36,946","39,156","38,491",581,1.53%,2016-11-26,1395/09/06,Saturday,شنبه
2668,"37,050","36,816","37,678","37,372",192,0.52%,2016-11-23,1395/09/03,Wednesday,چهارشنبه
2669,"36,880","36,800","37,110","37,030",260,0.71%,2016-11-22,1395/09/02,Tuesday,سه‌شنبه
2670,"36,840","36,680","36,840","36,770",39,0.11%,2016-11-21,1395/09/01,Monday,دوشنبه
2671,"36,890","36,183","37,572","36,809",40,0.11%,2016-11-18,1395/08/28,Friday,جمعه
2672,"36,811","36,483","37,486","36,849",1,-,2016-11-16,1395/08/26,Wednesday,چهارشنبه
2673,"36,660","36,660","36,750","36,740",60,0.16%,2016-11-15,1395/08/25,Tuesday,سه‌شنبه
2674,"36,670","36,660","36,700","36,680",-,-,2016-11-14,1395/08/24,Monday,دوشنبه
2675,"36,650","36,500","36,690","36,680",130,0.36%,2016-11-13,1395/08/23,Sunday,یکشنبه
2676,"36,440","36,440","36,590","36,550",56,0.15%,2016-11-12,1395/08/22,Saturday,شنبه
2677,"36,586","36,300","36,875","36,494",76,0.21%,2016-11-09,1395/08/19,Wednesday,چهارشنبه
2678,"36,310","36,310","36,520","36,480",80,0.22%,2016-11-08,1395/08/18,Tuesday,سه‌شنبه
2679,"35,750","35,750","36,460","36,400",150,0.41%,2016-11-07,1395/08/17,Monday,دوشنبه
2680,"36,320","36,230","36,320","36,250",40,0.11%,2016-11-06,1395/08/16,Sunday,یکشنبه
2681,"36,180","36,180","36,290","36,290",80,0.22%,2016-11-05,1395/08/15,Saturday,شنبه
2682,"36,140","35,490","36,470","36,210",10,0.03%,2016-11-02,1395/08/12,Wednesday,چهارشنبه
2683,"36,300","36,190","36,300","36,230",40,0.11%,2016-11-01,1395/08/11,Tuesday,سه‌شنبه
2684,"36,280","36,210","36,280","36,270",80,0.22%,2016-10-31,1395/08/10,Monday,دوشنبه
2685,"36,190","36,110","36,210","36,190",80,0.22%,2016-10-30,1395/08/09,Sunday,یکشنبه
2686,"36,190","35,830","36,190","36,110",7,0.02%,2016-10-29,1395/08/08,Saturday,شنبه
2687,"35,824","35,472","36,695","36,103",77,0.21%,2016-10-26,1395/08/05,Wednesday,چهارشنبه
2688,"35,920","35,770","36,080","36,050",370,1.04%,2016-10-25,1395/08/04,Tuesday,سه‌شنبه
2689,"35,950","35,680","35,980","35,680",270,0.76%,2016-10-24,1395/08/03,Monday,دوشنبه
2690,"35,870","35,870","35,950","35,950",40,0.11%,2016-10-23,1395/08/02,Sunday,یکشنبه
2691,"35,920","35,790","35,920","35,910",39,0.11%,2016-10-22,1395/08/01,Saturday,شنبه
2692,"35,872","35,609","36,309","35,871",21,0.06%,2016-10-19,1395/07/28,Wednesday,چهارشنبه
2693,"35,900","35,820","35,900","35,850",20,0.06%,2016-10-18,1395/07/27,Tuesday,سه‌شنبه
2694,"35,950","35,800","35,950","35,830",20,0.06%,2016-10-17,1395/07/26,Monday,دوشنبه
2695,"35,950","35,440","35,950","35,850",30,0.08%,2016-10-16,1395/07/25,Sunday,یکشنبه
2696,"35,970","35,880","35,980","35,880",1,-,2016-10-15,1395/07/24,Saturday,شنبه
2697,"35,917","35,570","36,283","35,879",29,0.08%,2016-10-12,1395/07/21,Wednesday,چهارشنبه
2698,"35,937","35,229","36,321","35,850",-,-,2016-10-09,1395/07/18,Sunday,یکشنبه
2699,"35,810","35,790","35,820","35,810",41,0.11%,2016-10-08,1395/07/17,Saturday,شنبه
2700,"35,843","35,479","36,516","35,769",49,0.14%,2016-10-05,1395/07/14,Wednesday,چهارشنبه
2701,"35,890","35,670","35,890","35,870",10,0.03%,2016-10-04,1395/07/13,Tuesday,سه‌شنبه
2702,"35,880","35,830","35,880","35,860",50,0.14%,2016-10-03,1395/07/12,Monday,دوشنبه
2703,"35,850","35,800","35,850","35,810",40,0.11%,2016-10-02,1395/07/11,Sunday,یکشنبه
2704,"35,700","35,700","35,860","35,770",50,0.14%,2016-10-01,1395/07/10,Saturday,شنبه
2705,"35,800","35,200","36,070","35,820",20,0.06%,2016-09-28,1395/07/07,Wednesday,چهارشنبه
2706,"35,750","35,610","35,760","35,610",120,0.34%,2016-09-27,1395/07/06,Tuesday,سه‌شنبه
2707,"35,800","35,670","35,800","35,730",30,0.08%,2016-09-26,1395/07/05,Monday,دوشنبه
2708,"35,700","35,640","35,760","35,700",20,0.06%,2016-09-25,1395/07/04,Sunday,یکشنبه
2709,"35,720","35,650","35,740","35,680",55,0.15%,2016-09-24,1395/07/03,Saturday,شنبه
2710,"35,755","34,930","36,148","35,625",85,0.24%,2016-09-21,1395/06/31,Wednesday,چهارشنبه
2711,"35,609","35,265","36,096","35,586",66,0.19%,2016-09-18,1395/06/28,Sunday,یکشنبه
2712,"35,740","35,490","35,740","35,600",91,0.26%,2016-09-17,1395/06/27,Saturday,شنبه
2713,"35,543","34,885","36,033","35,691",29,0.08%,2016-09-14,1395/06/24,Wednesday,چهارشنبه
2714,"35,510","35,480","35,630","35,630",70,0.2%,2016-09-13,1395/06/23,Tuesday,سه‌شنبه
2715,"35,500","34,960","35,760","35,560",60,0.17%,2016-09-10,1395/06/20,Saturday,شنبه
2716,"35,579","35,343","35,927","35,528",42,0.12%,2016-09-07,1395/06/17,Wednesday,چهارشنبه
2717,"35,560","35,460","35,580","35,540",10,0.03%,2016-09-06,1395/06/16,Tuesday,سه‌شنبه
2718,"35,490","35,470","35,610","35,550",30,0.08%,2016-09-05,1395/06/15,Monday,دوشنبه
2719,"35,590","35,430","35,700","35,520",130,0.37%,2016-09-04,1395/06/14,Sunday,یکشنبه
2720,"35,640","35,560","35,650","35,650",65,0.18%,2016-09-03,1395/06/13,Saturday,شنبه
2721,"35,494","35,249","36,083","35,585",15,0.04%,2016-08-31,1395/06/10,Wednesday,چهارشنبه
2722,"35,480","35,480","35,640","35,550",-,-,2016-08-30,1395/06/09,Tuesday,سه‌شنبه
2723,"35,510","35,490","35,640","35,550",-,-,2016-08-29,1395/06/08,Monday,دوشنبه
2724,"35,580","35,450","35,580","35,550",50,0.14%,2016-08-28,1395/06/07,Sunday,یکشنبه
2725,"35,700","35,480","35,700","35,500",120,0.34%,2016-08-27,1395/06/06,Saturday,شنبه
2726,"35,410","34,920","36,070","35,380",80,0.23%,2016-08-24,1395/06/03,Wednesday,چهارشنبه
2727,"35,680","35,400","35,680","35,430",10,0.03%,2016-08-23,1395/06/02,Tuesday,سه‌شنبه
2728,"35,570","35,380","35,570","35,420",50,0.14%,2016-08-22,1395/06/01,Monday,دوشنبه
2729,"35,390","35,350","35,510","35,470",200,0.57%,2016-08-21,1395/05/31,Sunday,یکشنبه
2730,"35,370","35,270","35,510","35,270",68,0.19%,2016-08-20,1395/05/30,Saturday,شنبه
2731,"35,443","34,670","36,041","35,338",112,0.32%,2016-08-17,1395/05/27,Wednesday,چهارشنبه
2732,"35,320","35,280","35,510","35,420",10,0.03%,2016-08-16,1395/05/26,Tuesday,سه‌شنبه
2733,"35,210","35,210","35,490","35,430",-,-,2016-08-15,1395/05/25,Monday,دوشنبه
2734,"35,640","35,290","35,640","35,430",120,0.34%,2016-08-14,1395/05/24,Sunday,یکشنبه
2735,"35,350","35,310","35,490","35,310",30,0.09%,2016-08-13,1395/05/23,Saturday,شنبه
2736,"35,280","35,280","35,280","35,280",100,0.28%,2016-08-11,1395/05/21,Thursday,پنج‌شنبه
2737,"35,540","35,340","35,580","35,380",30,0.08%,2016-08-10,1395/05/20,Wednesday,چهارشنبه
2738,"35,430","35,310","35,490","35,350",100,0.28%,2016-08-09,1395/05/19,Tuesday,سه‌شنبه
2739,"35,380","35,280","35,450","35,450",50,0.14%,2016-08-08,1395/05/18,Monday,دوشنبه
2740,"35,390","35,350","35,420","35,400",70,0.2%,2016-08-07,1395/05/17,Sunday,یکشنبه
2741,"35,390","35,290","35,390","35,330",62,0.18%,2016-08-06,1395/05/16,Saturday,شنبه
2742,"35,340","35,038","35,916","35,268",98,0.28%,2016-08-03,1395/05/13,Wednesday,چهارشنبه
2743,"35,360","35,290","35,420","35,310",90,0.25%,2016-08-02,1395/05/12,Tuesday,سه‌شنبه
2744,"35,380","35,340","35,400","35,400",120,0.34%,2016-08-01,1395/05/11,Monday,دوشنبه
2745,"35,350","35,270","35,370","35,280",135,0.38%,2016-07-31,1395/05/10,Sunday,یکشنبه
2746,"35,407","34,918","35,914","35,415",25,0.07%,2016-07-27,1395/05/06,Wednesday,چهارشنبه
2747,"35,370","35,180","35,370","35,180",-,-,2016-07-26,1395/05/05,Tuesday,سه‌شنبه
2748,"35,250","35,170","35,250","35,180",70,0.2%,2016-07-25,1395/05/04,Monday,دوشنبه
2749,"35,150","35,080","35,220","35,110",60,0.17%,2016-07-24,1395/05/03,Sunday,یکشنبه
2750,"35,170","35,140","35,170","35,170",136,0.39%,2016-07-23,1395/05/02,Saturday,شنبه
2751,"35,095","34,382","35,340","35,034",4,0.01%,2016-07-20,1395/04/30,Wednesday,چهارشنبه
2752,"35,150","35,030","35,210","35,130",60,0.17%,2016-07-19,1395/04/29,Tuesday,سه‌شنبه
2753,"35,080","35,000","35,230","35,190",40,0.11%,2016-07-18,1395/04/28,Monday,دوشنبه
2754,"35,270","34,990","35,270","35,150",30,0.09%,2016-07-17,1395/04/27,Sunday,یکشنبه
2755,"35,150","34,940","35,150","35,120",48,0.14%,2016-07-16,1395/04/26,Saturday,شنبه
2756,"35,128","34,609","35,841","35,072",32,0.09%,2016-07-13,1395/04/23,Wednesday,چهارشنبه
2757,"35,320","34,990","35,320","35,010",110,0.31%,2016-07-12,1395/04/22,Tuesday,سه‌شنبه
2758,"35,290","35,070","35,290","35,120",110,0.31%,2016-07-11,1395/04/21,Monday,دوشنبه
2759,"35,070","34,940","35,070","35,010",40,0.11%,2016-07-10,1395/04/20,Sunday,یکشنبه
2760,"34,810","34,750","35,030","34,970",126,0.36%,2016-07-09,1395/04/19,Saturday,شنبه
2761,"34,914","34,380","35,430","34,844",26,0.07%,2016-07-04,1395/04/14,Monday,دوشنبه
2762,"34,830","34,680","34,880","34,870",80,0.23%,2016-07-03,1395/04/13,Sunday,یکشنبه
2763,"35,120","34,790","35,120","34,790",378,1.09%,2016-07-02,1395/04/12,Saturday,شنبه
2764,"35,331","34,566","35,825","35,168",122,0.35%,2016-06-29,1395/04/09,Wednesday,چهارشنبه
2765,"34,910","34,910","35,190","35,190",303,0.87%,2016-06-28,1395/04/08,Tuesday,سه‌شنبه
2766,"34,746","34,297","35,134","34,887",37,0.11%,2016-06-25,1395/04/05,Saturday,شنبه
2767,"34,553","34,307","34,964","34,618",5,0.01%,2016-06-22,1395/04/02,Wednesday,چهارشنبه
2768,"34,582","33,918","35,170","34,623",7,0.02%,2016-06-21,1395/04/01,Tuesday,سه‌شنبه
2769,"34,570","34,570","34,610","34,600",50,0.14%,2016-06-20,1395/03/31,Monday,دوشنبه
2770,"34,550","34,550","34,580","34,550",10,0.03%,2016-06-19,1395/03/30,Sunday,یکشنبه
2771,"34,560","34,540","34,570","34,540",7,0.02%,2016-06-18,1395/03/29,Saturday,شنبه
2772,"34,551","34,194","34,844","34,547",3,0.01%,2016-06-15,1395/03/26,Wednesday,چهارشنبه
2773,"34,580","34,580","34,640","34,600",10,0.03%,2016-06-14,1395/03/25,Tuesday,سه‌شنبه
2774,"34,560","34,560","34,600","34,590",60,0.17%,2016-06-13,1395/03/24,Monday,دوشنبه
2775,"34,580","34,530","34,580","34,530",70,0.2%,2016-06-12,1395/03/23,Sunday,یکشنبه
2776,"34,590","34,580","34,600","34,600",10,0.03%,2016-06-11,1395/03/22,Saturday,شنبه
2777,"34,620","33,890","35,130","34,610",10,0.03%,2016-06-08,1395/03/19,Wednesday,چهارشنبه
2778,"34,560","34,520","34,590","34,580",30,0.09%,2016-06-07,1395/03/18,Tuesday,سه‌شنبه
2779,"34,540","34,540","34,580","34,550",20,0.06%,2016-06-06,1395/03/17,Monday,دوشنبه
2780,"34,660","34,530","34,660","34,530",180,0.52%,2016-06-05,1395/03/16,Sunday,یکشنبه
2781,"34,700","34,700","34,710","34,710",-,-,2016-06-02,1395/03/13,Thursday,پنج‌شنبه
2782,"34,720","34,710","34,750","34,710",60,0.17%,2016-06-01,1395/03/12,Wednesday,چهارشنبه
2783,"34,630","34,600","34,650","34,650",-,-,2016-05-31,1395/03/11,Tuesday,سه‌شنبه
2784,"34,650","34,650","34,740","34,650",20,0.06%,2016-05-30,1395/03/10,Monday,دوشنبه
2785,"34,690","34,580","34,710","34,630",70,0.2%,2016-05-29,1395/03/09,Sunday,یکشنبه
2786,"34,830","34,690","34,830","34,700",10,0.03%,2016-05-28,1395/03/08,Saturday,شنبه
2787,"34,606","34,349","34,960","34,690",140,0.41%,2016-05-25,1395/03/05,Wednesday,چهارشنبه
2788,"34,640","34,540","34,640","34,540",10,0.03%,2016-05-24,1395/03/04,Tuesday,سه‌شنبه
2789,"34,540","34,520","34,560","34,550",107,0.31%,2016-05-23,1395/03/03,Monday,دوشنبه
2790,"34,400","34,162","35,111","34,443",57,0.17%,2016-05-20,1395/02/31,Friday,جمعه
2791,"34,404","34,073","34,665","34,386",16,0.05%,2016-05-18,1395/02/29,Wednesday,چهارشنبه
2792,"34,380","34,350","34,380","34,370",-,-,2016-05-17,1395/02/28,Tuesday,سه‌شنبه
2793,"34,410","34,370","34,410","34,370",20,0.06%,2016-05-16,1395/02/27,Monday,دوشنبه
2794,"34,450","34,390","34,460","34,390",30,0.09%,2016-05-15,1395/02/26,Sunday,یکشنبه
2795,"34,390","34,360","34,420","34,420",4,0.01%,2016-05-14,1395/02/25,Saturday,شنبه
2796,"34,448","34,095","34,950","34,416",14,0.04%,2016-05-11,1395/02/22,Wednesday,چهارشنبه
2797,"34,510","34,490","34,580","34,490",10,0.03%,2016-05-10,1395/02/21,Tuesday,سه‌شنبه
2798,"34,510","34,500","34,540","34,500",50,0.15%,2016-05-09,1395/02/20,Monday,دوشنبه
2799,"34,450","34,390","34,450","34,450",10,0.03%,2016-05-08,1395/02/19,Sunday,یکشنبه
2800,"34,450","34,420","34,510","34,460",22,0.06%,2016-05-07,1395/02/18,Saturday,شنبه
2801,"34,466","33,745","35,141","34,438",8,0.02%,2016-05-03,1395/02/14,Tuesday,سه‌شنبه
2802,"34,560","34,470","34,570","34,470",30,0.09%,2016-05-02,1395/02/13,Monday,دوشنبه
2803,"34,570","34,500","34,620","34,500",10,0.03%,2016-05-01,1395/02/12,Sunday,یکشنبه
2804,"34,540","34,480","34,540","34,510",48,0.14%,2016-04-30,1395/02/11,Saturday,شنبه
2805,"34,623","34,374","35,332","34,558",12,0.03%,2016-04-27,1395/02/08,Wednesday,چهارشنبه
2806,"34,650","34,600","34,650","34,600",-,-,2016-04-26,1395/02/07,Tuesday,سه‌شنبه
2807,"34,660","34,600","34,660","34,600",70,0.2%,2016-04-25,1395/02/06,Monday,دوشنبه
2808,"34,700","34,670","34,730","34,670",20,0.06%,2016-04-24,1395/02/05,Sunday,یکشنبه
2809,"34,650","34,650","34,710","34,690",107,0.31%,2016-04-23,1395/02/04,Saturday,شنبه
2810,"34,668","33,901","35,295","34,583",3,0.01%,2016-04-19,1395/01/31,Tuesday,سه‌شنبه
2811,"34,540","34,540","34,640","34,640",130,0.38%,2016-04-18,1395/01/30,Monday,دوشنبه
2812,"34,590","34,510","34,590","34,510",40,0.12%,2016-04-17,1395/01/29,Sunday,یکشنبه
2813,"34,700","34,550","34,700","34,550",90,0.26%,2016-04-16,1395/01/28,Saturday,شنبه
2814,"34,728","34,148","35,005","34,640",20,0.06%,2016-04-13,1395/01/25,Wednesday,چهارشنبه
2815,"34,670","34,630","34,690","34,660",30,0.09%,2016-04-12,1395/01/24,Tuesday,سه‌شنبه
2816,"34,820","34,690","34,820","34,690",10,0.03%,2016-04-11,1395/01/23,Monday,دوشنبه
2817,"34,750","34,700","34,750","34,700",20,0.06%,2016-04-10,1395/01/22,Sunday,یکشنبه
2818,"34,760","34,720","34,800","34,720",70,0.2%,2016-04-09,1395/01/21,Saturday,شنبه
2819,"34,650","34,650","34,650","34,650",-,-,2016-04-07,1395/01/19,Thursday,پنج‌شنبه
2820,"34,800","34,650","34,800","34,650",50,0.14%,2016-04-06,1395/01/18,Wednesday,چهارشنبه
2821,"34,910","34,690","34,930","34,700",60,0.17%,2016-04-05,1395/01/17,Tuesday,سه‌شنبه
2822,"34,700","34,700","34,780","34,760",260,0.75%,2016-04-04,1395/01/16,Monday,دوشنبه
2823,"34,500","34,480","34,610","34,500",10,0.03%,2016-04-03,1395/01/15,Sunday,یکشنبه
2824,"34,720","34,490","34,720","34,490",360,1.04%,2016-04-02,1395/01/14,Saturday,شنبه
2825,"34,850","34,850","34,850","34,850",30,0.09%,2016-03-30,1395/01/11,Wednesday,چهارشنبه
2826,"34,890","34,820","34,890","34,820",310,0.89%,2016-03-29,1395/01/10,Tuesday,سه‌شنبه
2827,"34,960","34,960","35,140","35,130",70,0.2%,2016-03-28,1395/01/09,Monday,دوشنبه
2828,"35,200","35,000","35,200","35,200",540,1.56%,2016-03-27,1395/01/08,Sunday,یکشنبه
2829,"34,660","34,660","34,670","34,660",60,0.17%,2016-03-26,1395/01/07,Saturday,شنبه
2830,"34,253","34,026","35,035","34,600",337,0.98%,2016-03-23,1395/01/04,Wednesday,چهارشنبه
2831,"34,288","33,937","34,654","34,263",13,0.04%,2016-03-16,1394/12/26,Wednesday,چهارشنبه
2832,"34,330","34,300","34,370","34,300",10,0.03%,2016-03-15,1394/12/25,Tuesday,سه‌شنبه
2833,"34,240","34,240","34,310","34,290",85,0.25%,2016-03-14,1394/12/24,Monday,دوشنبه
2834,"34,186","33,741","34,461","34,205",103,0.3%,2016-03-11,1394/12/21,Friday,جمعه
2835,"34,362","34,019","34,970","34,308",62,0.18%,2016-03-09,1394/12/19,Wednesday,چهارشنبه
2836,"34,120","34,090","34,270","34,240",160,0.47%,2016-03-08,1394/12/18,Tuesday,سه‌شنبه
2837,"34,250","34,050","34,250","34,080",180,0.53%,2016-03-07,1394/12/17,Monday,دوشنبه
2838,"34,300","34,230","34,330","34,260",80,0.23%,2016-03-06,1394/12/16,Sunday,یکشنبه
2839,"34,260","34,260","34,340","34,340",92,0.27%,2016-03-05,1394/12/15,Saturday,شنبه
2840,"34,469","34,046","34,751","34,432",18,0.05%,2016-03-02,1394/12/12,Wednesday,چهارشنبه
2841,"34,660","34,540","34,760","34,540",-,-,2016-03-01,1394/12/11,Tuesday,سه‌شنبه
2842,"34,560","34,540","34,620","34,540",10,0.03%,2016-02-29,1394/12/10,Monday,دوشنبه
2843,"34,580","34,550","34,700","34,550",-,-,2016-02-28,1394/12/09,Sunday,یکشنبه
2844,"34,810","34,550","34,850","34,550",252,0.73%,2016-02-27,1394/12/08,Saturday,شنبه
2845,"34,886","34,245","35,615","34,802",52,0.15%,2016-02-24,1394/12/05,Wednesday,چهارشنبه
2846,"34,660","34,660","34,740","34,680",30,0.09%,2016-02-23,1394/12/04,Tuesday,سه‌شنبه
2847,"34,550","34,550","34,720","34,650",110,0.32%,2016-02-22,1394/12/03,Monday,دوشنبه
2848,"34,540","34,540","34,800","34,540",40,0.12%,2016-02-21,1394/12/02,Sunday,یکشنبه
2849,"34,440","34,370","34,540","34,500",8,0.02%,2016-02-20,1394/12/01,Saturday,شنبه
2850,"34,762","34,212","35,193","34,492",218,0.63%,2016-02-17,1394/11/28,Wednesday,چهارشنبه
2851,"34,560","34,560","34,690","34,620",190,0.55%,2016-02-16,1394/11/27,Tuesday,سه‌شنبه
2852,"33,960","33,960","34,430","34,430",590,1.74%,2016-02-15,1394/11/26,Monday,دوشنبه
2853,"34,000","33,840","34,540","33,840",40,0.12%,2016-02-14,1394/11/25,Sunday,یکشنبه
2854,"34,590","33,800","34,620","33,800",-,-,2016-02-13,1394/11/24,Saturday,شنبه
2855,"34,550","33,320","35,060","33,800",-,-,2016-02-09,1394/11/20,Tuesday,سه‌شنبه
2856,"34,210","33,800","35,440","33,800",-,-,2016-02-08,1394/11/19,Monday,دوشنبه
2857,"35,360","33,800","35,600","33,800",-,-,2016-02-07,1394/11/18,Sunday,یکشنبه
2858,"34,270","33,800","35,640","33,800",17,0.05%,2016-02-06,1394/11/17,Saturday,شنبه
2859,"34,327","33,204","34,889","33,817",3,0.01%,2016-02-03,1394/11/14,Wednesday,چهارشنبه
2860,"34,430","33,820","36,220","33,820",10,0.03%,2016-02-02,1394/11/13,Tuesday,سه‌شنبه
2861,"35,570","33,830","36,180","33,830",-,-,2016-02-01,1394/11/12,Monday,دوشنبه
2862,"36,250","33,830","36,250","33,830",10,0.03%,2016-01-31,1394/11/11,Sunday,یکشنبه
2863,"36,050","33,840","36,050","33,840",2,0.01%,2016-01-30,1394/11/10,Saturday,شنبه
2864,"35,845","33,621","36,267","33,838",2,0.01%,2016-01-27,1394/11/07,Wednesday,چهارشنبه
2865,"36,500","33,840","36,500","33,840",10,0.03%,2016-01-26,1394/11/06,Tuesday,سه‌شنبه
2866,"36,430","33,850","36,430","33,850",-,-,2016-01-25,1394/11/05,Monday,دوشنبه
2867,"35,880","33,850","36,340","33,850",20,0.06%,2016-01-24,1394/11/04,Sunday,یکشنبه
2868,"35,890","33,870","36,470","33,870",27,0.08%,2016-01-23,1394/11/03,Saturday,شنبه
2869,"35,116","33,663","35,846","33,843",13,0.04%,2016-01-20,1394/10/30,Wednesday,چهارشنبه
2870,"35,850","33,840","35,850","33,840",10,0.03%,2016-01-19,1394/10/29,Tuesday,سه‌شنبه
2871,"35,850","33,830","35,960","33,830",10,0.03%,2016-01-18,1394/10/28,Monday,دوشنبه
2872,"36,020","33,840","36,020","33,840",-,-,2016-01-17,1394/10/27,Sunday,یکشنبه
2873,"35,850","33,840","36,090","33,840",6,0.02%,2016-01-16,1394/10/26,Saturday,شنبه
2874,"35,473","33,368","36,015","33,846",4,0.01%,2016-01-13,1394/10/23,Wednesday,چهارشنبه
2875,"34,160","33,870","36,690","33,870",10,0.03%,2016-01-12,1394/10/22,Tuesday,سه‌شنبه
2876,"34,180","33,880","36,490","33,880",10,0.03%,2016-01-11,1394/10/21,Monday,دوشنبه
2877,"34,250","33,890","36,990","33,890",60,0.18%,2016-01-10,1394/10/20,Sunday,یکشنبه
2878,"34,310","33,950","37,210","33,950",31,0.09%,2016-01-09,1394/10/19,Saturday,شنبه
2879,"34,247","33,403","34,692","33,981",41,0.12%,2016-01-06,1394/10/16,Wednesday,چهارشنبه
2880,"34,240","33,940","36,950","33,940",-,-,2016-01-05,1394/10/15,Tuesday,سه‌شنبه
2881,"34,180","33,940","36,230","33,940",50,0.15%,2016-01-04,1394/10/14,Monday,دوشنبه
2882,"34,120","33,840","36,660","33,890",50,0.15%,2016-01-03,1394/10/13,Sunday,یکشنبه
2883,"36,560","33,840","36,580","33,840",10,0.03%,2016-01-02,1394/10/12,Saturday,شنبه
2884,"35,226","33,159","35,814","33,850",20,0.06%,2015-12-30,1394/10/09,Wednesday,چهارشنبه
2885,"34,070","33,290","34,380","33,820",20,0.06%,2015-12-27,1394/10/06,Sunday,یکشنبه
2886,"34,120","33,800","36,590","33,800",54,0.16%,2015-12-26,1394/10/05,Saturday,شنبه
2887,"34,157","33,336","34,416","33,854",26,0.08%,2015-12-23,1394/10/02,Wednesday,چهارشنبه
2888,"34,120","33,870","36,530","33,870",10,0.03%,2015-12-22,1394/10/01,Tuesday,سه‌شنبه
2889,"36,290","33,860","36,400","33,860",10,0.03%,2015-12-21,1394/09/30,Monday,دوشنبه
2890,"34,040","33,850","36,190","33,850",14,0.04%,2015-12-19,1394/09/28,Saturday,شنبه
2891,"34,337","33,521","34,539","33,864",26,0.08%,2015-12-16,1394/09/25,Wednesday,چهارشنبه
2892,"34,320","33,970","36,230","33,970",30,0.09%,2015-12-15,1394/09/24,Tuesday,سه‌شنبه
2893,"34,300","33,940","36,100","33,940",-,-,2015-12-14,1394/09/23,Monday,دوشنبه
2894,"36,240","33,940","36,290","33,940",1662,4.9%,2015-12-13,1394/09/22,Sunday,یکشنبه
2895,"35,431","35,051","35,815","35,602",1652,4.87%,2015-12-08,1394/09/17,Tuesday,سه‌شنبه
2896,"36,200","33,960","36,200","33,960",-,-,2015-12-07,1394/09/16,Monday,دوشنبه
2897,"35,780","33,960","36,390","33,960",10,0.03%,2015-12-06,1394/09/15,Sunday,یکشنبه
2898,"36,000","33,970","36,000","33,970",-,-,2015-12-05,1394/09/14,Saturday,شنبه
2899,"35,663","33,470","36,026","33,970",11,0.03%,2015-12-02,1394/09/11,Wednesday,چهارشنبه
2900,"34,233","33,607","34,787","33,981",9,0.03%,2015-11-30,1394/09/09,Monday,دوشنبه
2901,"35,080","33,990","35,830","33,990",-,-,2015-11-29,1394/09/08,Sunday,یکشنبه
2902,"36,530","33,990","36,530","33,990",60,0.18%,2015-11-28,1394/09/07,Saturday,شنبه
2903,"33,930","33,930","33,930","33,930",10,0.03%,2015-11-26,1394/09/05,Thursday,پنج‌شنبه
2904,"35,990","33,920","35,990","33,920",70,0.21%,2015-11-25,1394/09/04,Wednesday,چهارشنبه
2905,"35,870","33,990","35,930","33,990",10,0.03%,2015-11-24,1394/09/03,Tuesday,سه‌شنبه
2906,"35,420","33,980","35,810","33,980",40,0.12%,2015-11-23,1394/09/02,Monday,دوشنبه
2907,"35,750","33,940","35,750","33,940",-,-,2015-11-22,1394/09/01,Sunday,یکشنبه
2908,"34,900","33,940","35,690","33,940",10,0.03%,2015-11-21,1394/08/30,Saturday,شنبه
2909,"35,084","33,628","35,662","33,930",-,-,2015-11-18,1394/08/27,Wednesday,چهارشنبه
2910,"34,270","33,930","35,590","33,930",10,0.03%,2015-11-17,1394/08/26,Tuesday,سه‌شنبه
2911,"34,260","33,940","35,530","33,940",-,-,2015-11-16,1394/08/25,Monday,دوشنبه
2912,"35,590","33,940","35,590","33,940",-,-,2015-11-15,1394/08/24,Sunday,یکشنبه
2913,"34,330","33,940","35,700","33,940",1810,5.33%,2015-11-14,1394/08/23,Saturday,شنبه
2914,"35,750","35,750","35,750","35,750",1820,5.36%,2015-11-12,1394/08/21,Thursday,پنج‌شنبه
2915,"34,790","33,930","35,450","33,930",10,0.03%,2015-11-11,1394/08/20,Wednesday,چهارشنبه
2916,"35,070","33,940","35,350","33,940",10,0.03%,2015-11-10,1394/08/19,Tuesday,سه‌شنبه
2917,"35,190","33,950","35,500","33,950",10,0.03%,2015-11-09,1394/08/18,Monday,دوشنبه
2918,"34,200","33,960","35,350","33,960",10,0.03%,2015-11-08,1394/08/17,Sunday,یکشنبه
2919,"35,080","33,950","35,120","33,950",48,0.14%,2015-11-07,1394/08/16,Saturday,شنبه
2920,"34,950","33,396","35,425","33,902",12,0.04%,2015-11-04,1394/08/13,Wednesday,چهارشنبه
2921,"34,990","33,930","34,990","33,930",10,0.03%,2015-11-03,1394/08/12,Tuesday,سه‌شنبه
2922,"34,550","33,940","34,950","33,940",-,-,2015-11-02,1394/08/11,Monday,دوشنبه
2923,"34,150","33,940","34,980","33,940",10,0.03%,2015-11-01,1394/08/10,Sunday,یکشنبه
2924,"34,980","33,950","34,980","33,950",60,0.18%,2015-10-31,1394/08/09,Saturday,شنبه
2925,"34,089","33,205","34,603","33,890",-,-,2015-10-28,1394/08/06,Wednesday,چهارشنبه
2926,"34,340","33,900","34,900","33,900",10,0.03%,2015-10-27,1394/08/05,Tuesday,سه‌شنبه
2927,"34,040","33,890","34,790","33,890",10,0.03%,2015-10-26,1394/08/04,Monday,دوشنبه
2928,"34,410","33,880","34,550","33,880",30,0.09%,2015-10-25,1394/08/03,Sunday,یکشنبه
2929,"34,105","33,663","34,353","33,850",-,-,2015-10-21,1394/07/29,Wednesday,چهارشنبه
2930,"34,270","33,830","34,390","33,830",20,0.06%,2015-10-20,1394/07/28,Tuesday,سه‌شنبه
2931,"34,190","33,810","34,290","33,810",-,-,2015-10-19,1394/07/27,Monday,دوشنبه
2932,"34,330","33,810","34,350","33,810",60,0.18%,2015-10-18,1394/07/26,Sunday,یکشنبه
2933,"34,390","33,870","34,390","33,870",10,0.03%,2015-10-17,1394/07/25,Saturday,شنبه
2934,"34,484","33,304","34,697","33,880",-,-,2015-10-14,1394/07/22,Wednesday,چهارشنبه
2935,"33,950","33,880","34,670","33,890",10,0.03%,2015-10-13,1394/07/21,Tuesday,سه‌شنبه
2936,"34,420","33,880","34,550","33,880",10,0.03%,2015-10-12,1394/07/20,Monday,دوشنبه
2937,"34,700","33,890","34,700","33,890",10,0.03%,2015-10-11,1394/07/19,Sunday,یکشنبه
2938,"34,400","33,900","34,650","33,900",80,0.24%,2015-10-10,1394/07/18,Saturday,شنبه
2939,"34,248","33,497","34,419","33,980",-,-,2015-10-07,1394/07/15,Wednesday,چهارشنبه
2940,"34,560","33,990","34,750","33,990",-,-,2015-10-06,1394/07/14,Tuesday,سه‌شنبه
2941,"34,160","33,990","34,850","33,990",-,-,2015-10-05,1394/07/13,Monday,دوشنبه
2942,"34,230","33,990","34,500","33,990",40,0.12%,2015-10-04,1394/07/12,Sunday,یکشنبه
2943,"34,450","33,950","34,450","33,950",112,0.33%,2015-10-03,1394/07/11,Saturday,شنبه
2944,"34,320","33,820","34,817","34,062",12,0.04%,2015-09-30,1394/07/08,Wednesday,چهارشنبه
2945,"34,650","34,090","34,650","34,090",-,-,2015-09-29,1394/07/07,Tuesday,سه‌شنبه
2946,"34,170","33,950","34,250","34,090",170,0.5%,2015-09-28,1394/07/06,Monday,دوشنبه
2947,"34,010","33,920","34,200","33,920",10,0.03%,2015-09-27,1394/07/05,Sunday,یکشنبه
2948,"33,910","33,910","34,200","33,930",84,0.25%,2015-09-26,1394/07/04,Saturday,شنبه
2949,"33,934","33,422","34,375","33,846",4,0.01%,2015-09-22,1394/06/31,Tuesday,سه‌شنبه
2950,"34,020","33,880","34,080","33,880",160,0.47%,2015-09-21,1394/06/30,Monday,دوشنبه
2951,"33,820","33,720","33,820","33,720",110,0.33%,2015-09-20,1394/06/29,Sunday,یکشنبه
2952,"34,020","33,830","34,040","33,830",20,0.06%,2015-09-19,1394/06/28,Saturday,شنبه
2953,"33,987","33,261","34,371","33,850",-,-,2015-09-16,1394/06/25,Wednesday,چهارشنبه
2954,"34,510","33,930","34,510","33,930",20,0.06%,2015-09-15,1394/06/24,Tuesday,سه‌شنبه
2955,"34,340","33,950","34,920","33,950",250,0.74%,2015-09-14,1394/06/23,Monday,دوشنبه
2956,"34,130","34,130","34,750","34,200",220,0.65%,2015-09-13,1394/06/22,Sunday,یکشنبه
2957,"34,040","33,980","34,560","33,980",104,0.31%,2015-09-12,1394/06/21,Saturday,شنبه
2958,"34,364","33,361","34,752","33,876",26,0.08%,2015-09-09,1394/06/18,Wednesday,چهارشنبه
2959,"34,220","33,830","34,320","33,850",20,0.06%,2015-09-08,1394/06/17,Tuesday,سه‌شنبه
2960,"34,150","33,830","34,370","33,830",60,0.18%,2015-09-07,1394/06/16,Monday,دوشنبه
2961,"34,220","33,890","34,270","33,890",80,0.24%,2015-09-06,1394/06/15,Sunday,یکشنبه
2962,"33,920","33,920","34,270","33,970",134,0.4%,2015-09-05,1394/06/14,Saturday,شنبه
2963,"34,053","33,254","34,253","33,836",14,0.04%,2015-09-02,1394/06/11,Wednesday,چهارشنبه
2964,"34,160","33,980","34,160","33,980",20,0.06%,2015-09-01,1394/06/10,Tuesday,سه‌شنبه
2965,"34,030","33,960","34,120","34,000",230,0.68%,2015-08-31,1394/06/09,Monday,دوشنبه
2966,"34,020","33,770","34,100","33,770",100,0.3%,2015-08-30,1394/06/08,Sunday,یکشنبه
2967,"33,780","33,670","33,890","33,670",112,0.33%,2015-08-29,1394/06/07,Saturday,شنبه
2968,"33,764","33,131","33,946","33,558",8,0.02%,2015-08-26,1394/06/04,Wednesday,چهارشنبه
2969,"33,860","33,630","34,070","33,630",20,0.06%,2015-08-25,1394/06/03,Tuesday,سه‌شنبه
2970,"33,730","33,580","33,810","33,650",100,0.3%,2015-08-24,1394/06/02,Monday,دوشنبه
2971,"33,680","33,550","33,760","33,550",50,0.15%,2015-08-23,1394/06/01,Sunday,یکشنبه
2972,"33,660","33,500","33,720","33,500",18,0.05%,2015-08-22,1394/05/31,Saturday,شنبه
2973,"33,533","32,849","34,227","33,482",8,0.02%,2015-08-19,1394/05/28,Wednesday,چهارشنبه
2974,"33,590","33,460","33,620","33,460",90,0.27%,2015-08-18,1394/05/27,Tuesday,سه‌شنبه
2975,"33,450","33,450","33,710","33,550",140,0.42%,2015-08-17,1394/05/26,Monday,دوشنبه
2976,"33,480","33,410","33,580","33,410",-,-,2015-08-16,1394/05/25,Sunday,یکشنبه
2977,"33,410","33,390","33,470","33,410",18,0.05%,2015-08-15,1394/05/24,Saturday,شنبه
2978,"33,592","33,177","33,985","33,428",22,0.07%,2015-08-12,1394/05/21,Wednesday,چهارشنبه
2979,"33,429","32,887","33,907","33,375",15,0.04%,2015-08-09,1394/05/18,Sunday,یکشنبه
2980,"33,500","33,300","33,510","33,390",14,0.04%,2015-08-08,1394/05/17,Saturday,شنبه
2981,"33,346","32,649","33,960","33,376",126,0.38%,2015-08-05,1394/05/14,Wednesday,چهارشنبه
2982,"33,250","33,250","33,320","33,270",30,0.09%,2015-08-04,1394/05/13,Tuesday,سه‌شنبه
2983,"33,250","33,220","33,330","33,240",80,0.24%,2015-08-03,1394/05/12,Monday,دوشنبه
2984,"33,200","33,130","33,220","33,160",10,0.03%,2015-08-02,1394/05/11,Sunday,یکشنبه
2985,"33,220","33,120","33,270","33,150",50,0.15%,2015-08-01,1394/05/10,Saturday,شنبه
2986,"33,000","32,300","33,200","33,100",100,0.3%,2015-07-29,1394/05/07,Wednesday,چهارشنبه
2987,"33,080","32,990","33,100","33,030",50,0.15%,2015-07-28,1394/05/06,Tuesday,سه‌شنبه
2988,"33,030","32,980","33,090","32,980",80,0.24%,2015-07-27,1394/05/05,Monday,دوشنبه
2989,"32,990","32,860","33,000","32,900",50,0.15%,2015-07-26,1394/05/04,Sunday,یکشنبه
2990,"33,030","32,570","33,180","32,950",465,1.43%,2015-07-25,1394/05/03,Saturday,شنبه
2991,"32,703","31,994","33,144","32,485",105,0.32%,2015-07-22,1394/04/31,Wednesday,چهارشنبه
2992,"32,530","32,380","32,620","32,390",40,0.12%,2015-07-21,1394/04/30,Tuesday,سه‌شنبه
2993,"32,250","32,200","32,420","32,350",50,0.15%,2015-07-20,1394/04/29,Monday,دوشنبه
2994,"32,380","31,670","32,920","32,300",-,-,2015-07-15,1394/04/24,Wednesday,چهارشنبه
2995,"32,350","32,180","32,620","32,180",20,0.06%,2015-07-14,1394/04/23,Tuesday,سه‌شنبه
2996,"32,050","31,780","32,170","32,160",20,0.06%,2015-07-13,1394/04/22,Monday,دوشنبه
2997,"32,270","32,120","32,270","32,140",360,1.12%,2015-07-12,1394/04/21,Sunday,یکشنبه
2998,"32,580","32,450","32,590","32,500",120,0.37%,2015-07-11,1394/04/20,Saturday,شنبه
2999,"32,473","31,793","33,138","32,380",69,0.21%,2015-07-08,1394/04/17,Wednesday,چهارشنبه
3000,"32,542","31,903","32,958","32,449",31,0.1%,2015-07-06,1394/04/15,Monday,دوشنبه
3001,"32,970","32,700","32,970","32,720",230,0.7%,2015-07-05,1394/04/14,Sunday,یکشنبه
3002,"33,130","32,900","33,130","32,950",25,0.08%,2015-07-04,1394/04/13,Saturday,شنبه
3003,"33,031","32,707","33,549","32,975",25,0.08%,2015-07-01,1394/04/10,Wednesday,چهارشنبه
3004,"33,230","33,090","33,330","33,090",100,0.3%,2015-06-30,1394/04/09,Tuesday,سه‌شنبه
3005,"32,980","32,870","33,110","32,990",10,0.03%,2015-06-29,1394/04/08,Monday,دوشنبه
3006,"33,170","33,000","33,330","33,000",-,-,2015-06-28,1394/04/07,Sunday,یکشنبه
3007,"33,080","33,000","33,380","33,000",36,0.11%,2015-06-27,1394/04/06,Saturday,شنبه
3008,"32,860","32,268","33,382","32,964",214,0.65%,2015-06-24,1394/04/03,Wednesday,چهارشنبه
3009,"32,680","32,660","32,850","32,750",90,0.28%,2015-06-23,1394/04/02,Tuesday,سه‌شنبه
3010,"32,630","32,580","32,660","32,660",40,0.12%,2015-06-22,1394/04/01,Monday,دوشنبه
3011,"32,650","32,600","32,670","32,620",100,0.31%,2015-06-21,1394/03/31,Sunday,یکشنبه
3012,"32,730","32,680","32,770","32,720",56,0.17%,2015-06-20,1394/03/30,Saturday,شنبه
3013,"32,823","32,405","33,236","32,776",4,0.01%,2015-06-17,1394/03/27,Wednesday,چهارشنبه
3014,"32,860","32,820","32,920","32,850",-,-,2015-06-16,1394/03/26,Tuesday,سه‌شنبه
3015,"32,750","32,690","32,850","32,850",30,0.09%,2015-06-15,1394/03/25,Monday,دوشنبه
3016,"32,910","32,820","32,910","32,820",100,0.3%,2015-06-14,1394/03/24,Sunday,یکشنبه
3017,"33,020","32,920","33,020","32,920",130,0.39%,2015-06-13,1394/03/23,Saturday,شنبه
3018,"33,100","32,438","33,699","33,050",-,-,2015-06-10,1394/03/20,Wednesday,چهارشنبه
3019,"33,120","33,080","33,170","33,080",-,-,2015-06-09,1394/03/19,Tuesday,سه‌شنبه
3020,"33,110","33,080","33,160","33,080",20,0.06%,2015-06-08,1394/03/18,Monday,دوشنبه
3021,"33,140","33,100","33,160","33,100",20,0.06%,2015-06-07,1394/03/17,Sunday,یکشنبه
3022,"33,130","33,070","33,130","33,080",47,0.14%,2015-06-06,1394/03/16,Saturday,شنبه
3023,"33,171","32,606","33,370","33,127",3,0.01%,2015-06-01,1394/03/11,Monday,دوشنبه
3024,"33,200","33,100","33,210","33,130",60,0.18%,2015-05-31,1394/03/10,Sunday,یکشنبه
3025,"33,200","33,160","33,320","33,190",174,0.53%,2015-05-30,1394/03/09,Saturday,شنبه
3026,"33,100","32,834","33,278","33,016",36,0.11%,2015-05-27,1394/03/06,Wednesday,چهارشنبه
3027,"33,070","33,000","33,150","33,000",-,-,2015-05-26,1394/03/05,Tuesday,سه‌شنبه
3028,"33,110","33,000","33,150","33,000",70,0.21%,2015-05-25,1394/03/04,Monday,دوشنبه
3029,"33,070","32,930","33,130","32,930",20,0.06%,2015-05-24,1394/03/03,Sunday,یکشنبه
3030,"33,000","32,950","33,050","32,950",63,0.19%,2015-05-23,1394/03/02,Saturday,شنبه
3031,"32,951","32,439","33,264","32,887",37,0.11%,2015-05-20,1394/02/30,Wednesday,چهارشنبه
3032,"32,990","32,770","33,020","32,830",150,0.46%,2015-05-19,1394/02/29,Tuesday,سه‌شنبه
3033,"33,060","32,980","33,080","32,980",90,0.27%,2015-05-18,1394/02/28,Monday,دوشنبه
3034,"33,040","33,040","33,080","33,070",120,0.36%,2015-05-17,1394/02/27,Sunday,یکشنبه
3035,"33,190","33,190","33,190","33,190",10,0.03%,2015-05-14,1394/02/24,Thursday,پنج‌شنبه
3036,"33,180","33,170","33,200","33,200",10,0.03%,2015-05-13,1394/02/23,Wednesday,چهارشنبه
3037,"33,180","33,150","33,270","33,190",30,0.09%,2015-05-12,1394/02/22,Tuesday,سه‌شنبه
3038,"33,120","33,070","33,170","33,160",-,-,2015-05-11,1394/02/21,Monday,دوشنبه
3039,"33,170","33,110","33,190","33,160",20,0.06%,2015-05-10,1394/02/20,Sunday,یکشنبه
3040,"33,220","33,140","33,220","33,180",120,0.36%,2015-05-09,1394/02/19,Saturday,شنبه
3041,"33,300","33,300","33,300","33,300",10,0.03%,2015-05-07,1394/02/17,Thursday,پنج‌شنبه
3042,"33,310","33,280","33,320","33,290",10,0.03%,2015-05-06,1394/02/16,Wednesday,چهارشنبه
3043,"33,250","33,190","33,320","33,300",30,0.09%,2015-05-05,1394/02/15,Tuesday,سه‌شنبه
3044,"33,230","33,170","33,270","33,270",20,0.06%,2015-05-04,1394/02/14,Monday,دوشنبه
3045,"33,400","33,250","33,400","33,250",140,0.42%,2015-05-03,1394/02/13,Sunday,یکشنبه
3046,"33,400","33,390","33,400","33,390",-,-,2015-04-30,1394/02/10,Thursday,پنج‌شنبه
3047,"33,370","33,330","33,400","33,390",30,0.09%,2015-04-29,1394/02/09,Wednesday,چهارشنبه
3048,"33,390","33,340","33,410","33,360",20,0.06%,2015-04-28,1394/02/08,Tuesday,سه‌شنبه
3049,"33,360","33,310","33,390","33,380",30,0.09%,2015-04-27,1394/02/07,Monday,دوشنبه
3050,"33,340","33,340","33,430","33,350",50,0.15%,2015-04-26,1394/02/06,Sunday,یکشنبه
3051,"33,200","33,190","33,350","33,300",30,0.09%,2015-04-25,1394/02/05,Saturday,شنبه
3052,"33,340","33,330","33,340","33,330",-,-,2015-04-23,1394/02/03,Thursday,پنج‌شنبه
3053,"33,370","33,310","33,390","33,330",30,0.09%,2015-04-22,1394/02/02,Wednesday,چهارشنبه
3054,"33,380","33,310","33,390","33,360",30,0.09%,2015-04-21,1394/02/01,Tuesday,سه‌شنبه
3055,"33,400","33,370","33,450","33,390",-,-,2015-04-20,1394/01/31,Monday,دوشنبه
3056,"33,450","33,350","33,450","33,390",-,-,2015-04-19,1394/01/30,Sunday,یکشنبه
3057,"33,340","33,310","33,440","33,390",30,0.09%,2015-04-18,1394/01/29,Saturday,شنبه
3058,"33,490","33,420","33,490","33,420",60,0.18%,2015-04-16,1394/01/27,Thursday,پنج‌شنبه
3059,"33,590","33,450","33,620","33,480",100,0.3%,2015-04-15,1394/01/26,Wednesday,چهارشنبه
3060,"33,440","33,440","33,710","33,580",130,0.39%,2015-04-14,1394/01/25,Tuesday,سه‌شنبه
3061,"33,480","33,270","33,530","33,450",70,0.21%,2015-04-13,1394/01/24,Monday,دوشنبه
3062,"33,420","33,340","33,580","33,380",10,0.03%,2015-04-12,1394/01/23,Sunday,یکشنبه
3063,"33,570","33,390","33,850","33,390",10,0.03%,2015-04-11,1394/01/22,Saturday,شنبه
3064,"32,910","32,270","33,580","33,400",500,1.52%,2015-04-08,1394/01/19,Wednesday,چهارشنبه
3065,"33,170","32,930","33,330","32,930",210,0.64%,2015-04-07,1394/01/18,Tuesday,سه‌شنبه
3066,"32,840","32,840","33,170","33,140",280,0.85%,2015-04-06,1394/01/17,Monday,دوشنبه
3067,"32,820","32,600","32,890","32,860",20,0.06%,2015-04-05,1394/01/16,Sunday,یکشنبه
3068,"32,760","32,670","32,990","32,840",460,1.4%,2015-04-04,1394/01/15,Saturday,شنبه
3069,"32,890","32,890","33,300","33,300",230,0.7%,2015-03-31,1394/01/11,Tuesday,سه‌شنبه
3070,"33,190","32,880","33,390","33,070",170,0.51%,2015-03-30,1394/01/10,Monday,دوشنبه
3071,"33,110","32,990","33,340","33,240",140,0.42%,2015-03-29,1394/01/09,Sunday,یکشنبه
3072,"32,970","32,610","33,180","33,100",125,0.38%,2015-03-28,1394/01/08,Saturday,شنبه
3073,"33,925","32,886","34,165","33,225",705,2.12%,2015-03-25,1394/01/05,Wednesday,چهارشنبه
3074,"33,577","33,131","33,916","33,436",56,0.17%,2015-03-18,1393/12/27,Wednesday,چهارشنبه
3075,"33,530","33,350","33,760","33,490",40,0.12%,2015-03-17,1393/12/26,Tuesday,سه‌شنبه
3076,"32,870","32,870","33,860","33,530",720,2.19%,2015-03-16,1393/12/25,Monday,دوشنبه
3077,"32,440","32,400","33,150","32,810",400,1.23%,2015-03-15,1393/12/24,Sunday,یکشنبه
3078,"32,180","31,600","32,670","32,410",580,1.79%,2015-03-14,1393/12/23,Saturday,شنبه
3079,"33,170","32,950","33,170","32,990",250,0.76%,2015-03-12,1393/12/21,Thursday,پنج‌شنبه
3080,"33,410","32,960","33,410","33,240",120,0.36%,2015-03-11,1393/12/20,Wednesday,چهارشنبه
3081,"33,800","33,330","33,800","33,360",480,1.44%,2015-03-10,1393/12/19,Tuesday,سه‌شنبه
3082,"33,980","33,820","33,980","33,840",120,0.35%,2015-03-09,1393/12/18,Monday,دوشنبه
3083,"34,050","33,960","34,060","33,960",100,0.29%,2015-03-08,1393/12/17,Sunday,یکشنبه
3084,"34,020","33,930","34,060","34,060",28,0.08%,2015-03-07,1393/12/16,Saturday,شنبه
3085,"34,153","33,378","34,549","34,032",98,0.29%,2015-03-04,1393/12/13,Wednesday,چهارشنبه
3086,"34,180","34,110","34,200","34,200",30,0.09%,2015-03-03,1393/12/12,Tuesday,سه‌شنبه
3087,"34,260","34,070","34,260","34,170",80,0.23%,2015-03-02,1393/12/11,Monday,دوشنبه
3088,"34,250","34,240","34,290","34,250",10,0.03%,2015-03-01,1393/12/10,Sunday,یکشنبه
3089,"34,260","34,190","34,280","34,260",50,0.15%,2015-02-28,1393/12/09,Saturday,شنبه
3090,"34,310","34,310","34,310","34,310",40,0.12%,2015-02-26,1393/12/07,Thursday,پنج‌شنبه
3091,"34,390","34,300","34,410","34,350",10,0.03%,2015-02-25,1393/12/06,Wednesday,چهارشنبه
3092,"34,350","34,330","34,450","34,360",20,0.06%,2015-02-24,1393/12/05,Tuesday,سه‌شنبه
3093,"34,370","34,290","34,370","34,340",10,0.03%,2015-02-23,1393/12/04,Monday,دوشنبه
3094,"34,200","34,200","34,410","34,350",130,0.38%,2015-02-22,1393/12/03,Sunday,یکشنبه
3095,"34,080","34,060","34,220","34,220",93,0.27%,2015-02-21,1393/12/02,Saturday,شنبه
3096,"34,172","33,853","34,575","34,127",13,0.04%,2015-02-18,1393/11/29,Wednesday,چهارشنبه
3097,"34,040","34,010","34,150","34,140",120,0.35%,2015-02-17,1393/11/28,Tuesday,سه‌شنبه
3098,"34,200","33,980","34,200","34,020",200,0.59%,2015-02-16,1393/11/27,Monday,دوشنبه
3099,"34,310","34,190","34,310","34,220",80,0.23%,2015-02-15,1393/11/26,Sunday,یکشنبه
3100,"34,310","34,260","34,320","34,300",6,0.02%,2015-02-14,1393/11/25,Saturday,شنبه
3101,"34,320","34,007","34,766","34,306",16,0.05%,2015-02-11,1393/11/22,Wednesday,چهارشنبه
3102,"34,290","33,950","34,670","34,290",10,0.03%,2015-02-09,1393/11/20,Monday,دوشنبه
3103,"34,080","34,080","34,370","34,310",220,0.65%,2015-02-08,1393/11/19,Sunday,یکشنبه
3104,"34,160","33,880","34,160","34,090",184,0.54%,2015-02-07,1393/11/18,Saturday,شنبه
3105,"34,368","33,591","34,907","34,274",46,0.13%,2015-02-04,1393/11/15,Wednesday,چهارشنبه
3106,"34,550","34,400","34,560","34,430",130,0.38%,2015-02-03,1393/11/14,Tuesday,سه‌شنبه
3107,"34,570","34,540","34,570","34,560",-,-,2015-02-02,1393/11/13,Monday,دوشنبه
3108,"34,570","34,540","34,580","34,560",10,0.03%,2015-02-01,1393/11/12,Sunday,یکشنبه
3109,"34,590","34,520","34,620","34,550",18,0.05%,2015-01-31,1393/11/11,Saturday,شنبه
3110,"34,571","33,893","34,847","34,568",8,0.02%,2015-01-28,1393/11/08,Wednesday,چهارشنبه
3111,"34,590","34,560","34,670","34,560",40,0.12%,2015-01-27,1393/11/07,Tuesday,سه‌شنبه
3112,"34,700","34,600","34,730","34,600",90,0.26%,2015-01-26,1393/11/06,Monday,دوشنبه
3113,"34,640","34,610","34,900","34,690",40,0.12%,2015-01-25,1393/11/05,Sunday,یکشنبه
3114,"34,480","34,480","34,700","34,650",135,0.39%,2015-01-24,1393/11/04,Saturday,شنبه
3115,"34,602","33,831","34,875","34,515",55,0.16%,2015-01-21,1393/11/01,Wednesday,چهارشنبه
3116,"34,620","34,420","34,680","34,610",130,0.38%,2015-01-20,1393/10/30,Tuesday,سه‌شنبه
3117,"35,110","34,680","35,110","34,740",400,1.15%,2015-01-19,1393/10/29,Monday,دوشنبه
3118,"34,720","34,720","35,210","35,140",470,1.36%,2015-01-18,1393/10/28,Sunday,یکشنبه
3119,"34,490","34,490","34,700","34,670",220,0.64%,2015-01-17,1393/10/27,Saturday,شنبه
3120,"34,490","34,430","34,490","34,450",50,0.15%,2015-01-15,1393/10/25,Thursday,پنج‌شنبه
3121,"34,530","34,500","34,580","34,500",20,0.06%,2015-01-14,1393/10/24,Wednesday,چهارشنبه
3122,"34,490","34,380","34,570","34,520",20,0.06%,2015-01-13,1393/10/23,Tuesday,سه‌شنبه
3123,"34,690","34,460","34,690","34,500",200,0.58%,2015-01-12,1393/10/22,Monday,دوشنبه
3124,"34,850","34,660","34,860","34,700",160,0.46%,2015-01-11,1393/10/21,Sunday,یکشنبه
3125,"34,930","34,830","34,960","34,860",110,0.32%,2015-01-10,1393/10/20,Saturday,شنبه
3126,"35,020","34,960","35,020","34,970",30,0.09%,2015-01-08,1393/10/18,Thursday,پنج‌شنبه
3127,"35,140","35,000","35,140","35,000",130,0.37%,2015-01-07,1393/10/17,Wednesday,چهارشنبه
3128,"35,260","35,110","35,260","35,130",110,0.31%,2015-01-06,1393/10/16,Tuesday,سه‌شنبه
3129,"35,140","35,130","35,260","35,240",120,0.34%,2015-01-05,1393/10/15,Monday,دوشنبه
3130,"35,220","35,060","35,330","35,120",90,0.26%,2015-01-04,1393/10/14,Sunday,یکشنبه
3131,"35,080","35,080","35,440","35,210",250,0.72%,2015-01-03,1393/10/13,Saturday,شنبه
3132,"35,000","34,950","35,000","34,960",50,0.14%,2015-01-01,1393/10/11,Thursday,پنج‌شنبه
3133,"35,200","34,920","35,200","35,010",200,0.57%,2014-12-30,1393/10/09,Tuesday,سه‌شنبه
3134,"35,500","35,120","35,560","35,210",280,0.8%,2014-12-29,1393/10/08,Monday,دوشنبه
3135,"35,590","35,440","35,640","35,490",40,0.11%,2014-12-28,1393/10/07,Sunday,یکشنبه
3136,"35,560","35,480","35,740","35,530",140,0.4%,2014-12-27,1393/10/06,Saturday,شنبه
3137,"35,580","35,390","35,580","35,390",200,0.57%,2014-12-25,1393/10/04,Thursday,پنج‌شنبه
3138,"35,680","35,500","35,720","35,590",30,0.08%,2014-12-24,1393/10/03,Wednesday,چهارشنبه
3139,"35,580","35,550","35,610","35,560",490,1.4%,2014-12-22,1393/10/01,Monday,دوشنبه
3140,"35,130","35,060","35,130","35,070",130,0.37%,2014-12-20,1393/09/29,Saturday,شنبه
3141,"35,010","34,940","35,050","34,940",60,0.17%,2014-12-18,1393/09/27,Thursday,پنج‌شنبه
3142,"34,910","34,910","35,140","35,000",70,0.2%,2014-12-17,1393/09/26,Wednesday,چهارشنبه
3143,"34,750","34,750","35,100","34,930",130,0.37%,2014-12-16,1393/09/25,Tuesday,سه‌شنبه
3144,"34,110","33,800","34,830","34,800",700,2.05%,2014-12-15,1393/09/24,Monday,دوشنبه
3145,"34,920","34,000","35,010","34,100",160,0.47%,2014-12-14,1393/09/23,Sunday,یکشنبه
3146,"34,230","34,220","34,260","34,260",40,0.12%,2014-12-11,1393/09/20,Thursday,پنج‌شنبه
3147,"34,180","34,140","34,310","34,220",30,0.09%,2014-12-10,1393/09/19,Wednesday,چهارشنبه
3148,"33,990","33,920","34,210","34,190",180,0.53%,2014-12-09,1393/09/18,Tuesday,سه‌شنبه
3149,"34,210","33,990","34,280","34,010",240,0.71%,2014-12-08,1393/09/17,Monday,دوشنبه
3150,"34,320","34,090","34,640","34,250",90,0.26%,2014-12-07,1393/09/16,Sunday,یکشنبه
3151,"33,500","33,470","34,170","34,160",480,1.43%,2014-12-06,1393/09/15,Saturday,شنبه
3152,"33,690","33,680","33,700","33,680",20,0.06%,2014-12-04,1393/09/13,Thursday,پنج‌شنبه
3153,"33,660","33,590","33,720","33,700",30,0.09%,2014-12-03,1393/09/12,Wednesday,چهارشنبه
3154,"33,560","33,550","33,770","33,670",90,0.27%,2014-12-02,1393/09/11,Tuesday,سه‌شنبه
3155,"33,680","33,370","33,840","33,580",90,0.27%,2014-12-01,1393/09/10,Monday,دوشنبه
3156,"34,600","33,580","34,600","33,670",940,2.79%,2014-11-30,1393/09/09,Sunday,یکشنبه
3157,"34,180","34,000","35,300","34,610",1360,4.09%,2014-11-29,1393/09/08,Saturday,شنبه
3158,"33,210","33,200","33,260","33,250",60,0.18%,2014-11-27,1393/09/06,Thursday,پنج‌شنبه
3159,"32,910","32,910","33,210","33,190",290,0.88%,2014-11-26,1393/09/05,Wednesday,چهارشنبه
3160,"32,630","32,630","32,950","32,900",280,0.86%,2014-11-25,1393/09/04,Tuesday,سه‌شنبه
3161,"32,570","32,520","32,620","32,620",60,0.18%,2014-11-24,1393/09/03,Monday,دوشنبه
3162,"32,420","32,410","32,650","32,560",160,0.49%,2014-11-23,1393/09/02,Sunday,یکشنبه
3163,"32,360","32,320","32,460","32,400",90,0.28%,2014-11-22,1393/09/01,Saturday,شنبه
3164,"32,540","32,480","32,540","32,490",40,0.12%,2014-11-20,1393/08/29,Thursday,پنج‌شنبه
3165,"32,510","32,480","32,530","32,530",30,0.09%,2014-11-19,1393/08/28,Wednesday,چهارشنبه
3166,"32,560","32,460","32,560","32,500",60,0.18%,2014-11-18,1393/08/27,Tuesday,سه‌شنبه
3167,"32,440","32,440","32,580","32,560",100,0.31%,2014-11-17,1393/08/26,Monday,دوشنبه
3168,"32,450","32,440","32,470","32,460",10,0.03%,2014-11-16,1393/08/25,Sunday,یکشنبه
3169,"32,460","32,400","32,470","32,470",80,0.25%,2014-11-15,1393/08/24,Saturday,شنبه
3170,"32,580","32,550","32,580","32,550",10,0.03%,2014-11-13,1393/08/22,Thursday,پنج‌شنبه
3171,"32,570","32,550","32,600","32,560",20,0.06%,2014-11-12,1393/08/21,Wednesday,چهارشنبه
3172,"32,560","32,500","32,600","32,580",-,-,2014-11-11,1393/08/20,Tuesday,سه‌شنبه
3173,"32,500","32,470","32,590","32,580",40,0.12%,2014-11-10,1393/08/19,Monday,دوشنبه
3174,"32,470","32,400","32,540","32,540",60,0.18%,2014-11-09,1393/08/18,Sunday,یکشنبه
3175,"32,580","32,450","32,580","32,480",30,0.09%,2014-11-08,1393/08/17,Saturday,شنبه
3176,"32,490","32,460","32,510","32,510",10,0.03%,2014-11-06,1393/08/15,Thursday,پنج‌شنبه
3177,"32,560","32,500","32,580","32,500",39,0.12%,2014-11-05,1393/08/14,Wednesday,چهارشنبه
3178,"32,523","32,305","32,883","32,539",9,0.03%,2014-11-01,1393/08/10,Saturday,شنبه
3179,"32,480","32,480","32,530","32,520",70,0.22%,2014-10-30,1393/08/08,Thursday,پنج‌شنبه
3180,"32,380","32,360","32,450","32,450",60,0.19%,2014-10-29,1393/08/07,Wednesday,چهارشنبه
3181,"32,420","32,340","32,430","32,390",60,0.19%,2014-10-28,1393/08/06,Tuesday,سه‌شنبه
3182,"32,370","32,280","32,450","32,450",90,0.28%,2014-10-27,1393/08/05,Monday,دوشنبه
3183,"32,220","32,210","32,370","32,360",190,0.59%,2014-10-26,1393/08/04,Sunday,یکشنبه
3184,"32,110","32,080","32,190","32,170",100,0.31%,2014-10-25,1393/08/03,Saturday,شنبه
3185,"32,290","32,260","32,310","32,270",10,0.03%,2014-10-23,1393/08/01,Thursday,پنج‌شنبه
3186,"32,250","32,220","32,280","32,280",60,0.19%,2014-10-22,1393/07/30,Wednesday,چهارشنبه
3187,"32,290","32,220","32,320","32,220",60,0.19%,2014-10-21,1393/07/29,Tuesday,سه‌شنبه
3188,"32,240","32,200","32,300","32,280",90,0.28%,2014-10-20,1393/07/28,Monday,دوشنبه
3189,"32,360","32,180","32,360","32,190",150,0.47%,2014-10-19,1393/07/27,Sunday,یکشنبه
3190,"32,370","32,310","32,390","32,340",120,0.37%,2014-10-18,1393/07/26,Saturday,شنبه
3191,"32,470","32,460","32,510","32,460",40,0.12%,2014-10-16,1393/07/24,Thursday,پنج‌شنبه
3192,"32,450","32,440","32,560","32,500",60,0.18%,2014-10-15,1393/07/23,Wednesday,چهارشنبه
3193,"32,550","32,440","32,570","32,440",80,0.25%,2014-10-14,1393/07/22,Tuesday,سه‌شنبه
3194,"32,510","32,480","32,530","32,520",20,0.06%,2014-10-12,1393/07/20,Sunday,یکشنبه
3195,"32,450","32,390","32,510","32,500",-,-,2014-10-11,1393/07/19,Saturday,شنبه
3196,"32,500","32,470","32,510","32,500",20,0.06%,2014-10-09,1393/07/17,Thursday,پنج‌شنبه
3197,"32,410","32,410","32,510","32,480",110,0.34%,2014-10-08,1393/07/16,Wednesday,چهارشنبه
3198,"32,420","32,350","32,420","32,370",20,0.06%,2014-10-07,1393/07/15,Tuesday,سه‌شنبه
3199,"32,300","32,300","32,450","32,390",80,0.25%,2014-10-06,1393/07/14,Monday,دوشنبه
3200,"32,400","32,290","32,400","32,310",120,0.37%,2014-10-04,1393/07/12,Saturday,شنبه
3201,"32,390","32,380","32,440","32,430",30,0.09%,2014-10-02,1393/07/10,Thursday,پنج‌شنبه
3202,"32,460","32,310","32,460","32,400",30,0.09%,2014-10-01,1393/07/09,Wednesday,چهارشنبه
3203,"32,470","32,420","32,570","32,430",20,0.06%,2014-09-30,1393/07/08,Tuesday,سه‌شنبه
3204,"32,320","32,230","32,460","32,410",60,0.19%,2014-09-29,1393/07/07,Monday,دوشنبه
3205,"32,610","32,350","32,610","32,350",290,0.9%,2014-09-28,1393/07/06,Sunday,یکشنبه
3206,"32,550","32,460","32,680","32,640",640,2%,2014-09-27,1393/07/05,Saturday,شنبه
3207,"32,010","31,940","32,010","32,000",-,-,2014-09-25,1393/07/03,Thursday,پنج‌شنبه
3208,"31,910","31,910","32,020","32,000",60,0.19%,2014-09-24,1393/07/02,Wednesday,چهارشنبه
3209,"31,910","31,900","32,060","31,940",60,0.19%,2014-09-23,1393/07/01,Tuesday,سه‌شنبه
3210,"31,770","31,760","31,930","31,880",170,0.54%,2014-09-22,1393/06/31,Monday,دوشنبه
3211,"31,680","31,650","31,740","31,710",40,0.13%,2014-09-21,1393/06/30,Sunday,یکشنبه
3212,"31,790","31,670","31,830","31,670",320,1.01%,2014-09-20,1393/06/29,Saturday,شنبه
3213,"32,000","31,970","32,010","31,990",20,0.06%,2014-09-18,1393/06/27,Thursday,پنج‌شنبه
3214,"32,130","31,960","32,160","32,010",130,0.41%,2014-09-17,1393/06/26,Wednesday,چهارشنبه
3215,"31,930","31,910","32,180","32,140",220,0.69%,2014-09-16,1393/06/25,Tuesday,سه‌شنبه
3216,"32,000","31,870","32,090","31,920",60,0.19%,2014-09-15,1393/06/24,Monday,دوشنبه
3217,"31,920","31,850","32,010","31,980",70,0.22%,2014-09-14,1393/06/23,Sunday,یکشنبه
3218,"31,750","31,730","31,930","31,910",50,0.16%,2014-09-13,1393/06/22,Saturday,شنبه
3219,"31,830","31,830","31,870","31,860",20,0.06%,2014-09-11,1393/06/20,Thursday,پنج‌شنبه
3220,"31,800","31,780","31,860","31,840",50,0.16%,2014-09-10,1393/06/19,Wednesday,چهارشنبه
3221,"31,760","31,680","31,860","31,790",40,0.13%,2014-09-09,1393/06/18,Tuesday,سه‌شنبه
3222,"32,020","31,740","32,030","31,750",230,0.72%,2014-09-08,1393/06/17,Monday,دوشنبه
3223,"31,690","31,670","31,980","31,980",300,0.95%,2014-09-07,1393/06/16,Sunday,یکشنبه
3224,"31,550","31,510","31,690","31,680",60,0.19%,2014-09-06,1393/06/15,Saturday,شنبه
3225,"31,830","31,720","31,850","31,740",70,0.22%,2014-09-04,1393/06/13,Thursday,پنج‌شنبه
3226,"31,690","31,650","31,850","31,810",90,0.28%,2014-09-03,1393/06/12,Wednesday,چهارشنبه
3227,"31,750","31,670","31,860","31,720",10,0.03%,2014-09-02,1393/06/11,Tuesday,سه‌شنبه
3228,"31,470","31,470","31,750","31,730",250,0.79%,2014-09-01,1393/06/10,Monday,دوشنبه
3229,"31,470","31,390","31,500","31,480",20,0.06%,2014-08-31,1393/06/09,Sunday,یکشنبه
3230,"31,580","31,480","31,590","31,500",80,0.25%,2014-08-30,1393/06/08,Saturday,شنبه
3231,"31,310","31,300","31,420","31,420",120,0.38%,2014-08-28,1393/06/06,Thursday,پنج‌شنبه
3232,"31,310","31,250","31,330","31,300",-,-,2014-08-27,1393/06/05,Wednesday,چهارشنبه
3233,"31,280","31,220","31,300","31,300",30,0.1%,2014-08-26,1393/06/04,Tuesday,سه‌شنبه
3234,"31,310","31,210","31,330","31,270",60,0.19%,2014-08-25,1393/06/03,Monday,دوشنبه
3235,"31,150","31,120","31,350","31,330",170,0.55%,2014-08-24,1393/06/02,Sunday,یکشنبه
3236,"31,190","31,130","31,330","31,160",250,0.81%,2014-08-23,1393/06/01,Saturday,شنبه
3237,"30,910","30,890","30,920","30,910",10,0.03%,2014-08-21,1393/05/30,Thursday,پنج‌شنبه
3238,"30,940","30,900","30,960","30,920",10,0.03%,2014-08-20,1393/05/29,Wednesday,چهارشنبه
3239,"31,040","30,910","31,090","30,930",120,0.39%,2014-08-19,1393/05/28,Tuesday,سه‌شنبه
3240,"31,060","31,030","31,150","31,050",20,0.06%,2014-08-18,1393/05/27,Monday,دوشنبه
3241,"31,010","30,960","31,070","31,070",50,0.16%,2014-08-17,1393/05/26,Sunday,یکشنبه
3242,"31,080","31,000","31,090","31,020",170,0.55%,2014-08-16,1393/05/25,Saturday,شنبه
3243,"31,170","31,170","31,190","31,190",10,0.03%,2014-08-14,1393/05/23,Thursday,پنج‌شنبه
3244,"31,230","31,170","31,230","31,180",90,0.29%,2014-08-13,1393/05/22,Wednesday,چهارشنبه
3245,"31,210","31,200","31,270","31,270",80,0.26%,2014-08-12,1393/05/21,Tuesday,سه‌شنبه
3246,"31,260","31,190","31,280","31,190",60,0.19%,2014-08-11,1393/05/20,Monday,دوشنبه
3247,"31,190","31,170","31,290","31,250",30,0.1%,2014-08-10,1393/05/19,Sunday,یکشنبه
3248,"31,290","31,200","31,300","31,220",100,0.32%,2014-08-09,1393/05/18,Saturday,شنبه
3249,"31,310","31,310","31,350","31,320",-,-,2014-08-07,1393/05/16,Thursday,پنج‌شنبه
3250,"31,350","31,320","31,370","31,320",80,0.26%,2014-08-06,1393/05/15,Wednesday,چهارشنبه
3251,"31,380","31,340","31,410","31,400",-,-,2014-08-05,1393/05/14,Tuesday,سه‌شنبه
3252,"31,410","31,370","31,450","31,400",20,0.06%,2014-08-04,1393/05/13,Monday,دوشنبه
3253,"31,390","31,380","31,490","31,420",20,0.06%,2014-08-03,1393/05/12,Sunday,یکشنبه
3254,"31,330","31,290","31,400","31,400",169,0.54%,2014-08-02,1393/05/11,Saturday,شنبه
3255,"31,202","30,874","31,546","31,231",29,0.09%,2014-07-30,1393/05/08,Wednesday,چهارشنبه
3256,"31,310","31,260","31,310","31,260",30,0.1%,2014-07-28,1393/05/06,Monday,دوشنبه
3257,"31,350","31,250","31,370","31,290",80,0.26%,2014-07-27,1393/05/05,Sunday,یکشنبه
3258,"31,380","31,320","31,410","31,370",10,0.03%,2014-07-26,1393/05/04,Saturday,شنبه
3259,"31,370","31,360","31,390","31,380",10,0.03%,2014-07-24,1393/05/02,Thursday,پنج‌شنبه
3260,"31,340","31,320","31,410","31,390",60,0.19%,2014-07-23,1393/05/01,Wednesday,چهارشنبه
3261,"31,280","31,240","31,360","31,330",-,-,2014-07-22,1393/04/31,Tuesday,سه‌شنبه
3262,"31,320","31,270","31,350","31,330",-,-,2014-07-21,1393/04/30,Monday,دوشنبه
3263,"31,280","31,270","31,370","31,330",230,0.73%,2014-07-20,1393/04/29,Sunday,یکشنبه
3264,"31,440","31,430","31,640","31,560",130,0.41%,2014-07-17,1393/04/26,Thursday,پنج‌شنبه
3265,"31,390","31,330","31,430","31,430",70,0.22%,2014-07-16,1393/04/25,Wednesday,چهارشنبه
3266,"31,180","31,170","31,470","31,360",190,0.61%,2014-07-15,1393/04/24,Tuesday,سه‌شنبه
3267,"31,200","31,110","31,230","31,170",60,0.19%,2014-07-14,1393/04/23,Monday,دوشنبه
3268,"31,350","31,220","31,350","31,230",130,0.42%,2014-07-13,1393/04/22,Sunday,یکشنبه
3269,"31,200","31,170","31,420","31,360",300,0.97%,2014-07-12,1393/04/21,Saturday,شنبه
3270,"31,000","31,000","31,110","31,060",40,0.13%,2014-07-10,1393/04/19,Thursday,پنج‌شنبه
3271,"31,100","31,000","31,140","31,020",30,0.1%,2014-07-09,1393/04/18,Wednesday,چهارشنبه
3272,"31,190","30,990","31,270","31,050",130,0.42%,2014-07-08,1393/04/17,Tuesday,سه‌شنبه
3273,"31,300","31,140","31,500","31,180",80,0.26%,2014-07-07,1393/04/16,Monday,دوشنبه
3274,"30,990","30,980","31,310","31,260",310,1%,2014-07-06,1393/04/15,Sunday,یکشنبه
3275,"30,920","30,770","31,010","30,950",310,1%,2014-07-05,1393/04/14,Saturday,شنبه
3276,"31,240","31,200","31,340","31,260",10,0.03%,2014-07-03,1393/04/12,Thursday,پنج‌شنبه
3277,"31,360","31,260","31,480","31,270",60,0.19%,2014-07-02,1393/04/11,Wednesday,چهارشنبه
3278,"31,190","31,110","31,500","31,330",150,0.48%,2014-07-01,1393/04/10,Tuesday,سه‌شنبه
3279,"31,160","30,920","31,230","31,180",40,0.13%,2014-06-30,1393/04/09,Monday,دوشنبه
3280,"31,160","30,900","31,160","31,140",40,0.13%,2014-06-29,1393/04/08,Sunday,یکشنبه
3281,"31,380","31,080","31,380","31,180",510,1.64%,2014-06-28,1393/04/07,Saturday,شنبه
3282,"31,670","31,670","31,700","31,690",40,0.13%,2014-06-26,1393/04/05,Thursday,پنج‌شنبه
3283,"31,650","31,620","31,720","31,650",20,0.06%,2014-06-25,1393/04/04,Wednesday,چهارشنبه
3284,"31,650","31,600","31,730","31,670",-,-,2014-06-24,1393/04/03,Tuesday,سه‌شنبه
3285,"31,740","31,600","31,770","31,670",50,0.16%,2014-06-23,1393/04/02,Monday,دوشنبه
3286,"31,880","31,690","31,920","31,720",200,0.63%,2014-06-22,1393/04/01,Sunday,یکشنبه
3287,"32,050","31,790","32,050","31,920",370,1.16%,2014-06-21,1393/03/31,Saturday,شنبه
3288,"32,100","32,010","32,290","32,290",180,0.56%,2014-06-19,1393/03/29,Thursday,پنج‌شنبه
3289,"31,980","31,800","32,190","32,110",180,0.56%,2014-06-18,1393/03/28,Wednesday,چهارشنبه
3290,"32,000","31,900","32,170","31,930",110,0.34%,2014-06-17,1393/03/27,Tuesday,سه‌شنبه
3291,"31,780","31,770","32,110","32,040",250,0.79%,2014-06-16,1393/03/26,Monday,دوشنبه
3292,"32,050","31,790","32,120","31,790",330,1.04%,2014-06-15,1393/03/25,Sunday,یکشنبه
3293,"32,160","32,120","32,230","32,120",310,0.97%,2014-06-14,1393/03/24,Saturday,شنبه
3294,"32,440","32,410","32,440","32,430",20,0.06%,2014-06-12,1393/03/22,Thursday,پنج‌شنبه
3295,"32,420","32,410","32,460","32,450",50,0.15%,2014-06-11,1393/03/21,Wednesday,چهارشنبه
3296,"32,410","32,340","32,500","32,400",-,-,2014-06-10,1393/03/20,Tuesday,سه‌شنبه
3297,"32,290","32,060","32,400","32,400",80,0.25%,2014-06-09,1393/03/19,Monday,دوشنبه
3298,"32,430","32,290","32,460","32,320",130,0.4%,2014-06-08,1393/03/18,Sunday,یکشنبه
3299,"32,600","32,350","32,600","32,450",380,1.17%,2014-06-07,1393/03/17,Saturday,شنبه
3300,"32,820","32,810","32,830","32,830",30,0.09%,2014-06-03,1393/03/13,Tuesday,سه‌شنبه
3301,"32,810","32,790","32,840","32,800",20,0.06%,2014-06-02,1393/03/12,Monday,دوشنبه
3302,"32,800","32,790","32,850","32,820",10,0.03%,2014-06-01,1393/03/11,Sunday,یکشنبه
3303,"32,770","32,760","32,830","32,810",40,0.12%,2014-05-31,1393/03/10,Saturday,شنبه
3304,"32,790","32,740","32,800","32,770",10,0.03%,2014-05-29,1393/03/08,Thursday,پنج‌شنبه
3305,"32,660","32,620","32,780","32,780",10,0.03%,2014-05-28,1393/03/07,Wednesday,چهارشنبه
3306,"32,820","32,750","32,830","32,770",60,0.18%,2014-05-26,1393/03/05,Monday,دوشنبه
3307,"32,850","32,800","32,890","32,830",10,0.03%,2014-05-25,1393/03/04,Sunday,یکشنبه
3308,"32,760","32,700","32,860","32,820",10,0.03%,2014-05-24,1393/03/03,Saturday,شنبه
3309,"32,880","32,830","32,920","32,830",40,0.12%,2014-05-22,1393/03/01,Thursday,پنج‌شنبه
3310,"32,880","32,840","32,920","32,870",30,0.09%,2014-05-21,1393/02/31,Wednesday,چهارشنبه
3311,"32,920","32,860","33,080","32,900",40,0.12%,2014-05-20,1393/02/30,Tuesday,سه‌شنبه
3312,"32,810","32,730","32,950","32,940",120,0.37%,2014-05-19,1393/02/29,Monday,دوشنبه
3313,"32,740","32,720","32,850","32,820",60,0.18%,2014-05-18,1393/02/28,Sunday,یکشنبه
3314,"33,000","32,680","33,020","32,760",170,0.52%,2014-05-17,1393/02/27,Saturday,شنبه
3315,"32,470","32,470","33,020","32,930",480,1.48%,2014-05-15,1393/02/25,Thursday,پنج‌شنبه
3316,"32,390","32,350","32,450","32,450",30,0.09%,2014-05-14,1393/02/24,Wednesday,چهارشنبه
3317,"32,470","32,450","32,500","32,480",10,0.03%,2014-05-12,1393/02/22,Monday,دوشنبه
3318,"32,400","32,270","32,610","32,490",130,0.4%,2014-05-11,1393/02/21,Sunday,یکشنبه
3319,"32,570","32,320","32,680","32,360",510,1.58%,2014-05-10,1393/02/20,Saturday,شنبه
3320,"32,910","32,860","32,910","32,870",30,0.09%,2014-05-08,1393/02/18,Thursday,پنج‌شنبه
3321,"32,800","32,790","32,930","32,900",10,0.03%,2014-05-07,1393/02/17,Wednesday,چهارشنبه
3322,"33,030","32,840","33,050","32,910",130,0.4%,2014-05-06,1393/02/16,Tuesday,سه‌شنبه
3323,"33,150","32,930","33,300","33,040",100,0.3%,2014-05-05,1393/02/15,Monday,دوشنبه
3324,"32,820","32,720","33,160","33,140",360,1.1%,2014-05-04,1393/02/14,Sunday,یکشنبه
3325,"33,100","32,780","33,160","32,780",350,1.07%,2014-05-03,1393/02/13,Saturday,شنبه
3326,"33,120","33,100","33,150","33,130",30,0.09%,2014-05-01,1393/02/11,Thursday,پنج‌شنبه
3327,"32,950","32,900","33,100","33,100",120,0.36%,2014-04-30,1393/02/10,Wednesday,چهارشنبه
3328,"32,940","32,840","33,010","32,980",30,0.09%,2014-04-29,1393/02/09,Tuesday,سه‌شنبه
3329,"32,760","32,590","32,960","32,950",130,0.4%,2014-04-28,1393/02/08,Monday,دوشنبه
3330,"33,280","32,750","33,390","32,820",530,1.61%,2014-04-27,1393/02/07,Sunday,یکشنبه
3331,"32,780","32,780","33,600","33,350",870,2.68%,2014-04-26,1393/02/06,Saturday,شنبه
3332,"32,580","32,350","32,630","32,480",60,0.18%,2014-04-24,1393/02/04,Thursday,پنج‌شنبه
3333,"32,730","32,300","32,900","32,540",110,0.34%,2014-04-23,1393/02/03,Wednesday,چهارشنبه
3334,"33,200","32,630","33,470","32,650",510,1.56%,2014-04-22,1393/02/02,Tuesday,سه‌شنبه
3335,"32,490","32,490","33,160","33,160",760,2.35%,2014-04-21,1393/02/01,Monday,دوشنبه
3336,"32,080","31,950","32,400","32,400",310,0.97%,2014-04-20,1393/01/31,Sunday,یکشنبه
3337,"31,820","31,820","32,170","32,090",360,1.13%,2014-04-19,1393/01/30,Saturday,شنبه
3338,"31,720","31,670","31,740","31,730",20,0.06%,2014-04-17,1393/01/28,Thursday,پنج‌شنبه
3339,"31,570","31,540","31,780","31,710",150,0.48%,2014-04-16,1393/01/27,Wednesday,چهارشنبه
3340,"31,840","31,560","32,000","31,560",240,0.76%,2014-04-15,1393/01/26,Tuesday,سه‌شنبه
3341,"31,230","31,230","31,800","31,800",500,1.6%,2014-04-14,1393/01/25,Monday,دوشنبه
3342,"31,240","31,180","31,380","31,300",90,0.29%,2014-04-13,1393/01/24,Sunday,یکشنبه
3343,"31,150","31,030","31,280","31,210",420,1.36%,2014-04-12,1393/01/23,Saturday,شنبه
3344,"30,800","30,790","30,810","30,790",20,0.06%,2014-04-10,1393/01/21,Thursday,پنج‌شنبه
3345,"30,820","30,720","30,900","30,810",10,0.03%,2014-04-09,1393/01/20,Wednesday,چهارشنبه
3346,"30,960","30,790","31,160","30,800",100,0.32%,2014-04-08,1393/01/19,Tuesday,سه‌شنبه
3347,"30,570","30,540","30,900","30,900",320,1.05%,2014-04-07,1393/01/18,Monday,دوشنبه
3348,"30,410","30,370","30,650","30,580",150,0.49%,2014-04-06,1393/01/17,Sunday,یکشنبه
3349,"30,490","30,260","30,490","30,430",200,0.66%,2014-04-05,1393/01/16,Saturday,شنبه
3350,"30,630","30,600","30,640","30,630",10,0.03%,2014-03-31,1393/01/11,Monday,دوشنبه
3351,"30,500","30,500","30,650","30,640",150,0.49%,2014-03-30,1393/01/10,Sunday,یکشنبه
3352,"30,480","30,410","30,500","30,490",80,0.26%,2014-03-29,1393/01/09,Saturday,شنبه
3353,"30,570","30,570","30,570","30,570",10,0.03%,2014-03-27,1393/01/07,Thursday,پنج‌شنبه
3354,"30,560","30,560","30,690","30,580",80,0.26%,2014-03-26,1393/01/06,Wednesday,چهارشنبه
3355,"30,400","30,350","30,530","30,500",330,1.09%,2014-03-25,1393/01/05,Tuesday,سه‌شنبه
3356,"30,100","30,100","30,200","30,170",30,0.1%,2014-03-19,1392/12/28,Wednesday,چهارشنبه
3357,"30,060","30,030","30,150","30,140",140,0.47%,2014-03-18,1392/12/27,Tuesday,سه‌شنبه
3358,"30,000","29,950","30,140","30,000",40,0.13%,2014-03-17,1392/12/26,Monday,دوشنبه
3359,"30,190","29,960","30,190","29,960",240,0.8%,2014-03-16,1392/12/25,Sunday,یکشنبه
3360,"30,060","29,800","30,250","30,200",240,0.79%,2014-03-15,1392/12/24,Saturday,شنبه
3361,"30,390","30,390","30,500","30,440",80,0.26%,2014-03-13,1392/12/22,Thursday,پنج‌شنبه
3362,"30,400","30,290","30,430","30,360",10,0.03%,2014-03-12,1392/12/21,Wednesday,چهارشنبه
3363,"30,560","30,330","30,640","30,370",180,0.59%,2014-03-11,1392/12/20,Tuesday,سه‌شنبه
3364,"30,750","30,450","30,910","30,550",160,0.52%,2014-03-10,1392/12/19,Monday,دوشنبه
3365,"30,430","30,360","30,790","30,710",270,0.89%,2014-03-09,1392/12/18,Sunday,یکشنبه
3366,"29,970","29,970","30,440","30,440",20,0.07%,2014-03-08,1392/12/17,Saturday,شنبه
3367,"30,470","30,460","30,510","30,460",30,0.1%,2014-03-06,1392/12/15,Thursday,پنج‌شنبه
3368,"30,500","30,430","30,530","30,490",30,0.1%,2014-03-05,1392/12/14,Wednesday,چهارشنبه
3369,"30,620","30,500","30,620","30,520",120,0.39%,2014-03-04,1392/12/13,Tuesday,سه‌شنبه
3370,"31,000","30,500","31,140","30,640",430,1.4%,2014-03-03,1392/12/12,Monday,دوشنبه
3371,"30,660","30,630","31,270","31,070",480,1.57%,2014-03-02,1392/12/11,Sunday,یکشنبه
3372,"30,430","30,310","30,600","30,590",490,1.63%,2014-03-01,1392/12/10,Saturday,شنبه
3373,"30,120","30,060","30,120","30,100",10,0.03%,2014-02-27,1392/12/08,Thursday,پنج‌شنبه
3374,"29,890","29,860","30,090","30,090",210,0.7%,2014-02-26,1392/12/07,Wednesday,چهارشنبه
3375,"29,890","29,840","29,960","29,880",20,0.07%,2014-02-25,1392/12/06,Tuesday,سه‌شنبه
3376,"29,860","29,860","30,150","29,900",60,0.2%,2014-02-24,1392/12/05,Monday,دوشنبه
3377,"29,580","29,580","29,850","29,840",240,0.81%,2014-02-23,1392/12/04,Sunday,یکشنبه
3378,"29,580","29,560","29,620","29,600",100,0.34%,2014-02-22,1392/12/03,Saturday,شنبه
3379,"29,520","29,500","29,520","29,500",30,0.1%,2014-02-20,1392/12/01,Thursday,پنج‌شنبه
3380,"29,500","29,500","29,530","29,530",10,0.03%,2014-02-19,1392/11/30,Wednesday,چهارشنبه
3381,"29,500","29,480","29,540","29,520",-,-,2014-02-18,1392/11/29,Tuesday,سه‌شنبه
3382,"29,540","29,500","29,570","29,520",-,-,2014-02-17,1392/11/28,Monday,دوشنبه
3383,"29,500","29,440","29,530","29,520",40,0.14%,2014-02-16,1392/11/27,Sunday,یکشنبه
3384,"29,570","29,480","29,570","29,480",50,0.17%,2014-02-15,1392/11/26,Saturday,شنبه
3385,"29,530","29,530","29,550","29,530",10,0.03%,2014-02-13,1392/11/24,Thursday,پنج‌شنبه
3386,"29,550","29,480","29,550","29,520",20,0.07%,2014-02-12,1392/11/23,Wednesday,چهارشنبه
3387,"29,500","29,500","29,510","29,500",10,0.03%,2014-02-10,1392/11/21,Monday,دوشنبه
3388,"29,450","29,420","29,520","29,510",50,0.17%,2014-02-09,1392/11/20,Sunday,یکشنبه
3389,"29,530","29,430","29,540","29,460",140,0.48%,2014-02-08,1392/11/19,Saturday,شنبه
3390,"29,620","29,580","29,630","29,600",10,0.03%,2014-02-06,1392/11/17,Thursday,پنج‌شنبه
3391,"29,500","29,490","29,600","29,590",80,0.27%,2014-02-05,1392/11/16,Wednesday,چهارشنبه
3392,"29,460","29,460","29,510","29,510",40,0.14%,2014-02-04,1392/11/15,Tuesday,سه‌شنبه
3393,"29,520","29,460","29,530","29,470",70,0.24%,2014-02-03,1392/11/14,Monday,دوشنبه
3394,"29,460","29,460","29,580","29,540",80,0.27%,2014-02-02,1392/11/13,Sunday,یکشنبه
3395,"29,410","29,400","29,480","29,460",80,0.27%,2014-02-01,1392/11/12,Saturday,شنبه
3396,"29,340","29,330","29,400","29,380",30,0.1%,2014-01-30,1392/11/10,Thursday,پنج‌شنبه
3397,"29,410","29,320","29,430","29,350",70,0.24%,2014-01-29,1392/11/09,Wednesday,چهارشنبه
3398,"29,490","29,420","29,510","29,420",60,0.2%,2014-01-28,1392/11/08,Tuesday,سه‌شنبه
3399,"29,470","29,440","29,510","29,480",10,0.03%,2014-01-27,1392/11/07,Monday,دوشنبه
3400,"29,460","29,410","29,490","29,490",40,0.14%,2014-01-26,1392/11/06,Sunday,یکشنبه
3401,"29,540","29,410","29,550","29,450",10,0.03%,2014-01-25,1392/11/05,Saturday,شنبه
3402,"29,440","29,230","29,750","29,440",40,0.14%,2014-01-22,1392/11/02,Wednesday,چهارشنبه
3403,"29,320","29,280","29,650","29,510",170,0.58%,2014-01-21,1392/11/01,Tuesday,سه‌شنبه
3404,"28,890","28,890","29,380","29,340",20,0.07%,2014-01-20,1392/10/30,Monday,دوشنبه
3405,"29,360","29,360","29,360","29,360",109,0.37%,2014-01-18,1392/10/28,Saturday,شنبه
3406,"29,562","28,926","29,813","29,469",101,0.34%,2014-01-15,1392/10/25,Wednesday,چهارشنبه
3407,"29,640","29,560","29,640","29,570",60,0.2%,2014-01-14,1392/10/24,Tuesday,سه‌شنبه
3408,"29,600","29,600","29,680","29,630",70,0.24%,2014-01-13,1392/10/23,Monday,دوشنبه
3409,"29,780","29,500","29,780","29,560",230,0.78%,2014-01-12,1392/10/22,Sunday,یکشنبه
3410,"29,840","29,780","29,840","29,790",10,0.03%,2014-01-11,1392/10/21,Saturday,شنبه
3411,"29,870","29,490","30,350","29,800",-,-,2014-01-08,1392/10/18,Wednesday,چهارشنبه
3412,"29,850","29,820","29,920","29,900",50,0.17%,2014-01-07,1392/10/17,Tuesday,سه‌شنبه
3413,"29,790","29,790","29,850","29,850",50,0.17%,2014-01-06,1392/10/16,Monday,دوشنبه
3414,"29,730","29,730","29,820","29,800",60,0.2%,2014-01-05,1392/10/15,Sunday,یکشنبه
3415,"29,770","29,660","29,770","29,740",180,0.61%,2014-01-04,1392/10/14,Saturday,شنبه
3416,"29,920","29,920","29,920","29,920",150,0.5%,2014-01-01,1392/10/11,Wednesday,چهارشنبه
3417,"30,080","30,070","30,080","30,070",10,0.03%,2013-12-30,1392/10/09,Monday,دوشنبه
3418,"30,160","30,060","30,160","30,060",90,0.3%,2013-12-29,1392/10/08,Sunday,یکشنبه
3419,"29,960","29,960","30,230","30,150",181,0.6%,2013-12-28,1392/10/07,Saturday,شنبه
3420,"29,759","29,297","30,448","29,969",41,0.14%,2013-12-25,1392/10/04,Wednesday,چهارشنبه
3421,"29,710","29,630","29,710","29,670",89,0.3%,2013-12-24,1392/10/03,Tuesday,سه‌شنبه
3422,"29,554","29,264","29,758","29,581",21,0.07%,2013-12-21,1392/09/30,Saturday,شنبه
3423,"29,470","28,975","29,859","29,450",-,-,2013-12-18,1392/09/27,Wednesday,چهارشنبه
3424,"29,460","29,430","29,490","29,490",50,0.17%,2013-12-17,1392/09/26,Tuesday,سه‌شنبه
3425,"29,440","29,420","29,470","29,440",30,0.1%,2013-12-16,1392/09/25,Monday,دوشنبه
3426,"29,510","29,470","29,510","29,470",50,0.17%,2013-12-15,1392/09/24,Sunday,یکشنبه
3427,"29,600","29,520","29,600","29,520",44,0.15%,2013-12-14,1392/09/23,Saturday,شنبه
3428,"29,365","29,071","29,873","29,476",126,0.43%,2013-12-11,1392/09/20,Wednesday,چهارشنبه
3429,"29,480","29,380","29,480","29,390",90,0.31%,2013-12-10,1392/09/19,Tuesday,سه‌شنبه
3430,"29,450","29,440","29,480","29,480",60,0.2%,2013-12-09,1392/09/18,Monday,دوشنبه
3431,"29,480","29,420","29,490","29,420",40,0.14%,2013-12-08,1392/09/17,Sunday,یکشنبه
3432,"29,450","29,400","29,480","29,460",47,0.16%,2013-12-07,1392/09/16,Saturday,شنبه
3433,"29,544","29,132","29,886","29,507",13,0.04%,2013-12-04,1392/09/13,Wednesday,چهارشنبه
3434,"29,470","29,470","29,560","29,550",100,0.34%,2013-12-03,1392/09/12,Tuesday,سه‌شنبه
3435,"29,460","29,400","29,480","29,450",80,0.27%,2013-12-02,1392/09/11,Monday,دوشنبه
3436,"29,600","29,530","29,600","29,530",-,-,2013-12-01,1392/09/10,Sunday,یکشنبه
3437,"29,600","29,530","29,600","29,530",84,0.28%,2013-11-30,1392/09/09,Saturday,شنبه
3438,"29,817","29,261","30,317","29,614",6,0.02%,2013-11-27,1392/09/06,Wednesday,چهارشنبه
3439,"29,650","29,600","29,950","29,900",150,0.5%,2013-11-26,1392/09/05,Tuesday,سه‌شنبه
3440,"29,320","29,200","29,800","29,750",600,2.06%,2013-11-25,1392/09/04,Monday,دوشنبه
3441,"29,000","28,900","29,150","29,150",250,0.86%,2013-11-24,1392/09/03,Sunday,یکشنبه
3442,"29,850","29,250","29,850","29,400",660,2.24%,2013-11-23,1392/09/02,Saturday,شنبه
3443,"30,080","29,730","30,310","30,060",40,0.13%,2013-11-20,1392/08/29,Wednesday,چهارشنبه
3444,"30,070","30,050","30,120","30,050",20,0.07%,2013-11-19,1392/08/28,Tuesday,سه‌شنبه
3445,"29,950","29,950","30,070","30,070",40,0.13%,2013-11-18,1392/08/27,Monday,دوشنبه
3446,"30,080","29,980","30,080","30,030",70,0.23%,2013-11-17,1392/08/26,Sunday,یکشنبه
3447,"30,120","30,050","30,120","30,100",73,0.24%,2013-11-16,1392/08/25,Saturday,شنبه
3448,"30,176","29,669","30,562","30,173",7,0.02%,2013-11-11,1392/08/20,Monday,دوشنبه
3449,"30,150","30,120","30,180","30,150",100,0.33%,2013-11-10,1392/08/19,Sunday,یکشنبه
3450,"30,050","30,050","30,250","30,250",214,0.71%,2013-11-09,1392/08/18,Saturday,شنبه
3451,"30,135","29,762","30,364","30,036",114,0.38%,2013-11-06,1392/08/15,Wednesday,چهارشنبه
3452,"30,200","30,150","30,200","30,180",80,0.27%,2013-11-05,1392/08/14,Tuesday,سه‌شنبه
3453,"30,250","30,100","30,250","30,100",200,0.66%,2013-11-04,1392/08/13,Monday,دوشنبه
3454,"30,350","30,300","30,350","30,300",100,0.33%,2013-11-03,1392/08/12,Sunday,یکشنبه
3455,"30,200","30,200","30,400","30,400",318,1.06%,2013-11-02,1392/08/11,Saturday,شنبه
3456,"30,106","29,564","30,304","30,082",32,0.11%,2013-10-30,1392/08/08,Wednesday,چهارشنبه
3457,"30,100","30,050","30,100","30,050",100,0.33%,2013-10-29,1392/08/07,Tuesday,سه‌شنبه
3458,"30,050","30,050","30,150","30,150",50,0.17%,2013-10-28,1392/08/06,Monday,دوشنبه
3459,"30,050","30,050","30,100","30,100",-,-,2013-10-27,1392/08/05,Sunday,یکشنبه
3460,"30,150","30,050","30,150","30,100",30,0.1%,2013-10-26,1392/08/04,Saturday,شنبه
3461,"30,120","29,580","30,310","30,130",30,0.1%,2013-10-22,1392/07/30,Tuesday,سه‌شنبه
3462,"30,050","30,000","30,100","30,100",150,0.5%,2013-10-21,1392/07/29,Monday,دوشنبه
3463,"30,050","29,950","30,100","29,950",200,0.67%,2013-10-20,1392/07/28,Sunday,یکشنبه
3464,"30,150","30,100","30,200","30,150",77,0.26%,2013-10-19,1392/07/27,Saturday,شنبه
3465,"30,419","29,803","30,610","30,227",145,0.48%,2013-10-16,1392/07/24,Wednesday,چهارشنبه
3466,"30,385","30,004","30,816","30,372",22,0.07%,2013-10-14,1392/07/22,Monday,دوشنبه
3467,"30,300","30,150","30,350","30,350",200,0.66%,2013-10-13,1392/07/21,Sunday,یکشنبه
3468,"30,400","30,150","30,400","30,150",200,0.66%,2013-10-12,1392/07/20,Saturday,شنبه
3469,"30,430","29,800","30,910","30,350",50,0.16%,2013-10-09,1392/07/17,Wednesday,چهارشنبه
3470,"30,400","30,350","30,400","30,350",150,0.49%,2013-10-08,1392/07/16,Tuesday,سه‌شنبه
3471,"30,450","30,400","30,500","30,500",50,0.16%,2013-10-07,1392/07/15,Monday,دوشنبه
3472,"30,550","30,350","30,550","30,450",100,0.33%,2013-10-06,1392/07/14,Sunday,یکشنبه
3473,"30,800","30,550","30,800","30,550",31,0.1%,2013-10-05,1392/07/13,Saturday,شنبه
3474,"30,324","29,963","30,811","30,519",169,0.56%,2013-10-02,1392/07/10,Wednesday,چهارشنبه
3475,"30,700","30,500","30,700","30,550",-,-,2013-10-01,1392/07/09,Tuesday,سه‌شنبه
3476,"30,500","30,400","30,550","30,550",200,0.66%,2013-09-30,1392/07/08,Monday,دوشنبه
3477,"30,650","30,250","30,650","30,350",300,0.99%,2013-09-29,1392/07/07,Sunday,یکشنبه
3478,"30,700","30,550","31,000","30,650",200,0.66%,2013-09-28,1392/07/06,Saturday,شنبه
3479,"30,680","30,230","30,830","30,450",50,0.16%,2013-09-25,1392/07/03,Wednesday,چهارشنبه
3480,"29,700","29,700","31,250","30,700",1350,4.6%,2013-09-24,1392/07/02,Tuesday,سه‌شنبه
3481,"29,150","29,150","29,500","29,350",-,-,2013-09-23,1392/07/01,Monday,دوشنبه
3482,"29,400","29,250","29,550","29,350",50,0.17%,2013-09-22,1392/06/31,Sunday,یکشنبه
3483,"29,300","29,000","29,500","29,300",830,2.83%,2013-09-21,1392/06/30,Saturday,شنبه
3484,"30,670","29,710","31,210","30,130",670,2.22%,2013-09-18,1392/06/27,Wednesday,چهارشنبه
3485,"30,700","30,700","30,850","30,800",200,0.65%,2013-09-17,1392/06/26,Tuesday,سه‌شنبه
3486,"30,900","30,600","31,050","30,600",700,2.29%,2013-09-16,1392/06/25,Monday,دوشنبه
3487,"31,600","31,200","31,600","31,300",400,1.28%,2013-09-15,1392/06/24,Sunday,یکشنبه
3488,"31,800","31,700","31,800","31,700",20,0.06%,2013-09-14,1392/06/23,Saturday,شنبه
3489,"31,750","31,520","32,170","31,720",80,0.25%,2013-09-11,1392/06/20,Wednesday,چهارشنبه
3490,"31,900","31,750","32,050","31,800",200,0.63%,2013-09-10,1392/06/19,Tuesday,سه‌شنبه
3491,"32,750","32,000","32,750","32,000",850,2.66%,2013-09-09,1392/06/18,Monday,دوشنبه
3492,"32,850","32,800","32,950","32,850",50,0.15%,2013-09-08,1392/06/17,Sunday,یکشنبه
3493,"32,700","32,700","32,900","32,900",130,0.4%,2013-09-07,1392/06/16,Saturday,شنبه
3494,"33,060","32,700","33,570","33,030",170,0.51%,2013-09-04,1392/06/13,Wednesday,چهارشنبه
3495,"32,800","32,800","33,300","33,050",470,1.44%,2013-09-03,1392/06/12,Tuesday,سه‌شنبه
3496,"32,520","31,920","33,000","32,580",180,0.56%,2013-08-31,1392/06/09,Saturday,شنبه
3497,"32,450","31,960","33,100","32,530",130,0.4%,2013-08-28,1392/06/06,Wednesday,چهارشنبه
3498,"31,800","31,800","33,000","33,000",1250,3.94%,2013-08-27,1392/06/05,Tuesday,سه‌شنبه
3499,"31,250","31,250","31,800","31,750",500,1.6%,2013-08-26,1392/06/04,Monday,دوشنبه
3500,"31,350","31,150","31,350","31,250",50,0.16%,2013-08-25,1392/06/03,Sunday,یکشنبه
3501,"31,300","31,150","31,300","31,200",-,-,2013-08-24,1392/06/02,Saturday,شنبه
3502,"31,230","30,790","31,470","31,200",-,-,2013-08-21,1392/05/30,Wednesday,چهارشنبه
3503,"30,900","30,800","31,000","30,950",50,0.16%,2013-08-20,1392/05/29,Tuesday,سه‌شنبه
3504,"31,450","31,000","31,450","31,000",450,1.45%,2013-08-19,1392/05/28,Monday,دوشنبه
3505,"31,650","31,450","31,700","31,450",130,0.41%,2013-08-18,1392/05/27,Sunday,یکشنبه
3506,"31,650","31,550","31,650","31,580",120,0.38%,2013-08-17,1392/05/26,Saturday,شنبه
3507,"31,900","31,400","32,500","31,700",300,0.95%,2013-08-14,1392/05/23,Wednesday,چهارشنبه
3508,"31,900","31,800","31,950","31,950",-,-,2013-08-13,1392/05/22,Tuesday,سه‌شنبه
3509,"32,100","31,900","32,100","31,950",300,0.94%,2013-08-12,1392/05/21,Monday,دوشنبه
3510,"32,300","32,200","32,400","32,250",69,0.21%,2013-08-11,1392/05/20,Sunday,یکشنبه
3511,"32,256","31,823","32,762","32,181",31,0.1%,2013-08-07,1392/05/16,Wednesday,چهارشنبه
3512,"32,050","32,050","32,350","32,250",350,1.1%,2013-08-06,1392/05/15,Tuesday,سه‌شنبه
3513,"31,900","31,750","31,950","31,900",100,0.31%,2013-08-05,1392/05/14,Monday,دوشنبه
3514,"32,150","31,900","32,200","32,000",400,1.25%,2013-08-04,1392/05/13,Sunday,یکشنبه
3515,"32,650","32,400","32,800","32,400",480,1.5%,2013-08-03,1392/05/12,Saturday,شنبه
3516,"31,850","31,580","32,340","31,920",120,0.38%,2013-07-31,1392/05/09,Wednesday,چهارشنبه
3517,"31,740","31,200","32,070","31,700",-,-,2013-07-28,1392/05/06,Sunday,یکشنبه
3518,"31,900","31,700","31,900","31,800",130,0.41%,2013-07-27,1392/05/05,Saturday,شنبه
3519,"31,500","31,010","31,940","31,670",70,0.22%,2013-07-24,1392/05/02,Wednesday,چهارشنبه
3520,"31,300","31,200","31,650","31,650",450,1.44%,2013-07-23,1392/05/01,Tuesday,سه‌شنبه
3521,"31,450","31,150","31,450","31,200",400,1.28%,2013-07-22,1392/04/31,Monday,دوشنبه
3522,"31,850","31,450","31,850","31,600",450,1.44%,2013-07-21,1392/04/30,Sunday,یکشنبه
3523,"30,800","30,700","31,150","31,150",450,1.44%,2013-07-20,1392/04/29,Saturday,شنبه
3524,"31,622","31,233","31,973","31,600",50,0.16%,2013-07-17,1392/04/26,Wednesday,چهارشنبه
3525,"32,500","32,100","32,500","32,150",450,1.4%,2013-07-16,1392/04/25,Tuesday,سه‌شنبه
3526,"32,550","32,550","32,600","32,600",-,-,2013-07-15,1392/04/24,Monday,دوشنبه
3527,"32,750","32,550","32,750","32,600",100,0.31%,2013-07-14,1392/04/23,Sunday,یکشنبه
3528,"32,700","32,350","32,700","32,700",414,1.27%,2013-07-13,1392/04/22,Saturday,شنبه
3529,"33,114","32,888","33,471","33,114",36,0.11%,2013-07-10,1392/04/19,Wednesday,چهارشنبه
3530,"33,050","32,900","33,050","33,000",100,0.3%,2013-07-09,1392/04/18,Tuesday,سه‌شنبه
3531,"33,150","32,950","33,150","33,100",250,0.76%,2013-07-08,1392/04/17,Monday,دوشنبه
3532,"33,350","33,300","33,500","33,350",400,1.21%,2013-07-07,1392/04/16,Sunday,یکشنبه
3533,"33,200","32,950","33,200","32,950",508,1.54%,2013-07-06,1392/04/15,Saturday,شنبه
3534,"33,541","33,247","33,728","33,458",192,0.57%,2013-07-03,1392/04/12,Wednesday,چهارشنبه
3535,"33,550","33,400","33,650","33,600",100,0.3%,2013-07-02,1392/04/11,Tuesday,سه‌شنبه
3536,"34,000","33,700","34,000","33,700",200,0.59%,2013-07-01,1392/04/10,Monday,دوشنبه
3537,"34,100","33,750","34,100","33,900",400,1.19%,2013-06-30,1392/04/09,Sunday,یکشنبه
3538,"33,600","33,400","33,600","33,500",280,0.84%,2013-06-29,1392/04/08,Saturday,شنبه
3539,"33,560","33,020","34,070","33,220",380,1.14%,2013-06-26,1392/04/05,Wednesday,چهارشنبه
3540,"32,400","32,400","33,200","32,950",400,1.23%,2013-06-25,1392/04/04,Tuesday,سه‌شنبه
3541,"30,710","30,130","33,230","32,550",1650,5.34%,2013-06-22,1392/04/01,Saturday,شنبه
3542,"33,300","31,900","33,400","32,200",800,2.48%,2013-06-19,1392/03/29,Wednesday,چهارشنبه
3543,"34,400","33,900","34,400","34,000",500,1.47%,2013-06-18,1392/03/28,Tuesday,سه‌شنبه
3544,"35,000","34,500","35,000","34,500",50,0.14%,2013-06-17,1392/03/27,Monday,دوشنبه
3545,"35,000","34,500","35,000","34,550",550,1.59%,2013-06-16,1392/03/26,Sunday,یکشنبه
3546,"34,400","34,400","35,200","35,100",560,1.6%,2013-06-15,1392/03/25,Saturday,شنبه
3547,"36,220","35,120","36,830","35,660",640,1.79%,2013-06-12,1392/03/22,Wednesday,چهارشنبه
3548,"35,950","35,950","36,450","36,450",600,1.67%,2013-06-11,1392/03/21,Tuesday,سه‌شنبه
3549,"35,950","35,850","36,000","35,850",350,0.98%,2013-06-10,1392/03/20,Monday,دوشنبه
3550,"36,300","36,200","36,300","36,200",100,0.28%,2013-06-09,1392/03/19,Sunday,یکشنبه
3551,"36,650","36,300","36,650","36,300",159,0.44%,2013-06-08,1392/03/18,Saturday,شنبه
3552,"36,405","36,182","36,747","36,459",19,0.05%,2013-06-05,1392/03/15,Wednesday,چهارشنبه
3553,"36,378","36,163","36,944","36,478",128,0.35%,2013-06-02,1392/03/12,Sunday,یکشنبه
3554,"36,480","36,280","36,500","36,280",60,0.17%,2013-06-01,1392/03/11,Saturday,شنبه
3555,"36,310","36,070","36,680","36,340",140,0.39%,2013-05-29,1392/03/08,Wednesday,چهارشنبه
3556,"36,900","36,480","36,900","36,580",270,0.74%,2013-05-28,1392/03/07,Tuesday,سه‌شنبه
3557,"36,300","36,300","36,850","36,850",570,1.57%,2013-05-27,1392/03/06,Monday,دوشنبه
3558,"36,100","36,100","36,280","36,280",130,0.36%,2013-05-26,1392/03/05,Sunday,یکشنبه
3559,"35,850","35,850","36,280","36,150",489,1.37%,2013-05-25,1392/03/04,Saturday,شنبه
3560,"35,523","35,100","36,352","35,661",211,0.6%,2013-05-22,1392/03/01,Wednesday,چهارشنبه
3561,"35,600","35,450","35,700","35,650",750,2.15%,2013-05-21,1392/02/31,Tuesday,سه‌شنبه
3562,"35,000","34,900","35,000","34,900",200,0.58%,2013-05-20,1392/02/30,Monday,دوشنبه
3563,"34,550","34,500","34,750","34,700",50,0.14%,2013-05-19,1392/02/29,Sunday,یکشنبه
3564,"34,800","34,750","34,900","34,750",305,0.88%,2013-05-18,1392/02/28,Saturday,شنبه
3565,"35,147","34,616","35,681","35,055",95,0.27%,2013-05-15,1392/02/25,Wednesday,چهارشنبه
3566,"35,000","34,750","35,050","35,050",200,0.57%,2013-05-14,1392/02/24,Tuesday,سه‌شنبه
3567,"35,270","35,250","35,300","35,250",50,0.14%,2013-05-13,1392/02/23,Monday,دوشنبه
3568,"34,850","34,850","35,300","35,300",400,1.15%,2013-05-12,1392/02/22,Sunday,یکشنبه
3569,"34,850","34,700","34,900","34,900",123,0.35%,2013-05-11,1392/02/21,Saturday,شنبه
3570,"35,336","34,335","35,593","34,777",573,1.65%,2013-05-08,1392/02/18,Wednesday,چهارشنبه
3571,"35,650","35,450","35,650","35,450",150,0.42%,2013-05-07,1392/02/17,Tuesday,سه‌شنبه
3572,"35,650","35,550","35,650","35,600",100,0.28%,2013-05-06,1392/02/16,Monday,دوشنبه
3573,"35,850","35,700","35,850","35,700",300,0.84%,2013-05-05,1392/02/15,Sunday,یکشنبه
3574,"35,800","35,750","36,000","36,000",438,1.23%,2013-05-04,1392/02/14,Saturday,شنبه
3575,"35,665","34,854","36,331","35,562",12,0.03%,2013-05-01,1392/02/11,Wednesday,چهارشنبه
3576,"35,750","35,700","35,750","35,700",100,0.28%,2013-04-30,1392/02/10,Tuesday,سه‌شنبه
3577,"35,950","35,800","35,950","35,800",100,0.28%,2013-04-29,1392/02/09,Monday,دوشنبه
3578,"35,800","35,800","36,100","35,900",50,0.14%,2013-04-28,1392/02/08,Sunday,یکشنبه
3579,"35,700","35,600","35,850","35,850",54,0.15%,2013-04-27,1392/02/07,Saturday,شنبه
3580,"36,294","35,473","36,591","35,904",246,0.69%,2013-04-24,1392/02/04,Wednesday,چهارشنبه
3581,"35,650","35,650","36,400","36,400",800,2.25%,2013-04-23,1392/02/03,Tuesday,سه‌شنبه
3582,"35,600","35,450","35,600","35,600",100,0.28%,2013-04-22,1392/02/02,Monday,دوشنبه
3583,"35,450","35,400","35,500","35,500",150,0.42%,2013-04-21,1392/02/01,Sunday,یکشنبه
3584,"35,150","35,150","35,350","35,350",60,0.17%,2013-04-20,1392/01/31,Saturday,شنبه
3585,"35,440","34,960","35,690","35,290",10,0.03%,2013-04-17,1392/01/28,Wednesday,چهارشنبه
3586,"35,100","35,100","35,250","35,250",200,0.57%,2013-04-16,1392/01/27,Tuesday,سه‌شنبه
3587,"35,200","35,000","35,200","35,050",77,0.22%,2013-04-15,1392/01/26,Monday,دوشنبه
3588,"35,131","34,389","35,320","35,127",29,0.08%,2013-04-12,1392/01/23,Friday,جمعه
3589,"35,243","34,831","35,969","35,098",48,0.14%,2013-04-10,1392/01/21,Wednesday,چهارشنبه
3590,"35,500","35,150","35,500","35,150",250,0.71%,2013-04-09,1392/01/20,Tuesday,سه‌شنبه
3591,"35,400","35,400","35,650","35,400",-,-,2013-04-08,1392/01/19,Monday,دوشنبه
3592,"36,150","35,400","36,150","35,400",950,2.68%,2013-04-07,1392/01/18,Sunday,یکشنبه
3593,"36,000","35,950","36,400","36,350",1401,4.01%,2013-04-06,1392/01/17,Saturday,شنبه
3594,"34,288","33,797","35,389","34,949",474,1.37%,2013-04-03,1392/01/14,Wednesday,چهارشنبه
3595,"34,326","33,687","34,885","34,475",392,1.14%,2013-04-02,1392/01/13,Tuesday,سه‌شنبه
3596,"34,322","33,820","35,456","34,867",623,1.82%,2013-03-30,1392/01/10,Saturday,شنبه
3597,"34,117","33,844","34,500","34,244",26,0.08%,2013-03-29,1392/01/09,Friday,جمعه
3598,"34,346","33,537","34,555","34,218",141,0.41%,2013-03-27,1392/01/07,Wednesday,چهارشنبه
3599,"34,150","33,436","34,703","34,077",244,0.72%,2013-03-26,1392/01/06,Tuesday,سه‌شنبه
3600,"34,210","33,501","34,791","34,321",637,1.86%,2013-03-25,1392/01/05,Monday,دوشنبه
3601,"34,220","33,942","35,408","34,958",453,1.31%,2013-03-24,1392/01/04,Sunday,یکشنبه
3602,"34,470","33,952","34,791","34,505",455,1.34%,2013-03-17,1391/12/27,Sunday,یکشنبه
3603,"33,400","33,400","34,200","34,100",700,2.1%,2013-03-16,1391/12/26,Saturday,شنبه
3604,"34,000","33,100","34,500","33,400",600,1.8%,2013-03-13,1391/12/23,Wednesday,چهارشنبه
3605,"34,300","34,100","34,450","34,400",350,1.02%,2013-03-12,1391/12/22,Tuesday,سه‌شنبه
3606,"35,050","34,700","35,050","34,750",350,1.01%,2013-03-11,1391/12/21,Monday,دوشنبه
3607,"35,300","34,900","35,500","35,100",350,1.01%,2013-03-10,1391/12/20,Sunday,یکشنبه
3608,"34,850","34,450","34,850","34,750",870,2.5%,2013-03-09,1391/12/19,Saturday,شنبه
3609,"35,550","34,910","36,230","35,620",80,0.22%,2013-03-06,1391/12/16,Wednesday,چهارشنبه
3610,"34,800","34,800","35,900","35,900",1500,4.36%,2013-03-05,1391/12/15,Tuesday,سه‌شنبه
3611,"33,300","33,300","34,700","34,400",1350,4.08%,2013-03-04,1391/12/14,Monday,دوشنبه
3612,"33,900","32,850","33,900","33,050",1850,5.6%,2013-03-03,1391/12/13,Sunday,یکشنبه
3613,"36,100","34,900","36,100","34,900",1713,4.91%,2013-03-02,1391/12/12,Saturday,شنبه
3614,"36,916","36,342","37,569","36,613",137,0.37%,2013-02-27,1391/12/09,Wednesday,چهارشنبه
3615,"37,900","37,050","37,900","37,050",600,1.62%,2013-02-26,1391/12/08,Tuesday,سه‌شنبه
3616,"37,450","37,450","37,850","37,650",190,0.51%,2013-02-25,1391/12/07,Monday,دوشنبه
3617,"36,890","36,890","37,460","37,460",710,1.93%,2013-02-24,1391/12/06,Sunday,یکشنبه
3618,"36,650","36,550","36,750","36,750",2,0.01%,2013-02-23,1391/12/05,Saturday,شنبه
3619,"36,922","36,483","37,409","36,752",2,0.01%,2013-02-20,1391/12/02,Wednesday,چهارشنبه
3620,"36,800","36,800","37,100","36,900",350,0.95%,2013-02-19,1391/12/01,Tuesday,سه‌شنبه
3621,"37,400","37,250","37,500","37,250",150,0.4%,2013-02-18,1391/11/30,Monday,دوشنبه
3622,"36,600","36,600","37,100","37,100",300,0.82%,2013-02-17,1391/11/29,Sunday,یکشنبه
3623,"37,000","36,800","37,000","36,800",570,1.55%,2013-02-16,1391/11/28,Saturday,شنبه
3624,"37,220","36,730","37,630","37,370",130,0.35%,2013-02-13,1391/11/25,Wednesday,چهارشنبه
3625,"36,000","35,900","36,500","36,500",700,1.92%,2013-02-12,1391/11/24,Tuesday,سه‌شنبه
3626,"37,500","37,200","37,500","37,200",750,2.02%,2013-02-11,1391/11/23,Monday,دوشنبه
3627,"38,250","37,710","38,640","37,950",460,1.21%,2013-02-08,1391/11/20,Friday,جمعه
3628,"38,160","37,880","39,110","38,410",210,0.55%,2013-02-06,1391/11/18,Wednesday,چهارشنبه
3629,"37,700","37,150","37,700","37,150",1350,3.63%,2013-02-05,1391/11/17,Tuesday,سه‌شنبه
3630,"38,900","38,500","38,900","38,500",250,0.65%,2013-02-04,1391/11/16,Monday,دوشنبه
3631,"37,700","37,700","38,250","38,250",150,0.39%,2013-02-03,1391/11/15,Sunday,یکشنبه
3632,"38,100","37,800","38,100","38,100",730,1.92%,2013-02-02,1391/11/14,Saturday,شنبه
3633,"39,060","38,370","39,520","38,830",70,0.18%,2013-01-30,1391/11/11,Wednesday,چهارشنبه
3634,"36,600","36,600","36,600","36,600",100,0.27%,2013-01-28,1391/11/09,Monday,دوشنبه
3635,"36,300","36,000","36,710","36,500",20,0.05%,2013-01-27,1391/11/08,Sunday,یکشنبه
3636,"35,600","35,600","36,520","36,520",1097,3.1%,2013-01-26,1391/11/07,Saturday,شنبه
3637,"35,014","34,775","35,695","35,423",173,0.49%,2013-01-23,1391/11/04,Wednesday,چهارشنبه
3638,"36,500","34,960","36,500","35,600",590,1.66%,2013-01-22,1391/11/03,Tuesday,سه‌شنبه
3639,"35,240","35,240","36,500","36,190",2090,6.13%,2013-01-21,1391/11/02,Monday,دوشنبه
3640,"33,300","33,300","34,350","34,100",777,2.33%,2013-01-19,1391/10/30,Saturday,شنبه
3641,"33,111","32,594","33,669","33,323",273,0.83%,2013-01-16,1391/10/27,Wednesday,چهارشنبه
3642,"33,300","33,010","33,300","33,050",-,-,2013-01-15,1391/10/26,Tuesday,سه‌شنبه
3643,"32,930","32,900","33,100","33,050",150,0.46%,2013-01-14,1391/10/25,Monday,دوشنبه
3644,"32,900","32,850","32,950","32,900",100,0.3%,2013-01-13,1391/10/24,Sunday,یکشنبه
3645,"32,730","32,180","33,450","32,800",-,-,2013-01-09,1391/10/20,Wednesday,چهارشنبه
3646,"32,550","32,550","33,250","32,850",190,0.58%,2013-01-08,1391/10/19,Tuesday,سه‌شنبه
3647,"32,420","32,400","32,660","32,660",310,0.96%,2013-01-07,1391/10/18,Monday,دوشنبه
3648,"32,400","32,300","32,400","32,350",110,0.34%,2013-01-06,1391/10/17,Sunday,یکشنبه
3649,"32,400","32,330","32,460","32,460",82,0.25%,2013-01-05,1391/10/16,Saturday,شنبه
3650,"32,350","32,110","32,539","32,378",72,0.22%,2013-01-01,1391/10/12,Tuesday,سه‌شنبه
3651,"32,400","32,400","32,550","32,400",-,-,2012-12-31,1391/10/11,Monday,دوشنبه
3652,"32,900","32,400","32,900","32,400",100,0.31%,2012-12-30,1391/10/10,Sunday,یکشنبه
3653,"31,950","31,600","32,300","32,300",280,0.87%,2012-12-29,1391/10/09,Saturday,شنبه
3654,"32,840","32,070","33,480","32,580",20,0.06%,2012-12-26,1391/10/06,Wednesday,چهارشنبه
3655,"32,640","32,480","33,280","32,750",570,1.74%,2012-12-25,1391/10/05,Tuesday,سه‌شنبه
3656,"34,200","33,320","34,200","33,320",-,-,2012-12-24,1391/10/04,Monday,دوشنبه
3657,"33,500","33,320","33,500","33,320",920,2.84%,2012-12-23,1391/10/03,Sunday,یکشنبه
3658,"31,800","31,800","32,400","32,400",1300,4.18%,2012-12-22,1391/10/02,Saturday,شنبه
3659,"31,400","30,900","31,900","31,100",100,0.32%,2012-12-19,1391/09/29,Wednesday,چهارشنبه
3660,"31,250","30,850","31,350","30,850",250,0.81%,2012-12-18,1391/09/28,Tuesday,سه‌شنبه
3661,"30,900","30,900","31,100","31,100",770,2.54%,2012-12-17,1391/09/27,Monday,دوشنبه
3662,"30,000","30,000","30,330","30,330",330,1.1%,2012-12-16,1391/09/26,Sunday,یکشنبه
3663,"30,000","30,000","30,000","30,000",270,0.91%,2012-12-15,1391/09/25,Saturday,شنبه
3664,"29,970","29,170","30,150","29,730",470,1.58%,2012-12-12,1391/09/22,Wednesday,چهارشنبه
3665,"29,950","29,950","29,950","29,950",150,0.5%,2012-12-11,1391/09/21,Tuesday,سه‌شنبه
3666,"30,100","30,100","30,100","30,100",300,1.01%,2012-12-10,1391/09/20,Monday,دوشنبه
3667,"29,800","29,800","29,800","29,800",800,2.76%,2012-12-09,1391/09/19,Sunday,یکشنبه
3668,"29,000","29,000","29,000","29,000",300,1.03%,2012-12-08,1391/09/18,Saturday,شنبه
3669,"29,300","29,300","29,300","29,300",-,-,2012-12-06,1391/09/16,Thursday,پنج‌شنبه
3670,"29,300","29,300","29,300","29,300",-,-,2012-12-05,1391/09/15,Wednesday,چهارشنبه
3671,"29,300","29,300","29,300","29,300",200,0.69%,2012-12-04,1391/09/14,Tuesday,سه‌شنبه
3672,"29,100","29,100","29,100","29,100",200,0.69%,2012-12-03,1391/09/13,Monday,دوشنبه
3673,"29,300","29,300","29,300","29,300",-,-,2012-12-02,1391/09/12,Sunday,یکشنبه
3674,"29,300","29,300","29,300","29,300",250,0.86%,2012-12-01,1391/09/11,Saturday,شنبه
3675,"28,810","28,270","29,630","29,050",350,1.22%,2012-11-28,1391/09/08,Wednesday,چهارشنبه
3676,"29,000","29,000","29,000","29,000",1000,3.57%,2012-11-27,1391/09/07,Tuesday,سه‌شنبه
3677,"28,000","28,000","28,000","28,000",1000,3.57%,2012-11-26,1391/09/06,Monday,دوشنبه
3678,"29,000","29,000","29,000","29,000",-,-,2012-11-22,1391/09/02,Thursday,پنج‌شنبه
3679,"28,400","28,400","29,000","29,000",600,2.11%,2012-11-21,1391/09/01,Wednesday,چهارشنبه
3680,"28,400","28,400","28,400","28,400",1900,7.17%,2012-11-20,1391/08/30,Tuesday,سه‌شنبه
3681,"26,500","26,500","26,500","26,500",1500,5.66%,2012-11-19,1391/08/29,Monday,دوشنبه
3682,"28,000","28,000","28,000","28,000",500,1.79%,2012-11-18,1391/08/28,Sunday,یکشنبه
3683,"28,500","28,500","28,500","28,500",1300,4.56%,2012-11-17,1391/08/27,Saturday,شنبه
3684,"29,800","29,800","29,800","29,800",-,-,2012-11-15,1391/08/25,Thursday,پنج‌شنبه
3685,"29,800","29,800","29,800","29,800",-,-,2012-11-14,1391/08/24,Wednesday,چهارشنبه
3686,"29,800","29,800","29,800","29,800",200,0.67%,2012-11-13,1391/08/23,Tuesday,سه‌شنبه
3687,"30,000","30,000","30,000","30,000",500,1.67%,2012-11-12,1391/08/22,Monday,دوشنبه
3688,"30,500","30,500","30,500","30,500",200,0.66%,2012-11-11,1391/08/21,Sunday,یکشنبه
3689,"30,700","30,700","30,700","30,700",1100,3.58%,2012-11-10,1391/08/20,Saturday,شنبه
3690,"31,800","31,800","31,800","31,800",-,-,2012-11-08,1391/08/18,Thursday,پنج‌شنبه
3691,"31,800","31,800","31,800","31,800",-,-,2012-11-07,1391/08/17,Wednesday,چهارشنبه
3692,"31,800","31,800","31,800","31,800",200,0.63%,2012-11-06,1391/08/16,Tuesday,سه‌شنبه
3693,"32,000","32,000","32,000","32,000",2500,8.47%,2012-11-05,1391/08/15,Monday,دوشنبه
3694,"29,500","29,500","29,500","29,500",3400,11.53%,2012-11-04,1391/08/14,Sunday,یکشنبه
3695,"32,900","32,900","32,900","32,900",-,-,2012-11-01,1391/08/11,Thursday,پنج‌شنبه
3696,"32,900","32,900","32,900","32,900",-,-,2012-10-31,1391/08/10,Wednesday,چهارشنبه
3697,"32,900","32,900","32,900","32,900",100,0.3%,2012-10-30,1391/08/09,Tuesday,سه‌شنبه
3698,"33,000","33,000","33,000","33,000",400,1.21%,2012-10-29,1391/08/08,Monday,دوشنبه
3699,"33,400","33,400","33,400","33,400",500,1.52%,2012-10-28,1391/08/07,Sunday,یکشنبه
3700,"32,900","32,900","32,900","32,900",1100,3.34%,2012-10-27,1391/08/06,Saturday,شنبه
3701,"34,000","34,000","34,000","34,000",-,-,2012-10-25,1391/08/04,Thursday,پنج‌شنبه
3702,"34,000","34,000","34,000","34,000",-,-,2012-10-24,1391/08/03,Wednesday,چهارشنبه
3703,"34,000","34,000","34,000","34,000",1300,3.98%,2012-10-23,1391/08/02,Tuesday,سه‌شنبه
3704,"33,000","32,700","33,000","32,700",3300,10.09%,2012-10-22,1391/08/01,Monday,دوشنبه
3705,"36,000","36,000","36,000","36,000",600,1.69%,2012-10-21,1391/07/30,Sunday,یکشنبه
3706,"35,500","35,000","35,500","35,400",440,1.24%,2012-10-20,1391/07/29,Saturday,شنبه
3707,"35,040","34,720","36,070","35,840",540,1.53%,2012-10-17,1391/07/26,Wednesday,چهارشنبه
3708,"33,350","33,350","33,350","33,350",2650,7.95%,2012-10-16,1391/07/25,Tuesday,سه‌شنبه
3709,"36,000","36,000","36,000","36,000",800,2.27%,2012-10-15,1391/07/24,Monday,دوشنبه
3710,"34,600","34,600","35,400","35,200",1200,3.53%,2012-10-14,1391/07/23,Sunday,یکشنبه
3711,"33,700","33,500","34,200","34,000",52,0.15%,2012-10-13,1391/07/22,Saturday,شنبه
3712,"33,409","33,014","34,494","33,948",698,2.1%,2012-10-10,1391/07/19,Wednesday,چهارشنبه
3713,"32,200","31,250","33,500","33,000",-,-,2012-10-09,1391/07/18,Tuesday,سه‌شنبه
3714,"34,000","33,000","34,500","33,000",400,1.21%,2012-10-08,1391/07/17,Monday,دوشنبه
3715,"30,670","30,670","33,400","33,400",3400,11.33%,2012-10-07,1391/07/16,Sunday,یکشنبه
3716,"29,800","28,500","31,200","30,000",-,-,2012-10-06,1391/07/15,Saturday,شنبه
3717,"30,000","29,000","30,000","30,000",-,-,2012-10-03,1391/07/12,Wednesday,چهارشنبه
3718,"35,700","30,000","36,300","34,000",2100,6.18%,2012-10-02,1391/07/11,Tuesday,سه‌شنبه
3719,"33,300","33,300","36,100","36,100",1400,4.03%,2012-10-01,1391/07/10,Monday,دوشنبه
3720,"29,680","29,680","34,700","34,700",4900,16.44%,2012-09-30,1391/07/09,Sunday,یکشنبه
3721,"29,600","29,410","29,800","29,800",2850,10.58%,2012-09-29,1391/07/08,Saturday,شنبه
3722,"26,880","26,360","27,440","26,950",50,0.19%,2012-09-26,1391/07/05,Wednesday,چهارشنبه
3723,"26,150","26,120","26,460","26,300",820,3.22%,2012-09-25,1391/07/04,Tuesday,سه‌شنبه
3724,"25,310","25,310","26,530","25,480",280,1.11%,2012-09-24,1391/07/03,Monday,دوشنبه
3725,"24,600","24,600","25,300","25,200",440,1.78%,2012-09-23,1391/07/02,Sunday,یکشنبه
3726,"24,660","24,510","24,780","24,760",287,1.17%,2012-09-22,1391/07/01,Saturday,شنبه
3727,"24,685","24,262","24,884","24,473",93,0.38%,2012-09-19,1391/06/29,Wednesday,چهارشنبه
3728,"24,210","23,990","24,360","24,280",80,0.33%,2012-09-18,1391/06/28,Tuesday,سه‌شنبه
3729,"24,700","24,300","24,820","24,360",570,2.34%,2012-09-17,1391/06/27,Monday,دوشنبه
3730,"24,470","24,470","25,240","24,930",460,1.88%,2012-09-16,1391/06/26,Sunday,یکشنبه
3731,"24,350","24,320","24,550","24,470",275,1.14%,2012-09-15,1391/06/25,Saturday,شنبه
3732,"23,865","23,686","24,378","24,195",539,2.23%,2012-09-12,1391/06/22,Wednesday,چهارشنبه
3733,"24,946","24,320","25,225","24,734",16,0.06%,2012-09-10,1391/06/20,Monday,دوشنبه
3734,"24,900","24,900","26,300","25,600",1120,4.58%,2012-09-09,1391/06/19,Sunday,یکشنبه
3735,"23,140","23,140","24,480","24,480",2104,9.4%,2012-09-08,1391/06/18,Saturday,شنبه
3736,"22,441","22,143","22,871","22,376",166,0.75%,2012-09-05,1391/06/15,Wednesday,چهارشنبه
3737,"21,820","21,810","22,190","22,180",360,1.65%,2012-09-04,1391/06/14,Tuesday,سه‌شنبه
3738,"21,820","21,750","21,910","21,820",90,0.41%,2012-09-03,1391/06/13,Monday,دوشنبه
3739,"21,500","21,330","21,730","21,730",140,0.65%,2012-09-02,1391/06/12,Sunday,یکشنبه
3740,"21,780","21,590","21,780","21,590",324,1.5%,2012-09-01,1391/06/11,Saturday,شنبه
3741,"21,894","21,716","22,266","21,914",83,0.38%,2012-08-29,1391/06/08,Wednesday,چهارشنبه
3742,"21,901","21,612","22,021","21,831",109,0.5%,2012-08-28,1391/06/07,Tuesday,سه‌شنبه
3743,"21,930","21,930","21,940","21,940",20,0.09%,2012-08-27,1391/06/06,Monday,دوشنبه
3744,"21,750","21,720","21,960","21,960",230,1.06%,2012-08-26,1391/06/05,Sunday,یکشنبه
3745,"22,000","21,650","22,000","21,730",29,0.13%,2012-08-25,1391/06/04,Saturday,شنبه
3746,"21,589","21,427","21,970","21,701",71,0.33%,2012-08-22,1391/06/01,Wednesday,چهارشنبه
3747,"21,360","21,290","21,360","21,360",120,0.56%,2012-08-21,1391/05/31,Tuesday,سه‌شنبه
3748,"21,230","20,960","21,680","21,240",11,0.05%,2012-08-17,1391/05/27,Friday,جمعه
3749,"21,291","21,059","21,738","21,251",9,0.04%,2012-08-15,1391/05/25,Wednesday,چهارشنبه
3750,"21,230","21,070","21,240","21,070",140,0.66%,2012-08-14,1391/05/24,Tuesday,سه‌شنبه
3751,"21,290","21,210","21,310","21,210",90,0.42%,2012-08-13,1391/05/23,Monday,دوشنبه
3752,"21,400","21,290","21,410","21,300",180,0.85%,2012-08-12,1391/05/22,Sunday,یکشنبه
3753,"21,390","21,370","21,520","21,480",208,0.98%,2012-08-11,1391/05/21,Saturday,شنبه
3754,"20,739","20,338","21,474","21,272",322,1.54%,2012-08-08,1391/05/18,Wednesday,چهارشنبه
3755,"21,970","20,850","21,970","20,850",1130,5.42%,2012-08-07,1391/05/17,Tuesday,سه‌شنبه
3756,"21,800","21,570","22,100","21,980",520,2.42%,2012-08-06,1391/05/16,Monday,دوشنبه
3757,"20,700","20,700","21,550","21,460",1020,4.99%,2012-08-05,1391/05/15,Sunday,یکشنبه
3758,"20,040","20,040","20,480","20,440",250,1.24%,2012-08-04,1391/05/14,Saturday,شنبه
3759,"20,072","19,947","20,397","20,190",-,-,2012-08-01,1391/05/11,Wednesday,چهارشنبه
3760,"19,820","19,800","20,080","20,070",360,1.83%,2012-07-31,1391/05/10,Tuesday,سه‌شنبه
3761,"19,710","19,630","19,710","19,710",30,0.15%,2012-07-30,1391/05/09,Monday,دوشنبه
3762,"19,500","19,500","19,680","19,680",210,1.08%,2012-07-29,1391/05/08,Sunday,یکشنبه
3763,"19,650","19,420","19,650","19,470",103,0.53%,2012-07-28,1391/05/07,Saturday,شنبه
3764,"19,443","19,279","19,835","19,573",3,0.02%,2012-07-25,1391/05/04,Wednesday,چهارشنبه
3765,"19,200","19,200","19,340","19,290",80,0.42%,2012-07-24,1391/05/03,Tuesday,سه‌شنبه
3766,"19,100","19,100","19,230","19,210",130,0.68%,2012-07-23,1391/05/02,Monday,دوشنبه
3767,"18,960","18,960","19,090","19,080",90,0.47%,2012-07-22,1391/05/01,Sunday,یکشنبه
3768,"19,070","18,980","19,080","18,990",110,0.58%,2012-07-21,1391/04/31,Saturday,شنبه
3769,"19,100","18,720","19,380","19,100",-,-,2012-07-18,1391/04/28,Wednesday,چهارشنبه
3770,"19,040","19,030","19,220","19,150",60,0.31%,2012-07-17,1391/04/27,Tuesday,سه‌شنبه
3771,"19,280","19,090","19,280","19,090",110,0.58%,2012-07-16,1391/04/26,Monday,دوشنبه
3772,"18,900","18,900","19,200","19,200",180,0.95%,2012-07-15,1391/04/25,Sunday,یکشنبه
3773,"19,130","19,010","19,130","19,020",195,1.03%,2012-07-14,1391/04/24,Saturday,شنبه
3774,"19,322","19,038","19,457","19,215",5,0.03%,2012-07-11,1391/04/21,Wednesday,چهارشنبه
3775,"19,330","19,100","19,340","19,140",220,1.15%,2012-07-10,1391/04/20,Tuesday,سه‌شنبه
3776,"19,200","19,200","19,460","19,360",230,1.2%,2012-07-09,1391/04/19,Monday,دوشنبه
3777,"19,020","18,810","19,160","19,130",30,0.16%,2012-07-08,1391/04/18,Sunday,یکشنبه
3778,"19,390","19,040","19,390","19,100",411,2.15%,2012-07-07,1391/04/17,Saturday,شنبه
3779,"19,699","19,364","19,844","19,511",169,0.87%,2012-07-03,1391/04/13,Tuesday,سه‌شنبه
3780,"19,410","19,400","19,760","19,760",330,1.7%,2012-07-02,1391/04/12,Monday,دوشنبه
3781,"19,460","19,280","19,560","19,430",100,0.51%,2012-07-01,1391/04/11,Sunday,یکشنبه
3782,"19,890","19,520","19,890","19,530",620,3.17%,2012-06-30,1391/04/10,Saturday,شنبه
3783,"20,150","20,150","20,150","20,150",-,-,2012-06-28,1391/04/08,Thursday,پنج‌شنبه
3784,"20,150","20,150","20,150","20,150",750,3.87%,2012-06-27,1391/04/07,Wednesday,چهارشنبه
3785,"19,400","19,400","19,400","19,400",200,1.04%,2012-06-26,1391/04/06,Tuesday,سه‌شنبه
3786,"19,200","19,200","19,200","19,200",250,1.32%,2012-06-25,1391/04/05,Monday,دوشنبه
3787,"18,950","18,950","18,950","18,950",100,0.53%,2012-06-24,1391/04/04,Sunday,یکشنبه
3788,"19,050","19,050","19,050","19,050",290,1.55%,2012-06-23,1391/04/03,Saturday,شنبه
3789,"18,620","18,240","19,150","18,760",460,2.51%,2012-06-20,1391/03/31,Wednesday,چهارشنبه
3790,"18,280","18,280","18,280","18,280",280,1.56%,2012-06-19,1391/03/30,Tuesday,سه‌شنبه
3791,"18,000","17,700","18,300","18,000",-,-,2012-06-16,1391/03/27,Saturday,شنبه
3792,"17,840","17,650","17,970","17,830",30,0.17%,2012-06-13,1391/03/24,Wednesday,چهارشنبه
3793,"17,600","17,600","17,600","17,600",300,1.7%,2012-06-12,1391/03/23,Tuesday,سه‌شنبه
3794,"17,900","17,900","17,900","17,900",250,1.4%,2012-06-11,1391/03/22,Monday,دوشنبه
3795,"18,150","18,150","18,150","18,150",60,0.33%,2012-06-10,1391/03/21,Sunday,یکشنبه
3796,"18,210","18,210","18,210","18,210",80,0.44%,2012-06-09,1391/03/20,Saturday,شنبه
3797,"17,915","17,766","18,336","18,130",280,1.57%,2012-06-06,1391/03/17,Wednesday,چهارشنبه
3798,"17,700","17,700","17,700","17,700",-,-,2012-06-05,1391/03/16,Tuesday,سه‌شنبه
3799,"17,756","17,462","18,061","17,700",-,-,2012-06-01,1391/03/12,Friday,جمعه
3800,"17,740","17,410","18,030","17,700",-,-,2012-05-30,1391/03/10,Wednesday,چهارشنبه
3801,"17,680","17,680","17,680","17,680",80,0.45%,2012-05-29,1391/03/09,Tuesday,سه‌شنبه
3802,"17,600","17,600","17,600","17,600",300,1.73%,2012-05-28,1391/03/08,Monday,دوشنبه
3803,"17,300","17,300","17,300","17,300",100,0.58%,2012-05-27,1391/03/07,Sunday,یکشنبه
3804,"17,200","17,200","17,200","17,200",430,2.5%,2012-05-26,1391/03/06,Saturday,شنبه
3805,"17,640","17,450","17,730","17,630",30,0.17%,2012-05-23,1391/03/03,Wednesday,چهارشنبه
3806,"16,710","16,710","16,710","16,710",20,0.12%,2012-05-22,1391/03/02,Tuesday,سه‌شنبه
3807,"16,690","16,690","16,690","16,690",160,0.96%,2012-05-21,1391/03/01,Monday,دوشنبه
3808,"16,850","16,850","16,850","16,850",90,0.54%,2012-05-20,1391/02/31,Sunday,یکشنبه
3809,"16,760","16,760","16,760","16,760",29,0.17%,2012-05-19,1391/02/30,Saturday,شنبه
3810,"16,681","16,387","17,111","16,789",139,0.83%,2012-05-16,1391/02/27,Wednesday,چهارشنبه
3811,"16,380","16,380","16,380","16,380",310,1.89%,2012-05-15,1391/02/26,Tuesday,سه‌شنبه
3812,"16,690","16,690","16,690","16,690",440,2.71%,2012-05-14,1391/02/25,Monday,دوشنبه
3813,"16,250","16,250","16,250","16,250",500,3.17%,2012-05-13,1391/02/24,Sunday,یکشنبه
3814,"15,750","15,750","15,750","15,750",186,1.18%,2012-05-12,1391/02/23,Saturday,شنبه
3815,"16,177","15,725","16,382","15,936",254,1.59%,2012-05-09,1391/02/20,Wednesday,چهارشنبه
3816,"16,500","16,500","16,500","16,500",50,0.3%,2012-05-08,1391/02/19,Tuesday,سه‌شنبه
3817,"16,550","16,550","16,550","16,550",90,0.54%,2012-05-07,1391/02/18,Monday,دوشنبه
3818,"16,640","16,640","16,640","16,640",80,0.48%,2012-05-06,1391/02/17,Sunday,یکشنبه
3819,"16,720","16,720","16,720","16,720",72,0.43%,2012-05-05,1391/02/16,Saturday,شنبه
3820,"16,886","16,452","17,100","16,792",258,1.54%,2012-05-02,1391/02/13,Wednesday,چهارشنبه
3821,"17,090","17,090","17,090","17,090",10,0.06%,2012-05-01,1391/02/12,Tuesday,سه‌شنبه
3822,"17,100","17,100","17,100","17,100",150,0.88%,2012-04-30,1391/02/11,Monday,دوشنبه
3823,"17,250","17,250","17,250","17,250",90,0.52%,2012-04-29,1391/02/10,Sunday,یکشنبه
3824,"17,340","17,340","17,340","17,340",155,0.9%,2012-04-28,1391/02/09,Saturday,شنبه
3825,"16,959","16,623","17,363","17,185",334,1.94%,2012-04-25,1391/02/06,Wednesday,چهارشنبه
3826,"17,500","17,382","17,760","17,519",61,0.35%,2012-04-23,1391/02/04,Monday,دوشنبه
3827,"17,790","17,790","17,790","17,790",160,0.9%,2012-04-22,1391/02/03,Sunday,یکشنبه
3828,"17,950","17,950","17,950","17,950",115,0.64%,2012-04-21,1391/02/02,Saturday,شنبه
3829,"18,079","17,850","18,435","18,065",115,0.64%,2012-04-18,1391/01/30,Wednesday,چهارشنبه
3830,"18,240","18,240","18,240","18,240",240,1.33%,2012-04-17,1391/01/29,Tuesday,سه‌شنبه
3831,"18,000","18,000","18,000","18,000",200,1.12%,2012-04-16,1391/01/28,Monday,دوشنبه
3832,"17,800","17,800","17,800","17,800",500,2.89%,2012-04-15,1391/01/27,Sunday,یکشنبه
3833,"17,300","17,300","17,300","17,300",1512,8.74%,2012-04-14,1391/01/26,Saturday,شنبه
3834,"18,829","18,669","19,198","18,812",28,0.15%,2012-04-11,1391/01/23,Wednesday,چهارشنبه
3835,"18,800","18,800","18,800","18,800",150,0.8%,2012-04-10,1391/01/22,Tuesday,سه‌شنبه
3836,"18,650","18,650","18,650","18,650",350,1.88%,2012-04-09,1391/01/21,Monday,دوشنبه
3837,"19,000","19,000","19,000","19,000",10,0.05%,2012-04-08,1391/01/20,Sunday,یکشنبه
3838,"19,010","19,010","19,010","19,010",10,0.05%,2012-04-07,1391/01/19,Saturday,شنبه
3839,"19,000","18,600","19,300","19,000",-,-,2012-04-04,1391/01/16,Wednesday,چهارشنبه
3840,"18,950","18,950","18,950","18,950",50,0.26%,2012-04-03,1391/01/15,Tuesday,سه‌شنبه
3841,"19,000","19,000","19,000","19,000",190,1%,2012-04-02,1391/01/14,Monday,دوشنبه
3842,"19,170","19,040","19,440","19,190",10,0.05%,2012-03-28,1391/01/09,Wednesday,چهارشنبه
3843,"19,200","19,200","19,200","19,200",200,1.05%,2012-03-27,1391/01/08,Tuesday,سه‌شنبه
3844,"19,100","18,600","19,400","19,000",-,-,2012-03-25,1391/01/06,Sunday,یکشنبه
3845,"18,900","18,900","18,900","18,900",223,1.18%,2012-03-24,1391/01/05,Saturday,شنبه
3846,"18,964","18,825","19,480","19,123",27,0.14%,2012-03-17,1390/12/27,Saturday,شنبه
3847,"19,040","18,280","19,170","18,520",20,0.11%,2012-03-14,1390/12/24,Wednesday,چهارشنبه
3848,"18,600","18,600","18,600","18,600",200,1.08%,2012-03-13,1390/12/23,Tuesday,سه‌شنبه
3849,"18,800","18,800","18,800","18,800",50,0.27%,2012-03-12,1390/12/22,Monday,دوشنبه
3850,"18,850","18,850","18,850","18,850",150,0.8%,2012-03-11,1390/12/21,Sunday,یکشنبه
3851,"18,700","18,700","18,700","18,700",100,0.53%,2012-03-10,1390/12/20,Saturday,شنبه
3852,"18,800","18,500","18,900","18,800",200,1.06%,2012-03-07,1390/12/17,Wednesday,چهارشنبه
3853,"18,850","18,850","18,850","18,850",100,0.53%,2012-03-06,1390/12/16,Tuesday,سه‌شنبه
3854,"18,950","18,950","18,950","18,950",150,0.79%,2012-03-05,1390/12/15,Monday,دوشنبه
3855,"19,100","19,100","19,100","19,100",100,0.53%,2012-03-04,1390/12/14,Sunday,یکشنبه
3856,"19,000","19,000","19,000","19,000",250,1.32%,2012-03-03,1390/12/13,Saturday,شنبه
3857,"19,250","18,913","19,633","19,250",-,-,2012-02-29,1390/12/10,Wednesday,چهارشنبه
3858,"19,200","19,200","19,200","19,200",700,3.78%,2012-02-28,1390/12/09,Tuesday,سه‌شنبه
3859,"18,500","18,500","18,500","18,500",200,1.08%,2012-02-27,1390/12/08,Monday,دوشنبه
3860,"18,700","18,700","18,700","18,700",600,3.21%,2012-02-26,1390/12/07,Sunday,یکشنبه
3861,"19,300","19,300","19,300","19,300",33,0.17%,2012-02-25,1390/12/06,Saturday,شنبه
3862,"19,314","18,952","19,580","19,333",17,0.09%,2012-02-22,1390/12/03,Wednesday,چهارشنبه
3863,"19,350","19,350","19,350","19,350",100,0.52%,2012-02-21,1390/12/02,Tuesday,سه‌شنبه
3864,"19,450","19,450","19,450","19,450",50,0.26%,2012-02-20,1390/12/01,Monday,دوشنبه
3865,"19,400","19,400","19,400","19,400",200,1.04%,2012-02-19,1390/11/30,Sunday,یکشنبه
3866,"19,200","19,200","19,200","19,200",360,1.88%,2012-02-18,1390/11/29,Saturday,شنبه
3867,"19,490","19,200","19,810","19,560",40,0.2%,2012-02-15,1390/11/26,Wednesday,چهارشنبه
3868,"19,500","19,500","19,500","19,500",150,0.78%,2012-02-14,1390/11/25,Tuesday,سه‌شنبه
3869,"19,350","19,350","19,350","19,350",350,1.84%,2012-02-13,1390/11/24,Monday,دوشنبه
3870,"19,000","19,000","19,000","19,000",350,1.84%,2012-02-12,1390/11/23,Sunday,یکشنبه
3871,"19,260","19,030","19,550","19,350",-,-,2012-02-08,1390/11/19,Wednesday,چهارشنبه
3872,"19,330","19,120","19,460","19,350",150,0.78%,2012-02-07,1390/11/18,Tuesday,سه‌شنبه
3873,"18,900","18,900","18,900","18,900",100,0.53%,2012-02-06,1390/11/17,Monday,دوشنبه
3874,"18,800","18,800","18,800","18,800",300,1.62%,2012-02-05,1390/11/16,Sunday,یکشنبه
3875,"18,500","18,500","18,500","18,500",670,3.76%,2012-02-04,1390/11/15,Saturday,شنبه
3876,"17,900","17,460","18,190","17,830",470,2.64%,2012-02-01,1390/11/12,Wednesday,چهارشنبه
3877,"18,300","18,300","18,300","18,300",-,-,2012-01-31,1390/11/11,Tuesday,سه‌شنبه
3878,"18,300","17,990","18,520","18,300",-,-,2012-01-29,1390/11/09,Sunday,یکشنبه
3879,"18,300","18,300","18,300","18,300",1200,7.02%,2012-01-28,1390/11/08,Saturday,شنبه
3880,"17,500","16,900","17,600","17,100",100,0.59%,2012-01-25,1390/11/05,Wednesday,چهارشنبه
3881,"19,500","18,700","19,600","19,100",200,1.05%,2012-01-22,1390/11/02,Sunday,یکشنبه
3882,"19,400","18,900","19,700","19,300",510,2.71%,2012-01-20,1390/10/30,Friday,جمعه
3883,"18,330","17,960","19,170","18,790",590,3.24%,2012-01-18,1390/10/28,Wednesday,چهارشنبه
3884,"18,200","18,200","18,200","18,200",800,4.6%,2012-01-17,1390/10/27,Tuesday,سه‌شنبه
3885,"17,400","17,400","17,400","17,400",500,2.96%,2012-01-16,1390/10/26,Monday,دوشنبه
3886,"16,900","16,900","16,900","16,900",14,0.08%,2012-01-15,1390/10/25,Sunday,یکشنبه
3887,"16,929","16,678","17,232","16,914",36,0.21%,2012-01-11,1390/10/21,Wednesday,چهارشنبه
3888,"16,920","16,920","16,920","16,920",20,0.12%,2012-01-10,1390/10/20,Tuesday,سه‌شنبه
3889,"16,900","16,900","16,900","16,900",-,-,2012-01-09,1390/10/19,Monday,دوشنبه
3890,"16,900","16,900","16,900","16,900",350,2.11%,2012-01-08,1390/10/18,Sunday,یکشنبه
3891,"16,550","16,550","16,550","16,550",571,3.57%,2012-01-07,1390/10/17,Saturday,شنبه
3892,"15,976","15,784","16,207","15,979",1,0.01%,2012-01-04,1390/10/14,Wednesday,چهارشنبه
3893,"15,800","15,800","15,800","15,800",400,2.53%,2012-01-03,1390/10/13,Tuesday,سه‌شنبه
3894,"16,200","16,200","16,200","16,200",1200,7.41%,2012-01-02,1390/10/12,Monday,دوشنبه
3895,"17,400","17,400","17,400","17,400",1500,9.43%,2012-01-01,1390/10/11,Sunday,یکشنبه
3896,"15,900","15,900","15,900","15,900",512,3.33%,2011-12-31,1390/10/10,Saturday,شنبه
3897,"15,537","15,227","15,620","15,388",168,1.1%,2011-12-28,1390/10/07,Wednesday,چهارشنبه
3898,"15,200","15,200","15,200","15,200",50,0.33%,2011-12-27,1390/10/06,Tuesday,سه‌شنبه
3899,"15,150","15,150","15,150","15,150",100,0.66%,2011-12-26,1390/10/05,Monday,دوشنبه
3900,"15,250","15,250","15,250","15,250",450,3.04%,2011-12-25,1390/10/04,Sunday,یکشنبه
3901,"14,800","14,800","14,800","14,800",496,3.47%,2011-12-24,1390/10/03,Saturday,شنبه
3902,"14,308","14,168","14,422","14,304",74,0.52%,2011-12-21,1390/09/30,Wednesday,چهارشنبه
3903,"15,150","15,150","15,150","15,150",150,0.99%,2011-12-20,1390/09/29,Tuesday,سه‌شنبه
3904,"15,300","15,300","15,300","15,300",800,5.52%,2011-12-19,1390/09/28,Monday,دوشنبه
3905,"14,500","14,500","14,500","14,500",420,2.98%,2011-12-18,1390/09/27,Sunday,یکشنبه
3906,"14,080","14,080","14,080","14,080",350,2.55%,2011-12-17,1390/09/26,Saturday,شنبه
3907,"13,741","13,455","13,883","13,730",20,0.15%,2011-12-14,1390/09/23,Wednesday,چهارشنبه
3908,"13,770","13,770","13,770","13,770",140,1.03%,2011-12-13,1390/09/22,Tuesday,سه‌شنبه
3909,"13,630","13,630","13,630","13,630",100,0.74%,2011-12-12,1390/09/21,Monday,دوشنبه
3910,"13,530","13,530","13,530","13,530",80,0.59%,2011-12-11,1390/09/20,Sunday,یکشنبه
3911,"13,450","13,450","13,450","13,450",43,0.32%,2011-12-10,1390/09/19,Saturday,شنبه
3912,"13,494","13,391","13,658","13,493",57,0.42%,2011-12-07,1390/09/16,Wednesday,چهارشنبه
3913,"13,638","13,504","13,833","13,623",13,0.1%,2011-12-03,1390/09/12,Saturday,شنبه
3914,"13,580","13,510","13,830","13,590",90,0.67%,2011-11-30,1390/09/09,Wednesday,چهارشنبه
3915,"13,495","13,227","13,667","13,350",-,-,2011-11-28,1390/09/07,Monday,دوشنبه
3916,"13,440","13,440","13,440","13,440",260,1.93%,2011-11-27,1390/09/06,Sunday,یکشنبه
3917,"13,700","13,700","13,700","13,700",260,1.93%,2011-11-26,1390/09/05,Saturday,شنبه
