,Open,Low,High,Close,Change,ChangePercent,Date_Gregorian,Date_Jalali
0,87.895,87.867,90.24,87.93,0.011,0.01%,2026-08-01,1405/05/10
1,89.438,84.694,89.529,87.941,1.348,1.53%,2026-07-31,1405/05/09
2,90.678,88.008,93.301,89.289,1.629,1.82%,2026-07-30,1405/05/08
3,83.627,83.627,91.162,90.918,7.043,8.40%,2026-07-29,1405/05/07
4,87.738,82.574,89.013,83.875,3.79,4.52%,2026-07-28,1405/05/06
5,91.296,87.53,93.261,87.665,10.715,12.22%,2026-07-27,1405/05/05
6,98.38,98.38,98.38,98.38,10.26,11.64%,2026-07-25,1405/05/03
7,90.4,87.72,91.31,88.12,0.02,0.02%,2026-07-20,1405/04/29
8,88.13,88.1,88.13,88.1,3.68,4.36%,2026-07-18,1405/04/27
9,85.88,83.87,86.18,84.42,1.4,1.66%,2026-07-16,1405/04/25
10,85.72,83.43,86.51,85.82,0.29,0.34%,2026-07-15,1405/04/24
11,83.42,83.01,87.47,85.53,2.13,2.55%,2026-07-14,1405/04/23
12,78.16,77.32,83.75,83.4,7.39,9.72%,2026-07-13,1405/04/22
13,76.04,75.94,76.04,76.01,0.01,0.01%,2026-07-11,1405/04/20
14,76.05,75.34,77.12,76,0.06,0.08%,2026-07-10,1405/04/19
15,79.29,75.61,79.52,76.06,2.97,3.90%,2026-07-09,1405/04/18
16,75.96,75.48,80.57,79.03,3.24,4.27%,2026-07-08,1405/04/17
17,72.14,71.04,76.28,75.79,3.71,5.15%,2026-07-07,1405/04/16
18,71.82,71.1,72.58,72.08,0.04,0.06%,2026-07-06,1405/04/15
19,72.12,72.12,72.12,72.12,0.18,0.25%,2026-07-04,1405/04/13
20,71.61,69.58,72.47,71.94,0.36,0.50%,2026-07-03,1405/04/12
21,71.19,70.16,71.81,71.58,0.33,0.46%,2026-07-02,1405/04/11
22,73.38,71.05,73.5,71.25,2.16,3.03%,2026-07-01,1405/04/10
23,73.78,72.79,74.74,73.41,0.28,0.38%,2026-06-30,1405/04/09
24,73.26,72.58,74.24,73.69,1.09,1.50%,2026-06-29,1405/04/08
25,73.39,72.6,73.58,72.6,0.26,0.36%,2026-06-27,1405/04/06
26,75.31,71.94,75.41,72.86,2.61,3.58%,2026-06-26,1405/04/05
27,73.39,72.51,76.08,75.47,2.07,2.82%,2026-06-25,1405/04/04
28,74.22,73.35,74.25,73.4,3.44,4.69%,2026-06-24,1405/04/03
29,77.69,76.16,77.88,76.84,0.87,1.13%,2026-06-23,1405/04/02
30,81.01,76.99,81.38,77.71,2.34,3.01%,2026-06-22,1405/04/01
31,80.05,80.05,80.57,80.05,0.52,0.65%,2026-06-21,1405/03/31
32,80.57,80.57,80.57,80.57,0.19,0.24%,2026-06-20,1405/03/30
33,79.29,78.83,80.78,80.38,1.02,1.29%,2026-06-19,1405/03/29
34,78.72,76.59,79.84,79.36,0.55,0.70%,2026-06-18,1405/03/28
35,79.43,77.92,82.38,78.81,0.66,0.84%,2026-06-17,1405/03/27
36,83.7,78.49,83.87,79.47,4.18,5.26%,2026-06-16,1405/03/26
37,83.6,82.44,84.47,83.65,3.68,4.40%,2026-06-15,1405/03/25
38,86.77,86.74,87.33,87.33,0.57,0.66%,2026-06-13,1405/03/23
39,88.88,85.98,89.7,86.76,2.03,2.34%,2026-06-12,1405/03/22
40,93.93,88.66,95.48,88.79,5.1,5.74%,2026-06-11,1405/03/21
41,91.73,90.79,94.45,93.89,2.12,2.31%,2026-06-10,1405/03/20
42,94.14,89.64,94.32,91.77,2.55,2.78%,2026-06-09,1405/03/19
43,96.22,93.09,97.9,94.32,1.23,1.32%,2026-06-08,1405/03/18
44,93.01,92.85,93.09,93.09,0.02,0.02%,2026-06-06,1405/03/16
45,95.23,92.69,95.87,93.07,2.11,2.27%,2026-06-05,1405/03/15
46,96.58,94,97.33,95.18,2.88,3.03%,2026-06-04,1405/03/14
47,95.81,95.76,98.95,98.06,2.16,2.25%,2026-06-03,1405/03/13
48,95.31,92.87,96.21,95.9,0.69,0.72%,2026-06-02,1405/03/12
49,92.62,92.62,97.72,95.21,3.16,3.43%,2026-06-01,1405/03/11
50,92.05,91.12,92.05,92.05,0.93,1.02%,2026-05-31,1405/03/10
51,91.8,91.12,91.8,91.12,0.69,0.76%,2026-05-30,1405/03/09
52,92.75,90.02,92.91,91.81,1.04,1.13%,2026-05-29,1405/03/08
53,92.94,91.66,95.9,92.85,0.15,0.16%,2026-05-28,1405/03/07
54,93.41,92.18,94.52,93,3.64,3.91%,2026-05-27,1405/03/06
55,95.13,94.79,97.72,96.64,2.99,3.19%,2026-05-26,1405/03/05
56,99.13,93.29,99.55,93.65,6.56,7%,2026-05-25,1405/03/04
57,100.21,100.21,103.54,100.21,3.33,3.32%,2026-05-24,1405/03/03
58,103.35,103.3,104.09,103.54,0.32,0.31%,2026-05-23,1405/03/02
59,104.76,101.56,106.19,103.22,1.27,1.23%,2026-05-22,1405/03/01
60,104.96,102.37,109.24,104.49,0.43,0.41%,2026-05-21,1405/02/31
61,110.88,103.58,111.39,104.92,6.33,6.03%,2026-05-20,1405/02/30
62,108.75,108.75,111.67,111.25,2.78,2.56%,2026-05-19,1405/02/29
63,110.67,107.22,112.64,108.47,0.79,0.73%,2026-05-18,1405/02/28
64,106.64,106.28,109.66,109.26,2.72,2.55%,2026-05-15,1405/02/25
65,105.64,103.91,106.99,106.54,0.78,0.74%,2026-05-14,1405/02/24
66,107.72,105.53,108.24,105.76,1.95,1.84%,2026-05-13,1405/02/23
67,104.26,104.25,108.35,107.71,3.37,3.23%,2026-05-12,1405/02/22
68,104.15,102.87,105.92,104.34,3.05,3.01%,2026-05-11,1405/02/21
69,100.35,100.12,101.29,101.29,0.64,0.64%,2026-05-09,1405/02/19
70,101.52,100,99.99,100.65,0.59,0.59%,2026-05-08,1405/02/18
71,101.92,96.03,103.88,100.06,1.21,1.21%,2026-05-07,1405/02/17
72,107.92,96.75,109.02,101.27,9.05,8.94%,2026-05-06,1405/02/16
73,113.63,109.64,114.32,110.32,3.29,2.98%,2026-05-05,1405/02/15
74,106.34,105.96,115.06,113.61,5.44,5.03%,2026-05-04,1405/02/14
75,108.17,108.17,108.17,108.17,1.74,1.61%,2026-05-02,1405/02/12
76,111.52,109.86,114.55,109.91,1.55,1.41%,2026-04-30,1405/02/10
77,107.36,107.13,111.81,111.46,10.7,10.62%,2026-04-29,1405/02/09
78,101.54,100.61,101.65,100.76,1.63,1.64%,2026-04-27,1405/02/07
79,99.13,99.13,99.13,99.13,6.2,6.25%,2026-04-26,1405/02/06
80,106.35,105.33,106.44,105.33,1.34,1.27%,2026-04-25,1405/02/05
81,106.11,103.54,107.44,106.67,0.69,0.65%,2026-04-24,1405/02/04
82,103.48,101.4,107.27,105.98,5.55,5.53%,2026-04-23,1405/02/03
83,98.89,100,99.99,100.43,1.51,1.53%,2026-04-22,1405/02/02
84,94.82,100.07,99.98,98.92,3.8,3.99%,2026-04-21,1405/02/01
85,97.11,90.38,97.17,95.12,4.74,5.24%,2026-04-20,1405/01/31
86,90.88,90.38,91.57,90.38,0.69,0.76%,2026-04-18,1405/01/29
87,98.12,86.12,98.84,91.07,7.08,7.77%,2026-04-17,1405/01/28
88,94.97,94.47,99.8,98.15,3.23,3.40%,2026-04-16,1405/01/27
89,95.12,94.07,95.87,94.92,0.19,0.20%,2026-04-15,1405/01/26
90,98.23,94.46,99.35,95.11,3.09,3.25%,2026-04-14,1405/01/25
91,102.47,100,99.99,98.2,3,3.15%,2026-04-13,1405/01/24
92,95.2,95.2,95.2,95.2,2.47,2.59%,2026-04-12,1405/01/23
93,96.66,96.09,97.89,97.67,1.13,1.17%,2026-04-10,1405/01/21
94,96.86,96.54,96.86,96.54,1.09,1.14%,2026-04-09,1405/01/20
95,95.34,94.13,95.88,95.45,12.53,13.13%,2026-04-08,1405/01/19
96,108.93,104.89,109.95,107.98,0.85,0.79%,2026-03-31,1405/01/11
97,106.67,106.58,109.38,108.83,3.51,3.33%,2026-03-30,1405/01/10
98,106.3,105.32,106.89,105.32,0.85,0.81%,2026-03-28,1405/01/08
99,100.42,100,99.99,106.17,5.47,5.43%,2026-03-27,1405/01/07
100,98.13,100.02,99.98,100.7,2.58,2.63%,2026-03-26,1405/01/06
101,96.91,93.73,98.29,98.12,2.58,2.70%,2026-03-25,1405/01/05
102,96.64,100,99.99,95.54,0.93,0.97%,2026-03-24,1405/01/04
103,107.61,100.08,99.99,96.47,9.94,10.30%,2026-03-23,1405/01/03
104,106.41,106.41,106.41,106.41,5.78,5.43%,2026-03-22,1405/01/02
105,112.24,106.48,112.91,112.19,0.1,0.09%,2026-03-21,1405/01/01
106,107.47,105.08,113.04,112.09,4.57,4.25%,2026-03-20,1404/12/29
107,111.26,104.27,118.58,107.52,3.51,3.26%,2026-03-19,1404/12/28
108,103.69,100.51,111.05,111.03,7.6,7.35%,2026-03-18,1404/12/27
109,100.39,100.34,104.87,103.43,3.17,3.16%,2026-03-17,1404/12/26
110,105.15,100.01,99.99,100.26,2.88,2.87%,2026-03-16,1404/12/25
111,102.93,102.93,103.93,103.14,0.2,0.19%,2026-03-14,1404/12/23
112,101.32,100,99.99,103.34,2.05,2.02%,2026-03-13,1404/12/22
113,92.61,100,99.99,101.29,8.57,9.24%,2026-03-12,1404/12/21
114,90.9,86.35,93.13,92.72,1.65,1.81%,2026-03-11,1404/12/20
115,90.6,81.5,94.9,91.07,0.77,0.85%,2026-03-10,1404/12/19
116,101.79,100,99.99,90.3,2.39,2.65%,2026-03-09,1404/12/18
117,92.69,92.69,93.04,92.69,0.35,0.38%,2026-03-08,1404/12/17
118,92.45,92.09,93.04,93.04,0.23,0.25%,2026-03-07,1404/12/16
119,84.5,83.25,94.42,92.81,8.12,9.59%,2026-03-06,1404/12/15
120,81.85,81.36,85.95,84.69,2.93,3.58%,2026-03-05,1404/12/14
121,80.56,79.26,84.41,81.76,1.7,2.12%,2026-03-04,1404/12/13
122,79.34,77.49,85.06,80.06,1.04,1.32%,2026-03-03,1404/12/12
123,81.42,72.48,81.54,79.02,6.54,9.02%,2026-03-02,1404/12/11
124,72.48,72.48,72.87,72.48,0.39,0.54%,2026-03-01,1404/12/10
125,73.11,72.87,73.27,72.87,0.28,0.38%,2026-02-28,1404/12/09
126,70.88,70.45,73.47,73.15,2.23,3.14%,2026-02-27,1404/12/08
127,70.85,69.25,72.3,70.92,0.05,0.07%,2026-02-26,1404/12/07
128,71.24,70.31,71.38,70.97,0.18,0.25%,2026-02-25,1404/12/06
129,71.19,70.54,71.88,70.79,0.38,0.54%,2026-02-24,1404/12/05
130,70.39,70.38,72.02,71.17,0.13,0.18%,2026-02-23,1404/12/04
131,71.3,71.3,71.76,71.3,0.46,0.65%,2026-02-22,1404/12/03
132,71.61,71.56,71.78,71.76,0.17,0.24%,2026-02-21,1404/12/02
133,71.83,71.11,72.3,71.59,0.31,0.43%,2026-02-20,1404/12/01
134,70.44,70.1,72,71.9,1.52,2.16%,2026-02-19,1404/11/30
135,67.41,67.29,70.54,70.38,2.94,4.36%,2026-02-18,1404/11/29
136,68.62,66.84,69.02,67.44,1.17,1.73%,2026-02-17,1404/11/28
137,67.78,67.33,68.74,68.61,0.86,1.27%,2026-02-16,1404/11/27
138,67.47,67.36,67.78,67.75,0.24,0.36%,2026-02-14,1404/11/25
139,67.55,67,68.04,67.51,0.06,0.09%,2026-02-13,1404/11/24
140,69.7,67.24,69.85,67.57,2.14,3.17%,2026-02-12,1404/11/23
141,68.92,68.88,70.69,69.71,0.81,1.18%,2026-02-11,1404/11/22
142,68.93,68.58,69.46,68.9,0.02,0.03%,2026-02-10,1404/11/21
143,67.21,67.04,69.42,68.92,0.87,1.28%,2026-02-09,1404/11/20
144,67.77,67.77,68.05,68.05,0.18,0.27%,2026-02-07,1404/11/18
145,67.58,66.68,68.82,67.87,0.24,0.35%,2026-02-06,1404/11/17
146,68.66,67.25,68.94,67.63,0,-,2026-02-05,1404/11/16
147,67.89,66.98,69.76,69.46,2.13,3.16%,2026-02-04,1404/11/15
148,66.06,65.19,68.27,67.33,1.03,1.55%,2026-02-03,1404/11/14
149,68.6,65.45,68.83,66.3,4.39,6.62%,2026-02-02,1404/11/13
150,70.65,69.15,70.92,70.69,0.02,0.03%,2026-01-30,1404/11/10
151,68.69,68.61,71.89,70.71,2.31,3.38%,2026-01-29,1404/11/09
152,67.6,67.12,68.77,68.4,0.83,1.23%,2026-01-28,1404/11/08
153,65.75,65,67.78,67.57,1.98,3.02%,2026-01-27,1404/11/07
154,66.03,65.29,66.54,65.59,0.52,0.80%,2026-01-26,1404/11/06
155,63.64,63.55,65.45,65.07,1.73,2.73%,2026-01-23,1404/11/03
156,64.45,62.9,64.67,63.34,1.19,1.88%,2026-01-22,1404/11/02
157,63.55,63.05,64.74,64.53,0.34,0.53%,2026-01-21,1404/11/01
158,63.42,62.69,64.35,64.19,0.97,1.53%,2026-01-20,1404/10/30
159,63.04,62.59,63.64,63.22,0.91,1.44%,2026-01-19,1404/10/29
160,63.74,63.44,64.77,64.13,0.37,0.58%,2026-01-16,1404/10/26
161,65.35,63.27,65.36,63.76,2.76,4.33%,2026-01-15,1404/10/25
162,65.44,63.45,66.82,66.52,1.05,1.60%,2026-01-14,1404/10/24
163,64.11,63.84,65.92,65.47,1.6,2.51%,2026-01-13,1404/10/23
164,63.34,62.76,64.34,63.87,0.53,0.84%,2026-01-12,1404/10/22
165,62.6,61.83,63.92,63.34,1.35,2.18%,2026-01-09,1404/10/19
166,60.29,59.96,63.02,61.99,2.03,3.39%,2026-01-08,1404/10/18
167,60.1,59.81,60.93,59.96,0.74,1.23%,2026-01-07,1404/10/17
168,61.7,60.4,62.33,60.7,1.06,1.75%,2026-01-06,1404/10/16
169,60.99,59.75,61.89,61.76,1.01,1.66%,2026-01-05,1404/10/15
170,60.86,60.01,61.38,60.75,0.1,0.16%,2026-01-02,1404/10/12
171,61.33,60.63,61.92,60.85,1.07,1.76%,2025-12-31,1404/10/10
172,61.56,61.45,62.32,61.92,0.02,0.03%,2025-12-30,1404/10/09
173,60.91,60.87,62.19,61.94,1.3,2.14%,2025-12-29,1404/10/08
174,62.3,60.56,62.67,60.64,1.16,1.91%,2025-12-26,1404/10/05
175,61.97,61.55,62.22,61.8,0.07,0.11%,2025-12-24,1404/10/03
176,61.44,61.28,62.03,61.87,0.29,0.47%,2025-12-23,1404/10/02
177,60.25,60.11,61.66,61.58,1.11,1.84%,2025-12-22,1404/10/01
178,59.72,59.4,60.65,60.47,0.65,1.09%,2025-12-19,1404/09/28
179,60.61,59.54,60.67,59.82,0.14,0.23%,2025-12-18,1404/09/27
180,59.3,59.25,60.74,59.68,0.76,1.29%,2025-12-17,1404/09/26
181,60.39,58.72,60.4,58.92,1.64,2.78%,2025-12-16,1404/09/25
182,61.09,60.13,61.5,60.56,0.56,0.92%,2025-12-15,1404/09/24
183,61.6,60.81,61.86,61.12,0.16,0.26%,2025-12-12,1404/09/21
184,62.42,60.77,62.63,61.28,0.93,1.52%,2025-12-11,1404/09/20
185,62.11,61.35,62.73,62.21,0.27,0.44%,2025-12-10,1404/09/19
186,62.54,61.83,62.78,61.94,0.55,0.89%,2025-12-09,1404/09/18
187,63.75,62.34,63.96,62.49,1.26,2.02%,2025-12-08,1404/09/17
188,63.26,63.06,64.09,63.75,0.49,0.77%,2025-12-05,1404/09/14
189,62.72,62.53,63.62,63.26,0.59,0.94%,2025-12-04,1404/09/13
190,62.56,62.18,63.37,62.67,0.22,0.35%,2025-12-03,1404/09/12
191,63.33,62.17,63.35,62.45,0.72,1.15%,2025-12-02,1404/09/11
192,62.69,62.69,63.82,63.17,0.03,0.05%,2025-12-01,1404/09/10
193,63.36,63.05,63.76,63.2,0.14,0.22%,2025-11-28,1404/09/07
194,63.01,62.75,63.45,63.34,0.21,0.33%,2025-11-27,1404/09/06
195,62.64,62.11,63.2,63.13,0.65,1.04%,2025-11-26,1404/09/05
196,63.36,61.6,63.36,62.48,0.89,1.42%,2025-11-25,1404/09/04
197,62.7,61.94,63.56,63.37,1.43,2.31%,2025-11-24,1404/09/03
198,62.4,61.26,62.47,61.94,0.86,1.39%,2025-11-21,1404/08/30
199,63.23,62.41,63.85,62.8,0.2,0.32%,2025-11-20,1404/08/29
200,64.26,62.43,64.36,63,1.43,2.27%,2025-11-19,1404/08/28
201,63.58,63.2,64.64,64.43,0.67,1.05%,2025-11-18,1404/08/27
202,63.6,63.23,64.24,63.76,0.63,0.99%,2025-11-17,1404/08/26
203,63.36,63.36,64.87,64.39,1.38,2.19%,2025-11-14,1404/08/23
204,62.56,62.34,63.45,63.01,0.3,0.48%,2025-11-13,1404/08/22
205,65.15,62.56,65.15,62.71,2.45,3.91%,2025-11-12,1404/08/21
206,63.94,63.6,65.31,65.16,1.1,1.72%,2025-11-11,1404/08/20
207,63.8,63.32,64.34,64.06,0.43,0.68%,2025-11-10,1404/08/19
208,63.63,63.23,64.39,63.63,0.25,0.39%,2025-11-07,1404/08/16
209,63.58,62.84,64.34,63.38,0.14,0.22%,2025-11-06,1404/08/15
210,64.18,63.44,64.95,63.52,0.92,1.45%,2025-11-05,1404/08/14
211,64.73,63.82,64.8,64.44,0.45,0.70%,2025-11-04,1404/08/13
212,65.12,64.33,65.32,64.89,0.18,0.28%,2025-11-03,1404/08/12
213,64.64,64.5,65.46,65.07,0.07,0.11%,2025-10-31,1404/08/09
214,64.69,64.06,65.15,65,0.08,0.12%,2025-10-30,1404/08/08
215,64.52,63.92,65.37,64.92,0.52,0.81%,2025-10-29,1404/08/07
216,65.54,64,65.76,64.4,1.22,1.89%,2025-10-28,1404/08/06
217,66.16,65.06,66.64,65.62,0.42,0.64%,2025-10-27,1404/08/05
218,65.12,64.73,65.95,65.2,0.09,0.14%,2025-10-24,1404/08/02
219,63.8,63.37,65.66,65.29,3.06,4.92%,2025-10-23,1404/08/01
220,61.34,61.09,64.04,62.23,1.2,1.97%,2025-10-22,1404/07/30
221,60.78,60.2,61.82,61.03,0.15,0.25%,2025-10-21,1404/07/29
222,61.16,59.97,61.37,60.88,0.41,0.67%,2025-10-20,1404/07/28
223,61,60.14,61.47,61.29,0.23,0.38%,2025-10-17,1404/07/25
224,62.4,60.84,62.75,61.06,0.85,1.39%,2025-10-16,1404/07/24
225,62.33,61.79,63.04,61.91,0.48,0.78%,2025-10-15,1404/07/23
226,63.49,61.5,63.63,62.39,0.93,1.49%,2025-10-14,1404/07/22
227,62.9,62.9,63.95,63.32,0.59,0.94%,2025-10-13,1404/07/21
228,65.27,62,65.36,62.73,2.49,3.97%,2025-10-10,1404/07/18
229,65.82,64.96,66.58,65.22,1.03,1.58%,2025-10-09,1404/07/17
230,65.8,65.76,66.54,66.25,0.8,1.22%,2025-10-08,1404/07/16
231,65.48,64.53,65.84,65.45,0.02,0.03%,2025-10-07,1404/07/15
232,64.9,64.76,65.77,65.47,0.94,1.46%,2025-10-06,1404/07/14
233,64.38,64.2,65.02,64.53,0.42,0.66%,2025-10-03,1404/07/11
234,65.45,64,66.15,64.11,1.24,1.93%,2025-10-02,1404/07/10
235,66.18,65.05,66.57,65.35,1.67,2.56%,2025-10-01,1404/07/09
236,67.5,66.84,67.71,67.02,0.95,1.42%,2025-09-30,1404/07/08
237,69.5,67.52,69.91,67.97,2.16,3.18%,2025-09-29,1404/07/07
238,69.54,69.11,70.76,70.13,0.71,1.02%,2025-09-26,1404/07/04
239,69.04,68.42,69.68,69.42,0.11,0.16%,2025-09-25,1404/07/03
240,67.88,67.51,69.37,69.31,2.34,3.49%,2025-09-24,1404/07/02
241,65.99,65.49,67.42,66.97,1,1.52%,2025-09-23,1404/07/01
242,65.98,65.35,66.67,65.97,0.71,1.08%,2025-09-22,1404/06/31
243,67.46,66.44,67.57,66.68,0.76,1.14%,2025-09-19,1404/06/28
244,68,67.19,68.42,67.44,0.51,0.76%,2025-09-18,1404/06/27
245,68.53,67.62,68.59,67.95,0.52,0.77%,2025-09-17,1404/06/26
246,67.47,67.01,68.69,68.47,1.03,1.53%,2025-09-16,1404/06/25
247,67.33,66.78,67.85,67.44,0.45,0.67%,2025-09-15,1404/06/24
248,66.24,65.71,68.17,66.99,0.62,0.93%,2025-09-12,1404/06/21
249,67.58,66.15,67.62,66.37,1.12,1.69%,2025-09-11,1404/06/20
250,66.69,66.66,67.78,67.49,1.1,1.66%,2025-09-10,1404/06/19
251,66.23,66.12,67.38,66.39,0.37,0.56%,2025-09-09,1404/06/18
252,65.55,65.51,67.04,66.02,0.52,0.79%,2025-09-08,1404/06/17
253,66.82,65.07,67.05,65.5,1.49,2.27%,2025-09-05,1404/06/14
254,67.41,66.35,67.41,66.99,0.61,0.91%,2025-09-04,1404/06/13
255,69.1,67.36,69.24,67.6,1.54,2.28%,2025-09-03,1404/06/12
256,68.19,68.05,69.53,69.14,0.99,1.45%,2025-09-02,1404/06/11
257,67.42,67.12,68.36,68.15,0.03,0.04%,2025-09-01,1404/06/10
258,68.24,67.9,68.39,68.12,0.5,0.73%,2025-08-29,1404/06/07
259,67.71,67.39,68.71,68.62,0.57,0.84%,2025-08-28,1404/06/06
260,67.39,66.91,68.12,68.05,0.83,1.23%,2025-08-27,1404/06/05
261,68.73,67.11,68.73,67.22,1.58,2.35%,2025-08-26,1404/06/04
262,67.89,67.57,69.07,68.8,1.58,2.35%,2025-08-25,1404/06/03
263,67.05,66.89,67.45,67.22,0.1,0.15%,2025-08-22,1404/05/31
264,66.46,66.25,67.25,67.12,0.81,1.22%,2025-08-21,1404/05/30
265,65.59,65.31,66.54,66.31,1.01,1.55%,2025-08-20,1404/05/29
266,65.98,65.14,66.01,65.3,0.71,1.09%,2025-08-19,1404/05/28
267,65.26,64.79,66.24,66.01,0.16,0.24%,2025-08-18,1404/05/27
268,66.87,65.73,67.06,65.85,0.99,1.50%,2025-08-15,1404/05/24
269,65.76,65.55,66.99,66.84,1.21,1.84%,2025-08-14,1404/05/23
270,66.14,65.01,66.33,65.63,0.49,0.75%,2025-08-13,1404/05/22
271,66.8,65.98,67.06,66.12,0.51,0.77%,2025-08-12,1404/05/21
272,66.25,65.81,67.13,66.63,0.04,0.06%,2025-08-11,1404/05/20
273,66.42,65.53,67.22,66.59,0.16,0.24%,2025-08-08,1404/05/17
274,66.88,66.27,67.68,66.43,0.46,0.69%,2025-08-07,1404/05/16
275,67.75,66.22,69.18,66.89,0.75,1.12%,2025-08-06,1404/05/15
276,68.75,67.52,68.87,67.64,1.12,1.66%,2025-08-05,1404/05/14
277,69.11,68,69.98,68.76,0.91,1.32%,2025-08-04,1404/05/13
278,71.83,69.4,72,69.67,2.86,4.11%,2025-08-01,1404/05/10
279,73.53,72.4,73.53,72.53,0.71,0.98%,2025-07-31,1404/05/09
280,72.57,71.75,73.63,73.24,0.73,1.01%,2025-07-30,1404/05/08
281,70.28,69.86,73.08,72.51,2.47,3.53%,2025-07-29,1404/05/07
282,68.54,68.35,70.45,70.04,1.6,2.34%,2025-07-28,1404/05/06
283,69.36,68.31,69.86,68.44,0.08,0.12%,2025-07-25,1404/05/03
284,67.99,67.7,68.77,68.36,0.53,0.78%,2025-07-24,1404/05/02
285,68.02,67.29,68.26,67.83,0.06,0.09%,2025-07-23,1404/05/01
286,68.29,67.35,68.3,67.77,0.61,0.90%,2025-07-22,1404/04/31
287,68.35,67.71,68.75,68.38,0.9,1.32%,2025-07-21,1404/04/30
288,69.55,69.14,70.77,69.28,0.24,0.35%,2025-07-18,1404/04/27
289,68.79,68.27,69.67,69.52,1,1.46%,2025-07-17,1404/04/26
290,68.98,67.71,69.09,68.52,0.19,0.28%,2025-07-16,1404/04/25
291,69.15,68.6,69.41,68.71,0.5,0.73%,2025-07-15,1404/04/24
292,70.5,69.02,71.53,69.21,1.15,1.66%,2025-07-14,1404/04/23
293,68.84,68.55,70.71,70.36,1.72,2.51%,2025-07-11,1404/04/20
294,70.06,68.54,70.48,68.64,1.55,2.26%,2025-07-10,1404/04/19
295,69.92,69.61,70.71,70.19,0.04,0.06%,2025-07-09,1404/04/18
296,69.5,69.03,70.68,70.15,0.57,0.82%,2025-07-08,1404/04/17
297,67.64,67.22,69.94,69.58,1.28,1.87%,2025-07-07,1404/04/16
298,68.85,67.75,68.89,68.3,0.5,0.73%,2025-07-04,1404/04/13
299,68.86,68.32,69.14,68.8,0.31,0.45%,2025-07-03,1404/04/12
300,67.11,66.94,69.21,69.11,2,2.98%,2025-07-02,1404/04/11
301,66.58,66.34,67.5,67.11,0.5,0.75%,2025-07-01,1404/04/10
302,67.33,67.03,68.15,67.61,0.16,0.24%,2025-06-30,1404/04/09
303,67.91,67.2,68.42,67.77,0.04,0.06%,2025-06-27,1404/04/06
304,67.77,67.38,69.05,67.73,0.05,0.07%,2025-06-26,1404/04/05
305,67.88,67.32,68.78,67.68,0.54,0.80%,2025-06-25,1404/04/04
306,68.37,66.82,70.2,67.14,3.38,5.03%,2025-06-24,1404/04/03
307,78.9,68.64,79.4,70.52,4.96,7.03%,2025-06-23,1404/04/02
308,75.73,74,76.01,75.48,1.6,2.12%,2025-06-20,1404/03/30
309,74.95,74.17,77.18,77.08,1.94,2.58%,2025-06-19,1404/03/29
310,75.18,73,75.74,75.14,0.24,0.32%,2025-06-18,1404/03/28
311,72.5,71.46,75.53,74.9,2.91,4.04%,2025-06-17,1404/03/27
312,76,69.43,76.45,71.99,2.24,3.11%,2025-06-16,1404/03/26
313,70.5,70.41,78.5,74.23,4.87,7.02%,2025-06-13,1404/03/23
314,70.23,68.36,70.4,69.36,0.41,0.59%,2025-06-12,1404/03/22
315,66.6,66.47,70.83,69.77,2.9,4.34%,2025-06-11,1404/03/21
316,67.12,66.48,68,66.87,0.17,0.25%,2025-06-10,1404/03/20
317,66.59,66.07,67.19,67.04,0.57,0.86%,2025-06-09,1404/03/19
318,65.26,64.8,66.67,66.47,1.13,1.73%,2025-06-06,1404/03/16
319,64.77,64.6,65.85,65.34,0.48,0.74%,2025-06-05,1404/03/15
320,65.52,64.27,65.95,64.86,0.77,1.19%,2025-06-04,1404/03/14
321,65.16,64.51,65.95,65.63,1,1.55%,2025-06-03,1404/03/13
322,63.2,63,65.76,64.63,0.73,1.14%,2025-06-02,1404/03/12
323,64.11,63.65,64.67,63.9,0.25,0.39%,2025-05-30,1404/03/09
324,65.03,63.79,66.13,64.15,0.17,0.27%,2025-05-29,1404/03/08
325,63.86,63.51,65.05,64.32,0.75,1.18%,2025-05-28,1404/03/07
326,64.12,62.96,64.49,63.57,0.55,0.87%,2025-05-27,1404/03/06
327,64.42,63.89,64.81,64.12,0.09,0.14%,2025-05-26,1404/03/05
328,63.5,62.8,64.65,64.21,0.29,0.45%,2025-05-23,1404/03/02
329,64.14,63.07,64.5,63.92,0.46,0.72%,2025-05-22,1404/03/01
330,65.45,64.03,65.93,64.38,0.38,0.59%,2025-05-21,1404/02/31
331,64.91,64.23,65.27,64.76,0.04,0.06%,2025-05-20,1404/02/30
332,64.73,63.84,65.28,64.8,0.61,0.94%,2025-05-19,1404/02/29
333,64.7,64.18,65.54,65.41,0.88,1.36%,2025-05-16,1404/02/26
334,65.42,63.44,65.42,64.53,1.56,2.42%,2025-05-15,1404/02/25
335,66.56,65.68,66.59,66.09,0.54,0.82%,2025-05-14,1404/02/24
336,64.93,64.63,66.81,66.63,1.67,2.57%,2025-05-13,1404/02/23
337,64.05,63.88,66.4,64.96,1.05,1.64%,2025-05-12,1404/02/22
338,63.07,62.84,64.27,63.91,1.07,1.70%,2025-05-09,1404/02/19
339,61.06,61,63.38,62.84,1.72,2.81%,2025-05-08,1404/02/18
340,62.5,60.83,63.25,61.12,1.03,1.69%,2025-05-07,1404/02/17
341,60.28,60.18,62.8,62.15,1.92,3.19%,2025-05-06,1404/02/16
342,59.5,58.5,60.82,60.23,1.06,1.76%,2025-05-05,1404/02/15
343,61.82,60.69,62.72,61.29,0.84,1.37%,2025-05-02,1404/02/12
344,61.23,59.3,62.4,62.13,0.99,1.59%,2025-05-01,1404/02/11
345,64.11,62.99,64.33,63.12,1.13,1.79%,2025-04-30,1404/02/10
346,65.79,63.9,65.83,64.25,1.61,2.51%,2025-04-29,1404/02/09
347,67.25,65.25,67.57,65.86,1.01,1.53%,2025-04-28,1404/02/08
348,66.57,65.55,67.18,66.87,0.32,0.48%,2025-04-25,1404/02/05
349,66.11,65.8,67.02,66.55,1.37,2.10%,2025-04-24,1404/02/04
350,67.01,64.39,67.64,65.18,1.3,1.99%,2025-04-23,1404/02/03
351,65.8,65.58,67.08,66.48,1.18,1.81%,2025-04-22,1404/02/02
352,66.87,64.76,66.87,65.3,2.66,4.07%,2025-04-21,1404/02/01
353,66.25,65.95,68.14,67.96,2.11,3.20%,2025-04-17,1404/01/28
354,64.82,63.79,66.36,65.85,1.18,1.82%,2025-04-16,1404/01/27
355,64.96,64.21,65.4,64.67,0.21,0.32%,2025-04-15,1404/01/26
356,65,64.02,65.9,64.88,0.12,0.19%,2025-04-14,1404/01/25
357,63.16,62.77,65.08,64.76,1.43,2.26%,2025-04-11,1404/01/22
358,65.9,62,66.08,63.33,2.15,3.39%,2025-04-10,1404/01/21
359,61.13,58.4,66.02,65.48,2.66,4.23%,2025-04-09,1404/01/20
360,64.59,61.34,65.21,62.82,1.39,2.21%,2025-04-08,1404/01/19
361,64.9,62.51,67.43,64.21,1.37,2.13%,2025-04-07,1404/01/18
362,70,64.03,70.11,65.58,4.56,6.95%,2025-04-04,1404/01/15
363,72.7,69.48,73.4,70.14,4.81,6.86%,2025-04-03,1404/01/14
364,74.52,73.1,75.47,74.95,0.46,0.62%,2025-04-02,1404/01/13
365,74.67,74.33,75.29,74.49,0.25,0.34%,2025-04-01,1404/01/12
366,73.76,73.18,74.81,74.74,1.11,1.51%,2025-03-31,1404/01/11
367,74.03,73.22,74.2,73.63,0.4,0.54%,2025-03-28,1404/01/08
368,73.9,73.23,74.07,74.03,0.24,0.33%,2025-03-27,1404/01/07
369,73.27,73.09,74.17,73.79,0.77,1.05%,2025-03-26,1404/01/06
370,73.08,72.5,73.57,73.02,0.65,0.90%,2025-03-25,1404/01/05
371,71.7,71.26,72.57,72.37,0.76,1.06%,2025-03-24,1404/01/04
372,71.8,71.01,71.97,71.61,0.14,0.20%,2025-03-21,1404/01/01
373,70.49,70.1,71.76,71.47,1.15,1.64%,2025-03-20,1403/12/30
374,70.05,69.51,70.77,70.32,0.2,0.29%,2025-03-19,1403/12/29
375,70.44,69.85,71.68,70.12,0.48,0.68%,2025-03-18,1403/12/28
376,70.18,70.17,71.27,70.6,0.02,0.03%,2025-03-17,1403/12/27
377,70.16,69.93,70.75,70.58,0.7,1%,2025-03-14,1403/12/24
378,70.95,69.66,71.25,69.88,1.07,1.53%,2025-03-13,1403/12/23
379,69.95,69.48,71.1,70.95,1.39,2%,2025-03-12,1403/12/22
380,69.05,68.63,70.44,69.56,0.28,0.40%,2025-03-11,1403/12/21
381,70.49,69.05,70.88,69.28,1.08,1.56%,2025-03-10,1403/12/20
382,69.43,69.3,71.4,70.36,0.9,1.30%,2025-03-07,1403/12/17
383,69.43,68.74,69.9,69.46,0.16,0.23%,2025-03-06,1403/12/16
384,71.02,68.33,71.18,69.3,1.74,2.51%,2025-03-05,1403/12/15
385,71.3,69.75,71.36,71.04,0.58,0.82%,2025-03-04,1403/12/14
386,73.04,71.17,73.67,71.62,1.56,2.18%,2025-03-03,1403/12/13
387,73.72,72.97,73.84,73.18,0.86,1.18%,2025-02-28,1403/12/10
388,72.7,72.49,74.26,74.04,1.51,2.08%,2025-02-27,1403/12/09
389,73.16,72.39,73.34,72.53,0.49,0.68%,2025-02-26,1403/12/08
390,74.74,72.7,75.26,73.02,1.29,1.77%,2025-02-25,1403/12/07
391,73.76,73.71,74.5,74.31,0.26,0.35%,2025-02-24,1403/12/06
392,76.21,73.8,76.32,74.05,2,2.70%,2025-02-21,1403/12/03
393,75.68,75.36,76.71,76.05,0.38,0.50%,2025-02-20,1403/12/02
394,75.44,75.38,76.4,75.67,0.24,0.32%,2025-02-19,1403/12/01
395,74.95,74.59,75.67,75.43,0.5,0.67%,2025-02-18,1403/11/30
396,74.36,73.91,75.07,74.93,0.19,0.25%,2025-02-17,1403/11/29
397,75,74.53,75.85,74.74,0.28,0.37%,2025-02-14,1403/11/26
398,74.97,74.06,75.37,75.02,0.16,0.21%,2025-02-13,1403/11/25
399,76.82,74.92,76.91,75.18,1.82,2.42%,2025-02-12,1403/11/24
400,75.94,75.9,77.29,77,1.13,1.49%,2025-02-11,1403/11/23
401,74.59,74.51,76.23,75.87,1.21,1.62%,2025-02-10,1403/11/22
402,74.31,74.26,75.12,74.66,0.37,0.50%,2025-02-07,1403/11/19
403,74.71,74.1,75.4,74.29,0.32,0.43%,2025-02-06,1403/11/18
404,76.21,74.56,76.34,74.61,1.59,2.13%,2025-02-05,1403/11/17
405,75.4,74.15,76.66,76.2,0.24,0.32%,2025-02-04,1403/11/16
406,76.79,75.04,77.34,75.96,0.8,1.05%,2025-02-03,1403/11/15
407,77.25,76.48,77.51,76.76,0.11,0.14%,2025-01-31,1403/11/12
408,76.77,76,77.63,76.87,0.29,0.38%,2025-01-30,1403/11/11
409,77.62,76.31,77.7,76.58,0.91,1.19%,2025-01-29,1403/11/10
410,77.01,76.85,78.18,77.49,0.41,0.53%,2025-01-28,1403/11/09
411,78.34,76.3,79,77.08,0.47,0.61%,2025-01-27,1403/11/08
412,77.17,76.92,78.08,77.55,0.01,0.01%,2025-01-24,1403/11/05
413,78.01,77.12,78.8,77.56,0.59,0.76%,2025-01-23,1403/11/04
414,78.47,77.95,78.91,78.15,0.25,0.32%,2025-01-22,1403/11/03
415,78.78,77.66,79.37,78.4,0.7,0.89%,2025-01-21,1403/11/02
416,79.72,78.43,79.99,79.1,1.69,2.14%,2025-01-20,1403/11/01
417,81.44,80.5,81.93,80.79,0.5,0.62%,2025-01-17,1403/10/28
418,82.42,80.39,82.57,81.29,0.74,0.91%,2025-01-16,1403/10/27
419,80.29,79.62,82.63,82.03,2.11,2.64%,2025-01-15,1403/10/26
420,80.92,79.87,81.15,79.92,1.09,1.36%,2025-01-14,1403/10/25
421,79.76,79.76,81.68,81.01,1.25,1.57%,2025-01-13,1403/10/24
422,77.26,77.03,80.75,79.76,2.84,3.69%,2025-01-10,1403/10/21
423,76.18,75.68,77.27,76.92,0.76,1%,2025-01-09,1403/10/20
424,77.3,76.04,77.89,76.16,0.89,1.17%,2025-01-08,1403/10/19
425,76.18,75.91,77.3,77.05,0.75,0.98%,2025-01-07,1403/10/18
426,76.58,75.94,77.5,76.3,0.21,0.28%,2025-01-06,1403/10/17
427,75.98,75.53,76.73,76.51,0.58,0.76%,2025-01-03,1403/10/14
428,74.93,74.72,76.55,75.93,1.29,1.73%,2025-01-02,1403/10/13
429,74.25,73.84,74.89,74.64,0.25,0.34%,2024-12-31,1403/10/11
430,73.81,73.8,74.63,74.39,0.22,0.30%,2024-12-30,1403/10/10
431,73.16,73.05,74.29,74.17,0.91,1.24%,2024-12-27,1403/10/07
432,73.77,72.99,74.17,73.26,0.32,0.44%,2024-12-26,1403/10/06
433,72.96,72.79,73.81,73.58,0.95,1.31%,2024-12-24,1403/10/04
434,72.86,71.98,73.38,72.63,0.31,0.43%,2024-12-23,1403/10/03
435,72.57,72,73.29,72.94,0.06,0.08%,2024-12-20,1403/09/30
436,72.91,72.53,73.86,72.88,0.51,0.70%,2024-12-19,1403/09/29
437,73.26,72.8,74.2,73.39,0.2,0.27%,2024-12-18,1403/09/28
438,73.91,72.48,74.18,73.19,0.72,0.98%,2024-12-17,1403/09/27
439,74.6,73.7,74.6,73.91,0.58,0.78%,2024-12-16,1403/09/26
440,73.33,73.3,74.59,74.49,1.08,1.47%,2024-12-13,1403/09/23
441,73.6,72.42,74,73.41,0.11,0.15%,2024-12-12,1403/09/22
442,72.15,72.15,73.75,73.52,1.33,1.84%,2024-12-11,1403/09/21
443,71.94,71.53,72.72,72.19,0.05,0.07%,2024-12-10,1403/09/20
444,70.92,70.92,72.65,72.14,1.02,1.43%,2024-12-09,1403/09/19
445,72.12,70.85,72.19,71.12,0.97,1.36%,2024-12-06,1403/09/16
446,72.52,71.8,72.92,72.09,0.22,0.31%,2024-12-05,1403/09/15
447,73.62,72.25,74.28,72.31,1.31,1.81%,2024-12-04,1403/09/14
448,71.93,71.68,73.93,73.62,1.79,2.49%,2024-12-03,1403/09/13
449,72,71.52,72.89,71.83,1.11,1.55%,2024-12-02,1403/09/12
450,73.11,72.56,73.47,72.94,0.34,0.47%,2024-11-29,1403/09/09
451,72.87,72.38,73.49,73.28,0.45,0.62%,2024-11-28,1403/09/08
452,72.88,72.27,73.37,72.83,0.02,0.03%,2024-11-27,1403/09/07
453,72.85,72.09,74.36,72.81,0.2,0.27%,2024-11-26,1403/09/06
454,75.38,72.84,75.38,73.01,2.16,2.96%,2024-11-25,1403/09/05
455,74.29,73.43,75.41,75.17,0.94,1.27%,2024-11-22,1403/09/02
456,73.1,72.91,74.4,74.23,1.42,1.95%,2024-11-21,1403/09/01
457,73.38,72.7,73.94,72.81,0.5,0.69%,2024-11-20,1403/08/30
458,73.15,72.61,73.87,73.31,0.01,0.01%,2024-11-19,1403/08/29
459,70.8,70.7,73.47,73.3,2.26,3.18%,2024-11-18,1403/08/28
460,72.28,70.83,72.49,71.04,1.52,2.14%,2024-11-15,1403/08/25
461,72.12,71.79,73.22,72.56,0.28,0.39%,2024-11-14,1403/08/24
462,71.78,70.72,72.63,72.28,0.39,0.54%,2024-11-13,1403/08/23
463,71.97,71.55,72.82,71.89,0.06,0.08%,2024-11-12,1403/08/22
464,73.85,71.57,74.13,71.83,2.04,2.84%,2024-11-11,1403/08/21
465,75.55,73.44,75.61,73.87,1.76,2.38%,2024-11-08,1403/08/18
466,74.99,74.02,76.08,75.63,0.71,0.95%,2024-11-07,1403/08/17
467,75.3,73.34,75.98,74.92,0.61,0.81%,2024-11-06,1403/08/16
468,75,74.9,76.24,75.53,0.45,0.60%,2024-11-05,1403/08/15
469,74,73.88,75.4,75.08,1.98,2.71%,2024-11-04,1403/08/14
470,74.11,72.89,74.94,73.1,0.06,0.08%,2024-11-01,1403/08/11
471,72.85,72.2,73.38,73.16,0.61,0.84%,2024-10-31,1403/08/10
472,71.39,71.08,73.12,72.55,1.43,2.01%,2024-10-30,1403/08/09
473,72,70.72,72.6,71.12,0.3,0.42%,2024-10-29,1403/08/08
474,72.77,71.18,73.28,71.42,4.63,6.48%,2024-10-28,1403/08/07
475,74.66,74.17,76.14,76.05,1.67,2.25%,2024-10-25,1403/08/04
476,75.35,74,76.54,74.38,0.58,0.78%,2024-10-24,1403/08/03
477,75.73,74.42,76.05,74.96,1.08,1.44%,2024-10-23,1403/08/02
478,74.23,73.57,76.32,76.04,1.75,2.36%,2024-10-22,1403/08/01
479,73.11,72.8,74.57,74.29,1.23,1.68%,2024-10-21,1403/07/30
480,74.59,72.5,74.95,73.06,1.39,1.90%,2024-10-18,1403/07/27
481,74.47,73.26,74.92,74.45,0.23,0.31%,2024-10-17,1403/07/26
482,74.71,73.42,74.93,74.22,0.03,0.04%,2024-10-16,1403/07/25
483,75.22,73.34,75.57,74.25,3.21,4.32%,2024-10-15,1403/07/24
484,78.55,74.86,78.55,77.46,1.58,2.04%,2024-10-14,1403/07/23
485,79.14,78.04,79.5,79.04,0.36,0.46%,2024-10-11,1403/07/20
486,76.76,76.72,79.72,79.4,2.82,3.68%,2024-10-10,1403/07/19
487,77.49,75.15,78.02,76.58,0.6,0.78%,2024-10-09,1403/07/18
488,80.96,76.36,81.14,77.18,3.75,4.86%,2024-10-08,1403/07/17
489,78.07,77.23,81.16,80.93,2.88,3.69%,2024-10-07,1403/07/16
490,77.79,77.39,79.3,78.05,0.43,0.55%,2024-10-04,1403/07/13
491,74.59,74.31,77.99,77.62,3.72,5.03%,2024-10-03,1403/07/12
492,74.47,73.59,76.14,73.9,0.34,0.46%,2024-10-02,1403/07/11
493,71.85,69.91,75.45,73.56,1.79,2.49%,2024-10-01,1403/07/10
494,72.5,71.26,73.17,71.77,0.21,0.29%,2024-09-30,1403/07/09
495,71.42,70.91,72.45,71.98,0.38,0.53%,2024-09-27,1403/07/06
496,73.4,70.72,73.8,71.6,1.86,2.60%,2024-09-26,1403/07/05
497,75.18,73.06,75.35,73.46,1.71,2.33%,2024-09-25,1403/07/04
498,74.13,73.95,75.87,75.17,1.27,1.72%,2024-09-24,1403/07/03
499,74.71,73.1,75.17,73.9,0.59,0.80%,2024-09-23,1403/07/02
500,74.77,74,75,74.49,0.39,0.52%,2024-09-20,1403/06/30
501,73.13,72.91,75.18,74.88,1.23,1.67%,2024-09-19,1403/06/29
502,73.69,72.31,74.1,73.65,0.05,0.07%,2024-09-18,1403/06/28
503,72.91,72.17,74.28,73.7,0.95,1.31%,2024-09-17,1403/06/27
504,72.09,71.52,73.39,72.75,1.14,1.59%,2024-09-16,1403/06/26
505,72.3,71.46,73.24,71.61,0.36,0.50%,2024-09-13,1403/06/23
506,70.6,70.59,72.87,71.97,1.36,1.93%,2024-09-12,1403/06/22
507,69.68,69,71.09,70.61,1.42,2.05%,2024-09-11,1403/06/21
508,71.92,68.68,72.28,69.19,2.65,3.83%,2024-09-10,1403/06/20
509,71.66,70.65,72.21,71.84,0.78,1.10%,2024-09-09,1403/06/19
510,72.81,70.61,73.53,71.06,1.63,2.29%,2024-09-06,1403/06/16
511,72.76,72.37,74.2,72.69,0.01,0.01%,2024-09-05,1403/06/15
512,73.67,72.35,74.8,72.7,1.05,1.44%,2024-09-04,1403/06/14
513,77.16,73.51,77.55,73.75,3.77,5.11%,2024-09-03,1403/06/13
514,76.95,76.21,77.63,77.52,1.28,1.65%,2024-09-02,1403/06/12
515,79.92,78.57,80.6,78.8,1.14,1.45%,2024-08-30,1403/06/09
516,78.52,78.12,80.78,79.94,1.29,1.64%,2024-08-29,1403/06/08
517,79.87,77.95,80.01,78.65,0.9,1.14%,2024-08-28,1403/06/07
518,81.26,79.47,81.59,79.55,1.88,2.36%,2024-08-27,1403/06/06
519,79.35,79.24,81.58,81.43,2.41,3.05%,2024-08-26,1403/06/05
520,77.25,77.03,79.27,79.02,1.8,2.33%,2024-08-23,1403/06/02
521,75.96,75.77,77.7,77.22,1.17,1.54%,2024-08-22,1403/06/01
522,77.13,75.65,78.21,76.05,1.15,1.51%,2024-08-21,1403/05/31
523,77.66,76.55,78.35,77.2,0.46,0.60%,2024-08-20,1403/05/30
524,79.6,77.48,79.81,77.66,2.02,2.60%,2024-08-19,1403/05/29
525,80.86,78.62,81.02,79.68,1.36,1.71%,2024-08-16,1403/05/26
526,79.96,79.61,81.43,81.04,1.28,1.60%,2024-08-15,1403/05/25
527,81,79.6,81.44,79.76,0.93,1.17%,2024-08-14,1403/05/24
528,81.88,80.55,82.3,80.69,1.61,2%,2024-08-13,1403/05/23
529,79.56,79.46,82.4,82.3,2.64,3.31%,2024-08-12,1403/05/22
530,79.03,78.77,79.83,79.66,0.5,0.63%,2024-08-09,1403/05/19
531,78.55,77.63,79.37,79.16,0.83,1.06%,2024-08-08,1403/05/18
532,76.16,75.95,78.87,78.33,1.85,2.42%,2024-08-07,1403/05/17
533,77.45,75.58,77.85,76.48,0.18,0.24%,2024-08-06,1403/05/16
534,77.61,75.05,77.74,76.3,0.51,0.67%,2024-08-05,1403/05/15
535,79.98,76.42,80.46,76.81,2.71,3.53%,2024-08-02,1403/05/12
536,81.44,79.43,81.8,79.52,1.2,1.51%,2024-08-01,1403/05/11
537,79.02,79.02,80.95,80.72,2.09,2.66%,2024-07-31,1403/05/10
538,79.64,78.43,79.99,78.63,1.15,1.46%,2024-07-30,1403/05/09
539,81.3,79.36,81.74,79.78,1.35,1.69%,2024-07-29,1403/05/08
540,82.4,80.33,82.71,81.13,1.24,1.53%,2024-07-26,1403/05/05
541,81.58,80.09,82.53,82.37,0.66,0.81%,2024-07-25,1403/05/04
542,81.46,80.93,82.23,81.71,0.7,0.86%,2024-07-24,1403/05/03
543,82.25,80.51,82.79,81.01,1.39,1.72%,2024-07-23,1403/05/02
544,82.8,81.6,83.22,82.4,0.23,0.28%,2024-07-22,1403/05/01
545,84.72,82.56,85.35,82.63,2.48,3%,2024-07-19,1403/04/29
546,85.23,84.22,85.81,85.11,0.03,0.04%,2024-07-18,1403/04/28
547,83.66,83.43,85.2,85.08,1.35,1.61%,2024-07-17,1403/04/27
548,84.78,83.3,84.86,83.73,1.12,1.34%,2024-07-16,1403/04/26
549,85.1,84.42,85.37,84.85,0.18,0.21%,2024-07-15,1403/04/25
550,85.69,84.95,86.35,85.03,0.37,0.44%,2024-07-12,1403/04/22
551,85.45,84.64,85.89,85.4,0.32,0.38%,2024-07-11,1403/04/21
552,84.92,84,85.66,85.08,0.42,0.50%,2024-07-10,1403/04/20
553,85.67,84.53,85.85,84.66,1.09,1.29%,2024-07-09,1403/04/19
554,86.74,85.56,86.92,85.75,0.79,0.92%,2024-07-08,1403/04/18
555,87.45,86.49,87.95,86.54,0.89,1.03%,2024-07-05,1403/04/15
556,87.09,86.51,87.59,87.43,0.09,0.10%,2024-07-04,1403/04/14
557,86.44,85.89,87.39,87.34,1.1,1.28%,2024-07-03,1403/04/13
558,86.71,86.16,87.46,86.24,0.36,0.42%,2024-07-02,1403/04/12
559,84.9,84.85,86.88,86.6,0.19,0.22%,2024-07-01,1403/04/11
560,86.56,86.24,87.22,86.41,0.02,0.02%,2024-06-28,1403/04/08
561,85.01,84.88,86.5,86.39,1.14,1.34%,2024-06-27,1403/04/07
562,84.89,84.47,85.81,85.25,0.24,0.28%,2024-06-26,1403/04/06
563,86.06,84.74,86.23,85.01,1,1.18%,2024-06-25,1403/04/05
564,84.99,84.71,86.16,86.01,0.77,0.90%,2024-06-24,1403/04/04
565,85.66,84.84,86.24,85.24,0.47,0.55%,2024-06-21,1403/04/01
566,85.19,84.95,85.96,85.71,0.64,0.75%,2024-06-20,1403/03/31
567,85.4,84.9,85.84,85.07,0.26,0.31%,2024-06-19,1403/03/30
568,84.31,83.67,85.49,85.33,1.08,1.28%,2024-06-18,1403/03/29
569,82.61,82.1,84.55,84.25,1.63,1.97%,2024-06-17,1403/03/28
570,82.05,81.92,83.39,82.62,0.13,0.16%,2024-06-14,1403/03/25
571,82.42,81.8,83.05,82.75,0.15,0.18%,2024-06-13,1403/03/24
572,82.08,81.96,83.34,82.6,0.68,0.83%,2024-06-12,1403/03/23
573,81.97,81.19,82.36,81.92,0.29,0.36%,2024-06-11,1403/03/22
574,79.38,79.34,82.17,81.63,2.01,2.52%,2024-06-10,1403/03/21
575,80.05,79.32,80.38,79.62,0.25,0.31%,2024-06-07,1403/03/18
576,78.7,78.38,80.08,79.87,1.46,1.86%,2024-06-06,1403/03/17
577,77.29,77.18,78.66,78.41,0.89,1.15%,2024-06-05,1403/03/16
578,78.14,76.76,78.22,77.52,0.84,1.08%,2024-06-04,1403/03/15
579,81.15,78.09,81.65,78.36,3.26,4.16%,2024-06-03,1403/03/14
580,81.74,81.17,82.18,81.62,0.24,0.29%,2024-05-31,1403/03/11
581,83.51,81.8,83.77,81.86,1.74,2.13%,2024-05-30,1403/03/10
582,84.61,83.29,85.02,83.6,0.62,0.74%,2024-05-29,1403/03/09
583,83,83,84.62,84.22,1.12,1.35%,2024-05-28,1403/03/08
584,82.2,82.08,83.2,83.1,0.98,1.19%,2024-05-27,1403/03/07
585,81.4,80.65,82.46,82.12,0.76,0.93%,2024-05-24,1403/03/04
586,81.59,80.93,82.97,81.36,0.54,0.66%,2024-05-23,1403/03/03
587,82.58,81.57,82.63,81.9,0.98,1.20%,2024-05-22,1403/03/02
588,83.75,82.04,83.76,82.88,0.83,1%,2024-05-21,1403/03/01
589,83.98,83.11,84.49,83.71,0.27,0.32%,2024-05-20,1403/02/31
590,83.43,83.08,84.04,83.98,0.71,0.85%,2024-05-17,1403/02/28
591,83.03,82.31,83.78,83.27,0.52,0.63%,2024-05-16,1403/02/27
592,82.76,81.05,83.07,82.75,0.37,0.45%,2024-05-15,1403/02/26
593,83.41,82.1,83.62,82.38,0.98,1.19%,2024-05-14,1403/02/25
594,82.78,82.26,83.84,83.36,0.57,0.69%,2024-05-13,1403/02/24
595,84.21,82.7,84.53,82.79,1.09,1.32%,2024-05-10,1403/02/21
596,83.79,83.45,84.33,83.88,0.3,0.36%,2024-05-09,1403/02/20
597,83.02,81.71,83.82,83.58,0.42,0.51%,2024-05-08,1403/02/19
598,83.72,82.41,83.88,83.16,0.17,0.20%,2024-05-07,1403/02/18
599,82.99,82.77,83.83,83.33,0.37,0.45%,2024-05-06,1403/02/17
600,83.9,82.78,84.39,82.96,0.71,0.86%,2024-05-03,1403/02/14
601,83.59,83.05,84.44,83.67,0.23,0.28%,2024-05-02,1403/02/13
602,85.8,83.29,85.89,83.44,4.42,5.30%,2024-05-01,1403/02/12
603,88.41,87.46,88.79,87.86,0.54,0.61%,2024-04-30,1403/02/11
604,89.22,88.11,89.29,88.4,1.1,1.24%,2024-04-29,1403/02/10
605,89.23,88.78,89.83,89.5,0.49,0.55%,2024-04-26,1403/02/07
606,87.89,87.31,89.31,89.01,0.99,1.12%,2024-04-25,1403/02/06
607,88.45,87.65,88.86,88.02,0.4,0.45%,2024-04-24,1403/02/05
608,87.2,86.03,88.51,88.42,1.42,1.63%,2024-04-23,1403/02/04
609,87.07,85.79,87.26,87,0.29,0.33%,2024-04-22,1403/02/03
610,87.04,86.19,90.75,87.29,0.18,0.21%,2024-04-19,1403/01/31
611,87.42,86.09,87.8,87.11,0.18,0.21%,2024-04-18,1403/01/30
612,90.11,87.13,90.17,87.29,2.73,3.13%,2024-04-17,1403/01/29
613,90.43,89.41,90.84,90.02,0.08,0.09%,2024-04-16,1403/01/28
614,90.95,88.73,91.05,90.1,0.35,0.39%,2024-04-15,1403/01/27
615,90.13,90.01,92.18,90.45,0.71,0.79%,2024-04-12,1403/01/24
616,90.52,89.38,90.92,89.74,0.74,0.82%,2024-04-11,1403/01/23
617,89.55,88.83,90.71,90.48,1.06,1.19%,2024-04-10,1403/01/22
618,90.63,89.25,90.94,89.42,0.96,1.07%,2024-04-09,1403/01/21
619,90.09,88.78,91.1,90.38,0.79,0.87%,2024-04-08,1403/01/20
620,91.21,90.57,91.91,91.17,0.52,0.57%,2024-04-05,1403/01/17
621,89.48,88.72,91.3,90.65,1.3,1.45%,2024-04-04,1403/01/16
622,89.22,88.67,89.99,89.35,0.43,0.48%,2024-04-03,1403/01/15
623,87.62,87.62,89.32,88.92,1.5,1.72%,2024-04-02,1403/01/14
624,86.98,86.4,87.98,87.42,0.06,0.07%,2024-04-01,1403/01/13
625,86.41,86.3,87.52,87.48,1.39,1.61%,2024-03-28,1403/01/09
626,85.86,85.17,86.39,86.09,0.16,0.19%,2024-03-27,1403/01/08
627,86.81,85.8,87.06,86.25,0.5,0.58%,2024-03-26,1403/01/07
628,85.5,85.4,87.17,86.75,1.32,1.55%,2024-03-25,1403/01/06
629,85.66,85.11,86.15,85.43,0.35,0.41%,2024-03-22,1403/01/03
630,86.24,85.06,86.64,85.78,0.17,0.20%,2024-03-21,1403/01/02
631,87.15,85.59,87.35,85.95,1.43,1.66%,2024-03-20,1403/01/01
632,86.94,86.48,87.7,87.38,0.49,0.56%,2024-03-19,1402/12/29
633,85.32,85.25,87.18,86.89,1.55,1.82%,2024-03-18,1402/12/28
634,85.15,84.6,85.55,85.34,0.08,0.09%,2024-03-15,1402/12/25
635,84.04,83.98,85.69,85.42,1.39,1.65%,2024-03-14,1402/12/24
636,82.45,81.96,84.24,84.03,2.11,2.58%,2024-03-13,1402/12/23
637,82.45,81.69,83.01,81.92,0.29,0.35%,2024-03-12,1402/12/22
638,82,81.08,82.75,82.21,0.13,0.16%,2024-03-11,1402/12/21
639,83.18,81.71,83.84,82.08,0.88,1.07%,2024-03-08,1402/12/18
640,82.92,82.07,83.53,82.96,-,-,2024-03-07,1402/12/17
641,82.01,81.85,84.05,82.96,0.92,1.12%,2024-03-06,1402/12/16
642,82.74,81.72,83.14,82.04,0.76,0.93%,2024-03-05,1402/12/15
643,83.5,82.57,84.08,82.8,0.75,0.91%,2024-03-04,1402/12/14
644,82.07,81.81,84.34,83.55,0.07,0.08%,2024-03-01,1402/12/11
645,83.23,83.05,83.9,83.62,0.06,0.07%,2024-02-29,1402/12/10
646,83.3,82.6,84.31,83.68,0.03,0.04%,2024-02-28,1402/12/09
647,82.64,82.1,83.7,83.65,1.12,1.36%,2024-02-27,1402/12/08
648,81.41,81,83.07,82.53,0.91,1.11%,2024-02-26,1402/12/07
649,83.39,81.43,83.48,81.62,2.05,2.51%,2024-02-23,1402/12/04
650,83.2,82.33,83.96,83.67,0.64,0.77%,2024-02-22,1402/12/03
651,82.5,81.66,83.17,83.03,0.69,0.84%,2024-02-21,1402/12/02
652,83.24,82.05,83.63,82.34,1.22,1.48%,2024-02-20,1402/12/01
653,83.28,82.55,83.6,83.56,0.09,0.11%,2024-02-19,1402/11/30
654,82.79,81.89,83.66,83.47,0.61,0.74%,2024-02-16,1402/11/27
655,81.42,80.72,83.25,82.86,1.26,1.54%,2024-02-15,1402/11/26
656,82.6,81.39,83.6,81.6,1.17,1.43%,2024-02-14,1402/11/25
657,82,81.96,83.24,82.77,0.77,0.94%,2024-02-13,1402/11/24
658,81.94,80.77,82.19,82,0.19,0.23%,2024-02-12,1402/11/23
659,81.72,81.21,82.45,82.19,0.56,0.69%,2024-02-09,1402/11/20
660,79.3,79.03,81.9,81.63,2.42,3.06%,2024-02-08,1402/11/19
661,78.7,78.49,79.5,79.21,0.62,0.79%,2024-02-07,1402/11/18
662,77.95,77.63,79.08,78.59,0.6,0.77%,2024-02-06,1402/11/17
663,77.9,76.62,78.33,77.99,0.66,0.85%,2024-02-05,1402/11/16
664,79.15,76.85,79.44,77.33,1.37,1.77%,2024-02-02,1402/11/13
665,80.57,78.57,81.55,78.7,3.01,3.82%,2024-02-01,1402/11/12
666,82.94,81.59,82.94,81.71,1.16,1.42%,2024-01-31,1402/11/11
667,82.62,81.34,83.3,82.87,0.47,0.57%,2024-01-30,1402/11/10
668,84.13,82.03,84.8,82.4,1.15,1.40%,2024-01-29,1402/11/09
669,82.44,81.31,83.81,83.55,1.12,1.36%,2024-01-26,1402/11/06
670,80.31,80.06,82.57,82.43,2.39,2.99%,2024-01-25,1402/11/05
671,79.56,79.05,80.73,80.04,0.49,0.62%,2024-01-24,1402/11/04
672,79.92,78.7,80.43,79.55,0.51,0.64%,2024-01-23,1402/11/03
673,78.89,77.81,80.55,80.06,1.5,1.91%,2024-01-22,1402/11/02
674,79.1,78.32,79.73,78.56,0.54,0.69%,2024-01-19,1402/10/29
675,78.15,77.33,79.3,79.1,1.22,1.57%,2024-01-18,1402/10/28
676,77.77,76.5,78.19,77.88,0.41,0.53%,2024-01-17,1402/10/27
677,78.43,77.6,79.4,78.29,0.14,0.18%,2024-01-16,1402/10/26
678,78.14,76.85,78.9,78.15,0.14,0.18%,2024-01-15,1402/10/25
679,78.75,77.96,80.75,78.29,0.88,1.14%,2024-01-12,1402/10/22
680,76.7,76.66,79.1,77.41,0.61,0.79%,2024-01-11,1402/10/21
681,77.48,76.38,78.73,76.8,0.79,1.03%,2024-01-10,1402/10/20
682,76.3,75.95,78.19,77.59,1.47,1.93%,2024-01-09,1402/10/19
683,78.7,75.26,78.95,76.12,2.64,3.47%,2024-01-08,1402/10/18
684,77.71,77.66,79.26,78.76,1.17,1.51%,2024-01-05,1402/10/15
685,78.56,76.5,79.41,77.59,0.66,0.85%,2024-01-04,1402/10/14
686,76.06,74.79,78.67,78.25,2.36,3.11%,2024-01-03,1402/10/13
687,77.39,75.6,79.06,75.89,1.15,1.52%,2024-01-02,1402/10/12
688,77.38,76.73,77.98,77.04,1.35,1.75%,2023-12-29,1402/10/08
689,79.8,78.25,79.95,78.39,1.26,1.61%,2023-12-28,1402/10/07
690,80.79,79.29,81.33,79.65,1.42,1.78%,2023-12-27,1402/10/06
691,79.04,78.76,81.72,81.07,2,2.53%,2023-12-26,1402/10/05
692,79.35,78.88,80.37,79.07,0.32,0.40%,2023-12-22,1402/10/01
693,79,77.81,80.13,79.39,0.31,0.39%,2023-12-21,1402/09/30
694,79.17,79.07,80.6,79.7,0.47,0.59%,2023-12-20,1402/09/29
695,78.06,77.41,79.67,79.23,1.28,1.64%,2023-12-19,1402/09/28
696,76.8,75.76,79.51,77.95,1.4,1.83%,2023-12-18,1402/09/27
697,76.66,75.29,77.23,76.55,0.06,0.08%,2023-12-15,1402/09/24
698,74.76,74.44,77.35,76.61,2.35,3.16%,2023-12-14,1402/09/23
699,73.26,72.29,74.7,74.26,1.02,1.39%,2023-12-13,1402/09/22
700,76.17,72.86,76.66,73.24,2.79,3.81%,2023-12-12,1402/09/21
701,75.73,75.01,76.5,76.03,0.19,0.25%,2023-12-11,1402/09/20
702,74.59,74.2,76.36,75.84,1.79,2.42%,2023-12-08,1402/09/17
703,74.5,73.6,75.48,74.05,0.25,0.34%,2023-12-07,1402/09/16
704,77.12,74.11,77.65,74.3,2.9,3.90%,2023-12-06,1402/09/15
705,78.1,77,79.09,77.2,0.83,1.08%,2023-12-05,1402/09/14
706,79.5,77.52,79.72,78.03,0.85,1.09%,2023-12-04,1402/09/13
707,80.67,78.75,81.54,78.88,3.95,5.01%,2023-12-01,1402/09/10
708,82.78,82.58,84.75,82.83,0.27,0.33%,2023-11-30,1402/09/09
709,81.91,80.96,83.25,83.1,1.42,1.74%,2023-11-29,1402/09/08
710,80.19,79.8,82.16,81.68,1.7,2.13%,2023-11-28,1402/09/07
711,80.4,79.13,81.17,79.98,0.6,0.75%,2023-11-27,1402/09/06
712,81.4,80.13,82.2,80.58,0.84,1.04%,2023-11-24,1402/09/03
713,81.6,80.19,81.63,81.42,0.54,0.66%,2023-11-23,1402/09/02
714,82.47,78.41,82.65,81.96,0.49,0.60%,2023-11-22,1402/09/01
715,82.13,81.43,82.54,82.45,0.13,0.16%,2023-11-21,1402/08/30
716,80.3,79.58,82.94,82.32,1.71,2.12%,2023-11-20,1402/08/29
717,77.55,77.28,80.81,80.61,3.19,4.12%,2023-11-17,1402/08/26
718,80.98,76.6,81.17,77.42,3.76,4.86%,2023-11-16,1402/08/25
719,82.39,80.79,83.04,81.18,1.29,1.59%,2023-11-15,1402/08/24
720,82.71,82.06,83.97,82.47,0.05,0.06%,2023-11-14,1402/08/23
721,81.43,80.41,82.84,82.52,1.09,1.34%,2023-11-13,1402/08/22
722,79.85,79.79,82.06,81.43,1.42,1.77%,2023-11-10,1402/08/19
723,79.7,79.44,81.48,80.01,0.47,0.59%,2023-11-09,1402/08/18
724,81.4,79.2,81.96,79.54,2.07,2.60%,2023-11-08,1402/08/17
725,85.15,81.4,85.19,81.61,3.57,4.37%,2023-11-07,1402/08/16
726,85.55,84.88,86.46,85.18,0.29,0.34%,2023-11-06,1402/08/15
727,86.92,84.56,87.8,84.89,1.96,2.31%,2023-11-03,1402/08/12
728,85,84.64,87.05,86.85,2.22,2.62%,2023-11-02,1402/08/11
729,85.45,84.58,87.24,84.63,2.78,3.28%,2023-11-01,1402/08/10
730,87.9,87.4,88.61,87.41,0.04,0.05%,2023-10-31,1402/08/09
731,90.07,87.2,90.15,87.45,3.03,3.46%,2023-10-30,1402/08/08
732,88.4,87.83,90.75,90.48,2.55,2.90%,2023-10-27,1402/08/05
733,89.92,87.53,90.4,87.93,2.2,2.50%,2023-10-26,1402/08/04
734,88.04,86.68,90.35,90.13,2.06,2.34%,2023-10-25,1402/08/03
735,90.47,87.35,90.68,88.07,1.76,2%,2023-10-24,1402/08/02
736,92.11,89.62,92.45,89.83,2.33,2.59%,2023-10-23,1402/08/01
737,93.23,91.66,93.79,92.16,0.22,0.24%,2023-10-20,1402/07/28
738,91.35,89.57,93.48,92.38,0.88,0.96%,2023-10-19,1402/07/27
739,91.25,90.6,93,91.5,1.6,1.78%,2023-10-18,1402/07/26
740,89.91,88.88,91,89.9,0.25,0.28%,2023-10-17,1402/07/25
741,90.98,89.5,91.39,89.65,1.24,1.38%,2023-10-16,1402/07/24
742,86.35,86.28,91,90.89,4.89,5.69%,2023-10-13,1402/07/21
743,85.53,85.18,87.64,86,0.18,0.21%,2023-10-12,1402/07/20
744,87.72,85.21,88.26,85.82,1.83,2.13%,2023-10-11,1402/07/19
745,88.17,86.91,88.49,87.65,0.5,0.57%,2023-10-10,1402/07/18
746,86.45,86,89,88.15,3.57,4.22%,2023-10-09,1402/07/17
747,84.49,83.44,84.95,84.58,0.51,0.61%,2023-10-06,1402/07/14
748,85.88,83.84,86.52,84.07,1.74,2.07%,2023-10-05,1402/07/13
749,91.04,85.75,91.21,85.81,5.11,5.96%,2023-10-04,1402/07/12
750,90.4,89.5,91.56,90.92,0.21,0.23%,2023-10-03,1402/07/11
751,92.18,90.35,93.33,90.71,4.6,5.07%,2023-10-02,1402/07/10
752,95.07,94.9,96.26,95.31,0.07,0.07%,2023-09-29,1402/07/07
753,96.74,94.76,97.69,95.38,1.17,1.23%,2023-09-28,1402/07/06
754,94.12,94.1,97.06,96.55,2.59,2.76%,2023-09-27,1402/07/05
755,93.28,91.8,94.21,93.96,0.67,0.72%,2023-09-26,1402/07/04
756,93.75,92.54,94.25,93.29,0.02,0.02%,2023-09-25,1402/07/03
757,93.37,92.8,94.64,93.27,0.03,0.03%,2023-09-22,1402/06/31
758,93.08,92.2,94.6,93.3,0.23,0.25%,2023-09-21,1402/06/30
759,94.49,92.76,94.72,93.53,0.81,0.87%,2023-09-20,1402/06/29
760,94.66,94.16,95.96,94.34,0.09,0.10%,2023-09-19,1402/06/28
761,94.28,93.79,94.95,94.43,0.5,0.53%,2023-09-18,1402/06/27
762,94.02,92.67,94.63,93.93,0.23,0.25%,2023-09-15,1402/06/24
763,92.04,92.02,94.21,93.7,1.82,1.98%,2023-09-14,1402/06/23
764,92.04,91.63,92.84,91.88,0.18,0.20%,2023-09-13,1402/06/22
765,90.62,90.52,92.4,92.06,1.42,1.57%,2023-09-12,1402/06/21
766,90.83,90.11,91.45,90.64,0.01,0.01%,2023-09-11,1402/06/20
767,89.79,89.3,91.02,90.65,0.73,0.81%,2023-09-08,1402/06/17
768,90.81,89.46,90.89,89.92,0.68,0.76%,2023-09-07,1402/06/16
769,90.12,89.25,91.1,90.6,0.56,0.62%,2023-09-06,1402/06/15
770,88.91,88.06,91.15,90.04,1.04,1.17%,2023-09-05,1402/06/14
771,88.95,88.26,89.22,89,0.45,0.51%,2023-09-04,1402/06/13
772,86.82,86.74,88.99,88.55,1.69,1.95%,2023-09-01,1402/06/10
773,86,85.74,86.94,86.86,1,1.16%,2023-08-31,1402/06/09
774,85.62,85.11,86.23,85.86,0.37,0.43%,2023-08-30,1402/06/08
775,84.39,83.8,85.65,85.49,1.07,1.27%,2023-08-29,1402/06/07
776,84.87,84.11,85.23,84.42,0.06,0.07%,2023-08-28,1402/06/06
777,83.26,82.67,84.97,84.48,1.12,1.34%,2023-08-25,1402/06/03
778,82.95,81.97,83.62,83.36,0.15,0.18%,2023-08-24,1402/06/02
779,83.99,81.94,84.26,83.21,0.82,0.99%,2023-08-23,1402/06/01
780,84.46,83.85,84.66,84.03,0.43,0.51%,2023-08-22,1402/05/31
781,84.8,84.31,85.86,84.46,0.34,0.40%,2023-08-21,1402/05/30
782,83.88,83.33,85.08,84.8,0.68,0.81%,2023-08-18,1402/05/27
783,83.2,83.05,84.88,84.12,0.67,0.80%,2023-08-17,1402/05/26
784,85.2,83.13,85.36,83.45,1.44,1.73%,2023-08-16,1402/05/25
785,86.12,84.29,86.68,84.89,1.32,1.55%,2023-08-15,1402/05/24
786,86.53,85.5,86.71,86.21,0.6,0.70%,2023-08-14,1402/05/23
787,86.37,85.84,87.35,86.81,0.41,0.47%,2023-08-11,1402/05/20
788,87.39,86.2,88.1,86.4,1.15,1.33%,2023-08-10,1402/05/19
789,86,85.91,87.65,87.55,1.38,1.60%,2023-08-09,1402/05/18
790,85.79,83.32,86.34,86.17,0.83,0.97%,2023-08-08,1402/05/17
791,86.23,85.03,86.73,85.34,0.9,1.05%,2023-08-07,1402/05/16
792,85.31,85.06,86.65,86.24,1.1,1.29%,2023-08-04,1402/05/13
793,83.46,82.36,85.41,85.14,1.94,2.33%,2023-08-03,1402/05/12
794,85.86,82.74,85.99,83.2,1.71,2.06%,2023-08-02,1402/05/11
795,85.24,84.21,85.91,84.91,0.65,0.77%,2023-08-01,1402/05/10
796,84.95,84.4,85.8,85.56,0.57,0.67%,2023-07-31,1402/05/09
797,83.71,83.22,85.09,84.99,0.75,0.89%,2023-07-28,1402/05/06
798,82.93,82.93,84.5,84.24,1.32,1.59%,2023-07-27,1402/05/05
799,83.19,82.58,83.85,82.92,0.72,0.87%,2023-07-26,1402/05/04
800,82.85,82.22,83.87,83.64,0.9,1.09%,2023-07-25,1402/05/03
801,80.95,80.42,83.16,82.74,1.67,2.06%,2023-07-24,1402/05/02
802,79.78,79.65,81.24,81.07,1.43,1.80%,2023-07-21,1402/04/30
803,79.33,78.66,80.27,79.64,0.18,0.23%,2023-07-20,1402/04/29
804,79.84,79.17,80.93,79.46,0.17,0.21%,2023-07-19,1402/04/28
805,78.52,78.19,79.99,79.63,1.13,1.44%,2023-07-18,1402/04/27
806,79.36,78.25,80.64,78.5,1.37,1.75%,2023-07-17,1402/04/26
807,81.64,79.53,81.7,79.87,1.49,1.87%,2023-07-14,1402/04/23
808,80.19,79.88,81.75,81.36,1.25,1.56%,2023-07-13,1402/04/22
809,79.32,79.21,80.55,80.11,0.71,0.89%,2023-07-12,1402/04/21
810,77.82,77.63,79.5,79.4,1.71,2.20%,2023-07-11,1402/04/20
811,78.6,77.36,78.77,77.69,0.78,1%,2023-07-10,1402/04/19
812,76.52,76.03,78.54,78.47,1.95,2.55%,2023-07-07,1402/04/16
813,76.7,75.03,77.09,76.52,0.13,0.17%,2023-07-06,1402/04/15
814,76.03,75.3,76.95,76.65,0.4,0.52%,2023-07-05,1402/04/14
815,74.89,74.74,76.29,76.25,1.6,2.14%,2023-07-04,1402/04/13
816,75.11,74.56,76.6,74.65,0.25,0.33%,2023-07-03,1402/04/12
817,74.22,74.21,75.4,74.9,0.56,0.75%,2023-06-30,1402/04/09
818,73.72,73.39,74.98,74.34,0.31,0.42%,2023-06-29,1402/04/08
819,72.62,71.57,74.2,74.03,1.77,2.45%,2023-06-28,1402/04/07
820,74.28,72.08,74.9,72.26,1.92,2.66%,2023-06-27,1402/04/06
821,74.5,73.42,74.85,74.18,0.33,0.45%,2023-06-26,1402/04/05
822,74.02,72.11,74.44,73.85,0.29,0.39%,2023-06-23,1402/04/02
823,77.03,73.59,77.2,74.14,2.98,4.02%,2023-06-22,1402/04/01
824,75.54,75.52,77.24,77.12,1.22,1.61%,2023-06-21,1402/03/31
825,76.12,74.51,77.15,75.9,0.19,0.25%,2023-06-20,1402/03/30
826,76.4,75.34,76.93,76.09,0.52,0.68%,2023-06-19,1402/03/29
827,75.64,75.08,76.74,76.61,0.94,1.24%,2023-06-16,1402/03/26
828,73.41,72.91,75.97,75.67,2.47,3.37%,2023-06-15,1402/03/25
829,74.05,73.03,75.49,73.2,1.09,1.49%,2023-06-14,1402/03/24
830,72.11,71.94,74.66,74.29,2.45,3.41%,2023-06-13,1402/03/23
831,74.87,71.58,74.87,71.84,2.95,4.11%,2023-06-12,1402/03/22
832,75.53,74.71,76.57,74.79,1.17,1.56%,2023-06-09,1402/03/19
833,76.8,73.58,77.68,75.96,0.99,1.30%,2023-06-08,1402/03/18
834,76.22,75.51,77.64,76.95,0.66,0.87%,2023-06-07,1402/03/17
835,76.55,74.72,76.75,76.29,0.42,0.55%,2023-06-06,1402/03/16
836,77.68,76.31,78.73,76.71,0.58,0.76%,2023-06-05,1402/03/15
837,74.28,74.18,76.5,76.13,1.85,2.49%,2023-06-02,1402/03/12
838,72.15,72.03,75.25,74.28,1.62,2.23%,2023-06-01,1402/03/11
839,73.6,71.39,73.81,72.66,0.88,1.21%,2023-05-31,1402/03/10
840,76.98,73.2,77.57,73.54,3.53,4.80%,2023-05-30,1402/03/09
841,77.39,76.15,77.75,77.07,0.12,0.16%,2023-05-29,1402/03/08
842,76.09,75.73,77.35,76.95,0.69,0.90%,2023-05-26,1402/03/05
843,78.22,75.1,78.5,76.26,2.1,2.75%,2023-05-25,1402/03/04
844,77.7,77.03,78.66,78.36,1.52,1.98%,2023-05-24,1402/03/03
845,76.15,75.65,77.74,76.84,0.85,1.12%,2023-05-23,1402/03/02
846,75.63,74.55,76.46,75.99,0.41,0.54%,2023-05-22,1402/03/01
847,76.03,75.12,77.5,75.58,0.28,0.37%,2023-05-19,1402/02/29
848,76.78,75.5,76.99,75.86,1.1,1.45%,2023-05-18,1402/02/28
849,74.67,74.1,77.31,76.96,2.05,2.74%,2023-05-17,1402/02/27
850,75.55,74.5,75.95,74.91,0.32,0.43%,2023-05-16,1402/02/26
851,74.15,73.49,75.75,75.23,1.06,1.43%,2023-05-15,1402/02/25
852,75.35,74.03,75.85,74.17,0.81,1.09%,2023-05-12,1402/02/22
853,76.62,74.61,77.41,74.98,1.43,1.91%,2023-05-11,1402/02/21
854,77.36,75.68,77.6,76.41,1.03,1.35%,2023-05-10,1402/02/20
855,76.71,75.07,77.5,77.44,0.43,0.56%,2023-05-09,1402/02/19
856,75.23,74.95,77.43,77.01,1.71,2.27%,2023-05-08,1402/02/18
857,72.69,72.41,75.75,75.3,2.8,3.86%,2023-05-05,1402/02/15
858,71.28,71.28,73.72,72.5,0.17,0.24%,2023-05-04,1402/02/14
859,75.31,71.7,75.58,72.33,2.99,4.13%,2023-05-03,1402/02/13
860,79.28,75.07,79.78,75.32,3.99,5.30%,2023-05-02,1402/02/12
861,80.11,78.13,80.24,79.31,0.23,0.29%,2023-05-01,1402/02/11
862,78.25,77.69,79.61,79.54,1.17,1.49%,2023-04-28,1402/02/08
863,77.77,77.39,78.61,78.37,0.68,0.88%,2023-04-27,1402/02/07
864,80.92,77.46,81.47,77.69,3.08,3.96%,2023-04-26,1402/02/06
865,82.59,80.35,83.06,80.77,1.96,2.43%,2023-04-25,1402/02/05
866,81.87,80.48,82.99,82.73,1.07,1.31%,2023-04-24,1402/02/04
867,80.79,80.45,82.05,81.66,0.56,0.69%,2023-04-21,1402/02/01
868,82.75,80.77,82.92,81.1,2.02,2.49%,2023-04-20,1402/01/31
869,84.9,82.39,85.15,83.12,1.65,1.99%,2023-04-19,1402/01/30
870,84.74,83.81,85.41,84.77,0.01,0.01%,2023-04-18,1402/01/29
871,86.43,84.34,86.52,84.76,1.55,1.83%,2023-04-17,1402/01/28
872,86.18,85.53,86.87,86.31,0.22,0.26%,2023-04-14,1402/01/25
873,87.19,86.05,87.47,86.09,1.24,1.44%,2023-04-13,1402/01/24
874,85.59,85.39,87.49,87.33,1.72,2.01%,2023-04-12,1402/01/23
875,84.24,83.75,85.67,85.61,1.43,1.70%,2023-04-11,1402/01/22
876,85.1,84.09,85.66,84.18,0.94,1.12%,2023-04-10,1402/01/21
877,84.89,84.05,85.45,85.12,0.13,0.15%,2023-04-06,1402/01/17
878,85.22,84.01,85.54,84.99,0.05,0.06%,2023-04-05,1402/01/16
879,84.89,83.82,86.04,84.94,0.01,0.01%,2023-04-04,1402/01/15
880,86,83.5,86.44,84.93,5.16,6.47%,2023-04-03,1402/01/14
881,79.19,78.54,79.8,79.77,0.5,0.63%,2023-03-31,1402/01/11
882,78.23,77.86,79.55,79.27,0.99,1.26%,2023-03-30,1402/01/10
883,78.97,77.94,79.68,78.28,0.37,0.47%,2023-03-29,1402/01/09
884,78.23,77.54,79.2,78.65,0.53,0.68%,2023-03-28,1402/01/08
885,75,74.8,78.42,78.12,3.13,4.17%,2023-03-27,1402/01/07
886,75.53,72.68,76.32,74.99,0.92,1.23%,2023-03-24,1402/01/04
887,75.87,75.12,77.44,75.91,0.78,1.03%,2023-03-23,1402/01/03
888,75.15,74.5,77.12,76.69,1.37,1.82%,2023-03-22,1402/01/02
889,73.64,72.82,75.42,75.32,1.53,2.07%,2023-03-21,1402/01/01
890,73.01,70.12,73.87,73.79,0.82,1.12%,2023-03-20,1401/12/29
891,74.7,71.4,75.92,72.97,1.73,2.37%,2023-03-17,1401/12/26
892,74.3,71.86,75.54,74.7,1.01,1.37%,2023-03-16,1401/12/25
893,77.82,71.67,78.73,73.69,3.76,5.10%,2023-03-15,1401/12/24
894,80.54,76.89,80.92,77.45,3.32,4.29%,2023-03-14,1401/12/23
895,82.6,78.34,83.48,80.77,2.01,2.49%,2023-03-13,1401/12/22
896,81.47,80.73,83.11,82.78,1.19,1.46%,2023-03-10,1401/12/19
897,82.55,81.42,84,81.59,1.07,1.31%,2023-03-09,1401/12/18
898,83.03,82.06,83.59,82.66,0.63,0.76%,2023-03-08,1401/12/17
899,86.23,82.83,86.75,83.29,2.89,3.47%,2023-03-07,1401/12/16
900,85.83,84.34,86.35,86.18,0.35,0.41%,2023-03-06,1401/12/15
901,84.61,82.36,86,85.83,1.08,1.27%,2023-03-03,1401/12/12
902,84.31,83.83,85.1,84.75,0.44,0.52%,2023-03-02,1401/12/11
903,83.05,82.61,84.49,84.31,0.42,0.50%,2023-03-01,1401/12/10
904,82.3,82.19,84.15,83.89,1.44,1.75%,2023-02-28,1401/12/09
905,83.19,81.73,83.6,82.45,0.71,0.86%,2023-02-27,1401/12/08
906,82.49,81.07,83.39,83.16,0.95,1.16%,2023-02-24,1401/12/05
907,80.48,80.4,82.77,82.21,1.61,2%,2023-02-23,1401/12/04
908,82.78,80.43,83.25,80.6,2.45,3.04%,2023-02-22,1401/12/03
909,83.86,82.56,84.2,83.05,1.02,1.23%,2023-02-21,1401/12/02
910,83.15,82.73,84.3,84.07,1.07,1.29%,2023-02-20,1401/12/01
911,84.6,81.8,84.87,83,2.14,2.58%,2023-02-17,1401/11/28
912,85.27,84.6,86.21,85.14,0.24,0.28%,2023-02-16,1401/11/27
913,85.2,83.88,85.85,85.38,0.2,0.23%,2023-02-15,1401/11/26
914,85.83,84.13,86.42,85.58,1.03,1.20%,2023-02-14,1401/11/25
915,86.51,85.1,86.95,86.61,0.22,0.25%,2023-02-13,1401/11/24
916,84.22,83.93,86.9,86.39,1.89,2.24%,2023-02-10,1401/11/21
917,84.96,83.05,85.5,84.5,0.59,0.70%,2023-02-09,1401/11/20
918,84.11,83.51,85.15,85.09,1.4,1.67%,2023-02-08,1401/11/19
919,81.26,81.19,84.13,83.69,2.7,3.33%,2023-02-07,1401/11/18
920,79.61,79.1,81.43,80.99,1.05,1.31%,2023-02-06,1401/11/17
921,82.27,79.62,84.2,79.94,2.23,2.79%,2023-02-03,1401/11/14
922,83.34,81.25,83.61,82.17,0.67,0.82%,2023-02-02,1401/11/13
923,85.56,82.37,86.21,82.84,1.65,1.99%,2023-02-01,1401/11/12
924,85.18,83.73,85.25,84.49,0.41,0.49%,2023-01-31,1401/11/11
925,86.88,84.66,87.48,84.9,1.76,2.07%,2023-01-30,1401/11/10
926,87.65,85.69,88.95,86.66,0.81,0.93%,2023-01-27,1401/11/07
927,86.35,85.74,88.01,87.47,1.35,1.57%,2023-01-26,1401/11/06
928,86.28,85.41,87,86.12,0.01,0.01%,2023-01-25,1401/11/05
929,88.07,85.8,88.71,86.13,2.06,2.39%,2023-01-24,1401/11/04
930,87.7,86.92,89.09,88.19,0.56,0.64%,2023-01-23,1401/11/03
931,86.42,85.58,87.79,87.63,1.47,1.71%,2023-01-20,1401/10/30
932,84.34,83.76,86.85,86.16,1.18,1.39%,2023-01-19,1401/10/29
933,86.45,84.36,87.85,84.98,0.94,1.11%,2023-01-18,1401/10/28
934,84.2,84.04,86.82,85.92,1.46,1.73%,2023-01-17,1401/10/27
935,85.36,83.83,85.59,84.46,0.82,0.97%,2023-01-16,1401/10/26
936,83.91,83.5,85.5,85.28,1.25,1.49%,2023-01-13,1401/10/23
937,82.88,82.37,84.62,84.03,1.36,1.65%,2023-01-12,1401/10/22
938,79.52,79.31,83,82.67,2.57,3.21%,2023-01-11,1401/10/21
939,79.54,78.81,80.89,80.1,0.45,0.56%,2023-01-10,1401/10/20
940,78.42,78.42,81.37,79.65,1.08,1.37%,2023-01-09,1401/10/19
941,78.8,78.05,80.59,78.57,0.12,0.15%,2023-01-06,1401/10/16
942,78.16,77.61,79.97,78.69,0.85,1.09%,2023-01-05,1401/10/15
943,82.31,77.72,82.72,77.84,4.26,5.47%,2023-01-04,1401/10/14
944,85.96,81.78,87,82.1,3.81,4.64%,2023-01-03,1401/10/13
945,83.71,82.88,86,85.91,3.65,4.44%,2022-12-30,1401/10/09
946,82.88,81.28,83.14,82.26,1,1.22%,2022-12-29,1401/10/08
947,84.6,81.92,84.76,83.26,1.07,1.29%,2022-12-28,1401/10/07
948,84.5,83.65,85.6,84.33,0.41,0.49%,2022-12-27,1401/10/06
949,81.69,81.29,84.12,83.92,2.94,3.63%,2022-12-23,1401/10/02
950,82.52,80.67,83.85,80.98,1.22,1.51%,2022-12-22,1401/10/01
951,79.94,79.55,82.52,82.2,2.21,2.76%,2022-12-21,1401/09/30
952,80.25,78.28,80.89,79.99,0.19,0.24%,2022-12-20,1401/09/29
953,79.21,78.6,80.87,79.8,0.76,0.96%,2022-12-19,1401/09/28
954,81.32,78.29,81.78,79.04,2.17,2.75%,2022-12-16,1401/09/25
955,82.76,80.83,83.18,81.21,1.49,1.83%,2022-12-15,1401/09/24
956,80.35,80.11,83.15,82.7,2.02,2.50%,2022-12-14,1401/09/23
957,78.13,78.1,81.28,80.68,2.69,3.45%,2022-12-13,1401/09/22
958,76.88,75.26,78.59,77.99,1.89,2.48%,2022-12-12,1401/09/21
959,76.63,75.11,77.48,76.1,0.05,0.07%,2022-12-09,1401/09/18
960,77.46,75.74,79.17,76.15,1.02,1.34%,2022-12-08,1401/09/17
961,79.76,76.91,80.49,77.17,2.18,2.82%,2022-12-07,1401/09/16
962,83.28,78.7,83.69,79.35,3.33,4.20%,2022-12-06,1401/09/15
963,85.73,82.52,88.44,82.68,2.89,3.50%,2022-12-05,1401/09/14
964,86.9,85.16,87.91,85.57,1.31,1.53%,2022-12-02,1401/09/11
965,86.78,86.26,89.37,86.88,1.45,1.70%,2022-12-01,1401/09/10
966,83.77,83.61,85.67,85.43,2.4,2.89%,2022-11-30,1401/09/09
967,82.41,82.39,86,83.03,0.16,0.19%,2022-11-29,1401/09/08
968,83.58,80.61,84.1,83.19,0.44,0.53%,2022-11-28,1401/09/07
969,85.5,83.59,86.87,83.63,1.71,2.04%,2022-11-25,1401/09/04
970,85.04,83.9,85.54,85.34,0.07,0.08%,2022-11-24,1401/09/03
971,88.47,84.12,89.56,85.41,2.95,3.45%,2022-11-23,1401/09/02
972,87.76,87.35,89.9,88.36,0.91,1.04%,2022-11-22,1401/09/01
973,87.74,82.31,87.98,87.45,0.17,0.19%,2022-11-21,1401/08/30
974,90.1,85.8,90.63,87.62,2.16,2.47%,2022-11-18,1401/08/27
975,92.73,89.53,92.91,89.78,3.08,3.43%,2022-11-17,1401/08/26
976,94.11,91.67,94.79,92.86,1,1.08%,2022-11-16,1401/08/25
977,92.59,91.53,95.77,93.86,0.72,0.77%,2022-11-15,1401/08/24
978,95.87,92.5,96.95,93.14,2.85,3.06%,2022-11-14,1401/08/23
979,93.84,93.69,96.92,95.99,2.32,2.48%,2022-11-11,1401/08/20
980,92.53,91.73,94.32,93.67,1.02,1.10%,2022-11-10,1401/08/19
981,95.17,92.33,95.65,92.65,2.71,2.92%,2022-11-09,1401/08/18
982,98.24,95,98.3,95.36,2.56,2.68%,2022-11-08,1401/08/17
983,97.31,96.5,99.56,97.92,0.65,0.66%,2022-11-07,1401/08/16
984,94.58,94.33,98.81,98.57,3.9,4.12%,2022-11-04,1401/08/13
985,95.36,94.19,95.98,94.67,1.49,1.57%,2022-11-03,1401/08/12
986,94.85,94.01,96.5,96.16,1.51,1.60%,2022-11-02,1401/08/11
987,92.67,92.33,95.55,94.65,0.18,0.19%,2022-11-01,1401/08/10
988,96.47,94.25,96.47,94.83,0.94,0.99%,2022-10-31,1401/08/09
989,96.58,94.96,96.89,95.77,1.19,1.24%,2022-10-28,1401/08/06
990,96.05,95.07,97.27,96.96,1.27,1.33%,2022-10-27,1401/08/05
991,92.91,92.06,96.25,95.69,2.17,2.32%,2022-10-26,1401/08/04
992,93.47,91.62,94.38,93.52,0.26,0.28%,2022-10-25,1401/08/03
993,93.59,91.22,94.4,93.26,0.24,0.26%,2022-10-24,1401/08/02
994,92.45,91,93.8,93.5,1.12,1.21%,2022-10-21,1401/07/29
995,92.4,91.91,94.77,92.38,0.03,0.03%,2022-10-20,1401/07/28
996,90.79,89.32,92.85,92.41,2.38,2.64%,2022-10-19,1401/07/27
997,91.99,88.77,92.66,90.03,1.59,1.77%,2022-10-18,1401/07/26
998,91.71,90.83,93.21,91.62,0.01,0.01%,2022-10-17,1401/07/25
999,94.53,91.28,95.11,91.63,2.94,3.21%,2022-10-14,1401/07/22
1000,92.49,91.08,94.92,94.57,2.12,2.29%,2022-10-13,1401/07/21
1001,93.72,91.56,95.17,92.45,1.84,1.99%,2022-10-12,1401/07/20
1002,95.93,93.11,96.46,94.29,1.9,2.02%,2022-10-11,1401/07/19
1003,98.75,95.6,98.75,96.19,1.73,1.80%,2022-10-10,1401/07/18
1004,94.71,93.94,98.58,97.92,3.5,3.71%,2022-10-07,1401/07/15
1005,93.71,92.72,94.98,94.42,1.05,1.12%,2022-10-06,1401/07/14
1006,91.89,90.76,93.96,93.37,1.57,1.71%,2022-10-05,1401/07/13
1007,88.81,88.78,92.4,91.8,2.94,3.31%,2022-10-04,1401/07/12
1008,86.35,86.35,89.82,88.86,0.9,1.02%,2022-10-03,1401/07/11
1009,88.53,87.69,89.8,87.96,0.53,0.60%,2022-09-30,1401/07/08
1010,88.97,87.33,90.12,88.49,0.83,0.94%,2022-09-29,1401/07/07
1011,86.14,84.26,89.47,89.32,3.05,3.54%,2022-09-28,1401/07/06
1012,84.05,84.01,87.15,86.27,2.21,2.63%,2022-09-27,1401/07/05
1013,86.62,83.65,87.65,84.06,2.09,2.49%,2022-09-26,1401/07/04
1014,90.46,85.5,90.84,86.15,4.31,5%,2022-09-23,1401/07/01
1015,89.99,89.3,92.81,90.46,0.63,0.70%,2022-09-22,1401/06/31
1016,90.74,89.3,93.5,89.83,0.79,0.88%,2022-09-21,1401/06/30
1017,92.15,89.8,93.05,90.62,1.38,1.52%,2022-09-20,1401/06/29
1018,91.43,88.5,92.57,92,0.65,0.71%,2022-09-19,1401/06/28
1019,90.51,90.25,92.66,91.35,0.51,0.56%,2022-09-16,1401/06/25
1020,94.65,90.03,94.66,90.84,3.26,3.59%,2022-09-15,1401/06/24
1021,93.4,91.93,95.8,94.1,0.93,1%,2022-09-14,1401/06/23
1022,94.31,91.05,95.53,93.17,0.83,0.89%,2022-09-13,1401/06/22
1023,92.54,91.21,95.17,94,1.16,1.25%,2022-09-12,1401/06/21
1024,88.62,88.6,93.12,92.84,3.69,4.14%,2022-09-09,1401/06/18
1025,87.7,87.24,89.83,89.15,1.15,1.31%,2022-09-08,1401/06/17
1026,92.81,87.4,93.8,88,4.83,5.49%,2022-09-07,1401/06/16
1027,95.19,92.3,95.94,92.83,2.91,3.13%,2022-09-06,1401/06/15
1028,93.02,93.02,96.99,95.74,2.72,2.92%,2022-09-05,1401/06/14
1029,92.66,92.65,95.32,93.02,0.66,0.71%,2022-09-02,1401/06/11
1030,95.18,91.81,95.68,92.36,4.13,4.47%,2022-09-01,1401/06/10
1031,99.79,95.44,100.46,96.49,2.82,2.92%,2022-08-31,1401/06/09
1032,104.9,97.55,105.45,99.31,5.78,5.82%,2022-08-30,1401/06/08
1033,100.67,100.16,105.48,105.09,4.1,4.06%,2022-08-29,1401/06/07
1034,99.83,98.1,101.21,100.99,1.65,1.66%,2022-08-26,1401/06/04
1035,101.73,99.12,102.47,99.34,1.88,1.89%,2022-08-25,1401/06/03
1036,100.19,99.1,101.9,101.22,1,1%,2022-08-24,1401/06/02
1037,96.78,96.53,100.45,100.22,3.74,3.88%,2022-08-23,1401/06/01
1038,95.95,92.36,97.28,96.48,0.24,0.25%,2022-08-22,1401/05/31
1039,96.68,94.25,97.88,96.72,0.13,0.13%,2022-08-19,1401/05/28
1040,93.29,93.05,97.42,96.59,2.94,3.14%,2022-08-18,1401/05/27
1041,92.67,91.51,94.48,93.65,1.31,1.42%,2022-08-17,1401/05/26
1042,94.01,91.71,95.95,92.34,2.76,2.99%,2022-08-16,1401/05/25
1043,97.72,92.78,98.17,95.1,3.05,3.21%,2022-08-15,1401/05/24
1044,99.33,96.94,100.38,98.15,1.45,1.48%,2022-08-12,1401/05/21
1045,97.04,96.63,100.17,99.6,2.2,2.26%,2022-08-11,1401/05/20
1046,96.34,93.63,97.97,97.4,1.09,1.13%,2022-08-10,1401/05/19
1047,96.36,94.9,98.4,96.31,0.34,0.35%,2022-08-09,1401/05/18
1048,94.51,93.01,96.82,96.65,1.73,1.82%,2022-08-08,1401/05/17
1049,93.65,92.78,96.4,94.92,0.8,0.85%,2022-08-05,1401/05/14
1050,97.1,93.2,97.66,94.12,2.66,2.83%,2022-08-04,1401/05/13
1051,99.73,96.5,102.41,96.78,3.76,3.89%,2022-08-03,1401/05/12
1052,99.87,98.49,102.41,100.54,0.51,0.51%,2022-08-02,1401/05/11
1053,103.92,99.09,104.43,100.03,9.98,9.98%,2022-08-01,1401/05/10
1054,108,106.9,110.67,110.01,2.87,2.68%,2022-07-29,1401/05/07
1055,107.31,106,109.06,107.14,0.52,0.49%,2022-07-28,1401/05/06
1056,104.75,103.73,107.86,106.62,2.22,2.13%,2022-07-27,1401/05/05
1057,104.73,103.99,107.34,104.4,0.75,0.72%,2022-07-26,1401/05/04
1058,103.85,101.64,105.38,105.15,1.95,1.89%,2022-07-25,1401/05/03
1059,103.86,101.9,105.72,103.2,0.66,0.64%,2022-07-22,1401/04/31
1060,106.49,101.5,106.78,103.86,3.06,2.95%,2022-07-21,1401/04/30
1061,107.07,105.08,107.45,106.92,0.43,0.40%,2022-07-20,1401/04/29
1062,105.74,103.6,107.61,107.35,1.08,1.02%,2022-07-19,1401/04/28
1063,100.82,99.46,106.48,106.27,5.11,5.05%,2022-07-18,1401/04/27
1064,99.91,98.17,102.64,101.16,2.06,2.08%,2022-07-15,1401/04/24
1065,99.43,94.5,100.39,99.1,0.47,0.47%,2022-07-14,1401/04/23
1066,98.5,98.28,101.21,99.57,0.08,0.08%,2022-07-13,1401/04/22
1067,106.25,98.9,106.56,99.49,7.61,7.65%,2022-07-12,1401/04/21
1068,107,103.64,107.7,107.1,0.08,0.07%,2022-07-11,1401/04/20
1069,104.65,103.67,107.47,107.02,2.37,2.26%,2022-07-08,1401/04/17
1070,100.14,98.5,106.35,104.65,3.96,3.93%,2022-07-07,1401/04/16
1071,104.88,98.5,105.85,100.69,2.08,2.07%,2022-07-06,1401/04/15
1072,113.54,101.1,114.75,102.77,10.73,10.44%,2022-07-05,1401/04/14
1073,111.65,110.4,114,113.5,1.87,1.68%,2022-07-04,1401/04/13
1074,109.49,108.03,112.45,111.63,3.18,2.85%,2022-07-01,1401/04/10
1075,116.01,114.22,116.67,114.81,1.45,1.26%,2022-06-30,1401/04/09
1076,117.96,115.2,120.41,116.26,1.72,1.48%,2022-06-29,1401/04/08
1077,115.74,115.72,118.27,117.98,2.89,2.51%,2022-06-28,1401/04/07
1078,112.92,111.26,116.08,115.09,1.97,1.74%,2022-06-27,1401/04/06
1079,110.04,109.24,114,113.12,3.07,2.79%,2022-06-24,1401/04/03
1080,109.58,108.04,112.7,110.05,1.69,1.54%,2022-06-23,1401/04/02
1081,114.4,107.03,114.45,111.74,2.91,2.60%,2022-06-22,1401/04/01
1082,114.21,114.02,116.25,114.65,0.52,0.46%,2022-06-21,1401/03/31
1083,113.88,111.52,114.5,114.13,1.01,0.89%,2022-06-20,1401/03/30
1084,119.13,111.72,121.25,113.12,6.69,5.91%,2022-06-17,1401/03/27
1085,119.65,115.56,120.29,119.81,1.3,1.10%,2022-06-16,1401/03/26
1086,120.79,117.75,121.88,118.51,2.66,2.24%,2022-06-15,1401/03/25
1087,121.88,118.91,125.19,121.17,1.1,0.91%,2022-06-14,1401/03/24
1088,121.94,118.93,123.7,122.27,0.26,0.21%,2022-06-13,1401/03/23
1089,122.89,119.81,124.33,122.01,1.06,0.87%,2022-06-10,1401/03/20
1090,123.6,122.5,124.34,123.07,0.51,0.41%,2022-06-09,1401/03/19
1091,120.65,120.45,124.4,123.58,3.01,2.50%,2022-06-08,1401/03/18
1092,119.94,118.55,121.37,120.57,1.06,0.89%,2022-06-07,1401/03/17
1093,121.55,118.77,121.95,119.51,0.21,0.18%,2022-06-06,1401/03/16
1094,118.22,116.02,121.45,119.72,2.11,1.79%,2022-06-03,1401/03/13
1095,115.02,112.45,118.46,117.61,1.32,1.14%,2022-06-02,1401/03/12
1096,116.08,115.4,118.57,116.29,6.55,5.63%,2022-06-01,1401/03/11
1097,122.2,121.6,125.28,122.84,1.17,0.96%,2022-05-31,1401/03/10
1098,119.28,118.98,122.01,121.67,2.24,1.88%,2022-05-30,1401/03/09
1099,117.52,116.63,119.72,119.43,2.03,1.73%,2022-05-27,1401/03/06
1100,114.35,113.85,118,117.4,3.37,2.96%,2022-05-26,1401/03/05
1101,114.12,113.01,115.3,114.03,0.47,0.41%,2022-05-25,1401/03/04
1102,112.79,111.7,114.63,113.56,0.14,0.12%,2022-05-24,1401/03/03
1103,112.85,111.86,114.34,113.42,0.87,0.77%,2022-05-23,1401/03/02
1104,111.45,110.52,113.23,112.55,0.51,0.46%,2022-05-20,1401/02/30
1105,108.22,105.7,112.31,112.04,2.93,2.69%,2022-05-19,1401/02/29
1106,112.91,108.35,114.15,109.11,2.82,2.58%,2022-05-18,1401/02/28
1107,114.42,111.09,115.69,111.93,2.31,2.06%,2022-05-17,1401/02/27
1108,111.67,108.84,114.79,114.24,2.69,2.41%,2022-05-16,1401/02/26
1109,108.25,107.79,111.69,111.55,4.1,3.82%,2022-05-13,1401/02/23
1110,107.67,104.69,108.71,107.45,0.06,0.06%,2022-05-12,1401/02/22
1111,101.51,101.3,108.29,107.51,5.05,4.93%,2022-05-11,1401/02/21
1112,105.5,101.54,106.96,102.46,3.48,3.40%,2022-05-10,1401/02/20
1113,112.94,105,113.2,105.94,6.45,6.09%,2022-05-09,1401/02/19
1114,111.27,109.87,113.5,112.39,1.49,1.34%,2022-05-06,1401/02/16
1115,110.55,109.2,114,110.9,0.76,0.69%,2022-05-05,1401/02/15
1116,105.91,105.46,111,110.14,5.17,4.93%,2022-05-04,1401/02/14
1117,107.61,104.62,108.32,104.97,2.61,2.49%,2022-05-03,1401/02/13
1118,106.3,103.1,108.46,107.58,1.76,1.64%,2022-05-02,1401/02/12
1119,107.55,107,110.3,109.34,1.75,1.63%,2022-04-29,1401/02/09
1120,104.96,103.29,108,107.59,2.27,2.16%,2022-04-28,1401/02/08
1121,105.45,103.27,106.33,105.32,0.33,0.31%,2022-04-27,1401/02/07
1122,102.53,101.08,106.2,104.99,2.67,2.61%,2022-04-26,1401/02/06
1123,105.49,99.48,105.85,102.32,4.33,4.23%,2022-04-25,1401/02/05
1124,108.26,105.54,108.76,106.65,1.68,1.58%,2022-04-22,1401/02/02
1125,107.07,106.76,109.8,108.33,1.53,1.43%,2022-04-21,1401/02/01
1126,108.1,104.65,109,106.8,0.45,0.42%,2022-04-20,1401/01/31
1127,112.85,106.74,114.21,107.25,5.91,5.51%,2022-04-19,1401/01/30
1128,112.32,110.71,114.84,113.16,1.46,1.31%,2022-04-18,1401/01/29
1129,108.29,106.63,112.39,111.7,2.92,2.68%,2022-04-14,1401/01/25
1130,105.44,104.06,109,108.78,4.14,3.96%,2022-04-13,1401/01/24
1131,99.35,98.9,105.6,104.64,6.16,6.26%,2022-04-12,1401/01/23
1132,103.21,97.57,103.3,98.48,4.3,4.37%,2022-04-11,1401/01/22
1133,101.42,99.65,103.3,102.78,2.2,2.19%,2022-04-08,1401/01/19
1134,101.78,98.41,103.59,100.58,0.49,0.49%,2022-04-07,1401/01/18
1135,105.7,100.54,108.67,101.07,5.57,5.51%,2022-04-06,1401/01/17
1136,108.51,104.53,109.9,106.64,0.89,0.83%,2022-04-05,1401/01/16
1137,104.08,102.89,108.68,107.53,3.14,3.01%,2022-04-04,1401/01/15
1138,105.25,102.35,106.24,104.39,3.52,3.37%,2022-04-01,1401/01/12
1139,112.81,106.5,112.94,107.91,5.54,5.13%,2022-03-31,1401/01/11
1140,112,110.74,114.8,113.45,3.22,2.92%,2022-03-30,1401/01/10
1141,110.1,104.84,114.83,110.23,2.25,2.04%,2022-03-29,1401/01/09
1142,119.9,109.06,119.9,112.48,8.17,7.26%,2022-03-28,1401/01/08
1143,118.88,115.16,120.92,120.65,1.62,1.36%,2022-03-25,1401/01/05
1144,121.56,116.93,123.74,119.03,2.57,2.16%,2022-03-24,1401/01/04
1145,114.7,114.45,122.34,121.6,6.12,5.30%,2022-03-23,1401/01/03
1146,117.04,112.64,119.48,115.48,0.14,0.12%,2022-03-22,1401/01/02
1147,107.5,107.06,116.8,115.62,7.69,7.12%,2022-03-21,1401/01/01
1148,106.8,105.78,109.59,107.93,1.29,1.21%,2022-03-18,1400/12/27
1149,98.61,97.75,107.5,106.64,8.62,8.79%,2022-03-17,1400/12/26
1150,99.14,96.93,103.7,98.02,1.89,1.93%,2022-03-16,1400/12/25
1151,105.34,97.44,105.71,99.91,6.99,7%,2022-03-15,1400/12/24
1152,113.15,103.49,113.15,106.9,5.77,5.40%,2022-03-14,1400/12/23
1153,110.26,107.13,113.91,112.67,3.34,3.05%,2022-03-11,1400/12/20
1154,112.65,109,118.36,109.33,1.81,1.66%,2022-03-10,1400/12/19
1155,130.28,105.6,131.64,111.14,16.84,15.15%,2022-03-09,1400/12/18
1156,124.56,121.31,133.15,127.98,4.77,3.87%,2022-03-08,1400/12/17
1157,122.79,119.04,139.13,123.21,5.1,4.32%,2022-03-07,1400/12/16
1158,114.23,109.62,118.98,118.11,7.65,6.93%,2022-03-04,1400/12/13
1159,115.27,109.4,119.84,110.46,2.47,2.24%,2022-03-03,1400/12/12
1160,107.34,106.83,115.11,112.93,7.96,7.58%,2022-03-02,1400/12/11
1161,98.43,98.3,107.67,104.97,3.98,3.94%,2022-03-01,1400/12/10
1162,101.98,99.64,105.07,100.99,3.06,3.12%,2022-02-28,1400/12/09
1163,100.69,96,101.99,97.93,1.15,1.17%,2022-02-25,1400/12/06
1164,98.08,97.56,105.79,99.08,2.24,2.31%,2022-02-24,1400/12/05
1165,96.65,95.81,98.71,96.84,-,-,2022-02-23,1400/12/04
1166,96.55,95.8,99.5,96.84,1.45,1.52%,2022-02-22,1400/12/03
1167,94.29,92.57,97.4,95.39,1.85,1.98%,2022-02-21,1400/12/02
1168,92.73,90.12,94.15,93.54,0.57,0.61%,2022-02-18,1400/11/29
1169,92.2,92.14,94.5,92.97,1.84,1.98%,2022-02-17,1400/11/28
1170,93.49,91.11,96.07,94.81,1.53,1.64%,2022-02-16,1400/11/27
1171,95.81,92.06,96.26,93.28,3.2,3.43%,2022-02-15,1400/11/26
1172,95.2,93.44,96.78,96.48,2.04,2.16%,2022-02-14,1400/11/25
1173,91.17,90.51,95.66,94.44,3.03,3.31%,2022-02-11,1400/11/22
1174,91.75,90.88,93.1,91.41,0.14,0.15%,2022-02-10,1400/11/21
1175,91.08,90.05,92.09,91.55,0.77,0.85%,2022-02-09,1400/11/20
1176,92.63,89.93,92.93,90.78,1.91,2.10%,2022-02-08,1400/11/19
1177,92.75,92.13,94,92.69,0.58,0.63%,2022-02-07,1400/11/18
1178,91.3,91.2,93.7,93.27,2.16,2.37%,2022-02-04,1400/11/15
1179,89.07,88.02,91.3,91.11,1.64,1.83%,2022-02-03,1400/11/14
1180,89.48,88.28,90.52,89.47,0.31,0.35%,2022-02-02,1400/11/13
1181,89.62,87.72,89.96,89.16,2.05,2.30%,2022-02-01,1400/11/12
1182,90.8,90.61,91.48,91.21,1.18,1.31%,2022-01-31,1400/11/11
1183,89.98,89.41,91.7,90.03,0.69,0.77%,2022-01-28,1400/11/08
1184,89.7,89,91.04,89.34,0.62,0.69%,2022-01-27,1400/11/07
1185,87.95,87.79,90.47,89.96,1.76,2%,2022-01-26,1400/11/06
1186,86.76,86.2,88.37,88.2,1.93,2.24%,2022-01-25,1400/11/05
1187,87.93,85.04,88.9,86.27,1.62,1.88%,2022-01-24,1400/11/04
1188,86.75,85.71,88.23,87.89,0.49,0.56%,2022-01-21,1400/11/01
1189,87.89,87.05,89.5,88.38,0.06,0.07%,2022-01-20,1400/10/30
1190,88.65,87.61,89.17,88.44,0.93,1.06%,2022-01-19,1400/10/29
1191,86.47,86.44,88.66,87.51,1.03,1.19%,2022-01-18,1400/10/28
1192,86.15,85.54,86.71,86.48,0.42,0.49%,2022-01-17,1400/10/27
1193,84.12,83.99,86.5,86.06,1.59,1.88%,2022-01-14,1400/10/24
1194,84.87,83.79,85.1,84.47,0.2,0.24%,2022-01-13,1400/10/23
1195,83.78,83.52,85.21,84.67,0.95,1.13%,2022-01-12,1400/10/22
1196,81.08,80.89,83.98,83.72,2.85,3.52%,2022-01-11,1400/10/21
1197,81.76,80.5,82.3,80.87,0.88,1.09%,2022-01-10,1400/10/20
1198,82,81.42,83,81.75,0.24,0.29%,2022-01-07,1400/10/17
1199,80.22,79.61,82.83,81.99,1.19,1.47%,2022-01-06,1400/10/16
1200,80.07,79.51,81.5,80.8,0.8,1%,2022-01-05,1400/10/15
1201,78.91,78.62,80.55,80,1.02,1.29%,2022-01-04,1400/10/14
1202,78.11,77.04,79.28,78.98,1.2,1.54%,2022-01-03,1400/10/13
1203,78.81,77.55,79.68,77.78,1.54,1.98%,2021-12-31,1400/10/10
1204,79.19,78.5,79.66,79.32,0.09,0.11%,2021-12-30,1400/10/09
1205,79.28,78.13,80.17,79.23,0.29,0.37%,2021-12-29,1400/10/08
1206,78.67,78.48,79.85,78.94,0.34,0.43%,2021-12-28,1400/10/07
1207,76.32,75.75,79.08,78.6,2.46,3.23%,2021-12-27,1400/10/06
1208,76.72,75.75,76.79,76.14,0.71,0.93%,2021-12-24,1400/10/03
1209,75.47,74.78,77,76.85,1.56,2.07%,2021-12-23,1400/10/02
1210,74.05,73.62,75.67,75.29,1.31,1.77%,2021-12-22,1400/10/01
1211,71.88,71.24,74.27,73.98,2.46,3.44%,2021-12-21,1400/09/30
1212,72.82,69.28,72.87,71.52,2,2.80%,2021-12-20,1400/09/29
1213,74.5,72.65,74.98,73.52,1.5,2.04%,2021-12-17,1400/09/26
1214,74.47,74,75.61,75.02,1.14,1.54%,2021-12-16,1400/09/25
1215,73.25,72.5,74.58,73.88,0.18,0.24%,2021-12-15,1400/09/24
1216,74.42,72.57,75.16,73.7,0.69,0.94%,2021-12-14,1400/09/23
1217,75.37,74.2,76.39,74.39,0.76,1.02%,2021-12-13,1400/09/22
1218,73.99,73.8,75.71,75.15,0.73,0.98%,2021-12-10,1400/09/19
1219,75.94,73.84,76.7,74.42,1.4,1.88%,2021-12-09,1400/09/18
1220,75.44,74.38,76.37,75.82,0.38,0.50%,2021-12-08,1400/09/17
1221,73.6,73.2,76.27,75.44,2.36,3.23%,2021-12-07,1400/09/16
1222,70.24,70.24,73.8,73.08,3.2,4.58%,2021-12-06,1400/09/15
1223,70.22,69.24,72.62,69.88,0.21,0.30%,2021-12-03,1400/09/12
1224,69.72,65.72,70.7,69.67,0.8,1.16%,2021-12-02,1400/09/11
1225,69.8,68.14,72.87,68.87,1.7,2.47%,2021-12-01,1400/09/10
1226,74.42,70.22,74.56,70.57,2.87,4.07%,2021-11-30,1400/09/09
1227,73.88,72.41,77.02,73.44,0.72,0.99%,2021-11-29,1400/09/08
1228,81.65,72.14,81.66,72.72,9.5,13.06%,2021-11-26,1400/09/05
1229,82.24,81.7,82.58,82.22,0.03,0.04%,2021-11-25,1400/09/04
1230,81.88,81.74,83,82.25,0.06,0.07%,2021-11-24,1400/09/03
1231,79.51,78.55,82.6,82.31,2.61,3.27%,2021-11-23,1400/09/02
1232,78.58,77.58,80.07,79.7,0.81,1.03%,2021-11-22,1400/09/01
1233,81,78.05,82.24,78.89,2.35,2.98%,2021-11-19,1400/08/28
1234,80.1,79.28,81.41,81.24,0.96,1.20%,2021-11-18,1400/08/27
1235,82.05,79.78,82.22,80.28,2.15,2.68%,2021-11-17,1400/08/26
1236,82,81.52,83.14,82.43,0.38,0.46%,2021-11-16,1400/08/25
1237,81.92,80.67,82.49,82.05,0.12,0.15%,2021-11-15,1400/08/24
1238,82.83,81.26,82.87,82.17,0.7,0.85%,2021-11-12,1400/08/21
1239,82.85,81.66,83.44,82.87,0.23,0.28%,2021-11-11,1400/08/20
1240,84.99,82.08,85.5,82.64,2.14,2.59%,2021-11-10,1400/08/19
1241,83.47,83.16,85.3,84.78,1.35,1.62%,2021-11-09,1400/08/18
1242,82.58,82.53,84,83.43,0.69,0.83%,2021-11-08,1400/08/17
1243,81.25,80.26,83.16,82.74,2.2,2.73%,2021-11-05,1400/08/14
1244,81.58,80.2,84.49,80.54,1.45,1.80%,2021-11-04,1400/08/13
1245,84.07,81.1,84.2,81.99,2.73,3.33%,2021-11-03,1400/08/12
1246,84.45,83.76,85.23,84.72,0.01,0.01%,2021-11-02,1400/08/11
1247,83.63,83.03,85.12,84.71,0.33,0.39%,2021-11-01,1400/08/10
1248,84.33,83.79,84.83,84.38,0.06,0.07%,2021-10-29,1400/08/07
1249,84.21,82.32,84.59,84.32,0.26,0.31%,2021-10-28,1400/08/06
1250,86.07,84.05,86.28,84.58,1.82,2.15%,2021-10-27,1400/08/05
1251,86.03,85.27,86.5,86.4,0.41,0.48%,2021-10-26,1400/08/04
1252,85.65,85.43,86.7,85.99,0.46,0.54%,2021-10-25,1400/08/03
1253,84.52,83.82,85.93,85.53,0.92,1.09%,2021-10-22,1400/07/30
1254,85.9,83.36,86.1,84.61,1.21,1.43%,2021-10-21,1400/07/29
1255,85.19,83.61,85.89,85.82,0.74,0.87%,2021-10-20,1400/07/28
1256,84.21,83.7,85.4,85.08,0.75,0.89%,2021-10-19,1400/07/27
1257,84.95,83.95,86.04,84.33,0.53,0.63%,2021-10-18,1400/07/26
1258,84.3,84.16,85.1,84.86,0.86,1.02%,2021-10-15,1400/07/23
1259,83.45,83.18,84.5,84,0.82,0.99%,2021-10-14,1400/07/22
1260,83.1,82.2,83.69,83.18,0.24,0.29%,2021-10-13,1400/07/21
1261,83.49,82.72,84.23,83.42,0.23,0.28%,2021-10-12,1400/07/20
1262,82.65,82.54,84.6,83.65,1.26,1.53%,2021-10-11,1400/07/19
1263,82.38,81.96,83.43,82.39,0.44,0.54%,2021-10-08,1400/07/16
1264,80.98,79.08,82.5,81.95,0.87,1.07%,2021-10-07,1400/07/15
1265,82.57,80.6,83.47,81.08,1.48,1.83%,2021-10-06,1400/07/14
1266,81.27,81.19,83.13,82.56,1.3,1.60%,2021-10-05,1400/07/13
1267,79.49,78.75,82,81.26,1.98,2.50%,2021-10-04,1400/07/12
1268,78.49,77.55,79.41,79.28,0.76,0.97%,2021-10-01,1400/07/09
1269,78.46,77.6,79.11,78.52,0.12,0.15%,2021-09-30,1400/07/08
1270,78.25,77.5,79.4,78.64,0.45,0.57%,2021-09-29,1400/07/07
1271,79.4,78.1,80.75,79.09,0.44,0.56%,2021-09-28,1400/07/06
1272,78.25,78.21,79.9,79.53,1.44,1.84%,2021-09-27,1400/07/05
1273,77.26,76.85,78.24,78.09,0.84,1.09%,2021-09-24,1400/07/02
1274,75.9,75.6,77.35,77.25,1.06,1.39%,2021-09-23,1400/07/01
1275,74.56,74.49,76.26,76.19,1.83,2.46%,2021-09-22,1400/06/31
1276,74.33,73.26,75.18,74.36,0.44,0.60%,2021-09-21,1400/06/30
1277,75.33,73.52,75.4,73.92,1.42,1.92%,2021-09-20,1400/06/29
1278,75.68,74.58,75.78,75.34,0.33,0.44%,2021-09-17,1400/06/26
1279,75.46,74.48,75.87,75.67,0.21,0.28%,2021-09-16,1400/06/25
1280,73.92,73.78,76.13,75.46,1.86,2.53%,2021-09-15,1400/06/24
1281,73.62,73.08,74.28,73.6,0.09,0.12%,2021-09-14,1400/06/23
1282,72.88,72.69,73.92,73.51,0.59,0.81%,2021-09-13,1400/06/22
1283,71.37,70.94,73.15,72.92,1.47,2.06%,2021-09-10,1400/06/19
1284,72.61,70.88,73.2,71.45,1.15,1.61%,2021-09-09,1400/06/18
1285,71.64,71.55,72.95,72.6,0.91,1.27%,2021-09-08,1400/06/17
1286,72.29,71.1,72.81,71.69,0.53,0.74%,2021-09-07,1400/06/16
1287,72.57,71.51,72.78,72.22,0.39,0.54%,2021-09-06,1400/06/15
1288,72.86,72.4,73.69,72.61,0.42,0.58%,2021-09-03,1400/06/12
1289,71.31,70.92,73.47,73.03,1.44,2.01%,2021-09-02,1400/06/11
1290,71.68,70.42,72.38,71.59,1.4,1.96%,2021-09-01,1400/06/10
1291,73.14,72.62,73.52,72.99,0.42,0.58%,2021-08-31,1400/06/09
1292,73.25,72,73.69,73.41,0.71,0.98%,2021-08-30,1400/06/08
1293,71.53,71.17,72.76,72.7,1.63,2.29%,2021-08-27,1400/06/05
1294,71.94,70.66,72.13,71.07,1.18,1.66%,2021-08-26,1400/06/04
1295,71,70.5,72.42,72.25,1.2,1.69%,2021-08-25,1400/06/03
1296,68.66,68.53,71.27,71.05,2.3,3.35%,2021-08-24,1400/06/02
1297,64.97,64.6,68.9,68.75,3.57,5.48%,2021-08-23,1400/06/01
1298,66.54,64.94,66.93,65.18,1.27,1.95%,2021-08-20,1400/05/29
1299,67.57,65.57,67.64,66.45,1.78,2.68%,2021-08-19,1400/05/28
1300,68.96,67.23,70.04,68.23,0.8,1.17%,2021-08-18,1400/05/27
1301,69.77,68.82,70,69.03,0.48,0.70%,2021-08-17,1400/05/26
1302,70.05,68.14,70.45,69.51,1.08,1.55%,2021-08-16,1400/05/25
1303,71.12,70,71.38,70.59,0.72,1.02%,2021-08-13,1400/05/22
1304,71.57,70.67,71.9,71.31,0.13,0.18%,2021-08-12,1400/05/21
1305,70.83,69.07,71.72,71.44,0.81,1.15%,2021-08-11,1400/05/20
1306,69.35,68.94,71.24,70.63,1.59,2.30%,2021-08-10,1400/05/19
1307,70.26,67.6,70.26,69.04,1.66,2.40%,2021-08-09,1400/05/18
1308,71.2,70.28,72.43,70.7,0.59,0.83%,2021-08-06,1400/05/15
1309,70.27,69.75,71.5,71.29,0.91,1.29%,2021-08-05,1400/05/14
1310,72.33,70.11,72.83,70.38,2.03,2.88%,2021-08-04,1400/05/13
1311,73.08,71.05,73.55,72.41,0.48,0.66%,2021-08-03,1400/05/12
1312,75.39,72.31,75.39,72.89,3.44,4.72%,2021-08-02,1400/05/11
1313,75.81,75.38,76.38,76.33,0.28,0.37%,2021-07-30,1400/05/08
1314,74.76,74.63,76.15,76.05,1.31,1.75%,2021-07-29,1400/05/07
1315,74.77,74.42,75.32,74.74,0.26,0.35%,2021-07-28,1400/05/06
1316,74.67,74.02,75.05,74.48,0.02,0.03%,2021-07-27,1400/05/05
1317,74.12,72.75,74.84,74.5,0.4,0.54%,2021-07-26,1400/05/04
1318,73.56,73.32,74.22,74.1,0.31,0.42%,2021-07-23,1400/05/01
1319,72.24,71.74,73.9,73.79,1.56,2.16%,2021-07-22,1400/04/31
1320,68.92,68.63,72.38,72.23,2.88,4.15%,2021-07-21,1400/04/30
1321,68.99,67.44,69.73,69.35,0.73,1.06%,2021-07-20,1400/04/29
1322,72.86,67.75,73.34,68.62,4.97,7.24%,2021-07-19,1400/04/28
1323,73.18,72.34,74.09,73.59,0.12,0.16%,2021-07-16,1400/04/25
1324,74.5,73.19,74.59,73.47,1.29,1.76%,2021-07-15,1400/04/24
1325,76.28,73.79,76.72,74.76,1.73,2.31%,2021-07-14,1400/04/23
1326,75.25,74.93,76.6,76.49,1.33,1.77%,2021-07-13,1400/04/22
1327,75.79,74.23,75.84,75.16,0.39,0.52%,2021-07-12,1400/04/21
1328,74.39,73.8,75.8,75.55,1.43,1.93%,2021-07-09,1400/04/18
1329,73.35,72.11,74.4,74.12,0.69,0.94%,2021-07-08,1400/04/17
1330,74.69,72.6,75.99,73.43,1.1,1.50%,2021-07-07,1400/04/16
1331,77.06,74.13,77.84,74.53,2.63,3.53%,2021-07-06,1400/04/15
1332,76.23,75.7,77.26,77.16,0.99,1.30%,2021-07-05,1400/04/14
1333,75.64,75.21,76.43,76.17,0.33,0.44%,2021-07-02,1400/04/11
1334,74.69,74.55,76.74,75.84,0.71,0.95%,2021-07-01,1400/04/10
1335,75.18,74.39,75.6,75.13,0.37,0.49%,2021-06-30,1400/04/09
1336,74.67,73.9,75.51,74.76,0.08,0.11%,2021-06-29,1400/04/08
1337,75.99,74.51,76.6,74.68,1.5,2.01%,2021-06-28,1400/04/07
1338,75.54,74.95,76.21,76.18,0.62,0.82%,2021-06-25,1400/04/04
1339,75.3,74.51,75.78,75.56,0.37,0.49%,2021-06-24,1400/04/03
1340,74.75,74.7,76.02,75.19,0.38,0.51%,2021-06-23,1400/04/02
1341,74.88,74.32,75.3,74.81,0.09,0.12%,2021-06-22,1400/04/01
1342,73.33,72.98,74.95,74.9,1.39,1.89%,2021-06-21,1400/03/31
1343,73,72.18,73.76,73.51,0.43,0.59%,2021-06-18,1400/03/28
1344,73.8,72.01,74.5,73.08,1.31,1.79%,2021-06-17,1400/03/27
1345,74.26,73.86,74.96,74.39,0.4,0.54%,2021-06-16,1400/03/26
1346,73.03,72.79,74.33,73.99,1.13,1.55%,2021-06-15,1400/03/25
1347,72.7,72.59,73.64,72.86,0.17,0.23%,2021-06-14,1400/03/24
1348,72.41,71.88,73.09,72.69,0.17,0.23%,2021-06-11,1400/03/21
1349,72.03,70.95,72.93,72.52,0.3,0.42%,2021-06-10,1400/03/20
1350,72.17,71.82,72.87,72.22,-,-,2021-06-09,1400/03/19
1351,71.42,70.71,72.42,72.22,0.73,1.02%,2021-06-08,1400/03/18
1352,71.82,71.1,72.27,71.49,0.4,0.56%,2021-06-07,1400/03/17
1353,71.25,70.73,72.17,71.89,0.58,0.81%,2021-06-04,1400/03/14
1354,71.27,70.66,71.99,71.31,0.04,0.06%,2021-06-03,1400/03/13
1355,70.55,70.35,71.48,71.35,1.1,1.57%,2021-06-02,1400/03/12
1356,69.39,69.29,71.34,70.25,0.93,1.34%,2021-06-01,1400/03/11
1357,68.98,68.75,69.82,69.32,0.31,0.45%,2021-05-31,1400/03/10
1358,69.69,69.26,69.92,69.63,0.17,0.24%,2021-05-28,1400/03/07
1359,68.78,68.11,69.51,69.46,0.59,0.86%,2021-05-27,1400/03/06
1360,68.55,68.02,69.17,68.87,0.22,0.32%,2021-05-26,1400/03/05
1361,68.47,67.83,68.9,68.65,0.19,0.28%,2021-05-25,1400/03/04
1362,66.72,66.46,68.64,68.46,2.02,3.04%,2021-05-24,1400/03/03
1363,65.22,64.57,66.94,66.44,1.33,2.04%,2021-05-21,1400/02/31
1364,66.63,64.8,67.17,65.11,1.55,2.38%,2021-05-20,1400/02/30
1365,68.41,65.3,68.46,66.66,2.05,3.08%,2021-05-19,1400/02/29
1366,69.61,67.28,70.24,68.71,0.75,1.09%,2021-05-18,1400/02/28
1367,68.92,68.18,69.62,69.46,0.75,1.09%,2021-05-17,1400/02/27
1368,67,66.5,68.89,68.71,1.66,2.48%,2021-05-14,1400/02/24
1369,68.88,66.48,69.04,67.05,2.27,3.39%,2021-05-13,1400/02/23
1370,68.78,68.18,69.9,69.32,0.77,1.12%,2021-05-12,1400/02/22
1371,68.29,67.13,68.75,68.55,0.23,0.34%,2021-05-11,1400/02/21
1372,68.74,67.41,69.2,68.32,0.04,0.06%,2021-05-10,1400/02/20
1373,68.26,67.39,68.65,68.28,0.19,0.28%,2021-05-07,1400/02/17
1374,68.47,67.93,69.37,68.09,0.87,1.28%,2021-05-06,1400/02/16
1375,69.35,68.35,69.95,68.96,0.08,0.12%,2021-05-05,1400/02/15
1376,67.75,67.37,69.5,68.88,1.32,1.95%,2021-05-04,1400/02/14
1377,66.7,66.1,67.82,67.56,0.31,0.46%,2021-05-03,1400/02/13
1378,68.33,67.06,68.4,67.25,1.31,1.95%,2021-04-30,1400/02/10
1379,67.18,67.13,68.95,68.56,1.29,1.92%,2021-04-29,1400/02/09
1380,66.58,66.13,67.85,67.27,0.85,1.28%,2021-04-28,1400/02/08
1381,65.76,65.66,66.8,66.42,0.77,1.17%,2021-04-27,1400/02/07
1382,66.1,64.57,66.26,65.65,0.46,0.70%,2021-04-26,1400/02/06
1383,65.8,65.16,66.3,66.11,0.71,1.09%,2021-04-23,1400/02/03
1384,65.13,64.58,65.83,65.4,0.08,0.12%,2021-04-22,1400/02/02
1385,66.22,64.96,66.52,65.32,1.25,1.91%,2021-04-21,1400/02/01
1386,67.2,65.51,68.08,66.57,0.48,0.72%,2021-04-20,1400/01/31
1387,66.7,66.17,67.23,67.05,0.28,0.42%,2021-04-19,1400/01/30
1388,66.86,66.44,67.38,66.77,0.17,0.25%,2021-04-16,1400/01/27
1389,66.38,65.95,67.03,66.94,0.36,0.54%,2021-04-15,1400/01/26
1390,64.01,63.88,66.9,66.58,2.91,4.57%,2021-04-14,1400/01/25
1391,63.24,63.18,64.19,63.67,0.39,0.62%,2021-04-13,1400/01/24
1392,63.03,62.41,64.31,63.28,0.33,0.52%,2021-04-12,1400/01/23
1393,63.28,62.57,63.49,62.95,0.25,0.40%,2021-04-09,1400/01/20
1394,63.02,62.38,63.43,63.2,0.04,0.06%,2021-04-08,1400/01/19
1395,62.6,61.6,63.55,63.16,0.42,0.67%,2021-04-07,1400/01/18
1396,62.32,62.08,64.28,62.74,0.59,0.95%,2021-04-06,1400/01/17
1397,64.57,61.25,64.81,62.15,2.71,4.36%,2021-04-05,1400/01/16
1398,63.12,62.38,65.17,64.86,1.32,2.08%,2021-04-01,1400/01/12
1399,64.13,63.53,64.79,63.54,0.6,0.94%,2021-03-31,1400/01/11
1400,65.2,63.52,65.41,64.14,0.84,1.31%,2021-03-30,1400/01/10
1401,64.58,63.13,65.46,64.98,0.41,0.63%,2021-03-29,1400/01/09
1402,62.01,61.85,64.89,64.57,2.62,4.23%,2021-03-26,1400/01/06
1403,63.99,60.98,64.19,61.95,2.46,3.97%,2021-03-25,1400/01/05
1404,60.5,60.47,64.57,64.41,3.62,5.95%,2021-03-24,1400/01/04
1405,64.3,60.27,64.3,60.79,3.83,6.30%,2021-03-23,1400/01/03
1406,64.53,63.45,65.12,64.62,0.09,0.14%,2021-03-22,1400/01/02
1407,62.99,62.07,64.95,64.53,1.25,1.98%,2021-03-19,1399/12/29
1408,67.77,61.45,68.15,63.28,4.72,7.46%,2021-03-18,1399/12/28
1409,68.39,66.96,68.89,68,0.39,0.57%,2021-03-17,1399/12/27
1410,68.81,67.36,68.94,68.39,0.49,0.72%,2021-03-16,1399/12/26
1411,69.08,67.82,70.03,68.88,0.34,0.49%,2021-03-15,1399/12/25
1412,69.59,69.03,69.9,69.22,0.41,0.59%,2021-03-12,1399/12/22
1413,68.45,67.99,69.84,69.63,1.73,2.55%,2021-03-11,1399/12/21
1414,67.46,66.5,68.42,67.9,0.38,0.56%,2021-03-10,1399/12/20
1415,68.13,67.12,69.33,67.52,0.72,1.07%,2021-03-09,1399/12/19
1416,69.97,67.8,71.38,68.24,1.12,1.64%,2021-03-08,1399/12/18
1417,67.16,66.67,69.69,69.36,2.62,3.93%,2021-03-05,1399/12/15
1418,64.1,63.33,67.75,66.74,2.67,4.17%,2021-03-04,1399/12/14
1419,62.38,62.38,64.7,64.07,1.37,2.19%,2021-03-03,1399/12/13
1420,63.12,62.38,64.13,62.7,0.99,1.58%,2021-03-02,1399/12/12
1421,64.85,63.17,65.93,63.69,2.44,3.83%,2021-03-01,1399/12/11
1422,66.89,65.72,66.9,66.13,0.75,1.13%,2021-02-26,1399/12/08
1423,67.2,66.48,67.7,66.88,0.16,0.24%,2021-02-25,1399/12/07
1424,65.06,64.8,67.31,67.04,1.67,2.55%,2021-02-24,1399/12/06
1425,65.51,64.47,66.79,65.37,0.13,0.20%,2021-02-23,1399/12/05
1426,62.68,62.55,65.85,65.24,2.33,3.70%,2021-02-22,1399/12/04
1427,63.3,62.09,63.94,62.91,1.02,1.62%,2021-02-19,1399/12/01
1428,65.02,63.22,65.52,63.93,0.41,0.64%,2021-02-18,1399/11/30
1429,63.15,62.73,64.96,64.34,0.99,1.56%,2021-02-17,1399/11/29
1430,63.47,62.69,63.7,63.35,0.05,0.08%,2021-02-16,1399/11/28
1431,62.83,62.82,63.76,63.3,0.87,1.39%,2021-02-15,1399/11/27
1432,60.82,60.35,62.83,62.43,1.29,2.11%,2021-02-12,1399/11/24
1433,61.01,60.72,61.5,61.14,0.33,0.54%,2021-02-11,1399/11/23
1434,61.21,60.87,61.69,61.47,0.38,0.62%,2021-02-10,1399/11/22
1435,60.8,60.05,61.34,61.09,0.53,0.88%,2021-02-09,1399/11/21
1436,59.43,59.43,60.72,60.56,1.22,2.06%,2021-02-08,1399/11/20
1437,59.17,59.08,59.79,59.34,0.5,0.85%,2021-02-05,1399/11/17
1438,58.59,58.04,59.12,58.84,0.38,0.65%,2021-02-04,1399/11/16
1439,57.85,57.5,58.94,58.46,1,1.74%,2021-02-03,1399/11/15
1440,56.35,56.33,58.05,57.46,1.11,1.97%,2021-02-02,1399/11/14
1441,54.91,54.6,56.53,56.35,0.47,0.84%,2021-02-01,1399/11/13
1442,55.52,55.31,56.37,55.88,0.35,0.63%,2021-01-29,1399/11/10
1443,55.41,55.31,56.59,55.53,0.28,0.50%,2021-01-28,1399/11/09
1444,56.05,55.2,56.49,55.81,0.1,0.18%,2021-01-27,1399/11/08
1445,55.93,55.39,56.34,55.91,0.03,0.05%,2021-01-26,1399/11/07
1446,55.26,55.07,56.02,55.88,0.47,0.85%,2021-01-25,1399/11/06
1447,56,54.48,56.03,55.41,0.69,1.25%,2021-01-22,1399/11/03
1448,55.82,55.49,56.24,56.1,0.02,0.04%,2021-01-21,1399/11/02
1449,56.07,55.66,56.64,56.08,0.18,0.32%,2021-01-20,1399/11/01
1450,55.01,54.89,56.08,55.9,1.15,2.10%,2021-01-19,1399/10/30
1451,54.75,54.49,55.21,54.75,0.35,0.64%,2021-01-18,1399/10/29
1452,56.41,54.64,56.5,55.1,1.32,2.40%,2021-01-15,1399/10/26
1453,55.93,55.24,56.57,56.42,0.36,0.64%,2021-01-14,1399/10/25
1454,56.83,55.77,57.42,56.06,0.52,0.93%,2021-01-13,1399/10/24
1455,55.66,55.51,56.79,56.58,0.92,1.65%,2021-01-12,1399/10/23
1456,56.24,54.99,56.39,55.66,0.33,0.59%,2021-01-11,1399/10/22
1457,54.56,54.34,56.36,55.99,1.61,2.96%,2021-01-08,1399/10/19
1458,54.13,53.94,54.9,54.38,0.08,0.15%,2021-01-07,1399/10/18
1459,53.52,53.02,54.73,54.3,0.7,1.31%,2021-01-06,1399/10/17
1460,50.95,50.7,53.9,53.6,2.51,4.91%,2021-01-05,1399/10/16
1461,51.5,50.56,53.33,51.09,0.71,1.39%,2021-01-04,1399/10/15
1462,51.49,50.9,51.84,51.8,0.46,0.90%,2020-12-31,1399/10/11
1463,51.32,51.04,51.56,51.34,0.25,0.49%,2020-12-30,1399/10/10
1464,51.02,50.86,51.63,51.09,0.23,0.45%,2020-12-29,1399/10/09
1465,51.25,50.53,52.02,50.86,0.43,0.85%,2020-12-28,1399/10/08
1466,51.11,50.62,51.77,51.29,0.09,0.18%,2020-12-24,1399/10/04
1467,49.7,49.2,51.59,51.2,1.12,2.24%,2020-12-23,1399/10/03
1468,50.65,49.56,50.86,50.08,0.83,1.66%,2020-12-22,1399/10/02
1469,52.22,49.2,52.32,50.91,1.35,2.65%,2020-12-21,1399/10/01
1470,51.43,51.13,52.48,52.26,0.76,1.48%,2020-12-18,1399/09/28
1471,51.12,51.08,51.9,51.5,0.42,0.82%,2020-12-17,1399/09/27
1472,50.64,50.34,51.2,51.08,0.32,0.63%,2020-12-16,1399/09/26
1473,50.3,49.78,50.89,50.76,0.47,0.93%,2020-12-15,1399/09/25
1474,50.05,49.13,50.8,50.29,0.32,0.64%,2020-12-14,1399/09/24
1475,50.45,49.74,50.74,49.97,0.28,0.56%,2020-12-11,1399/09/21
1476,49,48.86,51.06,50.25,1.39,2.84%,2020-12-10,1399/09/20
1477,48.84,48.4,49.55,48.86,0.02,0.04%,2020-12-09,1399/09/19
1478,48.58,48.09,49,48.84,0.05,0.10%,2020-12-08,1399/09/18
1479,49.23,48.4,49.43,48.79,0.46,0.94%,2020-12-07,1399/09/17
1480,48.96,48.84,49.92,49.25,0.54,1.11%,2020-12-04,1399/09/14
1481,48,47.67,48.94,48.71,0.46,0.95%,2020-12-03,1399/09/13
1482,47.05,46.82,48.76,48.25,0.83,1.75%,2020-12-02,1399/09/12
1483,47.79,46.88,48.3,47.42,0.17,0.36%,2020-12-01,1399/09/11
1484,47.91,46.85,47.99,47.59,0.59,1.24%,2020-11-30,1399/09/10
1485,47.81,47.34,48.44,48.18,0.38,0.79%,2020-11-27,1399/09/07
1486,48.76,47.53,49.09,47.8,0.81,1.69%,2020-11-26,1399/09/06
1487,47.8,47.72,49.06,48.61,0.75,1.57%,2020-11-25,1399/09/05
1488,45.9,45.89,48.03,47.86,1.8,3.91%,2020-11-24,1399/09/04
1489,45.08,44.89,46.12,46.06,1.1,2.45%,2020-11-23,1399/09/03
1490,44.15,44.05,45.24,44.96,0.76,1.72%,2020-11-20,1399/08/30
1491,43.96,43.79,44.57,44.2,0.14,0.32%,2020-11-19,1399/08/29
1492,43.75,43.48,44.89,44.34,0.59,1.35%,2020-11-18,1399/08/28
1493,43.89,43.08,44.25,43.75,0.07,0.16%,2020-11-17,1399/08/27
1494,42.71,42.71,44.67,43.82,1.04,2.43%,2020-11-16,1399/08/26
1495,43.2,42.63,43.34,42.78,0.75,1.75%,2020-11-13,1399/08/23
1496,43.73,43.26,44.5,43.53,0.27,0.62%,2020-11-12,1399/08/22
1497,43.77,43.6,45.3,43.8,0.19,0.44%,2020-11-11,1399/08/21
1498,41.75,41.71,44.11,43.61,1.21,2.85%,2020-11-10,1399/08/20
1499,39.65,39.46,43.48,42.4,2.95,7.48%,2020-11-09,1399/08/19
1500,40.63,39.34,40.69,39.45,1.48,3.75%,2020-11-06,1399/08/16
1501,40.96,40.33,41.53,40.93,0.3,0.73%,2020-11-05,1399/08/15
1502,40.13,39.42,41.33,41.23,1.52,3.83%,2020-11-04,1399/08/14
1503,39.26,38.65,40.45,39.71,0.74,1.90%,2020-11-03,1399/08/13
1504,37.37,35.74,39.36,38.97,1.51,4.03%,2020-11-02,1399/08/12
1505,37.5,36.8,38.1,37.46,0.19,0.51%,2020-10-30,1399/08/09
1506,39.16,36.64,39.45,37.65,1.47,3.90%,2020-10-29,1399/08/08
1507,40.61,38.75,40.7,39.12,2.08,5.32%,2020-10-28,1399/08/07
1508,40.5,40.4,41.47,41.2,0.74,1.83%,2020-10-27,1399/08/06
1509,41.53,40.22,41.63,40.46,1.31,3.24%,2020-10-26,1399/08/05
1510,42.4,41.5,42.8,41.77,0.69,1.65%,2020-10-23,1399/08/02
1511,41.59,41.46,42.79,42.46,0.73,1.75%,2020-10-22,1399/08/01
1512,42.91,41.45,43.04,41.73,1.43,3.43%,2020-10-21,1399/07/30
1513,42.45,42.19,43.3,43.16,0.54,1.27%,2020-10-20,1399/07/29
1514,42.69,42.36,43.23,42.62,0.31,0.73%,2020-10-19,1399/07/28
1515,43.1,42.27,43.21,42.93,0.23,0.54%,2020-10-16,1399/07/25
1516,43.45,41.56,43.48,43.16,0.16,0.37%,2020-10-15,1399/07/24
1517,42.43,42.13,43.45,43.32,0.87,2.05%,2020-10-14,1399/07/23
1518,41.81,41.66,42.68,42.45,0.73,1.75%,2020-10-13,1399/07/22
1519,42.6,41.36,42.71,41.72,1.13,2.71%,2020-10-12,1399/07/21
1520,43.36,42.61,43.57,42.85,0.49,1.14%,2020-10-09,1399/07/18
1521,42.15,41.86,43.47,43.34,1.35,3.22%,2020-10-08,1399/07/17
1522,41.85,41.36,42.42,41.99,0.66,1.57%,2020-10-07,1399/07/16
1523,41.41,41.22,42.84,42.65,1.36,3.29%,2020-10-06,1399/07/15
1524,39.19,39.14,41.78,41.29,2.02,5.14%,2020-10-05,1399/07/14
1525,40.65,38.79,40.77,39.27,1.66,4.23%,2020-10-02,1399/07/11
1526,42.17,39.92,42.56,40.93,0.02,0.05%,2020-10-01,1399/07/10
1527,40.66,40.3,40.98,40.95,0.08,0.20%,2020-09-30,1399/07/09
1528,42.47,40.43,42.52,41.03,1.4,3.41%,2020-09-29,1399/07/08
1529,41.87,41.48,42.62,42.43,0.51,1.22%,2020-09-28,1399/07/07
1530,41.85,41.52,42.33,41.92,0.02,0.05%,2020-09-25,1399/07/04
1531,41.36,41.27,42.02,41.94,0.17,0.41%,2020-09-24,1399/07/03
1532,41.67,41.21,42.62,41.77,0.05,0.12%,2020-09-23,1399/07/02
1533,41.79,41.21,42.2,41.72,0.28,0.68%,2020-09-22,1399/07/01
1534,43.01,40.96,43.3,41.44,1.71,4.13%,2020-09-21,1399/06/31
1535,43.22,42.53,43.8,43.15,0.15,0.35%,2020-09-18,1399/06/28
1536,42.32,41.5,43.5,43.3,1.08,2.56%,2020-09-17,1399/06/27
1537,40.72,40.59,42.44,42.22,1.69,4.17%,2020-09-16,1399/06/26
1538,39.7,39.39,40.82,40.53,0.92,2.32%,2020-09-15,1399/06/25
1539,39.78,39.3,40.09,39.61,0.22,0.56%,2020-09-14,1399/06/24
1540,39.96,39.38,40.34,39.83,0.23,0.58%,2020-09-11,1399/06/21
1541,40.58,39.71,40.96,40.06,0.73,1.82%,2020-09-10,1399/06/20
1542,39.65,39.37,41.2,40.79,1.01,2.54%,2020-09-09,1399/06/19
1543,42.08,39.31,42.23,39.78,2.23,5.61%,2020-09-08,1399/06/18
1544,42.2,41.51,42.43,42.01,0.65,1.55%,2020-09-07,1399/06/17
1545,43.76,42.3,44.54,42.66,1.41,3.31%,2020-09-04,1399/06/14
1546,44.65,43.15,44.65,44.07,0.36,0.82%,2020-09-03,1399/06/13
1547,45.83,44.2,46.05,44.43,1.15,2.59%,2020-09-02,1399/06/12
1548,45.6,45.47,46.22,45.58,0.3,0.66%,2020-09-01,1399/06/11
1549,45.8,45.21,46.53,45.28,0.23,0.51%,2020-08-31,1399/06/10
1550,45.1,44.8,45.3,45.05,0.04,0.09%,2020-08-28,1399/06/07
1551,45.7,44.56,45.87,45.09,0.55,1.22%,2020-08-27,1399/06/06
1552,45.97,45.54,46.1,45.64,0.22,0.48%,2020-08-26,1399/06/05
1553,45.12,45.08,46.07,45.86,0.73,1.62%,2020-08-25,1399/06/04
1554,44.5,44.29,45.18,45.13,0.78,1.76%,2020-08-24,1399/06/03
1555,45.03,43.59,45.08,44.35,0.55,1.24%,2020-08-21,1399/05/31
1556,45.14,44.02,45.18,44.9,0.47,1.05%,2020-08-20,1399/05/30
1557,45.17,44.81,45.48,45.37,0.09,0.20%,2020-08-19,1399/05/29
1558,45.27,44.76,45.55,45.46,0.09,0.20%,2020-08-18,1399/05/28
1559,44.86,44.53,45.41,45.37,0.57,1.27%,2020-08-17,1399/05/27
1560,45.29,44.47,45.29,44.8,0.16,0.36%,2020-08-14,1399/05/24
1561,45.32,44.82,45.58,44.96,0.47,1.05%,2020-08-13,1399/05/23
1562,44.62,44.49,45.63,45.43,0.93,2.09%,2020-08-12,1399/05/22
1563,45.05,44.39,45.79,44.5,0.49,1.10%,2020-08-11,1399/05/21
1564,44.66,44.37,45.26,44.99,0.59,1.33%,2020-08-10,1399/05/20
1565,45.15,44.27,45.3,44.4,0.69,1.55%,2020-08-07,1399/05/17
1566,45.32,44.85,45.71,45.09,0.08,0.18%,2020-08-06,1399/05/16
1567,44.28,44.24,46.23,45.17,0.74,1.67%,2020-08-05,1399/05/15
1568,43.84,43.24,44.82,44.43,0.28,0.63%,2020-08-04,1399/05/14
1569,43.53,42.89,44.46,44.15,0.85,1.96%,2020-08-03,1399/05/13
1570,43.29,43.05,43.44,43.3,0.36,0.84%,2020-07-31,1399/05/10
1571,43.73,41.38,43.8,42.94,0.81,1.89%,2020-07-30,1399/05/09
1572,43.31,43.2,43.95,43.75,0.53,1.23%,2020-07-29,1399/05/08
1573,43.55,43,43.84,43.22,0.19,0.44%,2020-07-28,1399/05/07
1574,43.35,42.39,43.77,43.41,0.07,0.16%,2020-07-27,1399/05/06
1575,43.27,42.79,43.9,43.34,0.03,0.07%,2020-07-24,1399/05/03
1576,44.1,43.13,44.77,43.31,0.98,2.26%,2020-07-23,1399/05/02
1577,44.03,43.62,44.4,44.29,0.03,0.07%,2020-07-22,1399/05/01
1578,43.17,43.16,44.89,44.32,1.04,2.40%,2020-07-21,1399/04/31
1579,43.08,42.36,43.45,43.28,0.14,0.32%,2020-07-20,1399/04/30
1580,43.4,42.64,43.45,43.14,0.23,0.53%,2020-07-17,1399/04/27
1581,43.71,43.14,43.8,43.37,0.42,0.97%,2020-07-16,1399/04/26
1582,43.07,42.7,43.85,43.79,0.89,2.07%,2020-07-15,1399/04/25
1583,42.24,41.8,43.22,42.9,0.18,0.42%,2020-07-14,1399/04/24
1584,43.12,42.14,43.34,42.72,0.52,1.22%,2020-07-13,1399/04/23
1585,42.36,41.32,43.42,43.24,0.89,2.10%,2020-07-10,1399/04/20
1586,43.3,41.94,43.5,42.35,0.94,2.22%,2020-07-09,1399/04/19
1587,42.81,42.75,43.47,43.29,0.21,0.49%,2020-07-08,1399/04/18
1588,43.13,42.46,43.45,43.08,0.02,0.05%,2020-07-07,1399/04/17
1589,42.79,42.74,43.71,43.1,0.3,0.70%,2020-07-06,1399/04/16
1590,42.76,42.32,42.99,42.8,0.34,0.79%,2020-07-03,1399/04/13
1591,41.84,41.73,43.23,43.14,1.11,2.64%,2020-07-02,1399/04/12
1592,41.58,41.03,42.62,42.03,0.88,2.14%,2020-07-01,1399/04/11
1593,41.33,40.9,41.62,41.15,0.56,1.36%,2020-06-30,1399/04/10
1594,40.56,40.04,41.95,41.71,0.69,1.68%,2020-06-29,1399/04/09
1595,41.44,40.29,41.81,41.02,0.03,0.07%,2020-06-26,1399/04/06
1596,40.35,39.47,41.64,41.05,0.74,1.84%,2020-06-25,1399/04/05
1597,42.45,39.63,42.89,40.31,2.32,5.76%,2020-06-24,1399/04/04
1598,43.21,42.21,43.93,42.63,0.45,1.06%,2020-06-23,1399/04/03
1599,41.74,41.58,43.18,43.08,0.89,2.11%,2020-06-22,1399/04/02
1600,41.72,41.03,42.92,42.19,0.68,1.64%,2020-06-19,1399/03/30
1601,40.43,40.06,41.64,41.51,0.8,1.97%,2020-06-18,1399/03/29
1602,40.61,40.03,41.46,40.71,0.25,0.61%,2020-06-17,1399/03/28
1603,39.94,38.95,41.65,40.96,1.24,3.12%,2020-06-16,1399/03/27
1604,38.8,37.24,39.9,39.72,0.99,2.56%,2020-06-15,1399/03/26
1605,37.88,37.01,39.45,38.73,0.18,0.47%,2020-06-12,1399/03/23
1606,40.95,37.82,41.01,38.55,3.18,8.25%,2020-06-11,1399/03/22
1607,40.72,40.14,41.99,41.73,0.55,1.34%,2020-06-10,1399/03/21
1608,41.1,39.85,41.45,41.18,0.38,0.93%,2020-06-09,1399/03/20
1609,42.4,40.68,43.41,40.8,1.5,3.68%,2020-06-08,1399/03/19
1610,39.84,39.72,42.48,42.3,2.31,5.78%,2020-06-05,1399/03/16
1611,39.6,39.04,40.1,39.99,0.2,0.50%,2020-06-04,1399/03/15
1612,39.75,38.76,40.53,39.79,0.22,0.56%,2020-06-03,1399/03/14
1613,38.34,38.26,39.75,39.57,1.25,3.26%,2020-06-02,1399/03/13
1614,37.56,37.18,38.68,38.32,2.99,8.46%,2020-06-01,1399/03/12
1615,35.15,34.06,35.37,35.33,0.04,0.11%,2020-05-29,1399/03/09
1616,33.92,33.62,35.95,35.29,0.55,1.58%,2020-05-28,1399/03/08
1617,35.93,33.98,36.16,34.74,1.43,4.12%,2020-05-27,1399/03/07
1618,35.66,35.26,36.68,36.17,0.64,1.80%,2020-05-26,1399/03/06
1619,34.98,34.46,35.97,35.53,0.4,1.14%,2020-05-25,1399/03/05
1620,36.18,33.54,36.23,35.13,0.93,2.65%,2020-05-22,1399/03/02
1621,35.82,35.75,36.98,36.06,0.31,0.87%,2020-05-21,1399/03/01
1622,34.45,34.38,36.46,35.75,1.1,3.17%,2020-05-20,1399/02/31
1623,35.66,34.2,35.76,34.65,0.16,0.46%,2020-05-19,1399/02/30
1624,32.78,32.69,35.72,34.81,2.31,7.11%,2020-05-18,1399/02/29
1625,31.52,30.94,32.91,32.5,1.37,4.40%,2020-05-15,1399/02/26
1626,29.52,28.88,31.55,31.13,1.94,6.65%,2020-05-14,1399/02/25
1627,29.35,28.86,30.55,29.19,0.79,2.71%,2020-05-13,1399/02/24
1628,30.07,29.35,30.7,29.98,0.35,1.18%,2020-05-12,1399/02/23
1629,30.7,29.35,31.47,29.63,1.34,4.52%,2020-05-11,1399/02/22
1630,29.6,29.43,31.14,30.97,1.51,5.13%,2020-05-08,1399/02/19
1631,29.64,29.08,31.84,29.46,0.26,0.88%,2020-05-07,1399/02/18
1632,32.27,28.66,32.27,29.72,1.25,4.21%,2020-05-06,1399/02/17
1633,28.1,27.77,32.06,30.97,3.77,13.86%,2020-05-05,1399/02/16
1634,26.1,25.5,28.08,27.2,0.76,2.87%,2020-05-04,1399/02/15
1635,26.95,25.76,27.88,26.44,1.17,4.63%,2020-05-01,1399/02/12
1636,22.87,22.87,25.76,25.27,2.73,12.11%,2020-04-30,1399/02/11
1637,20.66,20.53,23.88,22.54,2.08,10.17%,2020-04-29,1399/02/10
1638,19.9,18.73,21.29,20.46,0.47,2.35%,2020-04-28,1399/02/09
1639,21.55,19.11,21.91,19.99,1.45,7.25%,2020-04-27,1399/02/08
1640,21.93,20.5,22.7,21.44,0.11,0.52%,2020-04-24,1399/02/05
1641,20.89,20.07,23.22,21.33,0.96,4.71%,2020-04-23,1399/02/04
1642,20.23,15.98,22.45,20.37,1.04,5.38%,2020-04-22,1399/02/03
1643,26.33,17.51,26.5,19.33,6.24,32.28%,2020-04-21,1399/02/02
1644,28.05,25.37,28.25,25.57,2.51,9.82%,2020-04-20,1399/02/01
1645,28.66,27.58,28.93,28.08,0.26,0.93%,2020-04-17,1399/01/29
1646,28.05,27.2,29,27.82,0.13,0.47%,2020-04-16,1399/01/28
1647,30.26,27.16,30.33,27.69,1.91,6.90%,2020-04-15,1399/01/27
1648,32.25,29.38,32.32,29.6,2.14,7.23%,2020-04-14,1399/01/26
1649,33.99,30.63,33.99,31.74,0.26,0.83%,2020-04-13,1399/01/25
1650,33.82,31.18,36.4,31.48,1.36,4.32%,2020-04-09,1399/01/21
1651,32.63,31.54,33.87,32.84,0.97,3.04%,2020-04-08,1399/01/20
1652,33.66,31.74,34.18,31.87,1.18,3.70%,2020-04-07,1399/01/19
1653,31.76,30.03,34.24,33.05,1.06,3.21%,2020-04-06,1399/01/18
1654,29.89,28.25,35,34.11,4.17,13.93%,2020-04-03,1399/01/15
1655,25.61,25.45,36.29,29.94,5.2,21.02%,2020-04-02,1399/01/14
1656,25.99,24.52,26.28,24.74,2,8.80%,2020-04-01,1399/01/13
1657,23,22.59,23.87,22.74,0.02,0.09%,2020-03-31,1399/01/12
1658,23.85,21.65,24.44,22.76,2.17,9.53%,2020-03-30,1399/01/11
1659,26.68,24.13,27,24.93,1.41,5.66%,2020-03-27,1399/01/08
1660,27.35,26.03,27.75,26.34,1.05,3.99%,2020-03-26,1399/01/07
1661,27.8,25.68,28.29,27.39,0.24,0.88%,2020-03-25,1399/01/06
1662,27.72,26.69,28.65,27.15,0.12,0.44%,2020-03-24,1399/01/05
1663,26.75,24.68,27.54,27.03,0.05,0.19%,2020-03-23,1399/01/04
1664,28.1,26.81,30.94,26.98,1.49,5.52%,2020-03-20,1399/01/01
1665,27.19,24.96,29.42,28.47,3.59,14.43%,2020-03-19,1398/12/29
1666,28.4,24.52,29.21,24.88,3.85,15.47%,2020-03-18,1398/12/28
1667,30.14,28.5,31.25,28.73,1.32,4.59%,2020-03-17,1398/12/27
1668,35.82,29.45,35.84,30.05,3.8,12.65%,2020-03-16,1398/12/26
1669,32.85,32.5,36.15,33.85,0.63,1.90%,2020-03-13,1398/12/23
1670,35.99,32.5,36.46,33.22,2.57,7.74%,2020-03-12,1398/12/22
1671,37.27,35.35,39.7,35.79,1.43,4%,2020-03-11,1398/12/21
1672,35.84,35,38.22,37.22,2.86,8.32%,2020-03-10,1398/12/20
1673,38.28,31.02,38.34,34.36,10.91,31.75%,2020-03-09,1398/12/19
1674,50.25,45.18,50.45,45.27,4.72,10.43%,2020-03-06,1398/12/16
1675,51.66,49.7,52.04,49.99,1.14,2.28%,2020-03-05,1398/12/15
1676,52.11,51.04,53.03,51.13,0.73,1.43%,2020-03-04,1398/12/14
1677,53.47,51.22,53.9,51.86,0.04,0.08%,2020-03-03,1398/12/13
1678,48.95,48.4,53.2,51.9,1.38,2.73%,2020-03-02,1398/12/12
1679,51.42,50.05,51.52,50.52,1.66,3.29%,2020-02-28,1398/12/09
1680,53.18,50.97,53.25,52.18,1.25,2.40%,2020-02-27,1398/12/08
1681,55.13,53.03,55.45,53.43,1.52,2.84%,2020-02-26,1398/12/07
1682,56.46,54.62,56.98,54.95,1.35,2.46%,2020-02-25,1398/12/06
1683,57.85,55.13,57.86,56.3,2.2,3.91%,2020-02-24,1398/12/05
1684,59,57.73,59.25,58.5,0.81,1.38%,2020-02-21,1398/12/02
1685,59.31,58.9,60,59.31,0.19,0.32%,2020-02-20,1398/12/01
1686,57.6,57.51,59.4,59.12,1.37,2.37%,2020-02-19,1398/11/30
1687,57.35,56.3,57.83,57.75,0.08,0.14%,2020-02-18,1398/11/29
1688,57.29,56.83,57.7,57.67,0.35,0.61%,2020-02-17,1398/11/28
1689,56.41,56.15,57.53,57.32,0.98,1.74%,2020-02-14,1398/11/25
1690,55.75,54.96,56.83,56.34,0.55,0.99%,2020-02-13,1398/11/24
1691,54.41,54.39,56.36,55.79,1.78,3.30%,2020-02-12,1398/11/23
1692,53.62,53.6,54.69,54.01,0.74,1.39%,2020-02-11,1398/11/22
1693,54.2,53.11,54.71,53.27,1.2,2.25%,2020-02-10,1398/11/21
1694,55.14,54.21,55.4,54.47,0.46,0.84%,2020-02-07,1398/11/18
1695,55.56,54.25,56.58,54.93,0.35,0.64%,2020-02-06,1398/11/17
1696,54.05,54.05,56.46,55.28,1.32,2.45%,2020-02-05,1398/11/16
1697,54.33,53.69,55.65,53.96,0.49,0.91%,2020-02-04,1398/11/15
1698,56.16,54.08,56.77,54.45,3.71,6.81%,2020-02-03,1398/11/14
1699,59.3,57.94,59.45,58.16,0.13,0.22%,2020-01-31,1398/11/11
1700,59.6,57.71,59.65,58.29,1.52,2.61%,2020-01-30,1398/11/10
1701,59.86,59.26,60.62,59.81,0.3,0.50%,2020-01-29,1398/11/09
1702,59.03,58.5,60.12,59.51,0.19,0.32%,2020-01-28,1398/11/08
1703,60.23,58.5,60.49,59.32,1.37,2.31%,2020-01-27,1398/11/07
1704,62.01,60.25,62.46,60.69,1.35,2.22%,2020-01-24,1398/11/04
1705,62.68,61.25,62.69,62.04,1.17,1.89%,2020-01-23,1398/11/03
1706,64.57,62.62,64.58,63.21,1.38,2.18%,2020-01-22,1398/11/02
1707,65.26,64.06,65.35,64.59,0.61,0.94%,2020-01-21,1398/11/01
1708,65.98,64.92,66,65.2,0.35,0.54%,2020-01-20,1398/10/30
1709,64.69,64.48,65.6,64.85,0.23,0.36%,2020-01-17,1398/10/27
1710,64.26,63.9,64.97,64.62,0.62,0.97%,2020-01-16,1398/10/26
1711,64.44,63.55,64.6,64,0.49,0.77%,2020-01-15,1398/10/25
1712,64.29,63.92,65.05,64.49,0.29,0.45%,2020-01-14,1398/10/24
1713,65.13,63.92,65.27,64.2,0.78,1.21%,2020-01-13,1398/10/23
1714,65.29,64.86,65.66,64.98,0.39,0.60%,2020-01-10,1398/10/20
1715,66,64.56,66.1,65.37,0.07,0.11%,2020-01-09,1398/10/19
1716,71.22,64.94,71.75,65.44,2.83,4.32%,2020-01-08,1398/10/18
1717,68.63,67.65,68.75,68.27,0.64,0.94%,2020-01-07,1398/10/17
1718,69.35,68.21,70.74,68.91,0.31,0.45%,2020-01-06,1398/10/16
1719,66.28,66.22,69.5,68.6,2.35,3.55%,2020-01-03,1398/10/13
1720,66.41,65.72,66.58,66.25,0.25,0.38%,2020-01-02,1398/10/12
1721,66.65,65.63,66.93,66,2.44,3.70%,2019-12-31,1398/10/10
1722,68.2,68.16,68.99,68.44,0.28,0.41%,2019-12-30,1398/10/09
1723,67.91,67.57,68.33,68.16,0.24,0.35%,2019-12-27,1398/10/06
1724,67.27,67.22,67.99,67.92,0.72,1.07%,2019-12-26,1398/10/05
1725,66.44,66.36,67.26,67.2,0.81,1.22%,2019-12-24,1398/10/03
1726,66.15,65.81,66.62,66.39,0.25,0.38%,2019-12-23,1398/10/02
1727,66.56,65.7,66.72,66.14,0.4,0.60%,2019-12-20,1398/09/29
1728,66.19,66.03,66.78,66.54,0.37,0.56%,2019-12-19,1398/09/28
1729,65.84,65.56,66.43,66.17,0.07,0.11%,2019-12-18,1398/09/27
1730,65.31,65.12,66.24,66.1,0.76,1.16%,2019-12-17,1398/09/26
1731,65.05,64.88,65.66,65.34,0.12,0.18%,2019-12-16,1398/09/25
1732,64.56,64.5,65.79,65.22,1.02,1.59%,2019-12-13,1398/09/22
1733,63.9,63.87,64.85,64.2,0.48,0.75%,2019-12-12,1398/09/21
1734,64,63.01,64.26,63.72,0.62,0.97%,2019-12-11,1398/09/20
1735,64.03,63.78,64.69,64.34,0.09,0.14%,2019-12-10,1398/09/19
1736,64.29,63.61,64.5,64.25,0.14,0.22%,2019-12-09,1398/09/18
1737,63.41,62.83,64.88,64.39,1,1.58%,2019-12-06,1398/09/15
1738,62.97,62.75,63.91,63.39,0.39,0.62%,2019-12-05,1398/09/14
1739,61.08,61,63.51,63,2.18,3.58%,2019-12-04,1398/09/13
1740,61.05,60.3,61.58,60.82,0.1,0.16%,2019-12-03,1398/09/12
1741,60.73,60.72,62.09,60.92,1.51,2.48%,2019-12-02,1398/09/11
1742,63.77,62.36,63.86,62.43,1.44,2.31%,2019-11-29,1398/09/08
1743,63.91,63.19,64,63.87,0.19,0.30%,2019-11-28,1398/09/07
1744,64.02,63.51,64.6,64.06,0.21,0.33%,2019-11-27,1398/09/06
1745,63.7,63.44,64.32,64.27,0.62,0.97%,2019-11-26,1398/09/05
1746,63.6,62.97,63.8,63.65,0.26,0.41%,2019-11-25,1398/09/04
1747,63.62,62.98,64.27,63.39,0.58,0.91%,2019-11-22,1398/09/01
1748,62.22,61.92,64.03,63.97,1.57,2.52%,2019-11-21,1398/08/30
1749,60.94,60.3,62.8,62.4,1.49,2.45%,2019-11-20,1398/08/29
1750,62.28,60.7,62.57,60.91,1.53,2.51%,2019-11-19,1398/08/28
1751,63.36,61.94,63.57,62.44,0.86,1.38%,2019-11-18,1398/08/27
1752,62.47,61.7,63.65,63.3,1.02,1.64%,2019-11-15,1398/08/24
1753,62.61,62.15,63.21,62.28,0.09,0.14%,2019-11-14,1398/08/23
1754,61.85,61.22,62.74,62.37,0.31,0.50%,2019-11-13,1398/08/22
1755,62.11,61.82,62.85,62.06,0.12,0.19%,2019-11-12,1398/08/21
1756,62.6,61.57,62.76,62.18,0.33,0.53%,2019-11-11,1398/08/20
1757,62.29,60.66,62.7,62.51,0.22,0.35%,2019-11-08,1398/08/17
1758,61.73,61.65,62.89,62.29,0.55,0.89%,2019-11-07,1398/08/16
1759,62.78,61.59,63.32,61.74,1.22,1.98%,2019-11-06,1398/08/15
1760,62.04,61.85,63.19,62.96,0.83,1.34%,2019-11-05,1398/08/14
1761,61.8,61.28,62.78,62.13,0.44,0.71%,2019-11-04,1398/08/13
1762,59.45,59.4,61.82,61.69,1.46,2.42%,2019-11-01,1398/08/10
1763,60.57,60.07,61.13,60.23,0.38,0.63%,2019-10-31,1398/08/09
1764,61.6,60.45,61.93,60.61,0.98,1.62%,2019-10-30,1398/08/08
1765,61.61,60.66,61.98,61.59,0.02,0.03%,2019-10-29,1398/08/07
1766,62.04,61.19,62.34,61.57,0.45,0.73%,2019-10-28,1398/08/06
1767,61.5,60.93,62.11,62.02,0.35,0.57%,2019-10-25,1398/08/03
1768,60.99,60.64,61.9,61.67,0.5,0.82%,2019-10-24,1398/08/02
1769,59.48,58.85,61.3,61.17,1.47,2.46%,2019-10-23,1398/08/01
1770,59.05,58.75,60.26,59.7,0.74,1.26%,2019-10-22,1398/07/30
1771,59.23,58.26,59.55,58.96,0.46,0.78%,2019-10-21,1398/07/29
1772,59.78,59.01,60.29,59.42,0.49,0.82%,2019-10-18,1398/07/26
1773,58.99,58.69,60.04,59.91,0.49,0.82%,2019-10-17,1398/07/25
1774,58.9,58.36,59.75,59.42,0.68,1.16%,2019-10-16,1398/07/24
1775,59.3,58,59.68,58.74,0.61,1.04%,2019-10-15,1398/07/23
1776,60.69,58.5,60.73,59.35,1.16,1.95%,2019-10-14,1398/07/22
1777,59.53,59.21,60.69,60.51,1.41,2.39%,2019-10-11,1398/07/19
1778,58.04,57.8,59.6,59.1,0.78,1.34%,2019-10-10,1398/07/18
1779,58.02,57.91,59.35,58.32,0.08,0.14%,2019-10-09,1398/07/17
1780,58.47,57.38,58.92,58.24,0.11,0.19%,2019-10-08,1398/07/16
1781,58.02,58.02,59.68,58.35,0.02,0.03%,2019-10-07,1398/07/15
1782,57.69,57.67,58.96,58.37,0.66,1.14%,2019-10-04,1398/07/12
1783,57.54,56.15,57.99,57.71,0.02,0.03%,2019-10-03,1398/07/11
1784,59.25,57.22,59.5,57.69,1.2,2.08%,2019-10-02,1398/07/10
1785,59.38,58.41,60.1,58.89,1.89,3.21%,2019-10-01,1398/07/09
1786,62.24,60.73,62.24,60.78,1.13,1.86%,2019-09-30,1398/07/08
1787,62.48,60.76,62.75,61.91,0.83,1.34%,2019-09-27,1398/07/05
1788,62.58,61.45,62.92,62.74,0.35,0.56%,2019-09-26,1398/07/04
1789,62.44,61.23,62.81,62.39,0.71,1.14%,2019-09-25,1398/07/03
1790,64.4,62.3,64.6,63.1,1.67,2.65%,2019-09-24,1398/07/02
1791,65.23,63.53,65.5,64.77,0.49,0.76%,2019-09-23,1398/07/01
1792,65,64.05,65.28,64.28,0.12,0.19%,2019-09-20,1398/06/29
1793,63.51,63.46,65.57,64.4,0.8,1.26%,2019-09-19,1398/06/28
1794,64.23,63.04,64.99,63.6,0.95,1.49%,2019-09-18,1398/06/27
1795,68.15,63.55,69.26,64.55,4.47,6.92%,2019-09-17,1398/06/26
1796,66.45,64.75,71.95,69.02,8.8,14.61%,2019-09-16,1398/06/25
1797,60.45,59.6,60.81,60.22,0.16,0.27%,2019-09-13,1398/06/22
1798,61.16,58.92,61.39,60.38,0.43,0.71%,2019-09-12,1398/06/21
1799,62.88,60.52,63.27,60.81,1.57,2.58%,2019-09-11,1398/06/20
1800,62.82,62.17,63.78,62.38,0.21,0.34%,2019-09-10,1398/06/19
1801,61.6,61.57,63,62.59,1.05,1.71%,2019-09-09,1398/06/18
1802,60.81,59.4,61.88,61.54,0.59,0.97%,2019-09-06,1398/06/15
1803,60.49,60.25,62.4,60.95,0.25,0.41%,2019-09-05,1398/06/14
1804,58.17,58.13,60.96,60.7,2.44,4.19%,2019-09-04,1398/06/13
1805,58.54,57.23,58.87,58.26,0.4,0.69%,2019-09-03,1398/06/12
1806,58.8,58.1,59.26,58.66,1.77,3.02%,2019-09-02,1398/06/11
1807,60.98,60.25,61.17,60.43,0.65,1.08%,2019-08-30,1398/06/08
1808,60.48,59.98,61.19,61.08,0.59,0.98%,2019-08-29,1398/06/07
1809,60.04,59.8,61,60.49,0.98,1.65%,2019-08-28,1398/06/06
1810,58.8,58.51,60.17,59.51,0.81,1.38%,2019-08-27,1398/06/05
1811,58.35,58.24,60.17,58.7,0.64,1.09%,2019-08-26,1398/06/04
1812,60.11,58.3,60.29,59.34,0.58,0.98%,2019-08-23,1398/06/01
1813,60.43,59.47,60.89,59.92,0.38,0.63%,2019-08-22,1398/05/31
1814,60.11,60.07,61.41,60.3,0.27,0.45%,2019-08-21,1398/05/30
1815,59.68,58.95,60.32,60.03,0.29,0.49%,2019-08-20,1398/05/29
1816,58.72,58.64,59.92,59.74,1.1,1.88%,2019-08-19,1398/05/28
1817,58.41,58.28,59.5,58.64,0.41,0.70%,2019-08-16,1398/05/25
1818,59.07,57.67,59.42,58.23,1.25,2.15%,2019-08-15,1398/05/24
1819,61.07,58.21,61.08,59.48,1.82,3.06%,2019-08-14,1398/05/23
1820,58.47,58,61.5,61.3,2.73,4.66%,2019-08-13,1398/05/22
1821,58.3,57.88,58.88,58.57,0.04,0.07%,2019-08-12,1398/05/21
1822,57.74,57.11,59.1,58.53,1.15,2%,2019-08-09,1398/05/18
1823,57.48,56.77,58.01,57.38,1.15,2.05%,2019-08-08,1398/05/17
1824,58.68,55.88,59.23,56.23,2.71,4.82%,2019-08-07,1398/05/16
1825,59.56,58.55,60.56,58.94,0.87,1.48%,2019-08-06,1398/05/15
1826,61.46,59.66,61.56,59.81,2.08,3.48%,2019-08-05,1398/05/14
1827,61.16,60.98,62.95,61.89,1.39,2.30%,2019-08-02,1398/05/11
1828,64.09,60.02,64.54,60.5,4.67,7.72%,2019-08-01,1398/05/10
1829,64.95,64.95,65.42,65.17,0.45,0.70%,2019-07-31,1398/05/09
1830,63.91,63.9,65.14,64.72,1.01,1.59%,2019-07-30,1398/05/08
1831,63.32,62.92,63.9,63.71,0.25,0.39%,2019-07-29,1398/05/07
1832,63.28,63.01,63.96,63.46,0.07,0.11%,2019-07-26,1398/05/04
1833,63.21,63.01,64.23,63.39,0.21,0.33%,2019-07-25,1398/05/03
1834,64.13,62.59,64.66,63.18,0.65,1.03%,2019-07-24,1398/05/02
1835,63.26,62.66,64.46,63.83,0.57,0.90%,2019-07-23,1398/05/01
1836,63.05,62.77,64.03,63.26,0.79,1.26%,2019-07-22,1398/04/31
1837,62.5,61.83,63.37,62.47,0.54,0.87%,2019-07-19,1398/04/28
1838,63.52,61.29,64.46,61.93,1.73,2.79%,2019-07-18,1398/04/27
1839,64.44,63.22,65.28,63.66,0.69,1.08%,2019-07-17,1398/04/26
1840,66.31,63.82,67.09,64.35,2.13,3.31%,2019-07-16,1398/04/25
1841,66.87,66.11,67.47,66.48,0.24,0.36%,2019-07-15,1398/04/24
1842,66.83,66.51,67.29,66.72,0.2,0.30%,2019-07-12,1398/04/21
1843,66.81,66.43,67.65,66.52,0.49,0.74%,2019-07-11,1398/04/20
1844,64.78,64.63,67.12,67.01,2.85,4.44%,2019-07-10,1398/04/19
1845,63.81,63.76,64.75,64.16,0.05,0.08%,2019-07-09,1398/04/18
1846,64.34,63.79,65.14,64.11,0.12,0.19%,2019-07-08,1398/04/17
1847,63.27,62.91,64.52,64.23,0.93,1.47%,2019-07-05,1398/04/14
1848,63.88,62.95,64.07,63.3,0.52,0.82%,2019-07-04,1398/04/13
1849,62.9,62.09,64.01,63.82,1.42,2.28%,2019-07-03,1398/04/12
1850,64.8,62.22,65.51,62.4,2.66,4.26%,2019-07-02,1398/04/11
1851,65.05,64.22,66.75,65.06,1.49,2.29%,2019-07-01,1398/04/10
1852,66.51,66.08,66.84,66.55,-,-,2019-06-28,1398/04/07
1853,66.05,65.63,66.82,66.55,0.06,0.09%,2019-06-27,1398/04/06
1854,65.8,65.6,66.85,66.49,1.44,2.21%,2019-06-26,1398/04/05
1855,64.89,64.17,65.98,65.05,0.19,0.29%,2019-06-25,1398/04/04
1856,65.5,64.08,65.79,64.86,0.34,0.52%,2019-06-24,1398/04/03
1857,64.86,64,65.76,65.2,0.75,1.16%,2019-06-21,1398/03/31
1858,62.45,62.4,64.82,64.45,2.63,4.25%,2019-06-20,1398/03/30
1859,62.4,61.4,62.55,61.82,0.32,0.52%,2019-06-19,1398/03/29
1860,60.93,60.25,62.84,62.14,1.2,1.97%,2019-06-18,1398/03/28
1861,62.07,60.74,62.37,60.94,1.07,1.76%,2019-06-17,1398/03/27
1862,61.25,60.74,62.57,62.01,0.7,1.14%,2019-06-14,1398/03/24
1863,59.94,59.78,62.64,61.31,1.34,2.23%,2019-06-13,1398/03/23
1864,61.79,59.57,61.85,59.97,2.32,3.87%,2019-06-12,1398/03/22
1865,62.3,62.01,62.87,62.29,-,-,2019-06-11,1398/03/21
1866,63.58,62.05,64.1,62.29,1,1.61%,2019-06-10,1398/03/20
1867,62.4,61.77,63.59,63.29,1.62,2.63%,2019-06-07,1398/03/17
1868,60.4,60.22,62.43,61.67,1.04,1.72%,2019-06-06,1398/03/16
1869,61.58,59.45,62.27,60.63,1.34,2.21%,2019-06-05,1398/03/15
1870,61,60.21,62.12,61.97,0.69,1.13%,2019-06-04,1398/03/14
1871,61.64,60.55,62.84,61.28,3.21,5.24%,2019-06-03,1398/03/13
1872,66.24,64.37,66.28,64.49,2.38,3.69%,2019-05-31,1398/03/10
1873,69.68,66.31,69.96,66.87,2.58,3.86%,2019-05-30,1398/03/09
1874,70.1,68.08,70.1,69.45,0.66,0.95%,2019-05-29,1398/03/08
1875,69.99,69.58,70.59,70.11,-,-,2019-05-28,1398/03/07
1876,69.15,68.53,70.23,70.11,1.42,2.07%,2019-05-27,1398/03/06
1877,67.99,67.33,69.3,68.69,0.93,1.37%,2019-05-24,1398/03/03
1878,70.86,67.02,70.97,67.76,3.23,4.77%,2019-05-23,1398/03/02
1879,71.91,70.42,72.04,70.99,1.19,1.68%,2019-05-22,1398/03/01
1880,72.15,71.63,72.52,72.18,0.21,0.29%,2019-05-21,1398/02/31
1881,72.5,71.6,73.4,71.97,0.24,0.33%,2019-05-20,1398/02/30
1882,72.82,71.79,73.23,72.21,0.41,0.57%,2019-05-17,1398/02/27
1883,72.05,71.82,73.36,72.62,0.85,1.18%,2019-05-16,1398/02/26
1884,70.9,70.42,72.25,71.77,0.53,0.74%,2019-05-15,1398/02/25
1885,70.02,69.93,71.65,71.24,1.01,1.44%,2019-05-14,1398/02/24
1886,70.83,69.72,72.58,70.23,0.39,0.56%,2019-05-13,1398/02/23
1887,70.45,70.18,71.23,70.62,0.23,0.33%,2019-05-10,1398/02/20
1888,70.23,69.4,70.65,70.39,0.02,0.03%,2019-05-09,1398/02/19
1889,69.88,69.33,70.7,70.37,0.49,0.70%,2019-05-08,1398/02/18
1890,71.15,69.38,71.33,69.88,1.36,1.95%,2019-05-07,1398/02/17
1891,70.59,68.79,71.79,71.24,0.39,0.55%,2019-05-06,1398/02/16
1892,70.48,69.95,71.54,70.85,0.1,0.14%,2019-05-03,1398/02/13
1893,72,69.68,72.22,70.75,1.43,2.02%,2019-05-02,1398/02/12
1894,71.73,71.3,72.36,72.18,0.62,0.86%,2019-05-01,1398/02/11
1895,71.94,71.73,73.27,72.8,0.76,1.05%,2019-04-30,1398/02/10
1896,71.56,71.06,72.5,72.04,0.11,0.15%,2019-04-29,1398/02/09
1897,74.2,71.3,74.42,72.15,2.2,3.05%,2019-04-26,1398/02/06
1898,74.46,74,75.6,74.35,0.22,0.30%,2019-04-25,1398/02/05
1899,74.27,74.02,74.73,74.57,0.06,0.08%,2019-04-24,1398/02/04
1900,74.38,73.99,74.73,74.51,0.47,0.63%,2019-04-23,1398/02/03
1901,71.93,71.86,74.52,74.04,2.07,2.88%,2019-04-22,1398/02/02
1902,71.63,71.2,72.04,71.97,0.35,0.49%,2019-04-18,1398/01/29
1903,71.83,71.45,72.27,71.62,0.1,0.14%,2019-04-17,1398/01/28
1904,71.21,70.74,71.95,71.72,0.54,0.76%,2019-04-16,1398/01/27
1905,71.55,70.78,71.6,71.18,0.37,0.52%,2019-04-15,1398/01/26
1906,70.95,70.9,71.87,71.55,0.72,1.02%,2019-04-12,1398/01/23
1907,71.56,70.57,71.68,70.83,0.9,1.27%,2019-04-11,1398/01/22
1908,70.82,70.57,71.78,71.73,1.12,1.59%,2019-04-10,1398/01/21
1909,71.19,70.3,71.34,70.61,0.49,0.69%,2019-04-09,1398/01/20
1910,70.56,70.43,71.19,71.1,0.76,1.08%,2019-04-08,1398/01/19
1911,69.13,68.92,70.48,70.34,0.94,1.35%,2019-04-05,1398/01/16
1912,69.44,68.87,70.03,69.4,0.09,0.13%,2019-04-04,1398/01/15
1913,69.47,68.8,69.96,69.31,0.06,0.09%,2019-04-03,1398/01/14
1914,69.22,68.69,69.58,69.37,0.36,0.52%,2019-04-02,1398/01/13
1915,67.58,67.58,69.22,69.01,0.62,0.91%,2019-04-01,1398/01/12
1916,68.01,67.81,68.89,68.39,0.57,0.84%,2019-03-29,1398/01/09
1917,67.75,66.54,68,67.82,0.01,0.01%,2019-03-28,1398/01/08
1918,67.9,67.19,68.35,67.83,0.14,0.21%,2019-03-27,1398/01/07
1919,67.36,67.24,68.23,67.97,0.76,1.13%,2019-03-26,1398/01/06
1920,67,66.36,67.65,67.21,0.18,0.27%,2019-03-25,1398/01/05
1921,67.76,66.2,67.98,67.03,0.83,1.24%,2019-03-22,1398/01/02
1922,68.38,67.59,68.69,67.86,0.64,0.94%,2019-03-21,1398/01/01
1923,67.66,67.19,68.57,68.5,0.89,1.32%,2019-03-20,1397/12/29
1924,67.49,67.13,68.2,67.61,0.07,0.10%,2019-03-19,1397/12/28
1925,67.14,66.69,67.69,67.54,0.38,0.57%,2019-03-18,1397/12/27
1926,67.18,66.13,67.71,67.16,0.07,0.10%,2019-03-15,1397/12/24
1927,67.65,67.03,68.14,67.23,0.32,0.48%,2019-03-14,1397/12/23
1928,66.91,66.7,67.76,67.55,0.88,1.32%,2019-03-13,1397/12/22
1929,66.7,66.34,67.39,66.67,0.09,0.14%,2019-03-12,1397/12/21
1930,65.76,65.63,66.75,66.58,0.84,1.28%,2019-03-11,1397/12/20
1931,66.08,64.02,66.09,65.74,0.56,0.85%,2019-03-08,1397/12/17
1932,65.88,65.75,67,66.3,0.31,0.47%,2019-03-07,1397/12/16
1933,65.49,65.22,66.18,65.99,0.13,0.20%,2019-03-06,1397/12/15
1934,65.46,65.04,66.23,65.86,0.19,0.29%,2019-03-05,1397/12/14
1935,64.97,64.93,66.34,65.67,0.6,0.92%,2019-03-04,1397/12/13
1936,66.48,64.59,67.14,65.07,0.96,1.48%,2019-03-01,1397/12/10
1937,66.38,65.67,66.38,66.03,0.36,0.55%,2019-02-28,1397/12/09
1938,65.64,65.27,66.7,66.39,1.18,1.81%,2019-02-27,1397/12/08
1939,64.79,64.32,65.74,65.21,0.45,0.69%,2019-02-26,1397/12/07
1940,66.97,64.54,67.47,64.76,2.36,3.64%,2019-02-25,1397/12/06
1941,66.96,66.87,67.73,67.12,0.05,0.07%,2019-02-22,1397/12/03
1942,67.05,66.69,67.31,67.07,0.01,0.01%,2019-02-21,1397/12/02
1943,66.3,65.63,67.38,67.08,0.63,0.95%,2019-02-20,1397/12/01
1944,66.44,65.58,66.65,66.45,0.05,0.08%,2019-02-19,1397/11/30
1945,66.39,65.9,66.83,66.5,0.25,0.38%,2019-02-18,1397/11/29
1946,64.86,64.42,66.39,66.25,1.68,2.60%,2019-02-15,1397/11/26
1947,63.69,63.25,64.81,64.57,0.96,1.51%,2019-02-14,1397/11/25
1948,62.7,62.69,63.98,63.61,1.19,1.91%,2019-02-13,1397/11/24
1949,61.59,61.59,63.34,62.42,0.91,1.48%,2019-02-12,1397/11/23
1950,62.11,60.9,62.34,61.51,0.59,0.96%,2019-02-11,1397/11/22
1951,61.66,61.04,62.36,62.1,0.47,0.76%,2019-02-08,1397/11/19
1952,62.5,60.6,62.91,61.63,1.06,1.72%,2019-02-07,1397/11/18
1953,62.06,61.05,62.8,62.69,0.71,1.15%,2019-02-06,1397/11/17
1954,62.64,61.72,63.02,61.98,0.53,0.86%,2019-02-05,1397/11/16
1955,62.83,61.28,63.63,62.51,0.24,0.38%,2019-02-04,1397/11/15
1956,61.06,60.46,62.97,62.75,0.86,1.39%,2019-02-01,1397/11/12
1957,61.97,61.57,62.32,61.89,0.24,0.39%,2019-01-31,1397/11/11
1958,61.26,61.04,62.67,61.65,0.33,0.54%,2019-01-30,1397/11/10
1959,59.87,59.75,61.79,61.32,1.39,2.32%,2019-01-29,1397/11/09
1960,61.49,59.49,61.69,59.93,1.71,2.85%,2019-01-28,1397/11/08
1961,61.13,60.7,61.92,61.64,0.55,0.90%,2019-01-25,1397/11/05
1962,61.02,60.41,61.51,61.09,0.05,0.08%,2019-01-24,1397/11/04
1963,61.37,60.21,62.33,61.14,0.36,0.59%,2019-01-23,1397/11/03
1964,62.59,60.57,62.71,61.5,1.24,2.02%,2019-01-22,1397/11/02
1965,62.74,62.25,63.15,62.74,0.04,0.06%,2019-01-21,1397/11/01
1966,61.33,61.32,63,62.7,1.52,2.48%,2019-01-18,1397/10/28
1967,61.05,60.04,61.54,61.18,0.14,0.23%,2019-01-17,1397/10/27
1968,60.42,60.03,61.45,61.32,0.68,1.12%,2019-01-16,1397/10/26
1969,59.36,59.11,60.86,60.64,1.65,2.80%,2019-01-15,1397/10/25
1970,60.62,58.9,61.04,58.99,1.49,2.53%,2019-01-14,1397/10/24
1971,61.19,60.08,62.49,60.48,1.2,1.98%,2019-01-11,1397/10/21
1972,61.15,60.44,61.91,61.68,0.24,0.39%,2019-01-10,1397/10/20
1973,59.15,59.05,61.69,61.44,2.72,4.63%,2019-01-09,1397/10/19
1974,57.64,57.13,58.87,58.72,1.39,2.42%,2019-01-08,1397/10/18
1975,57.41,57.26,58.93,57.33,0.27,0.47%,2019-01-07,1397/10/17
1976,55.67,55.34,58.31,57.06,1.11,1.98%,2019-01-04,1397/10/14
1977,54.29,53.93,56.3,55.95,1.04,1.89%,2019-01-03,1397/10/13
1978,54.12,52.51,56.56,54.91,1.11,2.06%,2019-01-02,1397/10/12
1979,53,52.66,54.82,53.8,1.6,3.07%,2018-12-31,1397/10/10
1980,53.44,51.6,53.8,52.2,0.04,0.08%,2018-12-28,1397/10/07
1981,54.65,51.94,54.67,52.16,2.31,4.43%,2018-12-27,1397/10/06
1982,50.84,49.93,55.29,54.47,4,7.93%,2018-12-26,1397/10/05
1983,53.49,50.36,54.66,50.47,3.35,6.64%,2018-12-24,1397/10/03
1984,54.97,52.79,55.33,53.82,0.53,0.98%,2018-12-21,1397/09/30
1985,56.49,54.28,56.75,54.35,2.89,5.32%,2018-12-20,1397/09/29
1986,56.51,56.04,58.11,57.24,0.98,1.74%,2018-12-19,1397/09/28
1987,59,55.89,59.24,56.26,3.35,5.95%,2018-12-18,1397/09/27
1988,60.25,58.64,61.21,59.61,0.67,1.12%,2018-12-17,1397/09/26
1989,61.53,59.92,61.58,60.28,1.17,1.94%,2018-12-14,1397/09/23
1990,60.29,59.33,62.02,61.45,1.3,2.16%,2018-12-13,1397/09/22
1991,60.67,59.98,61.43,60.15,0.05,0.08%,2018-12-12,1397/09/21
1992,59.91,59.58,61.1,60.2,0.23,0.38%,2018-12-11,1397/09/20
1993,61.34,59.61,62.33,59.97,1.7,2.83%,2018-12-10,1397/09/19
1994,60.25,59.1,63.73,61.67,1.61,2.68%,2018-12-07,1397/09/16
1995,61.36,58.36,61.97,60.06,1.5,2.50%,2018-12-06,1397/09/15
1996,61.35,60.8,63.29,61.56,0.52,0.84%,2018-12-05,1397/09/14
1997,61.9,61.24,63.58,62.08,0.39,0.63%,2018-12-04,1397/09/13
1998,59.98,59.85,62.6,61.69,2.98,5.08%,2018-12-03,1397/09/12
1999,59.28,58.25,59.93,58.71,0.8,1.36%,2018-11-30,1397/09/09
2000,59.12,57.5,60.37,59.51,0.75,1.28%,2018-11-29,1397/09/08
2001,60.63,58.55,61.27,58.76,1.45,2.47%,2018-11-28,1397/09/07
2002,60.39,58.92,61.4,60.21,0.27,0.45%,2018-11-27,1397/09/06
2003,58.98,58.6,61.13,60.48,1.68,2.86%,2018-11-26,1397/09/05
2004,62.58,58.41,62.79,58.8,3.8,6.46%,2018-11-23,1397/09/02
2005,63.6,62.27,63.81,62.6,0.88,1.41%,2018-11-22,1397/09/01
2006,62.6,62.56,64.48,63.48,0.95,1.52%,2018-11-21,1397/08/30
2007,66.9,61.71,66.9,62.53,4.26,6.81%,2018-11-20,1397/08/29
2008,66.99,65.27,67.64,66.79,0.03,0.04%,2018-11-19,1397/08/28
2009,66.68,66.06,68.38,66.76,0.14,0.21%,2018-11-16,1397/08/25
2010,66.12,65.77,67.42,66.62,0.5,0.76%,2018-11-15,1397/08/24
2011,65.62,65.02,67.63,66.12,0.65,0.99%,2018-11-14,1397/08/23
2012,69.13,64.61,69.68,65.47,4.65,7.10%,2018-11-13,1397/08/22
2013,70.69,68.87,71.88,70.12,0.06,0.09%,2018-11-12,1397/08/21
2014,70.87,69.13,70.99,70.18,0.47,0.67%,2018-11-09,1397/08/18
2015,72.1,70.56,73.08,70.65,1.42,2.01%,2018-11-08,1397/08/17
2016,71.66,71.36,73.55,72.07,0.06,0.08%,2018-11-07,1397/08/16
2017,72.85,71.18,73.28,72.13,1.04,1.44%,2018-11-06,1397/08/15
2018,72.85,72.26,74.13,73.17,0.34,0.47%,2018-11-05,1397/08/14
2019,72.75,72.16,73.5,72.83,0.06,0.08%,2018-11-02,1397/08/11
2020,74.69,72.56,74.99,72.89,2.58,3.54%,2018-11-01,1397/08/10
2021,76.28,75.42,76.92,75.47,0.44,0.58%,2018-10-31,1397/08/09
2022,76.82,75.09,77.32,75.91,1.43,1.88%,2018-10-30,1397/08/08
2023,77.64,76.55,78.03,77.34,0.28,0.36%,2018-10-29,1397/08/07
2024,76.6,75.77,77.91,77.62,0.73,0.95%,2018-10-26,1397/08/04
2025,75.67,75.35,77.08,76.89,0.72,0.95%,2018-10-25,1397/08/03
2026,76.35,75.11,77.57,76.17,0.27,0.35%,2018-10-24,1397/08/02
2027,80.04,75.88,80.12,76.44,3.39,4.43%,2018-10-23,1397/08/01
2028,80.11,78.99,80.41,79.83,0.05,0.06%,2018-10-22,1397/07/30
2029,79.44,79.22,80.88,79.78,0.49,0.62%,2018-10-19,1397/07/27
2030,80.23,78.69,80.31,79.29,0.76,0.96%,2018-10-18,1397/07/26
2031,81.74,79.17,81.85,80.05,1.36,1.70%,2018-10-17,1397/07/25
2032,80.88,79.8,81.75,81.41,0.63,0.78%,2018-10-16,1397/07/24
2033,81,79.85,81.92,80.78,0.35,0.44%,2018-10-15,1397/07/23
2034,80.28,79.23,81.48,80.43,0.17,0.21%,2018-10-12,1397/07/20
2035,82.47,79.8,82.63,80.26,2.83,3.53%,2018-10-11,1397/07/19
2036,84.98,82.26,85.17,83.09,1.91,2.30%,2018-10-10,1397/07/18
2037,83.91,83.73,85.45,85,1.09,1.30%,2018-10-09,1397/07/17
2038,84.17,82.66,84.31,83.91,0.25,0.30%,2018-10-08,1397/07/16
2039,84.89,83.92,85.12,84.16,0.42,0.50%,2018-10-05,1397/07/13
2040,85.99,84.14,86.43,84.58,1.71,2.02%,2018-10-04,1397/07/12
2041,84.79,84.01,86.74,86.29,1.49,1.76%,2018-10-03,1397/07/11
2042,84.95,84.31,85.38,84.8,0.18,0.21%,2018-10-02,1397/07/10
2043,82.79,82.55,85.45,84.98,2.26,2.73%,2018-10-01,1397/07/09
2044,81.63,81.6,82.87,82.72,1,1.22%,2018-09-28,1397/07/06
2045,81.8,81.32,82.44,81.72,0.38,0.47%,2018-09-27,1397/07/05
2046,81.45,81.1,82.22,81.34,0.53,0.65%,2018-09-26,1397/07/04
2047,81.35,81.17,82.55,81.87,0.67,0.83%,2018-09-25,1397/07/03
2048,78.97,78.97,81.48,81.2,2.4,3.05%,2018-09-24,1397/07/02
2049,78.67,78.23,80.12,78.8,0.1,0.13%,2018-09-21,1397/06/30
2050,79.44,78.51,79.83,78.7,0.7,0.89%,2018-09-20,1397/06/29
2051,78.97,78.51,79.5,79.4,0.37,0.47%,2018-09-19,1397/06/28
2052,77.78,77.46,79.73,79.03,0.98,1.26%,2018-09-18,1397/06/27
2053,78.07,77.73,78.9,78.05,0.04,0.05%,2018-09-17,1397/06/26
2054,78.45,77.37,78.94,78.09,0.09,0.12%,2018-09-14,1397/06/23
2055,79.6,77.87,79.71,78.18,1.56,2%,2018-09-13,1397/06/22
2056,79.42,78.75,80.13,79.74,0.68,0.86%,2018-09-12,1397/06/21
2057,77.38,77.36,79.54,79.06,1.69,2.18%,2018-09-11,1397/06/20
2058,77.08,76.9,77.92,77.37,0.54,0.70%,2018-09-10,1397/06/19
2059,76.69,75.88,77.1,76.83,0.33,0.43%,2018-09-07,1397/06/16
2060,77.02,75.64,77.77,76.5,0.77,1.01%,2018-09-06,1397/06/15
2061,77.82,76.91,78.09,77.27,0.9,1.16%,2018-09-05,1397/06/14
2062,78.19,77.44,79.72,78.17,0.02,0.03%,2018-09-04,1397/06/13
2063,77.69,77.3,78.44,78.15,0.73,0.94%,2018-09-03,1397/06/12
2064,77.53,77,77.79,77.42,0.35,0.45%,2018-08-31,1397/06/09
2065,77.33,77.18,78.03,77.77,0.63,0.82%,2018-08-30,1397/06/08
2066,75.99,75.67,77.42,77.14,1.19,1.57%,2018-08-29,1397/06/07
2067,76.34,75.73,76.97,75.95,0.26,0.34%,2018-08-28,1397/06/06
2068,75.54,75.39,76.34,76.21,0.39,0.51%,2018-08-27,1397/06/05
2069,74.73,74.68,76.42,75.82,1.09,1.46%,2018-08-24,1397/06/02
2070,74.72,74.21,74.87,74.73,0.05,0.07%,2018-08-23,1397/06/01
2071,72.76,72.7,75,74.78,2.15,2.96%,2018-08-22,1397/05/31
2072,72.15,72.05,72.95,72.63,0.42,0.58%,2018-08-21,1397/05/30
2073,71.77,71.42,72.75,72.21,0.38,0.53%,2018-08-20,1397/05/29
2074,71.35,71.25,72.49,71.83,0.4,0.56%,2018-08-17,1397/05/26
2075,70.65,70.4,71.52,71.43,0.67,0.95%,2018-08-16,1397/05/25
2076,72.22,70.3,72.44,70.76,1.7,2.40%,2018-08-15,1397/05/24
2077,72.82,72.16,73.93,72.46,0.15,0.21%,2018-08-14,1397/05/23
2078,73,71.04,73.09,72.61,0.2,0.28%,2018-08-13,1397/05/22
2079,71.97,71.4,73.14,72.81,0.74,1.03%,2018-08-10,1397/05/19
2080,72.16,71.86,72.89,72.07,0.21,0.29%,2018-08-09,1397/05/18
2081,74.64,71.65,74.87,72.28,2.37,3.28%,2018-08-08,1397/05/17
2082,73.61,73.57,74.9,74.65,0.9,1.22%,2018-08-07,1397/05/16
2083,73.21,73.08,74.47,73.75,0.54,0.74%,2018-08-06,1397/05/15
2084,73.37,72.48,73.73,73.21,0.24,0.33%,2018-08-03,1397/05/12
2085,72.42,71.84,73.75,73.45,1.06,1.46%,2018-08-02,1397/05/11
2086,74.07,72.13,74.12,72.39,1.86,2.57%,2018-08-01,1397/05/10
2087,74.93,74.14,75.1,74.25,0.72,0.97%,2018-07-31,1397/05/09
2088,74.31,74.14,75.27,74.97,0.68,0.92%,2018-07-30,1397/05/08
2089,74.5,73.83,74.85,74.29,0.25,0.34%,2018-07-27,1397/05/05
2090,74.37,73.77,74.83,74.54,0.61,0.83%,2018-07-26,1397/05/04
2091,73.7,73.07,74.6,73.93,0.49,0.67%,2018-07-25,1397/05/03
2092,72.91,72.68,74,73.44,0.38,0.52%,2018-07-24,1397/05/02
2093,73.22,72.52,74.5,73.06,0.01,0.01%,2018-07-23,1397/05/01
2094,72.65,72.26,73.47,73.07,0.49,0.68%,2018-07-20,1397/04/29
2095,73.06,71.83,73.79,72.58,0.32,0.44%,2018-07-19,1397/04/28
2096,71.74,71.19,73.28,72.9,0.74,1.03%,2018-07-18,1397/04/27
2097,72.01,71.35,72.78,72.16,0.32,0.45%,2018-07-17,1397/04/26
2098,74.92,71.52,75.37,71.84,3.49,4.86%,2018-07-16,1397/04/25
2099,74.34,73.22,75.93,75.33,0.88,1.18%,2018-07-13,1397/04/22
2100,74.17,72.67,75.1,74.45,1.05,1.43%,2018-07-12,1397/04/21
2101,78.78,73.04,78.83,73.4,5.46,7.44%,2018-07-11,1397/04/20
2102,78.25,78.15,79.51,78.86,0.79,1.01%,2018-07-10,1397/04/19
2103,77.21,77.04,78.31,78.07,0.96,1.24%,2018-07-09,1397/04/18
2104,77.57,76.36,77.68,77.11,0.28,0.36%,2018-07-06,1397/04/15
2105,78.14,77.3,78.5,77.39,0.85,1.10%,2018-07-05,1397/04/14
2106,77.89,77.61,78.28,78.24,0.48,0.62%,2018-07-04,1397/04/13
2107,77.4,76.67,78.55,77.76,0.46,0.60%,2018-07-03,1397/04/12
2108,78.55,77.16,78.95,77.3,2.14,2.77%,2018-07-02,1397/04/11
2109,77.79,77.45,79.7,79.44,1.59,2.04%,2018-06-29,1397/04/08
2110,77.5,77.09,78.42,77.85,0.23,0.30%,2018-06-28,1397/04/07
2111,76.54,76.28,78.16,77.62,1.31,1.72%,2018-06-27,1397/04/06
2112,74.74,74.13,76.72,76.31,1.58,2.11%,2018-06-26,1397/04/05
2113,74.8,73.74,75.13,74.73,0.82,1.10%,2018-06-25,1397/04/04
2114,73.24,73.24,75.83,75.55,2.5,3.42%,2018-06-22,1397/04/01
2115,74.46,72.93,74.69,73.05,1.69,2.31%,2018-06-21,1397/03/31
2116,75.2,74.1,75.86,74.74,0.34,0.45%,2018-06-20,1397/03/30
2117,75.24,74.45,75.55,75.08,0.26,0.35%,2018-06-19,1397/03/29
2118,73.06,72.45,75.49,75.34,1.9,2.59%,2018-06-18,1397/03/28
2119,75.98,73,76.06,73.44,2.5,3.40%,2018-06-15,1397/03/25
2120,76.56,75.76,76.92,75.94,0.8,1.05%,2018-06-14,1397/03/24
2121,75.4,75.26,76.87,76.74,0.86,1.13%,2018-06-13,1397/03/23
2122,76.5,75.43,77.07,75.88,0.58,0.76%,2018-06-12,1397/03/22
2123,76.3,75.52,76.84,76.46,-,-,2018-06-11,1397/03/21
2124,77.39,76.12,77.61,76.46,0.86,1.12%,2018-06-08,1397/03/18
2125,75.88,75.44,77.45,77.32,1.96,2.60%,2018-06-07,1397/03/17
2126,75.19,74.46,76.25,75.36,0.02,0.03%,2018-06-06,1397/03/16
2127,75.4,73.81,75.74,75.38,0.09,0.12%,2018-06-05,1397/03/15
2128,76.66,75.2,76.95,75.29,1.5,1.99%,2018-06-04,1397/03/14
2129,77.71,76.35,77.95,76.79,0.8,1.04%,2018-06-01,1397/03/11
2130,77.37,77.04,78.75,77.59,0.09,0.12%,2018-05-31,1397/03/10
2131,75.37,74.81,77.73,77.5,2.11,2.80%,2018-05-30,1397/03/09
2132,75.82,74.54,76.2,75.39,0.09,0.12%,2018-05-29,1397/03/08
2133,76.11,74.49,76.17,75.3,1.14,1.51%,2018-05-28,1397/03/07
2134,78.82,76.01,78.88,76.44,2.35,3.07%,2018-05-25,1397/03/04
2135,79.65,78.57,79.78,78.79,1.01,1.28%,2018-05-24,1397/03/03
2136,79.47,78.21,79.85,79.8,0.23,0.29%,2018-05-23,1397/03/02
2137,79.36,79.16,80.49,79.57,0.35,0.44%,2018-05-22,1397/03/01
2138,78.61,78.1,79.59,79.22,0.71,0.90%,2018-05-21,1397/02/31
2139,79.46,78.33,79.87,78.51,0.79,1.01%,2018-05-18,1397/02/28
2140,79.26,79.12,80.5,79.3,0.02,0.03%,2018-05-17,1397/02/27
2141,78.1,77.61,79.35,79.28,0.85,1.08%,2018-05-16,1397/02/26
2142,78.42,77.9,79.47,78.43,0.2,0.26%,2018-05-15,1397/02/25
2143,77.05,76.55,78.53,78.23,1.11,1.44%,2018-05-14,1397/02/24
2144,77.55,76.95,77.6,77.12,0.35,0.45%,2018-05-11,1397/02/21
2145,77.44,76.51,78,77.47,0.26,0.34%,2018-05-10,1397/02/20
2146,76.19,76.08,77.43,77.21,2.36,3.15%,2018-05-09,1397/02/19
2147,75.6,73.1,76.18,74.85,1.32,1.76%,2018-05-08,1397/02/18
2148,75,74.83,76.34,76.17,1.3,1.74%,2018-05-07,1397/02/17
2149,73.74,73.24,75.08,74.87,1.25,1.70%,2018-05-04,1397/02/14
2150,73.07,72.47,74.09,73.62,0.26,0.35%,2018-05-03,1397/02/13
2151,73.28,72.38,73.63,73.36,0.23,0.31%,2018-05-02,1397/02/12
2152,74.65,72.74,74.98,73.13,2.04,2.79%,2018-05-01,1397/02/11
2153,74.62,73.47,75.41,75.17,0.53,0.71%,2018-04-30,1397/02/10
2154,74.72,74.35,75.03,74.64,0.1,0.13%,2018-04-27,1397/02/07
2155,74.23,74.11,74.97,74.74,0.74,1%,2018-04-26,1397/02/06
2156,74,73.17,74.19,74,0.14,0.19%,2018-04-25,1397/02/05
2157,75.09,73.68,75.47,73.86,0.85,1.15%,2018-04-24,1397/02/04
2158,73.77,73.13,75.1,74.71,0.65,0.88%,2018-04-23,1397/02/03
2159,73.94,72.83,74.2,74.06,0.28,0.38%,2018-04-20,1397/01/31
2160,73.72,73.46,74.75,73.78,0.3,0.41%,2018-04-19,1397/01/30
2161,71.72,71.66,73.93,73.48,1.9,2.65%,2018-04-18,1397/01/29
2162,71.65,70.83,71.89,71.58,0.16,0.22%,2018-04-17,1397/01/28
2163,72.7,71.11,72.85,71.42,1.16,1.62%,2018-04-16,1397/01/27
2164,71.94,71.56,72.88,72.58,0.56,0.78%,2018-04-13,1397/01/24
2165,72.09,71.1,72.49,72.02,0.04,0.06%,2018-04-12,1397/01/23
2166,71.03,70.57,73.09,72.06,1.02,1.44%,2018-04-11,1397/01/22
2167,68.46,68.46,71.34,71.04,2.39,3.48%,2018-04-10,1397/01/21
2168,67.1,67,68.8,68.65,1.54,2.29%,2018-04-09,1397/01/20
2169,68.09,66.86,68.62,67.11,1.22,1.82%,2018-04-06,1397/01/17
2170,68.36,67.73,68.93,68.33,0.31,0.46%,2018-04-05,1397/01/16
2171,68.15,66.69,68.28,68.02,0.1,0.15%,2018-04-04,1397/01/15
2172,67.63,67.62,68.46,68.12,0.48,0.71%,2018-04-03,1397/01/14
2173,69.32,67.49,70.04,67.64,2.63,3.89%,2018-04-02,1397/01/13
2174,69.86,69.1,70.44,70.27,0.74,1.06%,2018-03-29,1397/01/09
2175,69.72,68.78,70.25,69.53,0.58,0.83%,2018-03-28,1397/01/08
2176,70.13,69.45,71.03,70.11,0.01,0.01%,2018-03-27,1397/01/07
2177,70.43,69.67,71.05,70.12,0.33,0.47%,2018-03-26,1397/01/06
2178,69.11,68.87,70.57,70.45,1.54,2.23%,2018-03-23,1397/01/03
2179,69.63,68.58,69.7,68.91,0.56,0.81%,2018-03-22,1397/01/02
2180,67.61,67.48,69.86,69.47,2.05,3.04%,2018-03-21,1397/01/01
2181,66.15,66.15,67.88,67.42,1.37,2.07%,2018-03-20,1396/12/29
2182,66.01,65.39,66.39,66.05,0.16,0.24%,2018-03-19,1396/12/28
2183,65.07,64.88,66.42,66.21,1.09,1.67%,2018-03-16,1396/12/25
2184,64.9,64.61,65.38,65.12,0.23,0.35%,2018-03-15,1396/12/24
2185,64.73,64.06,65.21,64.89,0.25,0.39%,2018-03-14,1396/12/23
2186,64.92,64.05,65.68,64.64,0.31,0.48%,2018-03-13,1396/12/22
2187,65.5,64.18,65.86,64.95,0.54,0.83%,2018-03-12,1396/12/21
2188,63.93,63.69,65.63,65.49,1.88,2.96%,2018-03-09,1396/12/18
2189,64.51,63.43,64.56,63.61,0.73,1.15%,2018-03-08,1396/12/17
2190,65.23,63.83,65.8,64.34,1.45,2.25%,2018-03-07,1396/12/16
2191,65.74,65.3,66.16,65.79,0.25,0.38%,2018-03-06,1396/12/15
2192,64.65,64.1,65.88,65.54,1.17,1.82%,2018-03-05,1396/12/14
2193,64.07,63.2,64.64,64.37,0.54,0.85%,2018-03-02,1396/12/11
2194,64.57,63.19,65.04,63.83,1.95,3.05%,2018-03-01,1396/12/10
2195,66.41,65.43,66.87,65.78,0.85,1.29%,2018-02-28,1396/12/09
2196,67.57,66.32,67.61,66.63,0.87,1.31%,2018-02-27,1396/12/08
2197,67.29,66.72,67.9,67.5,0.19,0.28%,2018-02-26,1396/12/07
2198,66.3,65.79,67.37,67.31,0.92,1.39%,2018-02-23,1396/12/04
2199,64.91,64.62,66.56,66.39,0.97,1.48%,2018-02-22,1396/12/03
2200,65.05,64.4,65.53,65.42,0.17,0.26%,2018-02-21,1396/12/02
2201,65.64,64.78,65.81,65.25,0.42,0.64%,2018-02-20,1396/12/01
2202,64.96,64.84,65.9,65.67,0.83,1.28%,2018-02-19,1396/11/30
2203,64.66,64.19,65.22,64.84,0.51,0.79%,2018-02-16,1396/11/27
2204,64.44,63.12,65.15,64.33,0.03,0.05%,2018-02-15,1396/11/26
2205,62.84,61.95,64.58,64.36,1.64,2.61%,2018-02-14,1396/11/25
2206,62.85,61.76,63.1,62.72,0.13,0.21%,2018-02-13,1396/11/24
2207,62.5,62.5,64.4,62.59,0.2,0.32%,2018-02-12,1396/11/23
2208,64.44,61.77,64.64,62.79,2.02,3.22%,2018-02-09,1396/11/20
2209,65.28,64.1,65.6,64.81,0.7,1.08%,2018-02-08,1396/11/19
2210,67.2,65.16,67.72,65.51,1.35,2.06%,2018-02-07,1396/11/18
2211,67.02,66.53,67.6,66.86,0.76,1.14%,2018-02-06,1396/11/17
2212,68.15,66.9,68.46,67.62,0.96,1.42%,2018-02-05,1396/11/16
2213,70,67.96,70.02,68.58,1.07,1.56%,2018-02-02,1396/11/13
2214,69,68.81,69.97,69.65,0.6,0.87%,2018-02-01,1396/11/12
2215,68.43,68.33,69.15,69.05,0.03,0.04%,2018-01-31,1396/11/11
2216,69.3,68.4,69.39,69.02,0.44,0.64%,2018-01-30,1396/11/10
2217,70.47,69.07,70.64,69.46,1.06,1.53%,2018-01-29,1396/11/09
2218,70.07,70.05,70.83,70.52,0.1,0.14%,2018-01-26,1396/11/06
2219,70.95,69.97,71.28,70.42,0.11,0.16%,2018-01-25,1396/11/05
2220,69.97,69.54,70.94,70.53,0.57,0.81%,2018-01-24,1396/11/04
2221,69.17,69.12,70.24,69.96,0.93,1.35%,2018-01-23,1396/11/03
2222,68.8,68.39,69.51,69.03,0.42,0.61%,2018-01-22,1396/11/02
2223,69.01,68.28,69.08,68.61,0.7,1.02%,2018-01-19,1396/10/29
2224,69.53,68.8,69.63,69.31,0.07,0.10%,2018-01-18,1396/10/28
2225,69.35,68.55,69.59,69.38,0.23,0.33%,2018-01-17,1396/10/27
2226,70.05,68.83,70.13,69.15,1.11,1.61%,2018-01-16,1396/10/26
2227,69.88,69.55,70.37,70.26,0.39,0.56%,2018-01-15,1396/10/25
2228,69.15,68.59,69.93,69.87,0.61,0.88%,2018-01-12,1396/10/22
2229,69.15,69,70.05,69.26,0.06,0.09%,2018-01-11,1396/10/21
2230,69.12,68.75,69.37,69.2,0.38,0.55%,2018-01-10,1396/10/20
2231,68,67.7,69.29,68.82,1.04,1.53%,2018-01-09,1396/10/19
2232,67.8,67.44,67.99,67.78,0.16,0.24%,2018-01-08,1396/10/18
2233,67.97,67.26,68.11,67.62,0.45,0.67%,2018-01-05,1396/10/15
2234,67.89,67.62,68.27,68.07,0.23,0.34%,2018-01-04,1396/10/14
2235,66.54,66.4,68.03,67.84,1.27,1.91%,2018-01-03,1396/10/13
2236,66.55,66.24,67.29,66.57,0.3,0.45%,2018-01-02,1396/10/12
2237,66.15,66.15,66.98,66.87,0.15,0.22%,2017-12-29,1396/10/08
2238,66.43,66.23,66.85,66.72,0.28,0.42%,2017-12-28,1396/10/07
2239,66.76,66.03,66.94,66.44,0.58,0.87%,2017-12-27,1396/10/06
2240,65.2,65,67.1,67.02,1.77,2.71%,2017-12-26,1396/10/05
2241,64.63,64.38,65.28,65.25,0.35,0.54%,2017-12-22,1396/10/01
2242,64.49,64.2,64.93,64.9,0.34,0.53%,2017-12-21,1396/09/30
2243,63.83,63.67,64.6,64.56,0.76,1.19%,2017-12-20,1396/09/29
2244,63.41,63.3,63.91,63.8,0.39,0.62%,2017-12-19,1396/09/28
2245,63.36,63,63.91,63.41,0.18,0.28%,2017-12-18,1396/09/27
2246,63.39,63.08,63.68,63.23,0.08,0.13%,2017-12-15,1396/09/24
2247,62.81,62.01,63.5,63.31,0.87,1.39%,2017-12-14,1396/09/23
2248,63.8,62.36,64.32,62.44,0.9,1.44%,2017-12-13,1396/09/22
2249,64.66,63.07,65.83,63.34,1.35,2.13%,2017-12-12,1396/09/21
2250,63.29,62.99,64.93,64.69,1.29,2.03%,2017-12-11,1396/09/20
2251,62.08,62.01,63.64,63.4,1.2,1.93%,2017-12-08,1396/09/17
2252,61.3,61.15,62.26,62.2,0.98,1.60%,2017-12-07,1396/09/16
2253,62.64,61.13,62.93,61.22,1.64,2.68%,2017-12-06,1396/09/15
2254,62.45,62.12,63.15,62.86,0.41,0.66%,2017-12-05,1396/09/14
2255,63.5,62.31,63.68,62.45,1.28,2.05%,2017-12-04,1396/09/13
2256,62.74,62.59,64.32,63.73,0.16,0.25%,2017-12-01,1396/09/10
2257,63.28,63.21,64.21,63.57,0.46,0.73%,2017-11-30,1396/09/09
2258,63.3,62.5,64.07,63.11,0.5,0.79%,2017-11-29,1396/09/08
2259,63.78,63.1,63.89,63.61,0.23,0.36%,2017-11-28,1396/09/07
2260,63.8,63.1,63.99,63.84,0.02,0.03%,2017-11-27,1396/09/06
2261,63.35,63.28,63.95,63.86,0.31,0.49%,2017-11-24,1396/09/03
2262,63.24,62.88,63.57,63.55,0.23,0.36%,2017-11-23,1396/09/02
2263,62.78,62.62,63.43,63.32,0.75,1.20%,2017-11-22,1396/09/01
2264,62.1,62.07,62.87,62.57,0.35,0.56%,2017-11-21,1396/08/30
2265,62.8,61.44,62.8,62.22,0.5,0.80%,2017-11-20,1396/08/29
2266,61.41,61.08,62.92,62.72,1.36,2.22%,2017-11-17,1396/08/26
2267,61.88,61.25,62.15,61.36,0.51,0.83%,2017-11-16,1396/08/25
2268,61.55,61.3,62.13,61.87,0.34,0.55%,2017-11-15,1396/08/24
2269,63.06,61.21,63.17,62.21,0.95,1.53%,2017-11-14,1396/08/23
2270,63.68,62.61,63.77,63.16,0.36,0.57%,2017-11-13,1396/08/22
2271,63.8,63.35,64.27,63.52,0.41,0.65%,2017-11-10,1396/08/19
2272,63.52,63.26,64.25,63.93,0.44,0.69%,2017-11-09,1396/08/18
2273,63.69,62.95,64.64,63.49,0.2,0.32%,2017-11-08,1396/08/17
2274,64.12,63.5,64.65,63.69,0.58,0.91%,2017-11-07,1396/08/16
2275,62.27,62.08,64.44,64.27,2.2,3.54%,2017-11-06,1396/08/15
2276,60.88,60.6,62.23,62.07,1.45,2.39%,2017-11-03,1396/08/12
2277,60.5,60.02,60.86,60.62,0.13,0.21%,2017-11-02,1396/08/11
2278,61.07,60,61.7,60.49,0.88,1.45%,2017-11-01,1396/08/10
2279,60.86,60.53,61.41,61.37,0.47,0.77%,2017-10-31,1396/08/09
2280,60.66,60.14,61,60.9,0.46,0.76%,2017-10-30,1396/08/08
2281,59.37,58.82,60.65,60.44,1.14,1.92%,2017-10-27,1396/08/05
2282,58.42,58.05,59.55,59.3,0.86,1.47%,2017-10-26,1396/08/04
2283,58.44,57.85,58.74,58.44,0.11,0.19%,2017-10-25,1396/08/03
2284,57.41,57.04,58.57,58.33,0.96,1.67%,2017-10-24,1396/08/02
2285,57.95,57.27,58.05,57.37,0.38,0.66%,2017-10-23,1396/08/01
2286,57.32,56.6,57.94,57.75,0.52,0.91%,2017-10-20,1396/07/28
2287,58.24,57.02,58.3,57.23,0.92,1.61%,2017-10-19,1396/07/27
2288,58.16,57.74,58.54,58.15,0.27,0.47%,2017-10-18,1396/07/26
2289,57.78,57.18,58.35,57.88,0.06,0.10%,2017-10-17,1396/07/25
2290,57.28,57.12,58.47,57.82,0.65,1.14%,2017-10-16,1396/07/24
2291,56.44,56.34,57.57,57.17,0.92,1.64%,2017-10-13,1396/07/21
2292,56.74,55.88,56.83,56.25,0.69,1.23%,2017-10-12,1396/07/20
2293,56.56,56.51,57.09,56.94,0.33,0.58%,2017-10-11,1396/07/19
2294,55.78,55.73,56.91,56.61,0.82,1.47%,2017-10-10,1396/07/18
2295,55.5,55.06,55.98,55.79,0.17,0.31%,2017-10-09,1396/07/17
2296,56.99,55.13,57.28,55.62,1.09,1.96%,2017-10-06,1396/07/14
2297,55.55,55.49,56.94,56.71,1.11,2%,2017-10-05,1396/07/13
2298,55.4,55.19,55.97,55.6,0.18,0.32%,2017-10-04,1396/07/12
2299,55.81,55.45,56.13,55.78,0.11,0.20%,2017-10-03,1396/07/11
2300,56.54,55.31,56.55,55.89,0.9,1.61%,2017-10-02,1396/07/10
2301,57.29,56.44,57.43,56.79,0.37,0.65%,2017-09-29,1396/07/07
2302,57.39,56.56,58.28,57.16,0.41,0.72%,2017-09-28,1396/07/06
2303,58.11,57.25,58.34,57.57,0.35,0.61%,2017-09-27,1396/07/05
2304,58.55,57.22,58.88,57.92,0.51,0.88%,2017-09-26,1396/07/04
2305,56.46,56.23,58.66,58.43,2.01,3.56%,2017-09-25,1396/07/03
2306,56.16,55.89,56.47,56.42,0.33,0.59%,2017-09-22,1396/06/31
2307,55.93,55.46,56.18,56.09,0.16,0.29%,2017-09-21,1396/06/30
2308,55.09,55.02,56.11,55.93,1.03,1.88%,2017-09-20,1396/06/29
2309,55.2,54.67,55.63,54.9,0.35,0.64%,2017-09-19,1396/06/28
2310,55.41,54.63,55.74,55.25,0.17,0.31%,2017-09-18,1396/06/27
2311,55.11,54.61,55.57,55.42,0.2,0.36%,2017-09-15,1396/06/24
2312,54.81,54.63,55.66,55.22,0.33,0.60%,2017-09-14,1396/06/23
2313,53.99,53.82,54.92,54.89,0.86,1.59%,2017-09-13,1396/06/22
2314,53.77,53.28,54.2,54.03,0.34,0.63%,2017-09-12,1396/06/21
2315,53.64,52.87,53.93,53.69,0.11,0.21%,2017-09-11,1396/06/20
2316,54.38,53.34,54.64,53.58,0.75,1.40%,2017-09-08,1396/06/17
2317,54.08,53.75,54.48,54.33,0.26,0.48%,2017-09-07,1396/06/16
2318,53.19,53.06,54.19,54.07,0.71,1.33%,2017-09-06,1396/06/15
2319,52.26,52.13,53.62,53.36,0.99,1.89%,2017-09-05,1396/06/14
2320,52.58,52.01,52.85,52.37,0.42,0.80%,2017-09-04,1396/06/13
2321,52.78,52.24,52.94,52.79,0.07,0.13%,2017-09-01,1396/06/10
2322,50.53,50.49,52.9,52.86,2.13,4.20%,2017-08-31,1396/06/09
2323,51.65,50.52,51.69,50.73,0.93,1.83%,2017-08-30,1396/06/08
2324,51.54,50.98,51.79,51.66,0.24,0.47%,2017-08-29,1396/06/07
2325,52,51.07,52.44,51.42,0.56,1.09%,2017-08-28,1396/06/06
2326,51.91,51.52,52.27,51.98,0.32,0.62%,2017-08-25,1396/06/03
2327,52.21,51.26,52.39,51.66,0.58,1.12%,2017-08-24,1396/06/02
2328,51.4,51.22,52.29,52.24,0.66,1.28%,2017-08-23,1396/06/01
2329,51.37,51.08,51.93,51.58,0.3,0.59%,2017-08-22,1396/05/31
2330,52.63,50.96,52.67,51.28,1.13,2.20%,2017-08-21,1396/05/30
2331,50.61,50.54,52.64,52.41,1.66,3.27%,2017-08-18,1396/05/27
2332,50.22,49.81,50.84,50.75,0.65,1.30%,2017-08-17,1396/05/26
2333,50.79,49.99,51.22,50.1,0.53,1.06%,2017-08-16,1396/05/25
2334,50.61,49.98,50.98,50.63,-,-,2017-08-15,1396/05/24
2335,51.86,50.49,52.23,50.63,1.31,2.59%,2017-08-14,1396/05/23
2336,51.82,51.14,52.12,51.94,0.16,0.31%,2017-08-11,1396/05/20
2337,52.71,51.53,53.47,51.78,0.87,1.68%,2017-08-10,1396/05/19
2338,52.04,51.87,52.78,52.65,0.46,0.88%,2017-08-09,1396/05/18
2339,52.3,51.87,52.76,52.19,0.23,0.44%,2017-08-08,1396/05/17
2340,52.46,51.43,52.55,52.42,0.04,0.08%,2017-08-07,1396/05/16
2341,51.99,51.48,52.55,52.46,0.44,0.85%,2017-08-04,1396/05/13
2342,52.31,51.78,52.87,52.02,0.42,0.81%,2017-08-03,1396/05/12
2343,51.57,51.36,52.49,52.44,0.5,0.96%,2017-08-02,1396/05/11
2344,52.86,51.08,53.08,51.94,0.78,1.50%,2017-08-01,1396/05/10
2345,52.3,51.78,52.9,52.72,0.5,0.96%,2017-07-31,1396/05/09
2346,51.58,51.33,52.35,52.22,0.7,1.36%,2017-07-28,1396/05/06
2347,51,50.58,51.67,51.52,0.42,0.82%,2017-07-27,1396/05/05
2348,50.74,50.23,51.2,51.1,0.74,1.47%,2017-07-26,1396/05/04
2349,48.84,48.84,51.06,50.36,1.54,3.15%,2017-07-25,1396/05/03
2350,48.24,47.94,49,48.82,0.51,1.06%,2017-07-24,1396/05/02
2351,49.53,48.05,49.85,48.31,1.21,2.50%,2017-07-21,1396/04/30
2352,49.92,49.41,50.38,49.52,0.41,0.83%,2017-07-20,1396/04/29
2353,48.89,48.82,50.03,49.93,0.85,1.73%,2017-07-19,1396/04/28
2354,48.68,48.49,49.64,49.08,0.4,0.82%,2017-07-18,1396/04/27
2355,49.29,48.56,49.5,48.68,0.49,1.01%,2017-07-17,1396/04/26
2356,48.63,48.41,49.35,49.17,0.49,1.01%,2017-07-14,1396/04/23
2357,47.88,47.47,48.79,48.68,0.65,1.35%,2017-07-13,1396/04/22
2358,48.44,47.65,49.06,48.03,0.22,0.46%,2017-07-12,1396/04/21
2359,47.22,46.6,48.5,47.81,0.64,1.36%,2017-07-11,1396/04/20
2360,47.19,46.39,47.65,47.17,0.19,0.40%,2017-07-10,1396/04/19
2361,48.05,46.55,48.05,46.98,1.41,3%,2017-07-07,1396/04/16
2362,48.62,48.04,49.43,48.39,0.32,0.67%,2017-07-06,1396/04/15
2363,50.02,47.29,50.11,48.07,1.83,3.81%,2017-07-05,1396/04/14
2364,49.95,49.58,50.19,49.9,0.09,0.18%,2017-07-04,1396/04/13
2365,49.41,48.81,50.01,49.99,1.22,2.50%,2017-07-03,1396/04/12
2366,47.6,47.6,49,48.77,1.14,2.39%,2017-06-30,1396/04/09
2367,47.61,47.34,48.27,47.63,0.09,0.19%,2017-06-29,1396/04/08
2368,46.54,46.54,47.7,47.54,0.62,1.32%,2017-06-28,1396/04/07
2369,46.1,46,47.3,46.92,0.88,1.91%,2017-06-27,1396/04/06
2370,45.82,45.26,46.42,46.04,0.29,0.63%,2017-06-26,1396/04/05
2371,45.48,45.24,45.97,45.75,0.34,0.75%,2017-06-23,1396/04/02
2372,45.06,44.78,45.98,45.41,0.36,0.80%,2017-06-22,1396/04/01
2373,46.14,44.6,46.86,45.05,1.2,2.66%,2017-06-21,1396/03/31
2374,47.19,45.68,47.44,46.25,0.88,1.90%,2017-06-20,1396/03/30
2375,47.5,47,48,47.13,0.24,0.51%,2017-06-19,1396/03/29
2376,46.82,46.81,47.61,47.37,0.45,0.96%,2017-06-16,1396/03/26
2377,46.8,46.7,47.2,46.92,0.08,0.17%,2017-06-15,1396/03/25
2378,48.18,46.74,48.69,47,1.72,3.66%,2017-06-14,1396/03/24
2379,48.32,47.87,48.82,48.72,0.43,0.89%,2017-06-13,1396/03/23
2380,48.06,48.01,49.15,48.29,0.14,0.29%,2017-06-12,1396/03/22
2381,47.79,47.4,48.56,48.15,0.29,0.61%,2017-06-09,1396/03/19
2382,48.26,47.56,48.6,47.86,0.2,0.42%,2017-06-08,1396/03/18
2383,49.97,47.96,50.14,48.06,2.06,4.29%,2017-06-07,1396/03/17
2384,49.57,49,50.3,50.12,0.65,1.31%,2017-06-06,1396/03/16
2385,49.87,49.04,50.74,49.47,0.48,0.97%,2017-06-05,1396/03/15
2386,50.23,48.95,50.52,49.95,0.68,1.36%,2017-06-02,1396/03/12
2387,51.17,50.23,51.45,50.63,0.32,0.64%,2017-06-01,1396/03/11
2388,51.92,49.81,51.92,50.31,1.53,3.04%,2017-05-31,1396/03/10
2389,52.25,51.19,52.35,51.84,0.45,0.87%,2017-05-30,1396/03/09
2390,52.24,51.86,52.61,52.29,0.14,0.27%,2017-05-29,1396/03/08
2391,51.38,50.71,52.3,52.15,0.69,1.34%,2017-05-26,1396/03/05
2392,54.15,51.03,54.67,51.46,2.5,4.86%,2017-05-25,1396/03/04
2393,54.14,53.66,54.62,53.96,0.19,0.35%,2017-05-24,1396/03/03
2394,53.87,53.2,54.43,54.15,0.28,0.52%,2017-05-23,1396/03/02
2395,53.85,53.66,54.37,53.87,0.26,0.48%,2017-05-22,1396/03/01
2396,52.57,52.55,53.82,53.61,1.1,2.09%,2017-05-19,1396/02/29
2397,52.19,51.11,52.74,52.51,0.3,0.57%,2017-05-18,1396/02/28
2398,51.2,51.04,52.61,52.21,0.56,1.08%,2017-05-17,1396/02/27
2399,51.88,51.1,52.36,51.65,0.17,0.33%,2017-05-16,1396/02/26
2400,50.89,50.74,52.63,51.82,0.98,1.93%,2017-05-15,1396/02/25
2401,50.76,50.33,51.09,50.84,0.07,0.14%,2017-05-12,1396/02/22
2402,50.28,50.25,51.16,50.77,0.55,1.10%,2017-05-11,1396/02/21
2403,48.95,48.81,50.63,50.22,1.49,3.06%,2017-05-10,1396/02/20
2404,49.44,48.39,49.72,48.73,0.61,1.25%,2017-05-09,1396/02/19
2405,49.27,48.48,49.92,49.34,0.24,0.49%,2017-05-08,1396/02/18
2406,48.45,46.64,49.63,49.1,0.72,1.49%,2017-05-05,1396/02/15
2407,50.59,48.16,50.73,48.38,2.41,4.98%,2017-05-04,1396/02/14
2408,50.99,50.2,51.14,50.79,0.33,0.65%,2017-05-03,1396/02/13
2409,51.39,50.14,52.16,50.46,1.06,2.10%,2017-05-02,1396/02/12
2410,51.88,51.22,51.97,51.52,0.21,0.41%,2017-05-01,1396/02/11
2411,51.58,51.31,52.12,51.73,0.29,0.56%,2017-04-28,1396/02/08
2412,51.57,50.45,51.76,51.44,0.38,0.74%,2017-04-27,1396/02/07
2413,51.81,51.38,52.46,51.82,0.28,0.54%,2017-04-26,1396/02/06
2414,51.6,51.3,52.39,52.1,0.5,0.97%,2017-04-25,1396/02/05
2415,52.11,51.42,52.57,51.6,0.36,0.70%,2017-04-24,1396/02/04
2416,53,51.57,53.29,51.96,1.03,1.98%,2017-04-21,1396/02/01
2417,53.09,52.68,53.55,52.99,0.06,0.11%,2017-04-20,1396/01/31
2418,54.78,52.58,55.2,52.93,1.96,3.70%,2017-04-19,1396/01/30
2419,55.39,54.61,55.48,54.89,0.47,0.86%,2017-04-18,1396/01/29
2420,55.55,55.29,55.98,55.36,0.53,0.96%,2017-04-17,1396/01/28
2421,55.66,55.56,56.06,55.89,0.03,0.05%,2017-04-13,1396/01/24
2422,56.28,55.5,56.65,55.86,0.37,0.66%,2017-04-12,1396/01/23
2423,56.08,55.45,56.3,56.23,0.25,0.45%,2017-04-11,1396/01/22
2424,55.19,55.19,56.05,55.98,0.74,1.34%,2017-04-10,1396/01/21
2425,54.88,54.57,56.08,55.24,0.35,0.64%,2017-04-07,1396/01/18
2426,54.13,54.02,55,54.89,0.53,0.97%,2017-04-06,1396/01/17
2427,54.22,53.97,55.09,54.36,0.19,0.35%,2017-04-05,1396/01/16
2428,53.18,52.73,54.38,54.17,1.05,1.98%,2017-04-04,1396/01/15
2429,53.62,53.03,53.74,53.12,0.29,0.55%,2017-04-03,1396/01/14
2430,52.83,52.35,53.45,52.83,0.13,0.25%,2017-03-31,1396/01/11
2431,52.39,52.03,53.1,52.96,0.54,1.03%,2017-03-30,1396/01/10
2432,51.43,51.36,52.48,52.42,1.09,2.12%,2017-03-29,1396/01/09
2433,50.77,50.77,51.87,51.33,0.58,1.14%,2017-03-28,1396/01/08
2434,51.03,50.03,51.1,50.75,0.05,0.10%,2017-03-27,1396/01/07
2435,50.64,50.4,51.06,50.8,0.24,0.47%,2017-03-24,1396/01/04
2436,50.83,50.25,51.1,50.56,0.08,0.16%,2017-03-23,1396/01/03
2437,50.86,49.71,50.98,50.64,0.32,0.63%,2017-03-22,1396/01/02
2438,51.7,50.73,52.22,50.96,0.66,1.30%,2017-03-21,1396/01/01
2439,51.8,51.01,51.94,51.62,0.14,0.27%,2017-03-20,1395/12/30
2440,51.74,51.53,52.18,51.76,0.02,0.04%,2017-03-17,1395/12/27
2441,52.08,51.5,52.65,51.74,0.07,0.14%,2017-03-16,1395/12/26
2442,51.5,51.36,52.15,51.81,0.89,1.75%,2017-03-15,1395/12/25
2443,51.34,50.25,51.86,50.92,0.43,0.84%,2017-03-14,1395/12/24
2444,51.49,50.85,51.7,51.35,0.02,0.04%,2017-03-13,1395/12/23
2445,52.33,51.14,53.02,51.37,0.82,1.60%,2017-03-10,1395/12/20
2446,53.49,51.5,53.86,52.19,0.92,1.76%,2017-03-09,1395/12/19
2447,55.63,52.93,55.77,53.11,2.81,5.29%,2017-03-08,1395/12/18
2448,55.95,55.56,56.65,55.92,0.09,0.16%,2017-03-07,1395/12/17
2449,55.8,55.32,56.25,56.01,0.11,0.20%,2017-03-06,1395/12/16
2450,55.18,55.09,55.95,55.9,0.82,1.49%,2017-03-03,1395/12/13
2451,56.31,55.03,56.44,55.08,1.28,2.32%,2017-03-02,1395/12/12
2452,56.45,56.24,57.05,56.36,0.77,1.39%,2017-03-01,1395/12/11
2453,56.02,55.23,56.15,55.59,0.34,0.61%,2017-02-28,1395/12/10
2454,55.96,55.86,56.77,55.93,0.06,0.11%,2017-02-27,1395/12/09
2455,56.4,55.74,56.66,55.99,0.59,1.05%,2017-02-24,1395/12/06
2456,56.2,56.18,57.26,56.58,0.74,1.33%,2017-02-23,1395/12/05
2457,56.74,55.64,57.01,55.84,0.82,1.47%,2017-02-22,1395/12/04
2458,56.17,56.1,57.31,56.66,0.48,0.85%,2017-02-21,1395/12/03
2459,55.9,55.7,56.42,56.18,0.37,0.66%,2017-02-20,1395/12/02
2460,55.73,55.1,55.88,55.81,0.16,0.29%,2017-02-17,1395/11/29
2461,55.74,55.13,56.24,55.65,0.1,0.18%,2017-02-16,1395/11/28
2462,55.82,55.56,56.25,55.75,0.22,0.39%,2017-02-15,1395/11/27
2463,55.75,55.53,56.46,55.97,0.38,0.68%,2017-02-14,1395/11/26
2464,56.68,55.41,56.81,55.59,1.11,2%,2017-02-13,1395/11/25
2465,55.66,55.59,56.88,56.7,1.07,1.92%,2017-02-10,1395/11/22
2466,55.3,55.23,55.92,55.63,0.51,0.93%,2017-02-09,1395/11/21
2467,54.5,54.44,55.68,55.12,0.07,0.13%,2017-02-08,1395/11/20
2468,55.91,54.58,55.98,55.05,0.67,1.22%,2017-02-07,1395/11/19
2469,56.85,55.65,57.13,55.72,1.09,1.96%,2017-02-06,1395/11/18
2470,56.92,56.39,57.3,56.81,0.25,0.44%,2017-02-03,1395/11/15
2471,56.53,56.33,57.45,56.56,0.24,0.42%,2017-02-02,1395/11/14
2472,55.55,55.36,56.83,56.8,1.1,1.97%,2017-02-01,1395/11/13
2473,55.25,54.9,56,55.7,0.47,0.85%,2017-01-31,1395/11/12
2474,55.47,54.97,55.7,55.23,0.29,0.53%,2017-01-30,1395/11/11
2475,56.09,54.86,56.5,55.52,0.72,1.30%,2017-01-27,1395/11/08
2476,55.39,55.21,56.55,56.24,1.16,2.11%,2017-01-26,1395/11/07
2477,55.24,54.75,55.65,55.08,0.36,0.65%,2017-01-25,1395/11/06
2478,55.42,55.07,55.87,55.44,0.21,0.38%,2017-01-24,1395/11/05
2479,55.7,54.65,55.75,55.23,0.26,0.47%,2017-01-23,1395/11/04
2480,54.33,54.18,55.8,55.49,1.33,2.46%,2017-01-20,1395/11/01
2481,54.29,53.9,54.77,54.16,0.24,0.45%,2017-01-19,1395/10/30
2482,55.48,53.77,55.9,53.92,1.55,2.87%,2017-01-18,1395/10/29
2483,55.74,55.4,56.95,55.47,0.39,0.70%,2017-01-17,1395/10/28
2484,55.64,55.19,55.92,55.86,0.41,0.74%,2017-01-16,1395/10/27
2485,56,55.28,56.21,55.45,0.56,1.01%,2017-01-13,1395/10/24
2486,55.19,55.01,56.43,56.01,0.91,1.65%,2017-01-12,1395/10/23
2487,53.8,53.7,55.67,55.1,1.46,2.72%,2017-01-11,1395/10/22
2488,54.95,53.58,55.36,53.64,1.3,2.42%,2017-01-10,1395/10/21
2489,56.81,54.74,57,54.94,2.16,3.93%,2017-01-09,1395/10/20
2490,56.88,56.28,57.47,57.1,0.21,0.37%,2017-01-06,1395/10/17
2491,56.35,56.01,57.35,56.89,0.43,0.76%,2017-01-05,1395/10/16
2492,55.73,55.33,56.55,56.46,0.99,1.78%,2017-01-04,1395/10/15
2493,57.05,55.3,58.37,55.47,1.35,2.43%,2017-01-03,1395/10/14
2494,56.82,56.82,56.82,56.82,-,-,2017-01-02,1395/10/13
2495,57,56.46,57.2,56.82,0.68,1.21%,2016-12-30,1395/10/10
2496,56.01,55.91,56.63,56.14,0.08,0.14%,2016-12-29,1395/10/09
2497,56.06,55.89,56.56,56.22,0.13,0.23%,2016-12-28,1395/10/08
2498,55.18,55.04,57.15,56.09,0.93,1.69%,2016-12-27,1395/10/07
2499,54.84,54.26,55.25,55.16,0.11,0.20%,2016-12-23,1395/10/03
2500,54.55,54.05,55.23,55.05,0.59,1.08%,2016-12-22,1395/10/02
2501,55.52,54.32,55.87,54.46,0.89,1.63%,2016-12-21,1395/10/01
2502,55.02,54.75,55.92,55.35,0.43,0.78%,2016-12-20,1395/09/30
2503,55.4,54.69,55.8,54.92,0.29,0.53%,2016-12-19,1395/09/29
2504,54.11,53.71,55.38,55.21,1.19,2.20%,2016-12-16,1395/09/26
2505,53.76,53.15,54.5,54.02,0.12,0.22%,2016-12-15,1395/09/25
2506,55.16,53.52,55.81,53.9,1.82,3.38%,2016-12-14,1395/09/24
2507,55.7,55.13,56.44,55.72,0.03,0.05%,2016-12-13,1395/09/23
2508,55.88,55.11,57.89,55.69,1.36,2.50%,2016-12-12,1395/09/22
2509,53.97,53.77,54.46,54.33,0.44,0.82%,2016-12-09,1395/09/19
2510,53.15,52.81,54.05,53.89,0.89,1.68%,2016-12-08,1395/09/18
2511,53.94,52.92,54.23,53,0.93,1.75%,2016-12-07,1395/09/17
2512,54.5,53.51,54.94,53.93,1.01,1.87%,2016-12-06,1395/09/16
2513,54.4,53.77,55.33,54.94,0.48,0.88%,2016-12-05,1395/09/15
2514,53.88,52.84,54.5,54.46,0.52,0.96%,2016-12-02,1395/09/12
2515,51.72,51.51,54.53,53.94,3.47,6.88%,2016-12-01,1395/09/11
2516,46.54,46.51,50.49,50.47,4.09,8.82%,2016-11-30,1395/09/10
2517,48.07,45.92,48.1,46.38,1.86,4.01%,2016-11-29,1395/09/09
2518,46.71,46.28,48.81,48.24,1,2.12%,2016-11-28,1395/09/08
2519,48.96,46.85,49.02,47.24,1.76,3.73%,2016-11-25,1395/09/05
2520,49.03,48.76,49.21,49,0.05,0.10%,2016-11-24,1395/09/04
2521,49.2,48.56,49.5,48.95,0.17,0.35%,2016-11-23,1395/09/03
2522,49.25,48.14,49.96,49.12,0.22,0.45%,2016-11-22,1395/09/02
2523,46.92,46.92,49.15,48.9,2.04,4.35%,2016-11-21,1395/09/01
2524,46.05,45.75,46.99,46.86,0.37,0.80%,2016-11-18,1395/08/28
2525,46.44,45.97,47.62,46.49,0.14,0.30%,2016-11-17,1395/08/27
2526,46.88,46.25,47.56,46.63,0.32,0.69%,2016-11-16,1395/08/26
2527,44.7,44.67,47.25,46.95,2.52,5.67%,2016-11-15,1395/08/25
2528,44.54,43.57,44.99,44.43,0.32,0.72%,2016-11-14,1395/08/24
2529,45.8,44.19,45.89,44.75,1.09,2.44%,2016-11-11,1395/08/21
2530,46.36,45.56,46.92,45.84,0.52,1.13%,2016-11-10,1395/08/20
2531,46.04,44.4,46.95,46.36,0.32,0.70%,2016-11-09,1395/08/19
2532,46.3,45.6,46.69,46.04,0.11,0.24%,2016-11-08,1395/08/18
2533,45.7,45.38,46.38,46.15,0.57,1.25%,2016-11-07,1395/08/17
2534,46.43,45.08,46.56,45.58,0.77,1.69%,2016-11-04,1395/08/14
2535,47.15,45.99,47.52,46.35,0.51,1.10%,2016-11-03,1395/08/13
2536,47.9,46.46,48.02,46.86,1.28,2.73%,2016-11-02,1395/08/12
2537,48.72,47.72,49.26,48.14,0.16,0.33%,2016-11-01,1395/08/11
2538,49.41,47.98,49.72,48.3,1.41,2.92%,2016-10-31,1395/08/10
2539,50.41,49.31,50.58,49.71,0.76,1.53%,2016-10-28,1395/08/07
2540,50.05,49.83,50.9,50.47,0.49,0.98%,2016-10-27,1395/08/06
2541,50.26,49.65,50.69,49.98,0.81,1.62%,2016-10-26,1395/08/05
2542,51.44,50.22,51.83,50.79,0.67,1.32%,2016-10-25,1395/08/04
2543,51.89,50.5,52.01,51.46,0.32,0.62%,2016-10-24,1395/08/03
2544,51.4,51.12,51.94,51.78,0.4,0.78%,2016-10-21,1395/07/30
2545,52.6,51.17,52.72,51.38,1.29,2.51%,2016-10-20,1395/07/29
2546,52.13,52.09,53.14,52.67,0.99,1.92%,2016-10-19,1395/07/28
2547,51.72,51.25,52.15,51.68,0.16,0.31%,2016-10-18,1395/07/27
2548,51.93,51.16,52.29,51.52,0.43,0.83%,2016-10-17,1395/07/26
2549,52.06,51.5,52.55,51.95,0.08,0.15%,2016-10-14,1395/07/23
2550,51.6,50.92,52.15,52.03,0.22,0.42%,2016-10-13,1395/07/22
2551,52.48,51.61,52.87,51.81,0.6,1.16%,2016-10-12,1395/07/21
2552,53.11,52.12,53.32,52.41,0.73,1.39%,2016-10-11,1395/07/20
2553,51.63,51.3,53.73,53.14,1.21,2.33%,2016-10-10,1395/07/19
2554,52.72,51.33,52.84,51.93,0.58,1.12%,2016-10-07,1395/07/16
2555,51.76,51.32,52.75,52.51,0.65,1.25%,2016-10-06,1395/07/15
2556,51.22,51.22,52.09,51.86,0.99,1.95%,2016-10-05,1395/07/14
2557,50.93,50.34,51.55,50.87,0.02,0.04%,2016-10-04,1395/07/13
2558,50.02,49.74,51.14,50.89,1.83,3.73%,2016-10-03,1395/07/12
2559,49.18,48.21,49.25,49.06,0.18,0.37%,2016-09-30,1395/07/09
2560,48.87,47.99,49.81,49.24,0.55,1.13%,2016-09-29,1395/07/08
2561,46.14,45.7,48.96,48.69,2.72,5.92%,2016-09-28,1395/07/07
2562,47.06,45.63,47.28,45.97,1.38,3%,2016-09-27,1395/07/06
2563,46.05,45.74,47.66,47.35,1.46,3.18%,2016-09-26,1395/07/05
2564,47.42,45.65,48.26,45.89,1.76,3.84%,2016-09-23,1395/07/02
2565,46.99,46.99,47.83,47.65,0.82,1.75%,2016-09-22,1395/07/01
2566,46.45,46.38,47.14,46.83,0.95,2.07%,2016-09-21,1395/06/31
2567,45.91,45.09,46.3,45.88,0.07,0.15%,2016-09-20,1395/06/30
2568,46.01,45.85,46.93,45.95,0.18,0.39%,2016-09-19,1395/06/29
2569,46.31,45.48,46.41,45.77,0.82,1.79%,2016-09-16,1395/06/26
2570,46.06,45.67,47,46.59,0.74,1.61%,2016-09-15,1395/06/25
2571,47.33,45.7,47.48,45.85,1.25,2.73%,2016-09-14,1395/06/24
2572,48.17,46.96,48.22,47.1,1.22,2.59%,2016-09-13,1395/06/23
2573,47.81,46.9,48.63,48.32,0.31,0.65%,2016-09-12,1395/06/22
2574,49.63,47.76,49.7,48.01,1.98,4.12%,2016-09-09,1395/06/19
2575,48.55,48.21,50.14,49.99,2.01,4.19%,2016-09-08,1395/06/18
2576,47.2,46.97,48.56,47.98,0.72,1.52%,2016-09-07,1395/06/17
2577,47.43,46.29,47.99,47.26,0.37,0.78%,2016-09-06,1395/06/16
2578,46.7,46.4,49.4,47.63,0.8,1.71%,2016-09-05,1395/06/15
2579,45.79,45.41,47.02,46.83,1.38,3.04%,2016-09-02,1395/06/12
2580,46.98,45.32,47.24,45.45,1.59,3.50%,2016-09-01,1395/06/11
2581,48.29,46.96,48.42,47.04,1.33,2.83%,2016-08-31,1395/06/10
2582,49.25,48.23,49.76,48.37,0.89,1.84%,2016-08-30,1395/06/09
2583,49.54,48.97,49.6,49.26,0.66,1.34%,2016-08-29,1395/06/08
2584,49.66,49.12,50.76,49.92,0.25,0.50%,2016-08-26,1395/06/05
2585,49.03,48.7,49.78,49.67,0.62,1.26%,2016-08-25,1395/06/04
2586,49.57,48.68,49.87,49.05,0.91,1.86%,2016-08-24,1395/06/03
2587,49.04,48.48,50.21,49.96,0.8,1.63%,2016-08-23,1395/06/02
2588,50.7,49.07,50.7,49.16,1.72,3.50%,2016-08-22,1395/06/01
2589,50.96,50.32,51.22,50.88,0.01,0.02%,2016-08-19,1395/05/29
2590,49.76,49.52,51.05,50.89,1.04,2.09%,2016-08-18,1395/05/28
2591,48.88,48.55,49.93,49.85,0.62,1.26%,2016-08-17,1395/05/27
2592,48.22,47.9,49.36,49.23,0.88,1.82%,2016-08-16,1395/05/26
2593,47.14,46.84,48.54,48.35,1.38,2.94%,2016-08-15,1395/05/25
2594,46.18,45.74,47.25,46.97,0.93,2.02%,2016-08-12,1395/05/22
2595,43.78,43.46,46.3,46.04,1.99,4.52%,2016-08-11,1395/05/21
2596,44.92,43.81,45.68,44.05,0.93,2.11%,2016-08-10,1395/05/20
2597,45.25,44.76,45.77,44.98,0.41,0.91%,2016-08-09,1395/05/19
2598,44.34,44.24,45.71,45.39,1.12,2.53%,2016-08-08,1395/05/18
2599,44.18,43.51,44.49,44.27,0.02,0.05%,2016-08-05,1395/05/15
2600,43.36,42.51,44.34,44.29,1.19,2.76%,2016-08-04,1395/05/14
2601,41.94,41.56,43.47,43.1,1.3,3.11%,2016-08-03,1395/05/13
2602,42.23,41.51,43.18,41.8,0.34,0.81%,2016-08-02,1395/05/12
2603,43.11,41.87,43.85,42.14,0.32,0.76%,2016-08-01,1395/05/11
2604,42.61,41.8,42.83,42.46,0.24,0.57%,2016-07-29,1395/05/08
2605,43.53,42.56,43.72,42.7,0.77,1.80%,2016-07-28,1395/05/07
2606,44.55,43.27,44.91,43.47,1.4,3.22%,2016-07-27,1395/05/06
2607,44.82,44.14,44.96,44.87,0.15,0.34%,2016-07-26,1395/05/05
2608,45.7,44.55,45.87,44.72,0.97,2.17%,2016-07-25,1395/05/04
2609,46.21,45.17,46.5,45.69,0.51,1.12%,2016-07-22,1395/05/01
2610,47.17,46.05,47.56,46.2,0.97,2.10%,2016-07-21,1395/04/31
2611,46.76,45.9,47.49,47.17,0.51,1.09%,2016-07-20,1395/04/30
2612,46.93,46.53,47.49,46.66,0.3,0.64%,2016-07-19,1395/04/29
2613,47.92,46.5,47.95,46.96,0.65,1.38%,2016-07-18,1395/04/28
2614,47.03,46.65,48.25,47.61,0.24,0.51%,2016-07-15,1395/04/25
2615,46.59,46.34,47.47,47.37,1.11,2.40%,2016-07-14,1395/04/24
2616,48.13,46.09,48.2,46.26,2.21,4.78%,2016-07-13,1395/04/23
2617,46.17,46.09,48.57,48.47,2.22,4.80%,2016-07-12,1395/04/22
2618,46.49,45.9,47.1,46.25,0.51,1.10%,2016-07-11,1395/04/21
2619,46.6,46.15,47.23,46.76,0.36,0.78%,2016-07-08,1395/04/18
2620,49.12,46.15,49.59,46.4,2.4,5.17%,2016-07-07,1395/04/17
2621,48.06,47.17,49.31,48.8,0.84,1.75%,2016-07-06,1395/04/16
2622,50.03,47.54,50.05,47.96,2.14,4.46%,2016-07-05,1395/04/15
2623,50.6,50.03,50.75,50.1,0.25,0.50%,2016-07-04,1395/04/14
2624,49.9,49.25,50.66,50.35,0.67,1.35%,2016-07-01,1395/04/11
2625,50.21,49.47,50.28,49.68,0.93,1.87%,2016-06-30,1395/04/10
2626,48.84,48.62,50.74,50.61,2.03,4.18%,2016-06-29,1395/04/09
2627,47.61,47.47,48.79,48.58,1.42,3.01%,2016-06-28,1395/04/08
2628,48.43,46.69,48.9,47.16,1.25,2.65%,2016-06-27,1395/04/07
2629,50.69,47.54,50.74,48.41,2.5,5.16%,2016-06-24,1395/04/04
2630,50.14,49.89,51.18,50.91,1.03,2.06%,2016-06-23,1395/04/03
2631,51.06,49.18,51.24,49.88,0.74,1.48%,2016-06-22,1395/04/02
2632,50.43,49.46,51.1,50.62,0.03,0.06%,2016-06-21,1395/04/01
2633,49.42,49.24,50.68,50.65,1.48,3.01%,2016-06-20,1395/03/31
2634,47.28,47.25,49.4,49.17,1.98,4.20%,2016-06-17,1395/03/28
2635,48.56,46.94,48.77,47.19,1.78,3.77%,2016-06-16,1395/03/27
2636,49.22,48.39,49.8,48.97,0.86,1.76%,2016-06-15,1395/03/26
2637,49.89,49.2,50.05,49.83,0.52,1.04%,2016-06-14,1395/03/25
2638,50.42,49.61,50.79,50.35,0.19,0.38%,2016-06-13,1395/03/24
2639,51.91,50.33,52.1,50.54,1.41,2.79%,2016-06-10,1395/03/21
2640,52.74,51.53,52.86,51.95,0.56,1.08%,2016-06-09,1395/03/20
2641,51.41,51.32,52.8,52.51,1.07,2.08%,2016-06-08,1395/03/19
2642,50.46,50.28,51.54,51.44,0.89,1.76%,2016-06-07,1395/03/18
2643,49.83,49.72,50.83,50.55,0.91,1.83%,2016-06-06,1395/03/17
2644,49.95,49.3,50.33,49.64,0.4,0.81%,2016-06-03,1395/03/14
2645,49.63,48.84,50.3,50.04,0.32,0.64%,2016-06-02,1395/03/13
2646,49.65,48.65,50,49.72,0.03,0.06%,2016-06-01,1395/03/12
2647,49.7,49.23,50.05,49.69,0.07,0.14%,2016-05-31,1395/03/11
2648,49.43,48.92,49.83,49.76,0.44,0.89%,2016-05-30,1395/03/10
2649,49.42,48.69,49.55,49.32,0.27,0.55%,2016-05-27,1395/03/07
2650,49.76,49.25,50.51,49.59,0.15,0.30%,2016-05-26,1395/03/06
2651,49.16,48.91,49.96,49.74,1.13,2.32%,2016-05-25,1395/03/05
2652,48.35,47.8,49.24,48.61,0.26,0.54%,2016-05-24,1395/03/04
2653,48.72,47.58,48.84,48.35,0.37,0.77%,2016-05-23,1395/03/03
2654,48.9,48.07,49.39,48.72,0.09,0.18%,2016-05-20,1395/02/31
2655,48.67,47.38,48.88,48.81,0.12,0.25%,2016-05-19,1395/02/30
2656,49.36,48.45,49.85,48.93,0.35,0.72%,2016-05-18,1395/02/29
2657,49.03,48.57,49.75,49.28,0.31,0.63%,2016-05-17,1395/02/28
2658,47.8,47.77,49.47,48.97,1.14,2.38%,2016-05-16,1395/02/27
2659,47.85,47.26,48.12,47.83,0.25,0.52%,2016-05-13,1395/02/24
2660,47.32,46.8,48.19,48.08,0.48,1.01%,2016-05-12,1395/02/23
2661,45.59,44.8,47.75,47.6,2.08,4.57%,2016-05-11,1395/02/22
2662,43.49,43.33,45.7,45.52,1.89,4.33%,2016-05-10,1395/02/21
2663,45.75,43.43,46.48,43.63,1.74,3.99%,2016-05-09,1395/02/20
2664,45.16,44.19,46.12,45.37,0.36,0.80%,2016-05-06,1395/02/17
2665,45.08,44.65,46.77,45.01,0.39,0.87%,2016-05-05,1395/02/16
2666,45.21,44.19,46.01,44.62,0.35,0.78%,2016-05-04,1395/02/15
2667,45.8,44.62,46.4,44.97,0.86,1.91%,2016-05-03,1395/02/14
2668,47.37,45.72,47.4,45.83,2.3,5.02%,2016-05-02,1395/02/13
2669,47.9,47.41,48.5,48.13,0.01,0.02%,2016-04-29,1395/02/10
2670,47.1,46.74,48.19,48.14,0.96,2.03%,2016-04-28,1395/02/09
2671,46.26,45.63,47.45,47.18,1.44,3.15%,2016-04-27,1395/02/08
2672,44.69,44.36,46.49,45.74,1.26,2.83%,2016-04-26,1395/02/07
2673,45.13,44.26,45.59,44.48,0.63,1.42%,2016-04-25,1395/02/06
2674,44.75,44.3,45.9,45.11,0.58,1.30%,2016-04-22,1395/02/03
2675,45.54,44.44,46.18,44.53,1.27,2.85%,2016-04-21,1395/02/02
2676,43.52,42.81,45.88,45.8,1.77,4.02%,2016-04-20,1395/02/01
2677,43.14,42.6,44.5,44.03,1.12,2.61%,2016-04-19,1395/01/31
2678,41.8,40.1,43.43,42.91,0.19,0.44%,2016-04-18,1395/01/30
2679,43.8,42.28,44.05,43.1,0.74,1.72%,2016-04-15,1395/01/27
2680,44.01,43.29,44.62,43.84,0.34,0.78%,2016-04-14,1395/01/26
2681,44.44,43.76,44.94,44.18,0.51,1.15%,2016-04-13,1395/01/25
2682,42.7,42.56,44.81,44.69,1.86,4.34%,2016-04-12,1395/01/24
2683,42,41.41,43.06,42.83,0.89,2.12%,2016-04-11,1395/01/23
2684,39.68,39.62,42.01,41.94,2.51,6.37%,2016-04-08,1395/01/20
2685,39.9,38.7,40.29,39.43,0.41,1.04%,2016-04-07,1395/01/19
2686,38.4,38.34,39.94,39.84,1.97,5.20%,2016-04-06,1395/01/18
2687,37.5,37.27,38.44,37.87,0.18,0.48%,2016-04-05,1395/01/17
2688,38.69,37.5,38.92,37.69,0.98,2.60%,2016-04-04,1395/01/16
2689,40.14,38.55,40.43,38.67,0.93,2.40%,2016-04-01,1395/01/13
2690,39.12,38.74,40,39.6,0.34,0.87%,2016-03-31,1395/01/12
2691,39.42,39.09,40.61,39.26,0.12,0.31%,2016-03-30,1395/01/11
2692,40.19,38.76,40.25,39.14,1.13,2.89%,2016-03-29,1395/01/10
2693,40.58,39.64,41,40.27,0.17,0.42%,2016-03-28,1395/01/09
2694,40.4,39.22,40.64,40.44,0.03,0.07%,2016-03-24,1395/01/05
2695,41.56,40.42,41.82,40.47,1.32,3.26%,2016-03-23,1395/01/04
2696,41.47,40.97,42.08,41.79,0.25,0.60%,2016-03-22,1395/01/03
2697,41.31,40.48,41.88,41.54,0.34,0.83%,2016-03-21,1395/01/02
2698,41.38,41.07,42.54,41.2,0.34,0.83%,2016-03-18,1394/12/28
2699,40.45,40.41,41.6,41.54,1.21,3%,2016-03-17,1394/12/27
2700,39.14,38.83,40.44,40.33,1.59,4.10%,2016-03-16,1394/12/26
2701,39.67,38.32,39.74,38.74,0.79,2.04%,2016-03-15,1394/12/25
2702,40.25,38.82,40.65,39.53,0.86,2.18%,2016-03-14,1394/12/24
2703,40.33,40.02,41.03,40.39,0.34,0.85%,2016-03-11,1394/12/21
2704,40.89,39.63,41.01,40.05,1.02,2.55%,2016-03-10,1394/12/20
2705,39.65,39.39,41.18,41.07,1.42,3.58%,2016-03-09,1394/12/19
2706,40.71,39.31,41.48,39.65,1.19,3%,2016-03-08,1394/12/18
2707,38.88,38.87,41.04,40.84,2.12,5.48%,2016-03-07,1394/12/17
2708,37.04,36.82,38.95,38.72,1.65,4.45%,2016-03-04,1394/12/14
2709,37.05,36.35,37.37,37.07,0.14,0.38%,2016-03-03,1394/12/13
2710,36.62,36.1,37.4,36.93,0.12,0.33%,2016-03-02,1394/12/12
2711,36.6,35.95,37.25,36.81,0.84,2.34%,2016-03-01,1394/12/11
2712,35.1,34.83,36.23,35.97,0.87,2.48%,2016-02-29,1394/12/10
2713,35.1,34.73,37,35.1,0.19,0.54%,2016-02-26,1394/12/07
2714,34.39,33.29,35.74,35.29,0.88,2.56%,2016-02-25,1394/12/06
2715,32.98,32.37,34.67,34.41,1.14,3.43%,2016-02-24,1394/12/05
2716,34.54,32.9,35.11,33.27,1.42,4.27%,2016-02-23,1394/12/04
2717,33.25,32.85,34.97,34.69,1.68,5.09%,2016-02-22,1394/12/03
2718,33.88,32.68,34.46,33.01,1.27,3.85%,2016-02-19,1394/11/30
2719,34.91,33.79,35.73,34.28,0.22,0.64%,2016-02-18,1394/11/29
2720,32.54,31.82,34.99,34.5,2.32,7.21%,2016-02-17,1394/11/28
2721,34.51,31.92,35.55,32.18,1.21,3.76%,2016-02-16,1394/11/27
2722,32.77,32.67,34.09,33.39,0.03,0.09%,2016-02-15,1394/11/26
2723,31.31,30.85,33.44,33.36,3.3,10.98%,2016-02-12,1394/11/23
2724,30.83,29.92,31.35,30.06,0.78,2.59%,2016-02-11,1394/11/22
2725,30.95,30.35,31.9,30.84,0.52,1.72%,2016-02-10,1394/11/21
2726,33.17,30.28,33.56,30.32,2.56,8.44%,2016-02-09,1394/11/20
2727,33.99,32.77,34.68,32.88,1.18,3.59%,2016-02-08,1394/11/19
2728,34.39,33.81,35.14,34.06,0.4,1.17%,2016-02-05,1394/11/16
2729,35.32,34.15,35.84,34.46,0.58,1.68%,2016-02-04,1394/11/15
2730,32.41,32.3,35.53,35.04,2.32,7.09%,2016-02-03,1394/11/14
2731,34.18,32.23,34.18,32.72,1.52,4.65%,2016-02-02,1394/11/13
2732,35.85,33.92,36.25,34.24,0.5,1.46%,2016-02-01,1394/11/12
2733,34.08,33.59,35,34.74,0.85,2.51%,2016-01-29,1394/11/09
2734,32.84,32.56,35.84,33.89,0.79,2.39%,2016-01-28,1394/11/08
2735,31.2,30.83,33.49,33.1,1.3,4.09%,2016-01-27,1394/11/07
2736,30.01,29.27,32.72,31.8,1.3,4.26%,2016-01-26,1394/11/06
2737,32.1,30,32.81,30.5,1.68,5.51%,2016-01-25,1394/11/05
2738,29.62,29.29,32.3,32.18,2.93,10.02%,2016-01-22,1394/11/02
2739,27.99,27.29,29.84,29.25,1.37,4.91%,2016-01-21,1394/11/01
2740,28.66,27.1,28.75,27.88,0.88,3.16%,2016-01-20,1394/10/30
2741,28.7,28.6,30.24,28.76,0.21,0.74%,2016-01-19,1394/10/29
2742,28.73,27.67,29.58,28.55,0.39,1.37%,2016-01-18,1394/10/28
2743,31,28.82,31.02,28.94,2.09,7.22%,2016-01-15,1394/10/25
2744,30.26,29.73,31.23,31.03,0.72,2.38%,2016-01-14,1394/10/24
2745,30.82,29.96,31.92,30.31,0.55,1.81%,2016-01-13,1394/10/23
2746,31.54,30.34,32.38,30.86,0.69,2.24%,2016-01-12,1394/10/22
2747,33.34,31.17,33.38,31.55,2,6.34%,2016-01-11,1394/10/21
2748,34.02,32.78,34.72,33.55,0.2,0.60%,2016-01-08,1394/10/18
2749,34.52,32.16,34.74,33.75,0.48,1.42%,2016-01-07,1394/10/17
2750,36.64,34.13,36.67,34.23,2.19,6.40%,2016-01-06,1394/10/16
2751,37.27,36.24,37.57,36.42,0.8,2.20%,2016-01-05,1394/10/15
2752,37.85,36.77,38.99,37.22,0.06,0.16%,2016-01-04,1394/10/14
2753,36.57,36.1,37.95,37.28,0.82,2.25%,2015-12-31,1394/10/10
2754,37.29,36.35,37.55,36.46,1.33,3.65%,2015-12-30,1394/10/09
2755,36.59,36.56,37.98,37.79,1.17,3.19%,2015-12-29,1394/10/08
2756,37.84,36.41,37.95,36.62,1.27,3.47%,2015-12-28,1394/10/07
2757,37.77,36.91,38.1,37.89,0.53,1.42%,2015-12-24,1394/10/03
2758,36.37,36.28,37.88,37.36,1.25,3.46%,2015-12-23,1394/10/02
2759,36.36,35.98,36.72,36.11,0.24,0.66%,2015-12-22,1394/10/01
2760,36.55,36.04,36.75,36.35,0.53,1.46%,2015-12-21,1394/09/30
2761,36.81,36.41,37.73,36.88,0.18,0.49%,2015-12-18,1394/09/27
2762,37.6,36.75,37.93,37.06,0.13,0.35%,2015-12-17,1394/09/26
2763,38.09,37.11,38.45,37.19,1.26,3.39%,2015-12-16,1394/09/25
2764,37.89,37.55,39.41,38.45,0.53,1.40%,2015-12-15,1394/09/24
2765,37.85,36.33,38.43,37.92,0.01,0.03%,2015-12-14,1394/09/23
2766,39.55,37.36,39.74,37.93,1.8,4.75%,2015-12-11,1394/09/20
2767,40.44,39.46,40.7,39.73,0.38,0.96%,2015-12-10,1394/09/19
2768,40.63,39.57,41.59,40.11,0.15,0.37%,2015-12-09,1394/09/18
2769,40.82,39.81,41.45,40.26,0.47,1.17%,2015-12-08,1394/09/17
2770,43.26,40.6,43.26,40.73,2.27,5.57%,2015-12-07,1394/09/16
2771,43.98,42.67,44.82,43,0.84,1.95%,2015-12-04,1394/09/13
2772,42.77,42.61,44.69,43.84,1.35,3.18%,2015-12-03,1394/09/12
2773,44.32,42.43,44.64,42.49,1.95,4.59%,2015-12-02,1394/09/11
2774,44.62,44.03,45.18,44.44,0.17,0.38%,2015-12-01,1394/09/10
2775,44.86,44.44,45.75,44.61,0.25,0.56%,2015-11-30,1394/09/09
2776,45.57,44.79,45.63,44.86,0.6,1.34%,2015-11-27,1394/09/06
2777,46.23,45,46.32,45.46,0.71,1.56%,2015-11-26,1394/09/05
2778,46.04,45.03,46.5,46.17,0.05,0.11%,2015-11-25,1394/09/04
2779,45.11,44.92,46.5,46.12,1.29,2.88%,2015-11-24,1394/09/03
2780,44.46,43.57,45.73,44.83,0.17,0.38%,2015-11-23,1394/09/02
2781,44.38,44.06,45.5,44.66,0.48,1.09%,2015-11-20,1394/08/29
2782,44.3,43.7,44.76,44.18,0.04,0.09%,2015-11-19,1394/08/28
2783,43.97,43.34,44.74,44.14,0.57,1.31%,2015-11-18,1394/08/27
2784,44.7,43.5,45.1,43.57,0.99,2.27%,2015-11-17,1394/08/26
2785,44.7,43.15,45.18,44.56,0.95,2.18%,2015-11-16,1394/08/25
2786,44.08,43.57,44.85,43.61,0.45,1.03%,2015-11-13,1394/08/22
2787,45.92,43.89,46.27,44.06,1.75,3.97%,2015-11-12,1394/08/21
2788,47.08,45.62,47.73,45.81,1.63,3.56%,2015-11-11,1394/08/20
2789,47.32,46.96,47.86,47.44,0.25,0.53%,2015-11-10,1394/08/19
2790,47.46,47.01,48.41,47.19,0.23,0.49%,2015-11-09,1394/08/18
2791,48.05,47.27,48.58,47.42,0.56,1.18%,2015-11-06,1394/08/15
2792,48.84,47.93,49,47.98,0.6,1.25%,2015-11-05,1394/08/14
2793,50.25,48.49,50.87,48.58,1.96,4.03%,2015-11-04,1394/08/13
2794,48.9,48.46,50.91,50.54,1.75,3.59%,2015-11-03,1394/08/12
2795,49.5,48.61,49.69,48.79,0.77,1.58%,2015-11-02,1394/08/11
2796,48.66,48.28,50,49.56,0.76,1.56%,2015-10-30,1394/08/08
2797,49.15,48.17,49.38,48.8,0.25,0.51%,2015-10-29,1394/08/07
2798,46.91,46.61,49.23,49.05,2.24,4.79%,2015-10-28,1394/08/06
2799,47.43,46.41,47.57,46.81,0.73,1.56%,2015-10-27,1394/08/05
2800,48,47.3,48.33,47.54,0.45,0.95%,2015-10-26,1394/08/04
2801,48.32,47.45,48.65,47.99,0.09,0.19%,2015-10-23,1394/08/01
2802,47.96,47.65,48.73,48.08,0.23,0.48%,2015-10-22,1394/07/30
2803,48.58,47.5,48.65,47.85,0.86,1.80%,2015-10-21,1394/07/29
2804,48.83,48.22,49.2,48.71,0.1,0.21%,2015-10-20,1394/07/28
2805,50.38,48.57,50.68,48.61,1.85,3.81%,2015-10-19,1394/07/27
2806,50.21,49.31,50.7,50.46,1.75,3.59%,2015-10-16,1394/07/24
2807,49.01,48.21,49.38,48.71,0.44,0.90%,2015-10-15,1394/07/23
2808,49.22,48.71,49.52,49.15,0.09,0.18%,2015-10-14,1394/07/22
2809,50.27,48.88,50.7,49.24,0.62,1.26%,2015-10-13,1394/07/21
2810,52.64,49.77,53.31,49.86,2.79,5.60%,2015-10-12,1394/07/20
2811,53.35,52.21,54.05,52.65,0.4,0.76%,2015-10-09,1394/07/17
2812,51.76,51.28,53.52,53.05,1.72,3.35%,2015-10-08,1394/07/16
2813,52.15,51.21,53.15,51.33,0.59,1.15%,2015-10-07,1394/07/15
2814,49.35,48.86,52.26,51.92,2.67,5.42%,2015-10-06,1394/07/14
2815,48.08,47.84,49.87,49.25,1.12,2.33%,2015-10-05,1394/07/13
2816,47.99,46.93,48.5,48.13,0.44,0.92%,2015-10-02,1394/07/10
2817,48.4,47.62,49.84,47.69,0.68,1.43%,2015-10-01,1394/07/09
2818,47.96,47.79,49,48.37,0.14,0.29%,2015-09-30,1394/07/08
2819,47.45,47.25,48.65,48.23,0.89,1.88%,2015-09-29,1394/07/07
2820,48.34,47.25,48.44,47.34,1.26,2.66%,2015-09-28,1394/07/06
2821,48.17,47.86,49.1,48.6,0.43,0.89%,2015-09-25,1394/07/03
2822,47.88,47.4,48.47,48.17,0.42,0.88%,2015-09-24,1394/07/02
2823,49.08,47.68,50.25,47.75,1.33,2.79%,2015-09-23,1394/07/01
2824,48.5,47.7,49.21,49.08,0.16,0.33%,2015-09-22,1394/06/31
2825,47.64,47.48,48.99,48.92,1.45,3.05%,2015-09-21,1394/06/30
2826,49.26,47.16,49.75,47.47,1.61,3.39%,2015-09-18,1394/06/27
2827,49.98,48.32,50.14,49.08,0.67,1.37%,2015-09-17,1394/06/26
2828,48.06,47.71,50.34,49.75,3.12,6.69%,2015-09-16,1394/06/25
2829,46.65,45.98,46.9,46.63,0.26,0.56%,2015-09-15,1394/06/24
2830,48.08,46.26,48.35,46.37,1.77,3.82%,2015-09-14,1394/06/23
2831,48.64,47.16,48.98,48.14,0.75,1.56%,2015-09-11,1394/06/20
2832,47.46,46.76,48.95,48.89,1.31,2.75%,2015-09-10,1394/06/19
2833,49.39,47.32,50.04,47.58,1.94,4.08%,2015-09-09,1394/06/18
2834,47.76,47.64,49.85,49.52,1.89,3.97%,2015-09-08,1394/06/17
2835,49.27,47.5,49.44,47.63,1.98,4.16%,2015-09-07,1394/06/16
2836,50.69,49.25,51.05,49.61,1.07,2.16%,2015-09-04,1394/06/13
2837,50.58,49.82,52.46,50.68,0.18,0.36%,2015-09-03,1394/06/12
2838,48.62,47.74,51,50.5,0.94,1.90%,2015-09-02,1394/06/11
2839,52.92,48.47,53.47,49.56,4.59,9.26%,2015-09-01,1394/06/10
2840,50.05,48.25,54.32,54.15,4.1,8.19%,2015-08-31,1394/06/09
2841,47.4,46.61,50.98,50.05,2.49,5.24%,2015-08-28,1394/06/06
2842,43.75,43.7,47.75,47.56,4.42,10.25%,2015-08-27,1394/06/05
2843,43.32,42.81,43.76,43.14,0.07,0.16%,2015-08-26,1394/06/04
2844,42.79,42.68,44.5,43.21,0.52,1.22%,2015-08-25,1394/06/03
2845,45.35,42.23,45.46,42.69,2.77,6.49%,2015-08-24,1394/06/02
2846,46.34,45.07,46.51,45.46,1.16,2.55%,2015-08-21,1394/05/30
2847,47.03,46.03,47.38,46.62,0.54,1.16%,2015-08-20,1394/05/29
2848,48.5,46.78,49.11,47.16,1.65,3.50%,2015-08-19,1394/05/28
2849,48.55,48.25,49.04,48.81,0.07,0.14%,2015-08-18,1394/05/27
2850,48.76,48.35,49.44,48.74,0.29,0.59%,2015-08-17,1394/05/26
2851,49.11,48.8,49.52,49.03,0.19,0.39%,2015-08-14,1394/05/23
2852,49.82,48.85,50.39,49.22,0.44,0.89%,2015-08-13,1394/05/22
2853,49.38,48.72,50.01,49.66,0.48,0.98%,2015-08-12,1394/05/21
2854,50.22,48.61,51.1,49.18,1.23,2.50%,2015-08-11,1394/05/20
2855,48.43,48.24,50.49,50.41,1.8,3.70%,2015-08-10,1394/05/19
2856,49.62,48.42,50.06,48.61,0.91,1.87%,2015-08-07,1394/05/16
2857,49.72,48.88,49.83,49.52,0.07,0.14%,2015-08-06,1394/05/15
2858,50.14,49.02,50.99,49.59,0.4,0.81%,2015-08-05,1394/05/14
2859,49.7,49.58,50.45,49.99,0.47,0.95%,2015-08-04,1394/05/13
2860,51.55,49.36,52.01,49.52,2.69,5.43%,2015-08-03,1394/05/12
2861,53.43,51.63,53.47,52.21,1.1,2.11%,2015-07-31,1394/05/09
2862,53.6,53.02,54.38,53.31,0.07,0.13%,2015-07-30,1394/05/08
2863,52.99,52.51,54.33,53.38,0.08,0.15%,2015-07-29,1394/05/07
2864,53.08,52.28,54.08,53.3,0.17,0.32%,2015-07-28,1394/05/06
2865,54.45,52.83,54.89,53.47,1.15,2.15%,2015-07-27,1394/05/05
2866,55.39,54.3,55.6,54.62,0.65,1.19%,2015-07-24,1394/05/02
2867,56.04,55.1,56.53,55.27,0.86,1.56%,2015-07-23,1394/05/01
2868,56.88,55.92,56.9,56.13,0.91,1.62%,2015-07-22,1394/04/31
2869,56.55,56.33,57.44,57.04,0.39,0.69%,2015-07-21,1394/04/30
2870,57.12,56.33,57.44,56.65,0.45,0.79%,2015-07-20,1394/04/29
2871,56.93,56.4,57.35,57.1,0.41,0.72%,2015-07-17,1394/04/26
2872,57.31,56.95,58.21,57.51,0.46,0.81%,2015-07-16,1394/04/25
2873,58.63,56.86,58.81,57.05,1.46,2.56%,2015-07-15,1394/04/24
2874,57.71,56.43,58.82,58.51,0.66,1.14%,2015-07-14,1394/04/23
2875,58.35,56.84,58.83,57.85,0.88,1.52%,2015-07-13,1394/04/22
2876,58.49,57.86,59.66,58.73,0.12,0.20%,2015-07-10,1394/04/19
2877,57.1,57.01,59.27,58.61,1.56,2.73%,2015-07-09,1394/04/18
2878,57.25,55.87,57.75,57.05,0.2,0.35%,2015-07-08,1394/04/17
2879,56.85,55.1,57.83,56.85,0.31,0.55%,2015-07-07,1394/04/16
2880,60,56.38,60,56.54,3.78,6.69%,2015-07-06,1394/04/15
2881,61.73,60.12,62.06,60.32,1.75,2.90%,2015-07-03,1394/04/12
2882,61.92,61.75,63.2,62.07,0.06,0.10%,2015-07-02,1394/04/11
2883,63.02,61.84,63.35,62.01,1.58,2.55%,2015-07-01,1394/04/10
2884,61.77,61.71,63.83,63.59,1.58,2.55%,2015-06-30,1394/04/09
2885,62.85,61.35,62.96,62.01,1.25,2.02%,2015-06-29,1394/04/08
2886,63.34,62.5,63.62,63.26,0.06,0.09%,2015-06-26,1394/04/05
2887,63.5,62.72,63.95,63.2,0.29,0.46%,2015-06-25,1394/04/04
2888,64.66,63.01,65.05,63.49,0.96,1.51%,2015-06-24,1394/04/03
2889,63.21,62.76,64.89,64.45,1.11,1.75%,2015-06-23,1394/04/02
2890,62.57,62.1,63.74,63.34,0.32,0.51%,2015-06-22,1394/04/01
2891,64.2,62.34,64.56,63.02,1.24,1.97%,2015-06-19,1394/03/29
2892,63.74,63.44,64.96,64.26,0.39,0.61%,2015-06-18,1394/03/28
2893,63.6,62.6,65.47,63.87,0.17,0.27%,2015-06-17,1394/03/27
2894,63.8,63.42,64.41,63.7,1.09,1.74%,2015-06-16,1394/03/26
2895,63.62,62.24,63.96,62.61,1.26,2.01%,2015-06-15,1394/03/25
2896,64.87,63.68,64.95,63.87,1.24,1.94%,2015-06-12,1394/03/22
2897,65.57,64.5,66.06,65.11,0.59,0.91%,2015-06-11,1394/03/21
2898,65.04,64.88,66.36,65.7,0.82,1.26%,2015-06-10,1394/03/20
2899,62.81,62.72,65.23,64.88,2.19,3.49%,2015-06-09,1394/03/19
2900,63.06,62.47,63.38,62.69,0.62,0.99%,2015-06-08,1394/03/18
2901,62.08,60.94,63.43,63.31,1.28,2.06%,2015-06-05,1394/03/15
2902,63.81,61.78,64.08,62.03,1.77,2.85%,2015-06-04,1394/03/14
2903,65.38,63.5,65.4,63.8,1.69,2.65%,2015-06-03,1394/03/13
2904,64.9,64.58,65.88,65.49,0.61,0.94%,2015-06-02,1394/03/12
2905,65.59,64.25,65.8,64.88,0.68,1.05%,2015-06-01,1394/03/11
2906,62.89,62.68,65.83,65.56,2.98,4.76%,2015-05-29,1394/03/08
2907,62.2,61.24,62.95,62.58,0.52,0.84%,2015-05-28,1394/03/07
2908,63.89,61.96,64.67,62.06,1.66,2.67%,2015-05-27,1394/03/06
2909,65.7,63.29,65.7,63.72,1.8,2.82%,2015-05-26,1394/03/05
2910,65.56,64.72,66.22,65.52,0.15,0.23%,2015-05-25,1394/03/04
2911,66.59,65.1,66.64,65.37,1.17,1.79%,2015-05-22,1394/03/01
2912,64.89,64.83,66.88,66.54,1.51,2.32%,2015-05-21,1394/02/31
2913,64.49,64.1,65.18,65.03,1.01,1.58%,2015-05-20,1394/02/30
2914,66.19,63.95,66.39,64.02,2.25,3.51%,2015-05-19,1394/02/29
2915,66.91,65.92,67.88,66.27,0.54,0.81%,2015-05-18,1394/02/28
2916,66.75,65.37,67,66.81,0.22,0.33%,2015-05-15,1394/02/25
2917,66.54,66.25,67.29,66.59,0.22,0.33%,2015-05-14,1394/02/24
2918,67.32,66.41,68.17,66.81,0.05,0.07%,2015-05-13,1394/02/23
2919,64.77,64.68,67.46,66.86,1.95,3%,2015-05-12,1394/02/22
2920,65.37,64.25,65.75,64.91,0.48,0.74%,2015-05-11,1394/02/21
2921,65.64,64.23,66.12,65.39,0.15,0.23%,2015-05-08,1394/02/18
2922,67.37,65.17,68.49,65.54,2.23,3.40%,2015-05-07,1394/02/17
2923,67.71,67.35,69.63,67.77,0.25,0.37%,2015-05-06,1394/02/16
2924,66.33,66.14,68.4,67.52,1.07,1.61%,2015-05-05,1394/02/15
2925,66.4,65.95,67.1,66.45,0.01,0.02%,2015-05-04,1394/02/14
2926,66.78,65.52,66.93,66.46,0.32,0.48%,2015-05-01,1394/02/11
2927,65.63,65.37,66.93,66.78,0.94,1.43%,2015-04-30,1394/02/10
2928,64.64,64.13,66.72,65.84,1.2,1.86%,2015-04-29,1394/02/09
2929,64.74,63.9,65.49,64.64,0.19,0.29%,2015-04-28,1394/02/08
2930,65.47,64.4,65.61,64.83,0.45,0.69%,2015-04-27,1394/02/07
2931,64.75,64.48,65.8,65.28,0.43,0.66%,2015-04-24,1394/02/04
2932,62.88,62.22,65.58,64.85,2.12,3.38%,2015-04-23,1394/02/03
2933,61.9,61.39,63.33,62.73,0.65,1.05%,2015-04-22,1394/02/02
2934,63.52,61.65,63.52,62.08,1.37,2.21%,2015-04-21,1394/02/01
2935,63.85,62.1,64.4,63.45,-,-,2015-04-20,1394/01/31
2936,64.02,62.95,64.5,63.45,0.53,0.84%,2015-04-17,1394/01/28
2937,62.9,62,64.95,63.98,3.66,6.07%,2015-04-16,1394/01/27
2938,58.74,58.74,60.45,60.32,1.89,3.23%,2015-04-15,1394/01/26
2939,58.17,57.76,59.24,58.43,0.5,0.86%,2015-04-14,1394/01/25
2940,58.02,57.46,59.54,57.93,0.06,0.10%,2015-04-13,1394/01/24
2941,56.84,56.25,58.12,57.87,1.3,2.30%,2015-04-10,1394/01/21
2942,56.1,55.97,58.02,56.57,1.02,1.84%,2015-04-09,1394/01/20
2943,58.3,55.45,58.72,55.55,3.55,6.39%,2015-04-08,1394/01/19
2944,57.8,57.02,59.27,59.1,0.98,1.69%,2015-04-07,1394/01/18
2945,55.18,55.08,58.24,58.12,3.17,5.77%,2015-04-06,1394/01/17
2946,56.72,54,57.28,54.95,2.15,3.91%,2015-04-02,1394/01/13
2947,55.18,54.7,57.69,57.1,1.99,3.61%,2015-04-01,1394/01/12
2948,56.31,54.72,56.33,55.11,1.18,2.14%,2015-03-31,1394/01/11
2949,55.96,55.2,56.65,56.29,0.12,0.21%,2015-03-30,1394/01/10
2950,58.97,55.95,59.04,56.41,2.78,4.93%,2015-03-27,1394/01/07
2951,56.35,56.3,59.78,59.19,2.71,4.80%,2015-03-26,1394/01/06
2952,55.09,54.7,57.17,56.48,1.37,2.49%,2015-03-25,1394/01/05
2953,55.83,54.85,56.79,55.11,0.81,1.47%,2015-03-24,1394/01/04
2954,55.24,54.12,56.19,55.92,0.6,1.08%,2015-03-23,1394/01/03
2955,54.46,53.55,55.67,55.32,0.89,1.64%,2015-03-20,1393/12/29
2956,56.18,53.91,56.2,54.43,1.48,2.72%,2015-03-19,1393/12/28
2957,53.28,52.68,56.84,55.91,2.4,4.49%,2015-03-18,1393/12/27
2958,54.1,52.57,54.38,53.51,0.07,0.13%,2015-03-17,1393/12/26
2959,54.41,52.5,54.64,53.44,1.23,2.30%,2015-03-16,1393/12/25
2960,57.03,54.43,57.4,54.67,2.41,4.41%,2015-03-13,1393/12/22
2961,57.92,56.51,58.81,57.08,0.46,0.81%,2015-03-12,1393/12/21
2962,56.45,55.92,57.95,57.54,1.15,2.04%,2015-03-11,1393/12/20
2963,58.37,56.12,58.72,56.39,2.14,3.79%,2015-03-10,1393/12/19
2964,59.62,58.38,60.02,58.53,1.2,2.05%,2015-03-09,1393/12/18
2965,60.75,59.17,61.3,59.73,0.75,1.26%,2015-03-06,1393/12/15
2966,60.6,60.08,61.57,60.48,0.07,0.12%,2015-03-05,1393/12/14
2967,60.85,59.47,60.94,60.55,0.47,0.78%,2015-03-04,1393/12/13
2968,60,59.84,61.81,61.02,1.48,2.49%,2015-03-03,1393/12/12
2969,62.5,59.34,62.5,59.54,3.04,5.11%,2015-03-02,1393/12/11
2970,60.75,60.51,62.83,62.58,2.53,4.21%,2015-02-27,1393/12/08
2971,61.85,59.66,62.63,60.05,1.58,2.63%,2015-02-26,1393/12/07
2972,58.75,58.41,62.2,61.63,2.97,5.06%,2015-02-25,1393/12/06
2973,59.09,58.1,60.3,58.66,0.24,0.41%,2015-02-24,1393/12/05
2974,60.3,58.37,60.67,58.9,1.32,2.24%,2015-02-23,1393/12/04
2975,60.2,59.82,61.15,60.22,0.01,0.02%,2015-02-20,1393/12/01
2976,59.54,57.8,60.99,60.21,0.32,0.53%,2015-02-19,1393/11/30
2977,62.3,59.25,62.46,60.53,2,3.30%,2015-02-18,1393/11/29
2978,61.68,60.27,63,62.53,1.13,1.84%,2015-02-17,1393/11/28
2979,61.49,60.71,62.57,61.4,0.12,0.20%,2015-02-16,1393/11/27
2980,59.27,59.08,61.77,61.52,4.47,7.84%,2015-02-13,1393/11/24
2981,55.12,54.72,57.5,57.05,2.39,4.37%,2015-02-12,1393/11/23
2982,56.81,53.91,57,54.66,1.77,3.24%,2015-02-11,1393/11/22
2983,57.79,56.11,58.57,56.43,1.91,3.38%,2015-02-10,1393/11/21
2984,57.93,57.3,59.61,58.34,0.54,0.93%,2015-02-09,1393/11/20
2985,56.74,56.71,59.06,57.8,1.23,2.17%,2015-02-06,1393/11/17
2986,54.8,53.07,57.87,56.57,2.41,4.45%,2015-02-05,1393/11/16
2987,57.19,53.5,58.06,54.16,3.75,6.92%,2015-02-04,1393/11/15
2988,55,54.84,59,57.91,3.16,5.77%,2015-02-03,1393/11/14
2989,52.68,51.41,55.62,54.75,1.76,3.32%,2015-02-02,1393/11/13
2990,49.15,48.76,53.08,52.99,3.86,7.86%,2015-01-30,1393/11/10
2991,48.69,48.37,49.25,49.13,0.66,1.36%,2015-01-29,1393/11/09
2992,49.1,48.29,49.72,48.47,1.13,2.33%,2015-01-28,1393/11/08
2993,48.25,47.67,49.99,49.6,1.44,2.99%,2015-01-27,1393/11/07
2994,48.56,47.57,49.29,48.16,0.63,1.31%,2015-01-26,1393/11/06
2995,49.11,48.55,49.8,48.79,0.27,0.56%,2015-01-23,1393/11/03
2996,48.6,48.02,50.45,48.52,0.51,1.05%,2015-01-22,1393/11/02
2997,48.29,48.21,49.59,49.03,1.04,2.17%,2015-01-21,1393/11/01
2998,48.91,47.78,49.48,47.99,0.85,1.77%,2015-01-20,1393/10/30
2999,50.1,48.68,50.35,48.84,1.33,2.72%,2015-01-19,1393/10/29
3000,48.25,48.07,50.41,50.17,2.5,5.24%,2015-01-16,1393/10/26
3001,48.68,47,50.62,47.67,1.02,2.14%,2015-01-15,1393/10/25
3002,46.84,45.59,49.21,48.69,2.1,4.51%,2015-01-14,1393/10/24
3003,47.06,45.19,47.29,46.59,0.84,1.80%,2015-01-13,1393/10/23
3004,49.93,47.16,49.98,47.43,2.68,5.65%,2015-01-12,1393/10/22
3005,51.25,48.9,51.44,50.11,0.85,1.70%,2015-01-09,1393/10/19
3006,51.06,49.81,51.91,50.96,0.19,0.37%,2015-01-08,1393/10/18
3007,51.15,49.66,51.84,51.15,0.05,0.10%,2015-01-07,1393/10/17
3008,53.2,50.52,53.6,51.1,2.01,3.93%,2015-01-06,1393/10/16
3009,56.25,52.66,56.3,53.11,3.31,6.23%,2015-01-05,1393/10/15
3010,58.02,55.48,58.54,56.42,0.91,1.61%,2015-01-02,1393/10/12
3011,57.35,55.81,57.68,57.33,0.57,0.99%,2014-12-31,1393/10/10
3012,57.93,56.74,58.39,57.9,0.02,0.03%,2014-12-30,1393/10/09
3013,59.65,57.37,60.43,57.88,1.57,2.71%,2014-12-29,1393/10/08
3014,60.19,59.21,60.97,59.45,0.79,1.33%,2014-12-26,1393/10/05
3015,61.63,59.37,61.71,60.24,1.45,2.41%,2014-12-24,1393/10/03
3016,60.24,59.84,62.14,61.69,1.58,2.63%,2014-12-23,1393/10/02
3017,61.99,59.84,62.97,60.11,1.27,2.11%,2014-12-22,1393/10/01
3018,59.85,59.05,62.66,61.38,2.11,3.56%,2014-12-19,1393/09/28
3019,60.94,59.17,63.7,59.27,1.91,3.22%,2014-12-18,1393/09/27
3020,59.9,58.71,63.4,61.18,1.32,2.21%,2014-12-17,1393/09/26
3021,60.65,58.5,61.01,59.86,1.2,2%,2014-12-16,1393/09/25
3022,61.2,60.2,63.25,61.06,0.79,1.29%,2014-12-15,1393/09/24
3023,63.01,61.35,63.66,61.85,1.83,2.96%,2014-12-12,1393/09/21
3024,64.47,63.05,65.13,63.68,0.56,0.88%,2014-12-11,1393/09/20
3025,66.25,63.56,66.36,64.24,2.6,4.05%,2014-12-10,1393/09/19
3026,66,65.29,67.04,66.84,0.65,0.98%,2014-12-09,1393/09/18
3027,68.79,65.93,68.79,66.19,2.88,4.35%,2014-12-08,1393/09/17
3028,69.53,68.1,69.82,69.07,0.57,0.83%,2014-12-05,1393/09/14
3029,70.15,68.81,70.6,69.64,0.28,0.40%,2014-12-04,1393/09/13
3030,70.95,69.5,71.46,69.92,0.62,0.89%,2014-12-03,1393/09/12
3031,72.51,70.4,73.03,70.54,2,2.84%,2014-12-02,1393/09/11
3032,70.15,67.53,73.02,72.54,2.39,3.41%,2014-12-01,1393/09/10
3033,72.58,69.78,73.41,70.15,2.43,3.46%,2014-11-28,1393/09/07
3034,77.4,71.25,77.46,72.58,5.17,7.12%,2014-11-27,1393/09/06
3035,78.28,77.3,78.86,77.75,0.58,0.75%,2014-11-26,1393/09/05
3036,79.45,78.05,80.44,78.33,1.35,1.72%,2014-11-25,1393/09/04
3037,80.5,79.4,80.85,79.68,0.68,0.85%,2014-11-24,1393/09/03
3038,79.95,79.07,81.61,80.36,1.03,1.30%,2014-11-21,1393/08/30
3039,78.16,77.56,79.95,79.33,1.23,1.57%,2014-11-20,1393/08/29
3040,78.41,78.04,79.45,78.1,0.37,0.47%,2014-11-19,1393/08/28
3041,79.01,78.21,79.95,78.47,0.84,1.07%,2014-11-18,1393/08/27
3042,79.5,77.94,79.6,79.31,0.1,0.13%,2014-11-17,1393/08/26
3043,77.67,76.76,79.75,79.41,1.49,1.91%,2014-11-14,1393/08/23
3044,79.97,77.83,80.2,77.92,2.46,3.16%,2014-11-13,1393/08/22
3045,81.25,79.72,81.65,80.38,1.29,1.60%,2014-11-12,1393/08/21
3046,82.13,80.46,82.38,81.67,0.67,0.82%,2014-11-11,1393/08/20
3047,83.26,81.88,84.97,82.34,1.05,1.28%,2014-11-10,1393/08/19
3048,82.67,82.16,83.86,83.39,0.53,0.64%,2014-11-07,1393/08/16
3049,83.1,82.05,83.27,82.86,0.09,0.11%,2014-11-06,1393/08/15
3050,82.78,81.63,84.45,82.95,0.13,0.16%,2014-11-05,1393/08/14
3051,84.21,82.08,84.43,82.82,1.96,2.37%,2014-11-04,1393/08/13
3052,85.85,84.01,86.4,84.78,1.08,1.27%,2014-11-03,1393/08/12
3053,86.02,84.6,86.25,85.86,0.38,0.44%,2014-10-31,1393/08/09
3054,86.93,85.71,87.1,86.24,0.88,1.02%,2014-10-30,1393/08/08
3055,86.1,86.06,87.94,87.12,1.09,1.27%,2014-10-29,1393/08/07
3056,85.5,85.08,86.38,86.03,0.2,0.23%,2014-10-28,1393/08/06
3057,86.08,84.55,86.25,85.83,0.3,0.35%,2014-10-27,1393/08/05
3058,86.78,85.29,86.78,86.13,0.7,0.81%,2014-10-24,1393/08/02
3059,84.71,84.12,87.19,86.83,2.12,2.50%,2014-10-23,1393/08/01
3060,86.46,84.47,87.07,84.71,1.51,1.78%,2014-10-22,1393/07/30
3061,85.13,85.1,86.49,86.22,0.82,0.96%,2014-10-21,1393/07/29
3062,86.35,84.41,86.7,85.4,0.76,0.89%,2014-10-20,1393/07/28
3063,86.5,85.49,87.34,86.16,1.69,2%,2014-10-17,1393/07/25
3064,83.45,82.6,85,84.47,0.69,0.82%,2014-10-16,1393/07/24
3065,85.54,83.02,85.62,83.78,1.26,1.50%,2014-10-15,1393/07/23
3066,88.23,84.48,88.74,85.04,3.85,4.53%,2014-10-14,1393/07/22
3067,89.89,87.74,90.18,88.89,1.32,1.48%,2014-10-13,1393/07/21
3068,89.1,88.11,90.49,90.21,0.16,0.18%,2014-10-10,1393/07/18
3069,91.62,88.42,91.85,90.05,1.33,1.48%,2014-10-09,1393/07/17
3070,91.89,90.57,91.89,91.38,0.73,0.80%,2014-10-08,1393/07/16
3071,92.81,91.4,92.99,92.11,0.68,0.74%,2014-10-07,1393/07/15
3072,91.9,91.25,93.21,92.79,0.48,0.52%,2014-10-06,1393/07/14
3073,93.75,91.48,94.06,92.31,1.11,1.20%,2014-10-03,1393/07/11
3074,94.3,91.55,94.37,93.42,0.74,0.79%,2014-10-02,1393/07/10
3075,94.77,93.78,96.23,94.16,0.51,0.54%,2014-10-01,1393/07/09
3076,97.15,94.24,97.8,94.67,2.53,2.67%,2014-09-30,1393/07/08
3077,96.81,96.27,97.34,97.2,0.2,0.21%,2014-09-29,1393/07/07
3078,97.11,96.46,97.5,97,-,-,2014-09-26,1393/07/04
3079,97.03,96.22,97.56,97,0.05,0.05%,2014-09-25,1393/07/03
3080,96.89,95.6,97.33,96.95,0.1,0.10%,2014-09-24,1393/07/02
3081,96.91,96.55,97.59,96.85,0.12,0.12%,2014-09-23,1393/07/01
3082,98.5,96.38,98.5,96.97,1.42,1.46%,2014-09-22,1393/06/31
3083,97.65,97.18,98.49,98.39,0.69,0.71%,2014-09-19,1393/06/28
3084,98.69,97.42,99.14,97.7,1.27,1.30%,2014-09-18,1393/06/27
3085,98.95,98.51,99.61,98.97,0.08,0.08%,2014-09-17,1393/06/26
3086,97.96,97.44,99.45,99.05,2.4,2.48%,2014-09-16,1393/06/25
3087,96.9,96.21,97.33,96.65,0.46,0.48%,2014-09-15,1393/06/24
3088,98.25,96.83,98.8,97.11,0.97,1%,2014-09-12,1393/06/21
3089,98.12,96.72,98.49,98.08,0.04,0.04%,2014-09-11,1393/06/20
3090,99.35,97.6,99.47,98.04,1.12,1.14%,2014-09-10,1393/06/19
3091,100.2,99.03,100.62,99.16,1.04,1.05%,2014-09-09,1393/06/18
3092,100.8,99.36,101,100.2,0.62,0.62%,2014-09-08,1393/06/17
3093,101.87,100.35,102.44,100.82,1.01,1%,2014-09-05,1393/06/14
3094,102.41,101.7,102.95,101.83,0.94,0.92%,2014-09-04,1393/06/13
3095,100.4,100.4,103.13,102.77,2.43,2.42%,2014-09-03,1393/06/12
3096,102.64,100.17,102.86,100.34,2.45,2.44%,2014-09-02,1393/06/11
3097,102.95,102.56,103.3,102.79,0.4,0.39%,2014-09-01,1393/06/10
3098,102.51,102.49,103.3,103.19,0.73,0.71%,2014-08-29,1393/06/07
3099,102.54,102.25,103.2,102.46,0.26,0.25%,2014-08-28,1393/06/06
3100,102.42,102.05,103.07,102.72,0.22,0.21%,2014-08-27,1393/06/05
3101,102.71,102.35,103.4,102.5,0.15,0.15%,2014-08-26,1393/06/04
3102,102.1,101.65,102.82,102.65,0.36,0.35%,2014-08-25,1393/06/03
3103,102.67,102,102.83,102.29,0.34,0.33%,2014-08-22,1393/05/31
3104,102.14,101.21,102.79,102.63,0.35,0.34%,2014-08-21,1393/05/30
3105,101.5,101.44,102.37,102.28,0.72,0.71%,2014-08-20,1393/05/29
3106,101.62,101.07,102.07,101.56,0.04,0.04%,2014-08-19,1393/05/28
3107,103.21,101.11,103.3,101.6,1.93,1.90%,2014-08-18,1393/05/27
3108,102.05,102.05,103.76,103.53,1.52,1.49%,2014-08-15,1393/05/24
3109,104.06,101.92,104.33,102.01,2.27,2.23%,2014-08-14,1393/05/23
3110,102.84,102.37,104.35,104.28,1.26,1.22%,2014-08-13,1393/05/22
3111,104.5,102.65,104.61,103.02,1.66,1.61%,2014-08-12,1393/05/21
3112,105,104.35,105.43,104.68,0.34,0.32%,2014-08-11,1393/05/20
3113,105.67,104.67,106.85,105.02,0.42,0.40%,2014-08-08,1393/05/17
3114,104.64,104.16,105.92,105.44,0.85,0.81%,2014-08-07,1393/05/16
3115,104.88,104.54,105.44,104.59,0.02,0.02%,2014-08-06,1393/05/15
3116,105.5,104.07,105.65,104.61,0.8,0.76%,2014-08-05,1393/05/14
3117,104.82,104.52,105.71,105.41,0.57,0.54%,2014-08-04,1393/05/13
3118,105.6,104.39,106.12,104.84,1.18,1.13%,2014-08-01,1393/05/10
3119,106.06,105.41,106.59,106.02,0.49,0.46%,2014-07-31,1393/05/09
3120,107.5,105.84,107.86,106.51,1.21,1.14%,2014-07-30,1393/05/08
3121,107.46,107.13,108.05,107.72,0.15,0.14%,2014-07-29,1393/05/07
3122,108.3,107.01,108.38,107.57,0.82,0.76%,2014-07-28,1393/05/06
3123,107.2,106.73,108.46,108.39,1.32,1.23%,2014-07-25,1393/05/03
3124,108.15,106.83,108.21,107.07,0.96,0.90%,2014-07-24,1393/05/02
3125,106.87,106.87,108.25,108.03,0.7,0.65%,2014-07-23,1393/05/01
3126,107.8,106.83,108.4,107.33,0.35,0.33%,2014-07-22,1393/04/31
3127,107.15,106.79,107.87,107.68,0.44,0.41%,2014-07-21,1393/04/30
3128,108.5,106.94,108.62,107.24,0.65,0.61%,2014-07-18,1393/04/27
3129,107.13,106.8,108.6,107.89,2.04,1.93%,2014-07-17,1393/04/26
3130,105.9,105.72,106.58,105.85,0.17,0.16%,2014-07-16,1393/04/25
3131,106.81,104.39,106.9,106.02,0.96,0.91%,2014-07-15,1393/04/24
3132,106.42,106.21,107.5,106.98,0.32,0.30%,2014-07-14,1393/04/23
3133,108.58,106.27,108.74,106.66,2.01,1.88%,2014-07-11,1393/04/20
3134,108.15,107.76,108.88,108.67,0.39,0.36%,2014-07-10,1393/04/19
3135,108.97,108.12,109,108.28,0.66,0.61%,2014-07-09,1393/04/18
3136,110,108.69,110.16,108.94,1.3,1.19%,2014-07-08,1393/04/17
3137,110.65,109.88,110.92,110.24,0.4,0.36%,2014-07-07,1393/04/16
3138,111.05,110.56,111.29,110.64,0.36,0.33%,2014-07-04,1393/04/13
3139,111,110.53,111.17,111,0.24,0.22%,2014-07-03,1393/04/12
3140,112.19,110.92,112.42,111.24,1.05,0.94%,2014-07-02,1393/04/11
3141,112.5,111.85,112.83,112.29,0.07,0.06%,2014-07-01,1393/04/10
3142,113.3,112.16,113.3,112.36,0.94,0.84%,2014-06-30,1393/04/09
3143,113.07,112.9,113.71,113.3,0.09,0.08%,2014-06-27,1393/04/06
3144,114.24,113,114.29,113.21,0.79,0.70%,2014-06-26,1393/04/05
3145,114.31,113.23,114.65,114,0.46,0.40%,2014-06-25,1393/04/04
3146,113.9,113.55,114.83,114.46,0.34,0.30%,2014-06-24,1393/04/03
3147,114.99,113.86,115.66,114.12,0.69,0.60%,2014-06-23,1393/04/02
3148,114.92,114.43,115.11,114.81,0.25,0.22%,2014-06-20,1393/03/30
3149,114.22,114.15,115.71,115.06,0.8,0.70%,2014-06-19,1393/03/29
3150,113.46,113.05,114.54,114.26,0.81,0.71%,2014-06-18,1393/03/28
3151,112.97,112.16,113.8,113.45,0.51,0.45%,2014-06-17,1393/03/27
3152,112.73,112.33,113.28,112.94,0.47,0.42%,2014-06-16,1393/03/26
3153,113.75,112.75,114.69,113.41,0.39,0.35%,2014-06-13,1393/03/23
3154,110.09,110,113.34,113.02,3.07,2.79%,2014-06-12,1393/03/22
3155,109.61,109.44,110.25,109.95,0.43,0.39%,2014-06-11,1393/03/21
3156,109.95,109.1,110.32,109.52,0.47,0.43%,2014-06-10,1393/03/20
3157,108.68,108.55,110.16,109.99,1.38,1.27%,2014-06-09,1393/03/19
3158,108.85,108.46,109.31,108.61,0.18,0.17%,2014-06-06,1393/03/16
3159,108.13,107.77,108.96,108.79,0.39,0.36%,2014-06-05,1393/03/15
3160,108.89,108.07,109.5,108.4,0.42,0.39%,2014-06-04,1393/03/14
3161,108.8,108.32,108.98,108.82,0.01,0.01%,2014-06-03,1393/03/13
3162,109.7,108.62,109.87,108.83,0.58,0.53%,2014-06-02,1393/03/12
3163,110.02,109.22,110.13,109.41,0.56,0.51%,2014-05-30,1393/03/09
3164,109.89,109.72,110.46,109.97,0.16,0.15%,2014-05-29,1393/03/08
3165,110.22,109.41,110.4,109.81,0.21,0.19%,2014-05-28,1393/03/07
3166,110.35,109.71,110.8,110.02,0.3,0.27%,2014-05-27,1393/03/06
3167,110.4,109.75,110.55,110.32,0.22,0.20%,2014-05-26,1393/03/05
3168,110.38,110.25,110.7,110.54,0.18,0.16%,2014-05-23,1393/03/02
3169,110.49,110.17,111.04,110.36,0.19,0.17%,2014-05-22,1393/03/01
3170,109.76,109.7,110.73,110.55,0.86,0.78%,2014-05-21,1393/02/31
3171,109.33,109.1,110,109.69,0.32,0.29%,2014-05-20,1393/02/30
3172,109.82,109.3,110.33,109.37,0.38,0.35%,2014-05-19,1393/02/29
3173,108.96,108.88,110.05,109.75,0.69,0.63%,2014-05-16,1393/02/26
3174,110.21,109.75,110.6,110.44,0.25,0.23%,2014-05-15,1393/02/25
3175,109.39,109.32,110.41,110.19,0.95,0.87%,2014-05-14,1393/02/24
3176,108.37,108.05,109.46,109.24,0.83,0.77%,2014-05-13,1393/02/23
3177,107.94,107.94,108.77,108.41,0.52,0.48%,2014-05-12,1393/02/22
3178,108.08,107.64,109.02,107.89,0.15,0.14%,2014-05-09,1393/02/19
3179,108.07,107.38,108.15,108.04,0.09,0.08%,2014-05-08,1393/02/18
3180,107.17,106.96,108.25,108.13,1.07,1%,2014-05-07,1393/02/17
3181,107.53,106.97,108.21,107.06,0.66,0.62%,2014-05-06,1393/02/16
3182,108.92,107.05,108.92,107.72,0.87,0.81%,2014-05-05,1393/02/15
3183,107.72,107.6,108.99,108.59,0.83,0.77%,2014-05-02,1393/02/12
3184,108.08,106.85,108.12,107.76,0.31,0.29%,2014-05-01,1393/02/11
3185,108.8,107.55,108.8,108.07,0.91,0.84%,2014-04-30,1393/02/10
3186,108.13,108,109.37,108.98,0.86,0.80%,2014-04-29,1393/02/09
3187,109.5,107.86,110.2,108.12,1.46,1.35%,2014-04-28,1393/02/08
3188,110.33,109.25,110.63,109.58,0.75,0.68%,2014-04-25,1393/02/05
3189,109.22,109.07,110.65,110.33,1.22,1.12%,2014-04-24,1393/02/04
3190,109.5,108.6,109.54,109.11,0.16,0.15%,2014-04-23,1393/02/03
3191,109.94,108.53,109.99,109.27,0.68,0.62%,2014-04-22,1393/02/02
3192,109.76,108.89,110.05,109.95,0.42,0.38%,2014-04-21,1393/02/01
3193,109.6,109.08,110.19,109.53,0.07,0.06%,2014-04-17,1393/01/28
3194,109.43,109,110.36,109.6,0.86,0.79%,2014-04-16,1393/01/27
3195,108.92,108.27,109.11,108.74,0.33,0.30%,2014-04-15,1393/01/26
3196,107.42,107.26,109.12,109.07,1.74,1.62%,2014-04-14,1393/01/25
3197,107.35,106.98,107.87,107.33,0.13,0.12%,2014-04-11,1393/01/22
3198,107.9,107.26,107.92,107.46,0.52,0.48%,2014-04-10,1393/01/21
3199,107.5,107.12,108.14,107.98,0.31,0.29%,2014-04-09,1393/01/20
3200,105.97,105.78,107.85,107.67,1.85,1.75%,2014-04-08,1393/01/19
3201,106.35,105.13,106.63,105.82,0.9,0.85%,2014-04-07,1393/01/18
3202,106.17,106.1,107.04,106.72,0.57,0.54%,2014-04-04,1393/01/15
3203,104.59,104.45,106.32,106.15,1.36,1.30%,2014-04-03,1393/01/14
3204,105.32,103.95,105.85,104.79,0.83,0.79%,2014-04-02,1393/01/13
3205,107.66,105.1,107.8,105.62,2.14,2.03%,2014-04-01,1393/01/12
3206,108,107.05,108.33,107.76,0.31,0.29%,2014-03-31,1393/01/11
3207,107.73,107.62,108.39,108.07,0.24,0.22%,2014-03-28,1393/01/08
3208,107,106.77,107.99,107.83,0.8,0.75%,2014-03-27,1393/01/07
3209,106.97,106.48,107.35,107.03,0.04,0.04%,2014-03-26,1393/01/06
3210,106.59,106.44,107.48,106.99,0.18,0.17%,2014-03-25,1393/01/05
3211,107.01,106.45,107.5,106.81,0.11,0.10%,2014-03-24,1393/01/04
3212,106.22,106.01,107.77,106.92,0.47,0.44%,2014-03-21,1393/01/01
3213,105.9,105.41,106.75,106.45,0.6,0.57%,2014-03-20,1392/12/29
3214,106.6,105.71,106.87,105.85,0.94,0.89%,2014-03-19,1392/12/28
3215,106.4,105.85,106.85,106.79,0.55,0.52%,2014-03-18,1392/12/27
3216,108.55,106.16,108.6,106.24,2.33,2.19%,2014-03-17,1392/12/26
3217,107.25,107.24,108.69,108.57,1.18,1.10%,2014-03-14,1392/12/23
3218,108.26,106.98,108.51,107.39,0.63,0.59%,2014-03-13,1392/12/22
3219,108.41,107.61,108.55,108.02,0.53,0.49%,2014-03-12,1392/12/21
3220,107.88,107.83,108.7,108.55,0.47,0.43%,2014-03-11,1392/12/20
3221,108.73,107.75,108.85,108.08,0.92,0.85%,2014-03-10,1392/12/19
3222,108.3,107.82,109.09,109,0.9,0.83%,2014-03-07,1392/12/16
3223,107.66,107.37,108.54,108.1,0.34,0.32%,2014-03-06,1392/12/15
3224,109.17,107.55,109.36,107.76,1.54,1.43%,2014-03-05,1392/12/14
3225,111.16,109,111.32,109.3,1.9,1.74%,2014-03-04,1392/12/13
3226,109.44,109.26,112.39,111.2,2.13,1.95%,2014-03-03,1392/12/12
3227,108.85,108.4,109.34,109.07,0.11,0.10%,2014-02-28,1392/12/09
3228,109.41,108.65,109.45,108.96,0.56,0.51%,2014-02-27,1392/12/08
3229,109.56,109.2,109.97,109.52,0.01,0.01%,2014-02-26,1392/12/07
3230,110.64,109.42,110.64,109.51,1.13,1.03%,2014-02-25,1392/12/06
3231,109.65,109.5,110.77,110.64,0.79,0.72%,2014-02-24,1392/12/05
3232,110.5,109.35,110.5,109.85,0.45,0.41%,2014-02-21,1392/12/02
3233,110.39,109.58,110.49,110.3,0.17,0.15%,2014-02-20,1392/12/01
3234,110.55,110.02,110.82,110.47,0.01,0.01%,2014-02-19,1392/11/30
3235,109.07,108.84,110.7,110.46,1.28,1.17%,2014-02-18,1392/11/29
3236,109.13,108.64,109.4,109.18,0.1,0.09%,2014-02-17,1392/11/28
3237,108.58,107.85,109.25,109.08,0.35,0.32%,2014-02-14,1392/11/25
3238,108.68,108.09,108.84,108.73,0.06,0.06%,2014-02-13,1392/11/24
3239,108.78,108.47,109.5,108.79,0.11,0.10%,2014-02-12,1392/11/23
3240,108.52,108.47,109.24,108.68,0.05,0.05%,2014-02-11,1392/11/22
3241,109.75,108.4,109.75,108.63,0.94,0.87%,2014-02-10,1392/11/21
3242,107.32,106.88,109.74,109.57,2.38,2.22%,2014-02-07,1392/11/18
3243,106.28,106.15,107.48,107.19,0.94,0.88%,2014-02-06,1392/11/17
3244,106.09,105.58,106.44,106.25,0.47,0.44%,2014-02-05,1392/11/16
3245,105.85,105.49,106.23,105.78,0.26,0.25%,2014-02-04,1392/11/15
3246,106.4,105.4,106.72,106.04,0.36,0.34%,2014-02-03,1392/11/14
3247,107.75,106.3,107.94,106.4,1.55,1.46%,2014-01-31,1392/11/11
3248,107.85,107.65,108.4,107.95,0.1,0.09%,2014-01-30,1392/11/10
3249,107.36,106.93,108.05,107.85,0.44,0.41%,2014-01-29,1392/11/09
3250,106.86,106.76,107.79,107.41,0.72,0.67%,2014-01-28,1392/11/08
3251,107.91,106.45,108.09,106.69,1.19,1.12%,2014-01-27,1392/11/07
3252,107.58,106.23,108.03,107.88,0.3,0.28%,2014-01-24,1392/11/04
3253,108.14,107.37,108.28,107.58,0.69,0.64%,2014-01-23,1392/11/03
3254,106.9,106.78,108.33,108.27,1.54,1.44%,2014-01-22,1392/11/02
3255,106.35,106.28,108,106.73,0.38,0.36%,2014-01-21,1392/11/01
3256,106.28,105.81,106.65,106.35,0.13,0.12%,2014-01-20,1392/10/30
3257,105.55,105.44,106.95,106.48,0.61,0.57%,2014-01-17,1392/10/27
3258,106.82,106.44,107.35,107.09,0.04,0.04%,2014-01-16,1392/10/26
3259,106.17,105.8,107.55,107.13,0.74,0.70%,2014-01-15,1392/10/25
3260,106.62,106.06,107.14,106.39,0.36,0.34%,2014-01-14,1392/10/24
3261,107.25,106.36,107.64,106.75,0.5,0.47%,2014-01-13,1392/10/23
3262,106.44,106.03,107.58,107.25,0.86,0.81%,2014-01-10,1392/10/20
3263,107.35,106.12,108.2,106.39,0.76,0.71%,2014-01-09,1392/10/19
3264,107.49,107,107.95,107.15,0.2,0.19%,2014-01-08,1392/10/18
3265,107.03,106.88,107.72,107.35,0.62,0.58%,2014-01-07,1392/10/17
3266,106.8,106.58,107.96,106.73,0.16,0.15%,2014-01-06,1392/10/16
3267,107.88,106.79,108.64,106.89,0.89,0.83%,2014-01-03,1392/10/13
3268,111,107.65,111.35,107.78,3.14,2.91%,2014-01-02,1392/10/12
3269,110.92,110.92,110.92,110.92,0.12,0.11%,2014-01-01,1392/10/11
3270,111.18,110.4,111.52,110.8,0.41,0.37%,2013-12-31,1392/10/10
3271,112.2,110.9,112.64,111.21,0.97,0.87%,2013-12-30,1392/10/09
3272,111.95,111.5,112.8,112.18,0.2,0.18%,2013-12-27,1392/10/06
3273,111.99,111.46,112.12,111.98,0.08,0.07%,2013-12-26,1392/10/05
3274,111.61,111.42,112.06,111.9,0.34,0.30%,2013-12-24,1392/10/03
3275,111.55,111.27,111.93,111.56,0.21,0.19%,2013-12-23,1392/10/02
3276,110.09,109.87,111.89,111.77,1.48,1.34%,2013-12-20,1392/09/29
3277,109.25,109.14,110.53,110.29,0.66,0.60%,2013-12-19,1392/09/28
3278,108.33,107.8,109.73,109.63,1.19,1.10%,2013-12-18,1392/09/27
3279,109.2,108.2,109.41,108.44,2.03,1.87%,2013-12-17,1392/09/26
3280,109.15,109,110.8,110.47,1.64,1.51%,2013-12-16,1392/09/25
3281,108.53,108.02,109,108.83,0.16,0.15%,2013-12-13,1392/09/22
3282,109.52,108.44,109.98,108.67,1.03,0.95%,2013-12-12,1392/09/21
3283,109.45,108.62,109.89,109.7,0.32,0.29%,2013-12-11,1392/09/20
3284,109.31,108.55,110.45,109.38,0.01,0.01%,2013-12-10,1392/09/19
3285,111.69,109,111.79,109.39,2.22,2.03%,2013-12-09,1392/09/18
3286,111.07,110.94,112.06,111.61,0.63,0.57%,2013-12-06,1392/09/15
3287,111.65,110.76,112.23,110.98,0.9,0.81%,2013-12-05,1392/09/14
3288,112.91,111.46,113.02,111.88,0.74,0.66%,2013-12-04,1392/09/13
3289,111.53,111.04,112.93,112.62,1.17,1.05%,2013-12-03,1392/09/12
3290,109.6,109.28,112.34,111.45,1.76,1.60%,2013-12-02,1392/09/11
3291,111.04,109.62,111.5,109.69,1.17,1.07%,2013-11-29,1392/09/08
3292,111.4,110.61,111.55,110.86,0.45,0.41%,2013-11-28,1392/09/07
3293,111,110.51,111.65,111.31,0.43,0.39%,2013-11-27,1392/09/06
3294,111.08,110.41,111.49,110.88,0.12,0.11%,2013-11-26,1392/09/05
3295,109,108.05,111.66,111,0.05,0.05%,2013-11-25,1392/09/04
3296,110.07,109.65,111.4,111.05,0.97,0.88%,2013-11-22,1392/09/01
3297,107.76,107.62,110.25,110.08,2.02,1.87%,2013-11-21,1392/08/30
3298,107.2,106.51,108.38,108.06,1.14,1.07%,2013-11-20,1392/08/29
3299,108.3,106.81,108.63,106.92,1.55,1.45%,2013-11-19,1392/08/28
3300,108.5,107.53,108.73,108.47,0.03,0.03%,2013-11-18,1392/08/27
3301,108.38,107.69,108.65,108.5,0.04,0.04%,2013-11-15,1392/08/24
3302,107.17,107.15,108.96,108.54,1.42,1.33%,2013-11-14,1392/08/23
3303,105.93,105.89,107.45,107.12,1.31,1.24%,2013-11-13,1392/08/22
3304,106.4,105.51,107.38,105.81,0.59,0.56%,2013-11-12,1392/08/21
3305,105.17,105.15,106.56,106.4,1.28,1.22%,2013-11-11,1392/08/20
3306,103.53,102.98,105.38,105.12,1.66,1.60%,2013-11-08,1392/08/17
3307,105,103.24,105.21,103.46,1.78,1.72%,2013-11-07,1392/08/16
3308,105.64,104.82,106.41,105.24,0.09,0.09%,2013-11-06,1392/08/15
3309,106.25,105.19,106.53,105.33,0.9,0.85%,2013-11-05,1392/08/14
3310,105.78,105.13,106.58,106.23,0.32,0.30%,2013-11-04,1392/08/13
3311,109.05,105.78,109.41,105.91,2.93,2.77%,2013-11-01,1392/08/10
3312,109.69,108.55,109.87,108.84,1.02,0.94%,2013-10-31,1392/08/09
3313,108.76,108.59,110.16,109.86,0.85,0.78%,2013-10-30,1392/08/08
3314,109.41,108.45,109.46,109.01,0.6,0.55%,2013-10-29,1392/08/07
3315,107.04,106.85,109.68,109.61,2.68,2.51%,2013-10-28,1392/08/06
3316,107.09,106.27,107.39,106.93,0.06,0.06%,2013-10-25,1392/08/03
3317,107.65,106.9,108.26,106.99,0.81,0.76%,2013-10-24,1392/08/02
3318,109.99,107.35,110.06,107.8,2.17,2.01%,2013-10-23,1392/08/01
3319,109.76,109.57,110.94,109.97,0.33,0.30%,2013-10-22,1392/07/30
3320,109.96,109.21,110.19,109.64,0.3,0.27%,2013-10-21,1392/07/29
3321,109.13,108.95,110.24,109.94,0.83,0.76%,2013-10-18,1392/07/26
3322,110.57,108.71,110.66,109.11,1.75,1.60%,2013-10-17,1392/07/25
3323,109.45,109.45,111.23,110.86,0.9,0.82%,2013-10-16,1392/07/24
3324,111.08,109.53,111.27,109.96,1.08,0.98%,2013-10-15,1392/07/23
3325,110.87,109.87,111.41,111.04,0.24,0.22%,2013-10-14,1392/07/22
3326,111.65,110.51,111.85,111.28,0.52,0.47%,2013-10-11,1392/07/19
3327,109.04,108.92,112,111.8,2.74,2.51%,2013-10-10,1392/07/18
3328,110.16,108.12,110.25,109.06,1.1,1.01%,2013-10-09,1392/07/17
3329,109.64,109.38,110.8,110.16,0.48,0.44%,2013-10-08,1392/07/16
3330,109.21,107.89,110.17,109.68,0.22,0.20%,2013-10-07,1392/07/15
3331,108.69,108.61,109.77,109.46,0.46,0.42%,2013-10-04,1392/07/12
3332,108.9,108.58,109.85,109,0.19,0.17%,2013-10-03,1392/07/11
3333,107.55,107.44,109.48,109.19,1.25,1.16%,2013-10-02,1392/07/10
3334,108.38,106.81,108.41,107.94,0.43,0.40%,2013-10-01,1392/07/09
3335,108.2,107.22,108.68,108.37,0.26,0.24%,2013-09-30,1392/07/08
3336,109,108.1,109.67,108.63,0.58,0.53%,2013-09-27,1392/07/05
3337,108,108,109.26,109.21,0.89,0.82%,2013-09-26,1392/07/04
3338,108.73,107.89,110.09,108.32,0.32,0.30%,2013-09-25,1392/07/03
3339,107.96,107.43,108.9,108.64,0.48,0.44%,2013-09-24,1392/07/02
3340,109.22,107.76,109.45,108.16,1.06,0.98%,2013-09-23,1392/07/01
3341,108.62,108.4,109.67,109.22,0.46,0.42%,2013-09-20,1392/06/29
3342,110.92,108.52,111.26,108.76,1.84,1.69%,2013-09-19,1392/06/28
3343,107.85,107.64,111.06,110.6,2.41,2.23%,2013-09-18,1392/06/27
3344,109.5,107.41,110,108.19,1.88,1.74%,2013-09-17,1392/06/26
3345,111.25,108.73,111.49,110.07,2.71,2.46%,2013-09-16,1392/06/25
3346,112.87,111.6,112.91,112.78,0.15,0.13%,2013-09-13,1392/06/22
3347,111.51,111.33,113.05,112.63,1.13,1.01%,2013-09-12,1392/06/21
3348,111.52,111.02,112.49,111.5,0.25,0.22%,2013-09-11,1392/06/20
3349,113,110.59,113.55,111.25,2.47,2.22%,2013-09-10,1392/06/19
3350,115.93,113,116.18,113.72,2.4,2.11%,2013-09-09,1392/06/18
3351,115.35,115.02,116.56,116.12,0.86,0.75%,2013-09-06,1392/06/15
3352,114.95,114.29,115.55,115.26,0.35,0.30%,2013-09-05,1392/06/14
3353,115.65,114.4,116.09,114.91,0.77,0.67%,2013-09-04,1392/06/13
3354,114.45,114.06,116,115.68,1.35,1.18%,2013-09-03,1392/06/12
3355,114,112.2,114.57,114.33,0.32,0.28%,2013-09-02,1392/06/11
3356,114.2,113.63,115.53,114.01,1.15,1.01%,2013-08-30,1392/06/08
3357,115.86,114.18,117.04,115.16,1.45,1.26%,2013-08-29,1392/06/07
3358,115.3,114.81,117.34,116.61,2.25,1.97%,2013-08-28,1392/06/06
3359,111.16,110.73,115.29,114.36,3.63,3.28%,2013-08-27,1392/06/05
3360,111.15,110.5,111.68,110.73,0.31,0.28%,2013-08-26,1392/06/04
3361,109.9,109.77,111.23,111.04,1.14,1.04%,2013-08-23,1392/06/01
3362,109.7,109.4,110.15,109.9,0.09,0.08%,2013-08-22,1392/05/31
3363,110.11,109.23,110.28,109.81,0.34,0.31%,2013-08-21,1392/05/30
3364,109.67,108.61,110.73,110.15,0.25,0.23%,2013-08-20,1392/05/29
3365,110.53,109.59,111,109.9,0.5,0.45%,2013-08-19,1392/05/28
3366,109.42,109.17,110.7,110.4,0.71,0.64%,2013-08-16,1392/05/25
3367,110.35,110.35,111.53,111.11,0.91,0.83%,2013-08-15,1392/05/24
3368,109.51,109.05,110.36,110.2,0.38,0.35%,2013-08-14,1392/05/23
3369,109.08,108.95,110.06,109.82,0.85,0.78%,2013-08-13,1392/05/22
3370,108.13,107.43,109.13,108.97,0.75,0.69%,2013-08-12,1392/05/21
3371,106.81,106.6,108.32,108.22,1.54,1.44%,2013-08-09,1392/05/18
3372,107.39,105.85,107.86,106.68,0.76,0.71%,2013-08-08,1392/05/17
3373,108.07,107.07,108.16,107.44,0.74,0.69%,2013-08-07,1392/05/16
3374,108.74,107.46,109.23,108.18,0.52,0.48%,2013-08-06,1392/05/15
3375,109.09,107.55,109.44,108.7,0.25,0.23%,2013-08-05,1392/05/14
3376,109.52,108.38,110.09,108.95,0.59,0.54%,2013-08-02,1392/05/11
3377,107.81,107.52,109.64,109.54,1.84,1.71%,2013-08-01,1392/05/10
3378,106.84,105.73,107.95,107.7,0.79,0.74%,2013-07-31,1392/05/09
3379,107.45,106.54,107.56,106.91,0.54,0.51%,2013-07-30,1392/05/08
3380,107.19,106.6,107.89,107.45,0.28,0.26%,2013-07-29,1392/05/07
3381,107.59,106.53,107.79,107.17,0.48,0.45%,2013-07-26,1392/05/04
3382,107.11,106.54,107.87,107.65,0.46,0.43%,2013-07-25,1392/05/03
3383,108.44,106.25,108.6,107.19,1.23,1.15%,2013-07-24,1392/05/02
3384,108.3,107.56,108.63,108.42,0.27,0.25%,2013-07-23,1392/05/01
3385,108.3,107.55,108.68,108.15,0.08,0.07%,2013-07-22,1392/04/31
3386,108.73,107.01,109.18,108.07,0.63,0.58%,2013-07-19,1392/04/28
3387,108.63,108.03,108.87,108.7,0.09,0.08%,2013-07-18,1392/04/27
3388,107.9,107.3,108.74,108.61,0.79,0.73%,2013-07-17,1392/04/26
3389,109.05,108.63,109.72,109.4,0.31,0.28%,2013-07-16,1392/04/25
3390,108.99,107.96,109.26,109.09,0.28,0.26%,2013-07-15,1392/04/24
3391,107.33,107.28,109.14,108.81,1.08,1%,2013-07-12,1392/04/21
3392,108.24,107.02,108.93,107.73,0.78,0.72%,2013-07-11,1392/04/20
3393,108.12,107.71,108.69,108.51,0.7,0.65%,2013-07-10,1392/04/19
3394,107.27,106.85,108.26,107.81,0.38,0.35%,2013-07-09,1392/04/18
3395,108,106.79,108.04,107.43,0.29,0.27%,2013-07-08,1392/04/17
3396,105.54,105.38,107.88,107.72,2.18,2.07%,2013-07-05,1392/04/14
3397,105.85,104.91,105.99,105.54,0.22,0.21%,2013-07-04,1392/04/13
3398,104.18,104.18,106.03,105.76,1.76,1.69%,2013-07-03,1392/04/12
3399,102.92,102.91,104.12,104,1,0.97%,2013-07-02,1392/04/11
3400,101.9,101.63,103.71,103,0.84,0.82%,2013-07-01,1392/04/10
3401,102.76,101.87,103.44,102.16,0.66,0.65%,2013-06-28,1392/04/07
3402,101.66,101.66,103.34,102.82,1.16,1.14%,2013-06-27,1392/04/06
3403,101.1,100.25,101.89,101.66,0.4,0.40%,2013-06-26,1392/04/05
3404,101,100.7,102.08,101.26,0.1,0.10%,2013-06-25,1392/04/04
3405,100.61,99.67,101.64,101.16,0.25,0.25%,2013-06-24,1392/04/03
3406,102.1,100.04,103.09,100.91,1.24,1.23%,2013-06-21,1392/03/31
3407,105.62,101.75,105.62,102.15,3.97,3.89%,2013-06-20,1392/03/30
3408,106.1,105.45,106.59,106.12,0.1,0.09%,2013-06-19,1392/03/29
3409,105.66,105.11,106.24,106.02,0.55,0.52%,2013-06-18,1392/03/28
3410,105.77,105.28,106.67,105.47,0.46,0.44%,2013-06-17,1392/03/27
3411,104.95,104.46,106.64,105.93,1.68,1.61%,2013-06-14,1392/03/24
3412,103.33,102.75,104.26,104.25,0.76,0.73%,2013-06-13,1392/03/23
3413,102.56,102.23,104.1,103.49,0.53,0.51%,2013-06-12,1392/03/22
3414,103.89,101.82,103.89,102.96,0.99,0.96%,2013-06-11,1392/03/21
3415,104.56,103.66,104.76,103.95,0.61,0.59%,2013-06-10,1392/03/20
3416,103.65,102.89,105.01,104.56,0.95,0.92%,2013-06-07,1392/03/17
3417,102.94,102.81,103.95,103.61,0.57,0.55%,2013-06-06,1392/03/16
3418,103.48,102.85,104.07,103.04,0.2,0.19%,2013-06-05,1392/03/15
3419,102.02,101.47,103.58,103.24,1.18,1.16%,2013-06-04,1392/03/14
3420,100.15,99.66,102.48,102.06,1.67,1.66%,2013-06-03,1392/03/13
3421,102.12,100.03,102.38,100.39,1.8,1.79%,2013-05-31,1392/03/10
3422,102.4,101.08,102.85,102.19,0.24,0.23%,2013-05-30,1392/03/09
3423,104.32,102.17,104.37,102.43,1.8,1.76%,2013-05-29,1392/03/08
3424,102.51,102.48,104.69,104.23,1.61,1.57%,2013-05-28,1392/03/07
3425,102.52,102.1,102.65,102.62,0.02,0.02%,2013-05-27,1392/03/06
3426,102.55,101.65,102.79,102.64,0.2,0.20%,2013-05-24,1392/03/03
3427,102.25,100.64,102.68,102.44,0.16,0.16%,2013-05-23,1392/03/02
3428,103.52,102.22,103.79,102.6,1.31,1.28%,2013-05-22,1392/03/01
3429,104.78,103.51,105.15,103.91,0.89,0.86%,2013-05-21,1392/02/31
3430,104.75,103.83,105.31,104.8,0.16,0.15%,2013-05-20,1392/02/30
3431,103.87,103.35,104.87,104.64,0.84,0.81%,2013-05-17,1392/02/27
3432,103.74,102.95,104.4,103.8,0.12,0.12%,2013-05-16,1392/02/26
3433,102.7,101.2,103.82,103.68,1.08,1.05%,2013-05-15,1392/02/25
3434,102.82,101.96,103.1,102.6,0.22,0.21%,2013-05-14,1392/02/24
3435,103.26,102.25,103.86,102.82,1.09,1.06%,2013-05-13,1392/02/23
3436,104.35,101.56,104.45,103.91,0.56,0.54%,2013-05-10,1392/02/20
3437,104.44,103.45,104.6,104.47,0.13,0.12%,2013-05-09,1392/02/19
3438,104.11,103.53,104.8,104.34,0.06,0.06%,2013-05-08,1392/02/18
3439,105.4,104,105.94,104.4,1.06,1.02%,2013-05-07,1392/02/17
3440,104.25,103.89,105.54,105.46,1.27,1.22%,2013-05-06,1392/02/16
3441,102.8,102.37,104.92,104.19,1.34,1.30%,2013-05-03,1392/02/13
3442,99.82,99.51,102.98,102.85,2.9,2.90%,2013-05-02,1392/02/12
3443,101.82,98.76,102.33,99.95,2.42,2.42%,2013-05-01,1392/02/11
3444,103.78,101.48,104,102.37,1.44,1.41%,2013-04-30,1392/02/10
3445,102.79,102.57,103.94,103.81,0.65,0.63%,2013-04-29,1392/02/09
3446,103.2,102.25,103.48,103.16,0.25,0.24%,2013-04-26,1392/02/06
3447,101.8,101.35,103.49,103.41,1.68,1.65%,2013-04-25,1392/02/05
3448,100.34,100.22,101.99,101.73,1.42,1.42%,2013-04-24,1392/02/04
3449,100.56,98.78,100.59,100.31,0.08,0.08%,2013-04-23,1392/02/03
3450,99.56,99.2,101.04,100.39,0.74,0.74%,2013-04-22,1392/02/02
3451,99.54,99.04,100.33,99.65,0.52,0.52%,2013-04-19,1392/01/30
3452,97.46,96.75,99.85,99.13,1.44,1.47%,2013-04-18,1392/01/29
3453,100.11,97.26,100.46,97.69,2.22,2.27%,2013-04-17,1392/01/28
3454,99.43,98,100.37,99.91,0.48,0.48%,2013-04-16,1392/01/27
3455,103.03,100.02,103.09,100.39,2.72,2.71%,2013-04-15,1392/01/26
3456,104.29,101.09,104.39,103.11,1.16,1.13%,2013-04-12,1392/01/23
3457,105.5,103.7,105.94,104.27,1.52,1.46%,2013-04-11,1392/01/22
3458,106.19,105.16,106.47,105.79,0.44,0.42%,2013-04-10,1392/01/21
3459,104.78,104.27,106.5,106.23,1.57,1.50%,2013-04-09,1392/01/20
3460,104.28,103.4,105.55,104.66,0.54,0.52%,2013-04-08,1392/01/19
3461,106.49,103.62,106.65,104.12,2.22,2.13%,2013-04-05,1392/01/16
3462,107.07,105.29,108.06,106.34,0.77,0.72%,2013-04-04,1392/01/15
3463,110.28,106.78,110.43,107.11,3.58,3.34%,2013-04-03,1392/01/14
3464,111.07,110,111.79,110.69,0.39,0.35%,2013-04-02,1392/01/13
3465,110.15,109.38,111.33,111.08,1.06,0.96%,2013-04-01,1392/01/12
3466,109.85,108.98,110.1,110.02,0.33,0.30%,2013-03-28,1392/01/08
3467,109.4,108.85,109.98,109.69,0.33,0.30%,2013-03-27,1392/01/07
3468,108.11,107.71,109.59,109.36,1.19,1.10%,2013-03-26,1392/01/06
3469,106.86,106.8,109.07,108.17,0.51,0.47%,2013-03-25,1392/01/05
3470,107.31,106.9,107.96,107.66,0.19,0.18%,2013-03-22,1392/01/02
3471,108.48,107.08,108.75,107.47,1.25,1.16%,2013-03-21,1392/01/01
3472,107.59,107.55,108.92,108.72,1.27,1.18%,2013-03-20,1391/12/30
3473,109.41,107.25,109.54,107.45,2.06,1.92%,2013-03-19,1391/12/29
3474,109.83,107.78,109.83,109.51,0.31,0.28%,2013-03-18,1391/12/28
3475,109.32,109.02,110.53,109.82,0.4,0.37%,2013-03-15,1391/12/25
3476,108.36,108.18,109.98,109.42,0.9,0.83%,2013-03-14,1391/12/24
3477,109.7,107.91,109.89,108.52,1.13,1.04%,2013-03-13,1391/12/23
3478,110.13,109.3,111.2,109.65,0.57,0.52%,2013-03-12,1391/12/22
3479,110.67,109.53,110.72,110.22,0.63,0.57%,2013-03-11,1391/12/21
3480,110.9,109.14,111.33,110.85,0.3,0.27%,2013-03-08,1391/12/18
3481,111.08,110.41,111.4,111.15,0.09,0.08%,2013-03-07,1391/12/17
3482,111.83,110.46,112.23,111.06,0.55,0.50%,2013-03-06,1391/12/16
3483,110.1,110.1,111.93,111.61,1.52,1.38%,2013-03-05,1391/12/15
3484,110.58,109.58,110.89,110.09,0.31,0.28%,2013-03-04,1391/12/14
3485,110.9,109.82,111.36,110.4,0.98,0.89%,2013-03-01,1391/12/11
3486,111.95,110.87,112.57,111.38,0.49,0.44%,2013-02-28,1391/12/10
3487,112.8,111.65,113.35,111.87,0.84,0.75%,2013-02-27,1391/12/09
3488,113.64,112.41,114.34,112.71,1.73,1.53%,2013-02-26,1391/12/08
3489,114.19,113.31,115.87,114.44,0.34,0.30%,2013-02-25,1391/12/07
3490,113.6,113.6,114.79,114.1,0.57,0.50%,2013-02-22,1391/12/04
3491,115.2,113.32,115.31,113.53,2.07,1.82%,2013-02-21,1391/12/03
3492,117.35,115.02,117.66,115.6,1.92,1.66%,2013-02-20,1391/12/02
3493,117.48,116.55,117.6,117.52,0.14,0.12%,2013-02-19,1391/12/01
3494,117.81,116.92,118.19,117.38,0.28,0.24%,2013-02-18,1391/11/30
3495,117.96,116.28,118.11,117.66,0.34,0.29%,2013-02-15,1391/11/27
3496,117.9,117.25,118.29,118,0.72,0.61%,2013-02-14,1391/11/26
3497,118.66,118.39,119.12,118.72,0.06,0.05%,2013-02-13,1391/11/25
3498,118.27,117.81,118.9,118.66,0.53,0.45%,2013-02-12,1391/11/24
3499,118.9,117.54,119.07,118.13,0.77,0.65%,2013-02-11,1391/11/23
3500,117.48,117.31,119.17,118.9,1.66,1.42%,2013-02-08,1391/11/20
3501,116.9,116.71,117.83,117.24,0.51,0.44%,2013-02-07,1391/11/19
3502,116.45,115.72,117.05,116.73,0.21,0.18%,2013-02-06,1391/11/18
3503,115.47,115.01,117.23,116.52,0.92,0.80%,2013-02-05,1391/11/17
3504,116.5,115.32,116.67,115.6,1.16,1%,2013-02-04,1391/11/16
3505,115.77,115.4,117.07,116.76,1.21,1.05%,2013-02-01,1391/11/13
3506,114.91,114.28,115.76,115.55,0.65,0.57%,2013-01-31,1391/11/12
3507,114.28,114.07,115.24,114.9,0.54,0.47%,2013-01-30,1391/11/11
3508,113.48,113.07,114.49,114.36,0.88,0.78%,2013-01-29,1391/11/10
3509,113.45,112.6,113.8,113.48,0.2,0.18%,2013-01-28,1391/11/09
3510,113.28,112.83,113.84,113.28,-,-,2013-01-25,1391/11/06
3511,112.76,112.4,113.65,113.28,0.48,0.43%,2013-01-24,1391/11/05
3512,112.42,112.06,113.15,112.8,0.38,0.34%,2013-01-23,1391/11/04
3513,111.71,111.35,112.65,112.42,0.71,0.64%,2013-01-22,1391/11/03
3514,111.67,111.41,111.99,111.71,0.18,0.16%,2013-01-21,1391/11/02
3515,111.1,110.47,111.97,111.89,0.79,0.71%,2013-01-18,1391/10/29
3516,109.74,109.45,111.38,111.1,0.49,0.44%,2013-01-17,1391/10/28
3517,110.52,110.24,110.84,110.61,0.31,0.28%,2013-01-16,1391/10/27
3518,111.93,110.19,112.46,110.3,1.58,1.43%,2013-01-15,1391/10/26
3519,110.62,110.31,112.15,111.88,1.24,1.12%,2013-01-14,1391/10/25
3520,111.95,109.6,111.95,110.64,1.25,1.13%,2013-01-11,1391/10/22
3521,111.68,111.6,113.29,111.89,0.13,0.12%,2013-01-10,1391/10/21
3522,111.9,111.11,112.23,111.76,0.18,0.16%,2013-01-09,1391/10/20
3523,111.42,111.12,112.47,111.94,0.54,0.48%,2013-01-08,1391/10/19
3524,111.42,110.54,111.69,111.4,0.09,0.08%,2013-01-07,1391/10/18
3525,111.72,110.38,111.78,111.31,0.83,0.75%,2013-01-04,1391/10/15
3526,112.2,111.63,112.42,112.14,0.33,0.29%,2013-01-03,1391/10/14
3527,111.5,111.27,112.9,112.47,1.36,1.22%,2013-01-02,1391/10/13
3528,110.35,109.38,111.34,111.11,0.49,0.44%,2012-12-31,1391/10/11
3529,111.24,109.83,111.38,110.62,0.18,0.16%,2012-12-28,1391/10/08
3530,110.78,110.1,111.33,110.8,0.27,0.24%,2012-12-27,1391/10/07
3531,109.15,109,111.52,111.07,2.27,2.09%,2012-12-26,1391/10/06
3532,109.02,108.13,109.22,108.8,0.17,0.16%,2012-12-24,1391/10/04
3533,110.2,108.66,110.28,108.97,1.23,1.13%,2012-12-21,1391/10/01
3534,110.1,109.7,110.66,110.2,0.16,0.15%,2012-12-20,1391/09/30
3535,108.9,108.74,110.48,110.36,1.52,1.40%,2012-12-19,1391/09/29
3536,107.98,107.93,108.98,108.84,1.2,1.11%,2012-12-18,1391/09/28
3537,108.3,107.58,108.5,107.64,1.51,1.40%,2012-12-17,1391/09/27
3538,108.2,108.2,109.58,109.15,1.24,1.15%,2012-12-14,1391/09/24
3539,109.36,107.8,109.52,107.91,1.59,1.47%,2012-12-13,1391/09/23
3540,108.14,108.14,110.5,109.5,1.49,1.38%,2012-12-12,1391/09/22
3541,107.45,107.09,108.37,108.01,0.68,0.63%,2012-12-11,1391/09/21
3542,107.3,107.01,108.54,107.33,0.31,0.29%,2012-12-10,1391/09/20
3543,107.05,106.66,107.89,107.02,0.01,0.01%,2012-12-07,1391/09/17
3544,108.63,106.63,109.16,107.03,1.78,1.66%,2012-12-06,1391/09/16
3545,109.87,108.64,110.57,108.81,1.03,0.95%,2012-12-05,1391/09/15
3546,110.92,109.15,110.92,109.84,1.08,0.98%,2012-12-04,1391/09/14
3547,110.96,110.6,112.33,110.92,0.31,0.28%,2012-12-03,1391/09/13
3548,110.35,110.25,111.34,111.23,0.47,0.42%,2012-11-30,1391/09/10
3549,109.7,109.45,111.3,110.76,1.25,1.14%,2012-11-29,1391/09/09
3550,109.95,108.44,110.17,109.51,0.36,0.33%,2012-11-28,1391/09/08
3551,111,109.31,111.36,109.87,1.05,0.96%,2012-11-27,1391/09/07
3552,111.16,110.27,111.48,110.92,0.46,0.41%,2012-11-26,1391/09/06
3553,110.47,110.1,111.54,111.38,0.83,0.75%,2012-11-23,1391/09/03
3554,110.97,110.11,111.17,110.55,0.31,0.28%,2012-11-22,1391/09/02
3555,110.49,109.55,111.46,110.86,1.03,0.94%,2012-11-21,1391/09/01
3556,111.8,109.01,111.85,109.83,1.87,1.70%,2012-11-20,1391/08/30
3557,109.2,109.19,112.2,111.7,2.75,2.52%,2012-11-19,1391/08/29
3558,107.69,107.66,109.25,108.95,2.03,1.86%,2012-11-16,1391/08/26
3559,109.68,109.66,111.12,110.98,1.37,1.25%,2012-11-15,1391/08/25
3560,108.12,107.8,110.35,109.61,1.35,1.25%,2012-11-14,1391/08/24
3561,108.7,107.38,108.98,108.26,0.81,0.75%,2012-11-13,1391/08/23
3562,109.59,108.56,110.39,109.07,0.33,0.30%,2012-11-12,1391/08/22
3563,107.15,106.25,109.78,109.4,2.15,2%,2012-11-09,1391/08/19
3564,106.92,106.12,108.17,107.25,0.43,0.40%,2012-11-08,1391/08/18
3565,110.83,106.53,111.64,106.82,4.25,3.98%,2012-11-07,1391/08/17
3566,107.93,107.13,111.31,111.07,3.34,3.10%,2012-11-06,1391/08/16
3567,105.55,104.76,108.18,107.73,2.05,1.94%,2012-11-05,1391/08/15
3568,108.07,105.5,108.8,105.68,2.49,2.36%,2012-11-02,1391/08/12
3569,108.49,107.75,109.03,108.17,0.53,0.49%,2012-11-01,1391/08/11
3570,109.14,108.3,109.8,108.7,0.38,0.35%,2012-10-31,1391/08/10
3571,109.36,108.65,110.1,109.08,0.36,0.33%,2012-10-30,1391/08/09
3572,109.65,108.51,110.26,109.44,0.11,0.10%,2012-10-29,1391/08/08
3573,108.49,107.4,109.7,109.55,1.06,0.98%,2012-10-26,1391/08/05
3574,107.59,107.46,109.28,108.49,0.64,0.59%,2012-10-25,1391/08/04
3575,108.31,106.8,109.34,107.85,0.4,0.37%,2012-10-24,1391/08/03
3576,109.52,107.31,109.8,108.25,1.19,1.10%,2012-10-23,1391/08/02
3577,109.95,109.12,110.97,109.44,0.7,0.64%,2012-10-22,1391/08/01
3578,112.26,109.9,113.27,110.14,2.28,2.07%,2012-10-19,1391/07/28
3579,113.13,111.57,113.63,112.42,0.8,0.71%,2012-10-18,1391/07/27
3580,113.93,112.8,114.31,113.22,1.85,1.63%,2012-10-17,1391/07/26
3581,115.72,114.5,116.2,115.07,0.73,0.63%,2012-10-16,1391/07/25
3582,114.64,113.58,115.91,115.8,1.18,1.03%,2012-10-15,1391/07/24
3583,115.96,113.94,115.96,114.62,1.09,0.95%,2012-10-12,1391/07/21
3584,114.56,114.42,116.02,115.71,1.38,1.21%,2012-10-11,1391/07/20
3585,114.23,113.77,115.59,114.33,0.17,0.15%,2012-10-10,1391/07/19
3586,112.22,111.97,114.72,114.5,2.68,2.40%,2012-10-09,1391/07/18
3587,111.99,110.54,112.35,111.82,0.2,0.18%,2012-10-08,1391/07/17
3588,112.45,110.54,113.05,112.02,0.56,0.50%,2012-10-05,1391/07/14
3589,108.2,108.02,112.69,112.58,4.41,4.08%,2012-10-04,1391/07/13
3590,111.36,107.67,111.36,108.17,3.4,3.14%,2012-10-03,1391/07/12
3591,112.28,111.27,112.45,111.57,0.62,0.56%,2012-10-02,1391/07/11
3592,112.34,111.47,113.27,112.19,0.2,0.18%,2012-10-01,1391/07/10
3593,112.53,111.52,113.4,112.39,0.38,0.34%,2012-09-28,1391/07/07
3594,110.17,109.68,112.5,112.01,1.97,1.79%,2012-09-27,1391/07/06
3595,109.88,108.45,110.23,110.04,0.41,0.37%,2012-09-26,1391/07/05
3596,109.93,109.44,111.47,110.45,0.64,0.58%,2012-09-25,1391/07/04
3597,111.5,108.78,111.56,109.81,1.61,1.47%,2012-09-24,1391/07/03
3598,110.5,110.08,111.7,111.42,1.39,1.26%,2012-09-21,1391/06/31
3599,108.18,107.1,110.65,110.03,1.84,1.70%,2012-09-20,1391/06/30
3600,111.71,107.4,112.98,108.19,3.84,3.55%,2012-09-19,1391/06/29
3601,113.45,111.61,114.42,112.03,1.76,1.57%,2012-09-18,1391/06/28
3602,116.67,111.5,117.02,113.79,2.87,2.52%,2012-09-17,1391/06/27
3603,115.66,115.58,117.95,116.66,0.24,0.21%,2012-09-14,1391/06/24
3604,115.6,115.45,117.48,116.9,0.94,0.81%,2012-09-13,1391/06/23
3605,115,115,116.67,115.96,0.56,0.49%,2012-09-12,1391/06/22
3606,114.65,114.37,115.46,115.4,0.59,0.51%,2012-09-11,1391/06/21
3607,114.55,113.92,115.05,114.81,0.56,0.49%,2012-09-10,1391/06/20
3608,112.8,112.34,114.65,114.25,0.76,0.67%,2012-09-07,1391/06/17
3609,113.67,112.55,115.15,113.49,0.4,0.35%,2012-09-06,1391/06/16
3610,114.1,112.73,114.38,113.09,1.09,0.96%,2012-09-05,1391/06/15
3611,115.51,113.93,116.65,114.18,1.6,1.40%,2012-09-04,1391/06/14
3612,114.7,114.03,115.98,115.78,1.21,1.06%,2012-09-03,1391/06/13
3613,112.48,112.36,114.93,114.57,1.92,1.70%,2012-08-31,1391/06/10
3614,112.5,112.25,113.44,112.65,0.11,0.10%,2012-08-30,1391/06/09
3615,112.34,111.5,113.3,112.54,0.04,0.04%,2012-08-29,1391/06/08
3616,112.68,111.71,113.1,112.58,0.32,0.29%,2012-08-28,1391/06/07
3617,113.8,111.56,115.5,112.26,1.33,1.18%,2012-08-27,1391/06/06
3618,114.59,113,115.28,113.59,1.42,1.25%,2012-08-24,1391/06/03
3619,114.84,114.33,116.38,115.01,0.1,0.09%,2012-08-23,1391/06/02
3620,114.71,113.53,115.27,114.91,0.27,0.24%,2012-08-22,1391/06/01
3621,113.65,113.65,115.58,114.64,0.94,0.83%,2012-08-21,1391/05/31
3622,113.83,112.87,114.7,113.7,0.01,0.01%,2012-08-20,1391/05/30
3623,114.48,112.7,114.77,113.71,3.19,2.81%,2012-08-17,1391/05/27
3624,116.55,115.5,117.03,116.9,0.65,0.56%,2012-08-16,1391/05/26
3625,113.94,113.49,116.72,116.25,2.22,1.95%,2012-08-15,1391/05/25
3626,113.47,113.22,114.3,114.03,0.43,0.38%,2012-08-14,1391/05/24
3627,113.4,113.09,115.11,113.6,0.65,0.58%,2012-08-13,1391/05/23
3628,113.28,111.31,113.54,112.95,0.27,0.24%,2012-08-10,1391/05/20
3629,111.99,111.6,113.53,113.22,1.08,0.96%,2012-08-09,1391/05/19
3630,111.58,110.85,113.27,112.14,0.14,0.12%,2012-08-08,1391/05/18
3631,109.43,109.13,112.56,112,2.45,2.24%,2012-08-07,1391/05/17
3632,108.6,107.9,109.77,109.55,0.61,0.56%,2012-08-06,1391/05/16
3633,105.93,105.8,109.13,108.94,3.04,2.87%,2012-08-03,1391/05/13
3634,105.8,104.97,107.3,105.9,0.06,0.06%,2012-08-02,1391/05/12
3635,104.4,104.06,106.92,105.96,1.04,0.99%,2012-08-01,1391/05/11
3636,106.12,104.1,106.52,104.92,1.28,1.22%,2012-07-31,1391/05/10
3637,106.37,105.58,106.99,106.2,0.27,0.25%,2012-07-30,1391/05/09
3638,105.19,105.02,106.73,106.47,1.21,1.15%,2012-07-27,1391/05/06
3639,104.15,103.47,106.18,105.26,0.88,0.84%,2012-07-26,1391/05/05
3640,103.16,102.1,104.71,104.38,0.96,0.93%,2012-07-25,1391/05/04
3641,103.09,102.53,104.48,103.42,0.16,0.15%,2012-07-24,1391/05/03
3642,106.9,102.42,106.94,103.26,3.57,3.46%,2012-07-23,1391/05/02
3643,107.5,105.6,107.7,106.83,0.97,0.91%,2012-07-20,1391/04/30
3644,105.32,105.28,108.18,107.8,2.64,2.51%,2012-07-19,1391/04/29
3645,103.58,103.22,105.6,105.16,1.16,1.12%,2012-07-18,1391/04/28
3646,103.32,102.77,104.75,104,0.45,0.43%,2012-07-17,1391/04/27
3647,102.76,102.07,103.69,103.55,1.15,1.12%,2012-07-16,1391/04/26
3648,100.53,100.51,103.44,102.4,1.33,1.32%,2012-07-13,1391/04/23
3649,100.64,98.51,101.36,101.07,0.84,0.84%,2012-07-12,1391/04/22
3650,97.97,97.83,100.83,100.23,2.26,2.31%,2012-07-11,1391/04/21
3651,99.5,97.73,99.65,97.97,2.35,2.40%,2012-07-10,1391/04/20
3652,98.15,97.92,101.06,100.32,2.13,2.17%,2012-07-09,1391/04/19
3653,100.4,97.73,100.4,98.19,2.51,2.56%,2012-07-06,1391/04/16
3654,99.75,99.3,102.34,100.7,0.93,0.93%,2012-07-05,1391/04/15
3655,100.75,99.26,100.95,99.77,0.91,0.91%,2012-07-04,1391/04/14
3656,97.24,97.12,101.58,100.68,3.34,3.43%,2012-07-03,1391/04/13
3657,97.6,95.3,97.87,97.34,0.46,0.47%,2012-07-02,1391/04/12
3658,92.06,91.73,98.29,97.8,6.44,7.05%,2012-06-29,1391/04/09
3659,93.32,90.88,93.85,91.36,2.14,2.34%,2012-06-28,1391/04/08
3660,92.81,91.7,93.95,93.5,0.48,0.52%,2012-06-27,1391/04/07
3661,91.3,90.7,93.25,93.02,2.01,2.21%,2012-06-26,1391/04/06
3662,91.65,89.6,91.75,91.01,0.03,0.03%,2012-06-25,1391/04/05
3663,89.38,88.49,91.7,90.98,1.75,1.96%,2012-06-22,1391/04/02
3664,92.55,88.9,92.76,89.23,3.46,3.88%,2012-06-21,1391/04/01
3665,95.71,92.38,96.04,92.69,3.07,3.31%,2012-06-20,1391/03/31
3666,95.91,94.44,96.8,95.76,0.29,0.30%,2012-06-19,1391/03/30
3667,98.04,95.38,99.5,96.05,1.56,1.62%,2012-06-18,1391/03/29
3668,97.9,96.97,98.1,97.61,0.58,0.60%,2012-06-15,1391/03/26
3669,97.2,96.33,97.8,97.03,0.1,0.10%,2012-06-14,1391/03/25
3670,97.24,96.67,98.38,97.13,0.01,0.01%,2012-06-13,1391/03/24
3671,96.81,96.62,97.97,97.14,0.86,0.89%,2012-06-12,1391/03/23
3672,100.24,96.46,102.21,98,1.47,1.50%,2012-06-11,1391/03/22
3673,99.3,97.19,99.99,99.47,0.46,0.46%,2012-06-08,1391/03/19
3674,100.91,99.07,102.45,99.93,0.71,0.71%,2012-06-07,1391/03/18
3675,98.9,98.71,101.39,100.64,1.8,1.82%,2012-06-06,1391/03/17
3676,99.16,97.68,99.63,98.84,0.01,0.01%,2012-06-05,1391/03/16
3677,98.43,95.63,99.15,98.85,0.42,0.43%,2012-06-04,1391/03/15
3678,101.69,97.54,101.95,98.43,3.44,3.49%,2012-06-01,1391/03/12
3679,103.23,101.27,104.16,101.87,1.6,1.57%,2012-05-31,1391/03/11
3680,106.82,102.85,106.82,103.47,3.21,3.10%,2012-05-30,1391/03/10
3681,107.45,106.06,107.95,106.68,0.43,0.40%,2012-05-29,1391/03/09
3682,106.83,106.8,108.04,107.11,0.28,0.26%,2012-05-28,1391/03/08
3683,106.55,106.02,107.24,106.83,0.28,0.26%,2012-05-25,1391/03/05
3684,106.1,105.03,107.25,106.55,0.99,0.94%,2012-05-24,1391/03/04
3685,108.11,105.39,108.16,105.56,2.85,2.70%,2012-05-23,1391/03/03
3686,109.25,107.79,109.36,108.41,0.4,0.37%,2012-05-22,1391/03/02
3687,107.4,106.75,109.43,108.81,1.67,1.56%,2012-05-21,1391/03/01
3688,106.75,106.4,107.99,107.14,0.35,0.33%,2012-05-18,1391/02/29
3689,109.43,106.58,110.15,107.49,4.22,3.93%,2012-05-17,1391/02/28
3690,112.02,110.41,112.1,111.71,0.53,0.47%,2012-05-16,1391/02/27
3691,111.17,110.93,112.67,112.24,0.67,0.60%,2012-05-15,1391/02/26
3692,112.07,110.04,112.07,111.57,0.69,0.62%,2012-05-14,1391/02/25
3693,112.05,111.4,112.8,112.26,0.47,0.42%,2012-05-11,1391/02/22
3694,112.72,112.12,113.64,112.73,0.47,0.42%,2012-05-10,1391/02/21
3695,113.05,111.31,113.27,113.2,0.47,0.42%,2012-05-09,1391/02/20
3696,113.16,110.53,113.64,112.73,0.43,0.38%,2012-05-08,1391/02/19
3697,112.8,110.34,113.5,113.16,0.02,0.02%,2012-05-07,1391/02/18
3698,115.91,111.76,116.29,113.18,2.9,2.56%,2012-05-04,1391/02/15
3699,118.2,115.92,118.45,116.08,2.12,1.83%,2012-05-03,1391/02/14
3700,119.7,117.64,119.8,118.2,1.46,1.24%,2012-05-02,1391/02/13
3701,119.28,118.8,120.02,119.66,0.19,0.16%,2012-05-01,1391/02/12
3702,119.7,118.73,119.79,119.47,0.36,0.30%,2012-04-30,1391/02/11
3703,119.6,119.06,119.95,119.83,0.09,0.08%,2012-04-27,1391/02/08
3704,119.05,118.78,120.17,119.92,0.8,0.67%,2012-04-26,1391/02/07
3705,118.38,117.45,119.25,119.12,0.96,0.81%,2012-04-25,1391/02/06
3706,118.75,117.85,118.94,118.16,0.55,0.47%,2012-04-24,1391/02/05
3707,118.7,117.21,118.91,118.71,0.05,0.04%,2012-04-23,1391/02/04
3708,118.01,117.87,119.69,118.76,0.76,0.64%,2012-04-20,1391/02/01
3709,118.15,117.68,119.15,118,0.03,0.03%,2012-04-19,1391/01/31
3710,118.45,116.7,118.85,117.97,0.81,0.69%,2012-04-18,1391/01/30
3711,118.53,117.98,119.34,118.78,0.1,0.08%,2012-04-17,1391/01/29
3712,121,118.2,121,118.68,3.15,2.65%,2012-04-16,1391/01/28
3713,121.88,120.77,122,121.83,0.12,0.10%,2012-04-13,1391/01/25
3714,120.14,119.28,121.92,121.71,1.53,1.27%,2012-04-12,1391/01/24
3715,119.87,119.05,120.8,120.18,0.3,0.25%,2012-04-11,1391/01/23
3716,122.53,119.49,122.83,119.88,2.79,2.33%,2012-04-10,1391/01/22
3717,122.85,121.02,122.86,122.67,0.76,0.62%,2012-04-09,1391/01/21
3718,122.54,121.8,123.54,123.43,1.09,0.89%,2012-04-05,1391/01/17
3719,124.88,122.3,124.99,122.34,2.52,2.06%,2012-04-04,1391/01/16
3720,125.3,124.3,125.97,124.86,0.57,0.46%,2012-04-03,1391/01/15
3721,122.94,121.7,125.63,125.43,2.55,2.08%,2012-04-02,1391/01/14
3722,122.6,122.58,124.07,122.88,0.49,0.40%,2012-03-30,1391/01/11
3723,124.23,121.37,124.64,122.39,1.77,1.45%,2012-03-29,1391/01/10
3724,125.18,123.53,125.18,124.16,1.38,1.11%,2012-03-28,1391/01/09
3725,125.74,124.91,126.18,125.54,0.11,0.09%,2012-03-27,1391/01/08
3726,125.04,124.58,125.89,125.65,0.52,0.42%,2012-03-26,1391/01/07
3727,123.3,123.1,127.06,125.13,1.99,1.62%,2012-03-23,1391/01/04
3728,124.04,122.3,124.25,123.14,1.06,0.86%,2012-03-22,1391/01/03
3729,124.21,123.76,124.8,124.2,0.08,0.06%,2012-03-21,1391/01/02
3730,125.27,123.2,125.44,124.12,1.59,1.28%,2012-03-20,1391/01/01
3731,125.6,124.82,126.05,125.71,0.1,0.08%,2012-03-19,1390/12/29
3732,122.55,122.45,126.16,125.81,2.26,1.83%,2012-03-16,1390/12/26
3733,125.12,120.97,125.35,123.55,1.42,1.15%,2012-03-15,1390/12/25
3734,126.12,124.64,126.68,124.97,1.25,1%,2012-03-14,1390/12/24
3735,125.5,125,126.79,126.22,0.88,0.70%,2012-03-13,1390/12/23
3736,125.84,124.2,125.98,125.34,0.64,0.51%,2012-03-12,1390/12/22
3737,125.48,124.69,126.37,125.98,0.54,0.43%,2012-03-09,1390/12/19
3738,124.05,123.8,126.34,125.44,1.32,1.06%,2012-03-08,1390/12/18
3739,122.19,121.99,124.45,124.12,2.14,1.75%,2012-03-07,1390/12/17
3740,124.39,121.59,124.39,121.98,1.82,1.49%,2012-03-06,1390/12/16
3741,123.37,122.66,124.66,123.8,0.15,0.12%,2012-03-05,1390/12/15
3742,126.16,123.12,126.16,123.65,2.55,2.06%,2012-03-02,1390/12/12
3743,123,122.49,128.4,126.2,3.54,2.89%,2012-03-01,1390/12/11
3744,121.61,120.5,123.2,122.66,1.11,0.91%,2012-02-29,1390/12/10
3745,123.39,121.5,123.95,121.55,2.62,2.16%,2012-02-28,1390/12/09
3746,125.25,123,125.51,124.17,1.3,1.05%,2012-02-27,1390/12/08
3747,124.01,123.3,125.55,125.47,1.85,1.50%,2012-02-24,1390/12/05
3748,122.73,122.1,124.5,123.62,0.72,0.59%,2012-02-23,1390/12/04
3749,121.5,121,123.23,122.9,1.24,1.02%,2012-02-22,1390/12/03
3750,120.07,119.21,121.88,121.66,1.61,1.34%,2012-02-21,1390/12/02
3751,120,119.8,121.15,120.05,0.47,0.39%,2012-02-20,1390/12/01
3752,120.13,118.85,120.7,119.58,0.53,0.44%,2012-02-17,1390/11/28
3753,118.9,118.32,120.38,120.11,1.18,0.99%,2012-02-16,1390/11/27
3754,117.44,117.4,119.99,118.93,0.77,0.65%,2012-02-15,1390/11/26
3755,117.64,117,118.28,118.16,0.23,0.20%,2012-02-14,1390/11/25
3756,117.69,117.35,118.61,117.93,0.62,0.53%,2012-02-13,1390/11/24
3757,118.61,116.29,118.61,117.31,1.28,1.09%,2012-02-10,1390/11/21
3758,117.7,117.28,118.79,118.59,1.39,1.19%,2012-02-09,1390/11/20
3759,116.01,115.9,117.97,117.2,0.97,0.83%,2012-02-08,1390/11/19
3760,116.64,115.6,117.5,116.23,0.3,0.26%,2012-02-07,1390/11/18
3761,114.58,113.65,116.68,115.93,1.35,1.18%,2012-02-06,1390/11/17
3762,112.5,111.93,114.71,114.58,2.51,2.24%,2012-02-03,1390/11/14
3763,111.51,111.04,112.56,112.07,0.51,0.46%,2012-02-02,1390/11/13
3764,111.3,111.02,112.82,111.56,0.58,0.52%,2012-02-01,1390/11/12
3765,110.98,110.5,113.9,110.98,0.23,0.21%,2012-01-31,1390/11/11
3766,111.5,110.25,111.78,110.75,0.71,0.64%,2012-01-30,1390/11/10
3767,111,110.49,111.99,111.46,0.67,0.60%,2012-01-27,1390/11/07
3768,110.45,110.27,111.89,110.79,0.98,0.89%,2012-01-26,1390/11/06
3769,110.22,108.91,110.89,109.81,0.22,0.20%,2012-01-25,1390/11/05
3770,110.84,109.7,111.11,110.03,0.55,0.50%,2012-01-24,1390/11/04
3771,110.04,109.23,111.36,110.58,0.72,0.66%,2012-01-23,1390/11/03
3772,111.53,109.42,112.06,109.86,1.69,1.54%,2012-01-20,1390/10/30
3773,111.1,110.37,111.75,111.55,0.89,0.80%,2012-01-19,1390/10/29
3774,111.46,110.33,112.2,110.66,0.87,0.79%,2012-01-18,1390/10/28
3775,111.42,110.56,112.76,111.53,0.33,0.30%,2012-01-17,1390/10/27
3776,110.7,110.49,111.67,111.2,0.76,0.69%,2012-01-16,1390/10/26
3777,111.21,109.71,112.5,110.44,0.82,0.74%,2012-01-13,1390/10/23
3778,112.84,110.31,115.12,111.26,0.98,0.88%,2012-01-12,1390/10/22
3779,113.12,112.11,113.76,112.24,1.04,0.93%,2012-01-11,1390/10/21
3780,112.5,112.43,114.01,113.28,0.83,0.74%,2012-01-10,1390/10/20
3781,113.42,111.8,113.88,112.45,0.61,0.54%,2012-01-09,1390/10/19
3782,112.85,112.03,113.68,113.06,0.32,0.28%,2012-01-06,1390/10/16
3783,113.5,112.1,114.64,112.74,0.96,0.85%,2012-01-05,1390/10/15
3784,112.1,111.27,113.97,113.7,1.57,1.40%,2012-01-04,1390/10/14
3785,108.35,108.35,112.44,112.13,4.75,4.42%,2012-01-03,1390/10/13
3786,108,106.62,108.25,107.38,0.63,0.59%,2011-12-30,1390/10/09
3787,107.41,106.5,108.1,108.01,0.45,0.42%,2011-12-29,1390/10/08
3788,108.93,106.77,109.5,107.56,1.71,1.59%,2011-12-28,1390/10/07
3789,108.16,107.85,109.5,109.27,1.31,1.21%,2011-12-27,1390/10/06
3790,107.77,107.4,108.55,107.96,0.07,0.06%,2011-12-23,1390/10/02
3791,107.92,107.29,108.5,107.89,0.18,0.17%,2011-12-22,1390/10/01
3792,107.15,106.16,108.17,107.71,0.98,0.92%,2011-12-21,1390/09/30
3793,104.3,103.91,107.27,106.73,3.09,2.98%,2011-12-20,1390/09/29
3794,103.63,102.37,104.57,103.64,0.29,0.28%,2011-12-19,1390/09/28
3795,103.51,102.46,104.56,103.35,1.74,1.68%,2011-12-16,1390/09/25
3796,104.88,104.88,106.5,105.09,0.07,0.07%,2011-12-15,1390/09/24
3797,109.47,104.36,109.5,105.02,4.48,4.27%,2011-12-14,1390/09/23
3798,107.23,107.07,111.1,109.5,2.24,2.09%,2011-12-13,1390/09/22
3799,108.75,107,108.75,107.26,1.36,1.27%,2011-12-12,1390/09/21
3800,107.66,107.11,108.99,108.62,0.51,0.47%,2011-12-09,1390/09/18
3801,109.6,107.28,110.67,108.11,1.42,1.31%,2011-12-08,1390/09/17
3802,110.7,109,111.49,109.53,1.28,1.17%,2011-12-07,1390/09/16
3803,109.19,109.04,110.96,110.81,1,0.91%,2011-12-06,1390/09/15
3804,110.36,109.2,111.62,109.81,0.13,0.12%,2011-12-05,1390/09/14
3805,109.09,108.62,110.41,109.94,0.95,0.87%,2011-12-02,1390/09/11
3806,110.75,108.18,111.24,108.99,1.53,1.40%,2011-12-01,1390/09/10
3807,110.8,109.65,112.03,110.52,0.3,0.27%,2011-11-30,1390/09/09
3808,108.52,108.39,111,110.82,1.82,1.67%,2011-11-29,1390/09/08
3809,106.73,106.63,109.49,109,2.6,2.44%,2011-11-28,1390/09/07
3810,107.5,105.85,107.79,106.4,1.38,1.30%,2011-11-25,1390/09/04
3811,107.2,107.04,108.09,107.78,0.76,0.71%,2011-11-24,1390/09/03
3812,108.61,106.82,108.85,107.02,2.01,1.88%,2011-11-23,1390/09/02
3813,106.62,106.62,109.45,109.03,2.15,2.01%,2011-11-22,1390/09/01
3814,107.46,105.65,107.74,106.88,0.68,0.64%,2011-11-21,1390/08/30
3815,107.53,106.97,109.99,107.56,0.66,0.61%,2011-11-18,1390/08/27
3816,110.85,107.56,111.98,108.22,3.66,3.38%,2011-11-17,1390/08/26
3817,112.2,110.14,112.5,111.88,0.51,0.46%,2011-11-16,1390/08/25
3818,112.03,111.62,113.14,112.39,0.5,0.45%,2011-11-15,1390/08/24
3819,114.63,111.32,114.83,111.89,2.27,2.03%,2011-11-14,1390/08/23
3820,113.07,113.06,114.91,114.16,0.45,0.40%,2011-11-11,1390/08/20
3821,112.33,111.3,114.13,113.71,1.4,1.25%,2011-11-10,1390/08/19
3822,115.42,111.78,115.75,112.31,2.69,2.40%,2011-11-09,1390/08/18
3823,114.6,114.2,116.48,115,0.44,0.38%,2011-11-08,1390/08/17
3824,112.41,111.26,115.23,114.56,2.59,2.31%,2011-11-07,1390/08/16
3825,110.79,110.3,112.48,111.97,1.14,1.03%,2011-11-04,1390/08/13
3826,109.65,107.83,111.24,110.83,1.49,1.36%,2011-11-03,1390/08/12
3827,108.87,108.56,111.47,109.34,0.2,0.18%,2011-11-02,1390/08/11
3828,109.09,106.1,109.68,109.54,0.02,0.02%,2011-11-01,1390/08/10
3829,110.13,108.2,110.33,109.56,0.35,0.32%,2011-10-31,1390/08/09
3830,112.13,109.65,112.23,109.91,2.17,1.97%,2011-10-28,1390/08/06
3831,109.5,109.5,112.79,112.08,3.17,2.91%,2011-10-27,1390/08/05
3832,110.85,108.76,111.78,108.91,2.01,1.85%,2011-10-26,1390/08/04
3833,111.55,109.47,112.15,110.92,0.53,0.48%,2011-10-25,1390/08/03
3834,109.32,109.32,111.6,111.45,1.89,1.73%,2011-10-24,1390/08/02
3835,109.91,109.25,111.88,109.56,0.2,0.18%,2011-10-21,1390/07/29
3836,108.5,107.31,110.17,109.76,1.37,1.26%,2011-10-20,1390/07/28
3837,111.07,108.12,111.85,108.39,2.76,2.55%,2011-10-19,1390/07/27
3838,110.16,108.45,111.89,111.15,0.99,0.90%,2011-10-18,1390/07/26
3839,112.46,109.72,113.86,110.16,4.52,4.10%,2011-10-17,1390/07/25
3840,111.15,110.96,114.8,114.68,3.57,3.21%,2011-10-14,1390/07/22
3841,111.1,109.07,111.87,111.11,0.25,0.23%,2011-10-13,1390/07/21
3842,110.31,109.89,113,111.36,0.63,0.57%,2011-10-12,1390/07/20
3843,108.85,107.45,111.24,110.73,1.78,1.63%,2011-10-11,1390/07/19
3844,106.01,105.65,109.5,108.95,3.07,2.90%,2011-10-10,1390/07/18
3845,105.4,104.37,106.64,105.88,0.15,0.14%,2011-10-07,1390/07/15
3846,102.65,101.53,105.88,105.73,3,2.92%,2011-10-06,1390/07/14
3847,101.81,100.66,102.84,102.73,2.94,2.95%,2011-10-05,1390/07/13
3848,100.65,99.11,102.41,99.79,1.92,1.92%,2011-10-04,1390/07/12
3849,102,100.59,102.8,101.71,1.05,1.03%,2011-10-03,1390/07/11
3850,104.91,101.78,104.91,102.76,1.19,1.16%,2011-09-30,1390/07/08
3851,103,102.35,105.82,103.95,0.14,0.13%,2011-09-29,1390/07/07
3852,106.75,103.23,107.41,103.81,3.33,3.21%,2011-09-28,1390/07/06
3853,104.77,104.5,107.54,107.14,3.2,3.08%,2011-09-27,1390/07/05
3854,103.61,101.66,105.34,103.94,0.03,0.03%,2011-09-26,1390/07/04
3855,105.36,103.43,107,103.97,1.52,1.46%,2011-09-23,1390/07/01
3856,109.5,104.85,109.5,105.49,4.87,4.62%,2011-09-22,1390/06/31
3857,110.25,108.92,112.44,110.36,0.18,0.16%,2011-09-21,1390/06/30
3858,109.2,108.7,111.59,110.54,1.4,1.28%,2011-09-20,1390/06/29
3859,111.71,108.7,112.11,109.14,3.08,2.82%,2011-09-19,1390/06/28
3860,112.46,111.51,114.25,112.22,3.12,2.78%,2011-09-16,1390/06/25
3861,112.41,111.75,116.1,115.34,2.94,2.62%,2011-09-15,1390/06/24
3862,111.93,110.83,112.7,112.4,0.51,0.46%,2011-09-14,1390/06/23
3863,112.85,111.28,113.3,111.89,0.36,0.32%,2011-09-13,1390/06/22
3864,112.43,110.42,113.76,112.25,0.52,0.46%,2011-09-12,1390/06/21
3865,114.26,110.93,115.17,112.77,1.78,1.58%,2011-09-09,1390/06/18
3866,116.05,113.95,116.6,114.55,1.25,1.09%,2011-09-08,1390/06/17
3867,113.41,112.7,116.5,115.8,2.91,2.58%,2011-09-07,1390/06/16
3868,109.89,109.85,113.61,112.89,2.81,2.55%,2011-09-06,1390/06/15
3869,112.5,109.9,112.5,110.08,2.25,2.04%,2011-09-05,1390/06/14
3870,114.18,111.36,114.58,112.33,1.96,1.74%,2011-09-02,1390/06/11
3871,114.85,113.61,115.36,114.29,0.56,0.49%,2011-09-01,1390/06/10
3872,113.85,113.52,115.19,114.85,0.83,0.73%,2011-08-31,1390/06/09
3873,112.36,111.16,114.25,114.02,2.14,1.91%,2011-08-30,1390/06/08
3874,110.77,110.53,112.73,111.88,0.52,0.47%,2011-08-29,1390/06/07
3875,110.57,109.3,111.7,111.36,0.74,0.67%,2011-08-26,1390/06/04
3876,110.32,109,111.45,110.62,0.47,0.43%,2011-08-25,1390/06/03
3877,109.66,108.71,111,110.15,0.84,0.77%,2011-08-24,1390/06/02
3878,108.1,107.2,110.2,109.31,0.95,0.88%,2011-08-23,1390/06/01
3879,108.5,105.15,108.75,108.36,0.26,0.24%,2011-08-22,1390/05/31
3880,106.27,105.06,109.4,108.62,1.63,1.52%,2011-08-19,1390/05/28
3881,110.55,106.27,110.75,106.99,3.61,3.37%,2011-08-18,1390/05/27
3882,109.58,109.09,111.74,110.6,1.13,1.03%,2011-08-17,1390/05/26
3883,109.48,108.23,109.94,109.47,0.44,0.40%,2011-08-16,1390/05/25
3884,108.1,107.4,110,109.91,1.88,1.74%,2011-08-15,1390/05/24
3885,107.94,106.86,109.16,108.03,0.01,0.01%,2011-08-12,1390/05/21
3886,105,104.43,108.22,108.02,1.34,1.26%,2011-08-11,1390/05/20
3887,104.2,103.41,107.11,106.68,4.11,4.01%,2011-08-10,1390/05/19
3888,103.15,98.74,105.95,102.57,1.17,1.14%,2011-08-09,1390/05/18
3889,108.5,102.7,108.5,103.74,5.63,5.43%,2011-08-08,1390/05/17
3890,107.25,104.3,110.26,109.37,2.12,1.98%,2011-08-05,1390/05/14
3891,113.5,107,113.73,107.25,5.98,5.58%,2011-08-04,1390/05/13
3892,116.19,112.84,116.29,113.23,3.23,2.85%,2011-08-03,1390/05/12
3893,117,115.53,118.4,116.46,0.35,0.30%,2011-08-02,1390/05/11
3894,117,114.78,120.4,116.81,0.07,0.06%,2011-08-01,1390/05/10
3895,117.17,115.75,117.7,116.74,0.62,0.53%,2011-07-29,1390/05/07
3896,117.3,117.05,118.71,117.36,0.07,0.06%,2011-07-28,1390/05/06
3897,118.15,117.18,118.5,117.43,0.85,0.72%,2011-07-27,1390/05/05
3898,117.65,116.53,119.05,118.28,0.34,0.29%,2011-07-26,1390/05/04
3899,118.36,116.92,118.45,117.94,0.73,0.62%,2011-07-25,1390/05/03
3900,118.03,117.35,118.8,118.67,1.16,0.99%,2011-07-22,1390/04/31
3901,118.35,116.62,119.25,117.51,0.64,0.54%,2011-07-21,1390/04/30
3902,117.45,117.06,118.86,118.15,1.09,0.93%,2011-07-20,1390/04/29
3903,116.5,116.09,118.45,117.06,1.01,0.87%,2011-07-19,1390/04/28
3904,117.55,114.66,117.8,116.05,1.21,1.04%,2011-07-18,1390/04/27
3905,116.23,115.16,117.75,117.26,1.06,0.90%,2011-07-15,1390/04/24
3906,118.53,117.73,119.4,118.32,0.46,0.39%,2011-07-14,1390/04/23
3907,116.95,116.71,119.86,118.78,1.03,0.87%,2011-07-13,1390/04/22
3908,117.22,114.95,117.83,117.75,0.51,0.44%,2011-07-12,1390/04/21
3909,118.27,115.22,118.4,117.24,1.09,0.93%,2011-07-11,1390/04/20
3910,118.51,116.88,119.87,118.33,0.26,0.22%,2011-07-08,1390/04/17
3911,114.4,113.75,118.7,118.59,4.97,4.37%,2011-07-07,1390/04/16
3912,113.51,111.91,114.32,113.62,0.01,0.01%,2011-07-06,1390/04/15
3913,111.55,110.45,114.44,113.61,2.22,1.99%,2011-07-05,1390/04/14
3914,111.3,111.02,112.16,111.39,0.38,0.34%,2011-07-04,1390/04/13
3915,111.8,109.5,112.48,111.77,0.71,0.64%,2011-07-01,1390/04/10
3916,112.3,110.72,113.24,112.48,0.08,0.07%,2011-06-30,1390/04/09
3917,108.65,108.1,112.67,112.4,3.62,3.33%,2011-06-29,1390/04/08
3918,106.76,105.35,109.05,108.78,2.79,2.63%,2011-06-28,1390/04/07
3919,105.36,102.28,106.74,105.99,0.87,0.83%,2011-06-27,1390/04/06
3920,108.59,103.62,108.7,105.12,2.14,2.04%,2011-06-24,1390/04/03
3921,113.19,105.72,113.4,107.26,6.95,6.48%,2011-06-23,1390/04/02
3922,110.97,110.35,114.48,114.21,3.26,2.94%,2011-06-22,1390/04/01
3923,111.54,109.92,113.1,110.95,0.74,0.67%,2011-06-21,1390/03/31
3924,112.96,111.23,113.38,111.69,1.52,1.36%,2011-06-20,1390/03/30
3925,114.21,111.05,114.31,113.21,0.81,0.72%,2011-06-17,1390/03/27
3926,113.72,112.55,114.94,114.02,3.08,2.70%,2011-06-16,1390/03/26
3927,120.22,116.8,121.47,117.1,3.06,2.61%,2011-06-15,1390/03/25
3928,118.7,118.56,120.75,120.16,1.06,0.89%,2011-06-14,1390/03/24
3929,118.46,117.12,120.25,119.1,0.32,0.27%,2011-06-13,1390/03/23
3930,119.53,117.63,120.07,118.78,0.79,0.67%,2011-06-10,1390/03/20
3931,117.8,117.37,119.86,119.57,1.72,1.46%,2011-06-09,1390/03/19
3932,116.89,115.75,118.59,117.85,1.07,0.92%,2011-06-08,1390/03/18
3933,114.3,113.8,117.43,116.78,2.3,2.01%,2011-06-07,1390/03/17
3934,115.96,113.96,116.14,114.48,1.36,1.19%,2011-06-06,1390/03/16
3935,115.66,113.4,116.25,115.84,0.3,0.26%,2011-06-03,1390/03/13
3936,114.33,113.74,115.95,115.54,1.01,0.88%,2011-06-02,1390/03/12
3937,117.07,113.84,117.28,114.53,2.2,1.92%,2011-06-01,1390/03/11
3938,114.52,114.5,117.49,116.73,2.05,1.79%,2011-05-31,1390/03/10
3939,114.87,114.24,115,114.68,0.35,0.31%,2011-05-30,1390/03/09
3940,114.94,114.4,115.68,115.03,0.02,0.02%,2011-05-27,1390/03/06
3941,114.73,114.1,115.47,115.05,0.12,0.10%,2011-05-26,1390/03/05
3942,112,111.14,115.07,114.93,2.4,2.13%,2011-05-25,1390/03/04
3943,109.54,109.5,112.65,112.53,2.43,2.21%,2011-05-24,1390/03/03
3944,112.12,108.58,112.23,110.1,2.29,2.08%,2011-05-23,1390/03/02
3945,111.66,108.6,112.88,112.39,0.97,0.87%,2011-05-20,1390/02/30
3946,112.5,111.16,113.04,111.42,0.88,0.79%,2011-05-19,1390/02/29
3947,110.56,110.42,113.1,112.3,2.31,2.10%,2011-05-18,1390/02/28
3948,110.42,108.07,111.82,109.99,2.74,2.49%,2011-05-17,1390/02/27
3949,113.56,112,114,112.73,1.1,0.98%,2011-05-16,1390/02/26
3950,113.1,111.72,114.92,113.83,0.85,0.75%,2011-05-13,1390/02/23
3951,113.23,110.15,114.56,112.98,0.41,0.36%,2011-05-12,1390/02/22
3952,117.87,111.95,118.43,112.57,5.06,4.49%,2011-05-11,1390/02/21
3953,115.4,113.58,117.95,117.63,1.73,1.49%,2011-05-10,1390/02/20
3954,110.2,109.05,116.52,115.9,6.77,6.20%,2011-05-09,1390/02/19
3955,111.77,105.15,114.24,109.13,1.67,1.53%,2011-05-06,1390/02/16
3956,120.5,109.02,121.96,110.8,10.39,9.38%,2011-05-05,1390/02/15
3957,122.14,120.49,123.06,121.19,1.26,1.04%,2011-05-04,1390/02/14
3958,124.3,121.75,125.02,122.45,2.67,2.18%,2011-05-03,1390/02/13
3959,126.1,121.67,126.54,125.12,0.77,0.62%,2011-05-02,1390/02/12
3960,124.9,124.25,126.1,125.89,0.87,0.70%,2011-04-29,1390/02/09
3961,125.3,124.07,126.66,125.02,0.11,0.09%,2011-04-28,1390/02/08
3962,123.9,123.25,125.8,125.13,0.99,0.80%,2011-04-27,1390/02/07
3963,123.45,122.78,124.4,124.14,0.48,0.39%,2011-04-26,1390/02/06
3964,123.99,122.71,124.75,123.66,0.33,0.27%,2011-04-25,1390/02/05
3965,123.85,123.2,124.81,123.99,0.14,0.11%,2011-04-21,1390/02/01
3966,121.22,121.1,124.23,123.85,2.52,2.08%,2011-04-20,1390/01/31
3967,121.77,119.03,122.29,121.33,0.28,0.23%,2011-04-19,1390/01/30
3968,123.15,121,123.66,121.61,1.84,1.51%,2011-04-18,1390/01/29
3969,122.4,121.59,124.02,123.45,1.09,0.89%,2011-04-15,1390/01/26
3970,123.21,121.9,123.4,122.36,0.52,0.42%,2011-04-14,1390/01/25
3971,120.8,120.2,123.26,122.88,1.96,1.62%,2011-04-13,1390/01/24
3972,123.34,120,125.38,120.92,3.06,2.53%,2011-04-12,1390/01/23
3973,126.58,123,127.02,123.98,2.67,2.15%,2011-04-11,1390/01/22
3974,122.45,122.28,126.91,126.65,3.98,3.24%,2011-04-08,1390/01/19
3975,122.35,121.38,122.89,122.67,0.37,0.30%,2011-04-07,1390/01/18
3976,121.72,121.36,123.37,122.3,0.08,0.07%,2011-04-06,1390/01/17
3977,120.81,119.95,122.89,122.22,1.16,0.96%,2011-04-05,1390/01/16
3978,119.05,118.75,121.29,121.06,2.36,1.99%,2011-04-04,1390/01/15
3979,117.61,116.75,119.14,118.7,1.34,1.14%,2011-04-01,1390/01/12
3980,115.3,115.11,117.7,117.36,2.23,1.94%,2011-03-31,1390/01/11
3981,115.11,114.5,115.7,115.13,0.03,0.03%,2011-03-30,1390/01/10
3982,114.68,113.52,115.64,115.16,0.36,0.31%,2011-03-29,1390/01/09
3983,115.75,114.55,116,114.8,0.79,0.69%,2011-03-28,1390/01/08
3984,115.73,115.2,116.13,115.59,0.13,0.11%,2011-03-25,1390/01/05
3985,115.38,114.5,115.92,115.72,0.17,0.15%,2011-03-24,1390/01/04
3986,115.9,115.07,116.4,115.55,0.15,0.13%,2011-03-23,1390/01/03
3987,114.98,114.15,116.09,115.7,0.74,0.64%,2011-03-22,1390/01/02
3988,114.75,114.6,116.22,114.96,1.03,0.90%,2011-03-21,1390/01/01
3989,115.5,113.07,117.29,113.93,0.97,0.85%,2011-03-18,1389/12/27
3990,110.24,109.45,115.5,114.9,4.28,3.87%,2011-03-17,1389/12/26
3991,108.25,107.35,111.76,110.62,2.1,1.94%,2011-03-16,1389/12/25
3992,113.82,107.88,113.82,108.52,5.15,4.75%,2011-03-15,1389/12/24
3993,113.6,111.16,114.18,113.67,0.17,0.15%,2011-03-14,1389/12/23
3994,115.01,112.25,115.68,113.84,1.59,1.40%,2011-03-11,1389/12/20
3995,116.12,113.52,116.55,115.43,0.51,0.44%,2011-03-10,1389/12/19
3996,112.95,112.16,116.18,115.94,2.88,2.55%,2011-03-09,1389/12/18
3997,114.8,112.13,115.29,113.06,1.98,1.75%,2011-03-08,1389/12/17
3998,116.12,114.5,118.5,115.04,0.93,0.81%,2011-03-07,1389/12/16
3999,114.85,114.79,116.49,115.97,1.18,1.03%,2011-03-04,1389/12/13
4000,116.65,113.09,116.9,114.79,1.56,1.36%,2011-03-03,1389/12/12
4001,116.2,114.53,117.81,116.35,0.93,0.81%,2011-03-02,1389/12/11
4002,111.9,111.8,116.76,115.42,3.62,3.24%,2011-03-01,1389/12/10
4003,112.5,111.25,114.5,111.8,0.34,0.30%,2011-02-28,1389/12/09
4004,111.4,110.52,113.91,112.14,0.78,0.70%,2011-02-25,1389/12/06
4005,111.98,109.6,119.79,111.36,0.11,0.10%,2011-02-24,1389/12/05
4006,106.1,105.97,112.46,111.25,5.47,5.17%,2011-02-23,1389/12/04
4007,107.9,105.56,108.57,105.78,0.04,0.04%,2011-02-22,1389/12/03
4008,102.96,102.93,108.7,105.74,3.22,3.14%,2011-02-21,1389/12/02
4009,102.97,100.73,103.5,102.52,0.07,0.07%,2011-02-18,1389/11/29
4010,104.16,102.37,104.3,102.59,1.19,1.16%,2011-02-17,1389/11/28
4011,101.75,101.73,104.52,103.78,2.14,2.11%,2011-02-16,1389/11/27
4012,103.11,101.3,104.04,101.64,1.44,1.42%,2011-02-15,1389/11/26
4013,101.13,100.91,104.3,103.08,1.65,1.63%,2011-02-14,1389/11/25
4014,101.56,100.43,102.03,101.43,0.56,0.56%,2011-02-11,1389/11/22
4015,101.95,100.48,102.88,100.87,0.95,0.94%,2011-02-10,1389/11/21
4016,100.34,100.03,102.25,101.82,1.9,1.90%,2011-02-09,1389/11/20
4017,99.3,97.51,100.42,99.92,0.67,0.68%,2011-02-08,1389/11/19
4018,99.83,98.77,100.9,99.25,0.58,0.58%,2011-02-07,1389/11/18
4019,101.86,99.48,102.48,99.83,1.93,1.93%,2011-02-04,1389/11/15
4020,102.62,101.41,103.37,101.76,0.58,0.57%,2011-02-03,1389/11/14
4021,101.7,101.29,102.59,102.34,0.6,0.59%,2011-02-02,1389/11/13
4022,101.01,100.19,102.08,101.74,0.73,0.72%,2011-02-01,1389/11/12
4023,99.61,98.5,101.73,101.01,1.59,1.60%,2011-01-31,1389/11/11
4024,97.44,97.14,99.74,99.42,2.03,2.08%,2011-01-28,1389/11/08
4025,98.15,97.15,98.95,97.39,0.52,0.53%,2011-01-27,1389/11/07
4026,95.39,95.29,98.34,97.91,2.66,2.79%,2011-01-26,1389/11/06
4027,96.39,94.75,96.68,95.25,1.36,1.43%,2011-01-25,1389/11/05
4028,97.59,96.23,98.17,96.61,0.99,1.02%,2011-01-24,1389/11/04
4029,96.34,96.26,97.86,97.6,1.02,1.06%,2011-01-21,1389/11/01
4030,97.88,95.43,98.14,96.58,1.58,1.64%,2011-01-20,1389/10/30
4031,97.75,97.55,98.6,98.16,0.36,0.37%,2011-01-19,1389/10/29
4032,97.4,96.6,98.37,97.8,0.37,0.38%,2011-01-18,1389/10/28
4033,98.33,97.4,98.75,97.43,1.25,1.28%,2011-01-17,1389/10/27
4034,98.44,97.74,99.2,98.68,0.62,0.63%,2011-01-14,1389/10/24
4035,98.22,97.3,98.67,98.06,0.06,0.06%,2011-01-13,1389/10/23
4036,97.64,97.28,98.85,98.12,0.51,0.52%,2011-01-12,1389/10/22
4037,95.63,95.08,97.82,97.61,1.91,2%,2011-01-11,1389/10/21
4038,93.8,93.6,95.88,95.7,2.37,2.54%,2011-01-10,1389/10/20
4039,94.38,92.59,94.58,93.33,1.19,1.28%,2011-01-07,1389/10/17
4040,95.7,94.01,96.12,94.52,0.98,1.04%,2011-01-06,1389/10/16
4041,93.35,92.37,95.86,95.5,1.97,2.11%,2011-01-05,1389/10/15
4042,94.92,92.58,95.74,93.53,1.31,1.40%,2011-01-04,1389/10/14
4043,94.75,94.5,96.17,94.84,0.09,0.09%,2011-01-03,1389/10/13
4044,92.87,92.18,95.2,94.75,1.66,1.78%,2010-12-31,1389/10/10
4045,94.18,92.34,94.42,93.09,1.05,1.13%,2010-12-30,1389/10/09
4046,94.34,93.62,94.38,94.14,0.24,0.25%,2010-12-29,1389/10/08
4047,93.9,93.66,94.42,94.38,0.53,0.56%,2010-12-28,1389/10/07
4048,93.76,93.08,94.52,93.85,0.08,0.09%,2010-12-27,1389/10/06
4049,94.45,93.18,94.74,93.77,0.48,0.51%,2010-12-24,1389/10/03
4050,93.8,93.28,94.54,94.25,0.6,0.64%,2010-12-23,1389/10/02
4051,93.48,93.25,93.94,93.65,0.45,0.48%,2010-12-22,1389/10/01
4052,92.7,92.35,93.5,93.2,0.46,0.50%,2010-12-21,1389/09/30
4053,91.65,91.02,92.9,92.74,1.07,1.17%,2010-12-20,1389/09/29
4054,91.89,90.9,92.39,91.67,0.04,0.04%,2010-12-17,1389/09/26
4055,92.04,91.66,92.29,91.71,0.49,0.53%,2010-12-16,1389/09/25
4056,90.98,90.34,92.42,92.2,0.99,1.09%,2010-12-15,1389/09/24
4057,91.05,90.68,91.73,91.21,0.02,0.02%,2010-12-14,1389/09/23
4058,90.65,90.33,92.3,91.19,0.71,0.78%,2010-12-13,1389/09/22
4059,91.06,89.86,91.57,90.48,0.51,0.56%,2010-12-10,1389/09/19
4060,91.27,90.27,91.64,90.99,0.22,0.24%,2010-12-09,1389/09/18
4061,90.85,90.15,91.74,90.77,0.62,0.68%,2010-12-08,1389/09/17
4062,90.97,90.71,92.86,91.39,0.06,0.07%,2010-12-07,1389/09/16
4063,91.46,90.86,92.03,91.45,0.03,0.03%,2010-12-06,1389/09/15
4064,90.47,90.1,91.85,91.42,0.73,0.80%,2010-12-03,1389/09/12
4065,88.81,88.41,90.84,90.69,1.82,2.05%,2010-12-02,1389/09/11
4066,85.71,85.41,89.02,88.87,2.95,3.43%,2010-12-01,1389/09/10
4067,87.55,85.43,87.55,85.92,1.42,1.65%,2010-11-30,1389/09/09
4068,85.5,85.5,87.55,87.34,1.76,2.06%,2010-11-29,1389/09/08
4069,85.89,84.75,85.95,85.58,0.52,0.61%,2010-11-26,1389/09/05
4070,85.83,85.4,86.5,86.1,0.26,0.30%,2010-11-25,1389/09/04
4071,83.3,83.3,86.25,85.84,2.59,3.11%,2010-11-24,1389/09/03
4072,83.75,82.43,84,83.25,0.71,0.85%,2010-11-23,1389/09/02
4073,84.34,83.11,85.45,83.96,0.38,0.45%,2010-11-22,1389/09/01
4074,85.2,83.87,86.15,84.34,0.71,0.84%,2010-11-19,1389/08/28
4075,83.5,83.5,85.5,85.05,1.77,2.13%,2010-11-18,1389/08/27
4076,84.7,82.96,85.06,83.28,1.45,1.74%,2010-11-17,1389/08/26
4077,86.5,84.5,86.71,84.73,1.97,2.33%,2010-11-16,1389/08/25
4078,86.44,86.35,87.37,86.7,0.36,0.42%,2010-11-15,1389/08/24
4079,88.69,85.76,88.74,86.34,2.47,2.86%,2010-11-12,1389/08/21
4080,89.16,88.62,89.7,88.81,0.15,0.17%,2010-11-11,1389/08/20
4081,88.05,87.73,89.32,88.96,0.63,0.71%,2010-11-10,1389/08/19
4082,88.01,87.17,89.02,88.33,0.13,0.15%,2010-11-09,1389/08/18
4083,88.3,87.3,88.72,88.46,0.35,0.40%,2010-11-08,1389/08/17
4084,88.28,87.31,88.8,88.11,0.11,0.13%,2010-11-05,1389/08/14
4085,86.75,86.63,88.29,88,1.62,1.88%,2010-11-04,1389/08/13
4086,85.88,85.24,86.89,86.38,0.97,1.14%,2010-11-03,1389/08/12
4087,84.62,84.53,85.89,85.41,0.79,0.93%,2010-11-02,1389/08/11
4088,83.13,82.82,85.54,84.62,1.47,1.77%,2010-11-01,1389/08/10
4089,83.47,82.21,83.59,83.15,0.44,0.53%,2010-10-29,1389/08/07
4090,83.35,82.97,83.85,83.59,0.36,0.43%,2010-10-28,1389/08/06
4091,83.59,81.85,83.67,83.23,0.43,0.52%,2010-10-27,1389/08/05
4092,83.3,82.96,83.89,83.66,0.12,0.14%,2010-10-26,1389/08/04
4093,83.15,82.7,84.2,83.54,0.58,0.70%,2010-10-25,1389/08/03
4094,82.05,81.83,83.25,82.96,1.13,1.38%,2010-10-22,1389/07/30
4095,83.69,81.45,83.88,81.83,1.77,2.16%,2010-10-21,1389/07/29
4096,80.92,80.75,83.7,83.6,2.5,3.08%,2010-10-20,1389/07/28
4097,84.36,80.76,84.45,81.1,3.27,4.03%,2010-10-19,1389/07/27
4098,83.05,81.53,84.5,84.37,1.92,2.33%,2010-10-18,1389/07/26
4099,84.02,81.95,84.5,82.45,2.08,2.52%,2010-10-15,1389/07/23
4100,84.75,83.84,85.46,84.53,0.11,0.13%,2010-10-14,1389/07/22
4101,83.46,83.46,84.98,84.64,1.14,1.37%,2010-10-13,1389/07/21
4102,83.41,82.48,84,83.5,0.22,0.26%,2010-10-12,1389/07/20
4103,84.33,83.3,84.68,83.72,0.31,0.37%,2010-10-11,1389/07/19
4104,83.03,81.86,84.59,84.03,0.6,0.72%,2010-10-08,1389/07/16
4105,85.3,82.93,86.02,83.43,1.63,1.95%,2010-10-07,1389/07/15
4106,84.78,84.26,85.88,85.06,0.22,0.26%,2010-10-06,1389/07/14
4107,83.19,82.93,84.93,84.84,1.56,1.87%,2010-10-05,1389/07/13
4108,83.81,82.9,84.41,83.28,0.47,0.56%,2010-10-04,1389/07/12
4109,82.21,82.21,83.81,83.75,1.44,1.75%,2010-10-01,1389/07/09
4110,80.79,80.41,82.4,82.31,1.54,1.91%,2010-09-30,1389/07/08
4111,78.88,78.34,80.93,80.77,2.06,2.62%,2010-09-29,1389/07/07
4112,78.33,77.74,79.53,78.71,0.14,0.18%,2010-09-28,1389/07/06
4113,79.01,77.6,79.2,78.57,0.3,0.38%,2010-09-27,1389/07/05
4114,78,77.69,79.4,78.87,0.76,0.97%,2010-09-24,1389/07/02
4115,77.93,76.75,78.48,78.11,0.16,0.21%,2010-09-23,1389/07/01
4116,78.2,77.5,78.84,77.95,0.47,0.60%,2010-09-22,1389/06/31
4117,79.25,78,80,78.42,0.9,1.15%,2010-09-21,1389/06/30
4118,78.2,77.63,79.92,79.32,1.11,1.42%,2010-09-20,1389/06/29
4119,78.46,77.25,79.47,78.21,0.27,0.35%,2010-09-17,1389/06/26
4120,79.13,77.87,79.64,78.48,0.43,0.55%,2010-09-16,1389/06/25
4121,79.12,78.18,79.15,78.91,0.25,0.32%,2010-09-15,1389/06/24
4122,78.93,78.47,79.9,79.16,0.13,0.16%,2010-09-14,1389/06/23
4123,78.23,78.13,79.41,79.03,0.87,1.11%,2010-09-13,1389/06/22
4124,77.41,77.05,78.39,78.16,0.69,0.89%,2010-09-10,1389/06/19
4125,78.33,77,78.82,77.47,0.7,0.90%,2010-09-09,1389/06/18
4126,77.7,76.78,78.85,78.17,0.43,0.55%,2010-09-08,1389/06/17
4127,76.99,75.56,78.32,77.74,0.87,1.13%,2010-09-07,1389/06/16
4128,76.62,76.18,77.18,76.87,0.2,0.26%,2010-09-06,1389/06/15
4129,76.71,75.33,77.46,76.67,0.26,0.34%,2010-09-03,1389/06/12
4130,76.18,75.21,77.14,76.93,0.58,0.76%,2010-09-02,1389/06/11
4131,74.46,74.42,76.76,76.35,1.71,2.29%,2010-09-01,1389/06/10
4132,76.1,74.24,76.8,74.64,1.96,2.63%,2010-08-31,1389/06/09
4133,76.65,75.91,77.05,76.6,0.05,0.07%,2010-08-30,1389/06/08
4134,74.81,74.39,76.93,76.65,1.63,2.17%,2010-08-27,1389/06/05
4135,73.73,73.38,75.55,75.02,1.54,2.10%,2010-08-26,1389/06/04
4136,72.33,71.75,73.9,73.48,1.1,1.52%,2010-08-25,1389/06/03
4137,73.31,72.1,73.66,72.38,1.24,1.71%,2010-08-24,1389/06/02
4138,74.46,73.25,74.9,73.62,0.64,0.87%,2010-08-23,1389/06/01
4139,75.3,74,75.77,74.26,1.04,1.40%,2010-08-20,1389/05/29
4140,76.3,75,77.17,75.3,1.17,1.55%,2010-08-19,1389/05/28
4141,76.77,75.3,76.86,76.47,0.46,0.60%,2010-08-18,1389/05/27
4142,75.31,75.31,77.69,76.93,2.08,2.78%,2010-08-17,1389/05/26
4143,75.12,74.53,75.75,74.85,0.26,0.35%,2010-08-16,1389/05/25
4144,75.68,74.67,76.43,75.11,0.41,0.55%,2010-08-13,1389/05/22
4145,77.1,75.25,77.56,75.52,2.12,2.81%,2010-08-12,1389/05/21
4146,79.49,76.92,79.62,77.64,1.96,2.52%,2010-08-11,1389/05/20
4147,81,78.5,81.13,79.6,1.39,1.75%,2010-08-10,1389/05/19
4148,80.49,80.26,81.38,80.99,0.83,1.04%,2010-08-09,1389/05/18
4149,81.61,79.56,82.17,80.16,1.45,1.81%,2010-08-06,1389/05/15
4150,82.2,81.05,82.28,81.61,0.59,0.72%,2010-08-05,1389/05/14
4151,82.52,81.6,82.86,82.2,0.48,0.58%,2010-08-04,1389/05/13
4152,81.05,80.64,82.8,82.68,1.86,2.30%,2010-08-03,1389/05/12
4153,78.11,78.1,81.2,80.82,2.64,3.38%,2010-08-02,1389/05/11
4154,77.42,76.2,78.31,78.18,0.59,0.76%,2010-07-30,1389/05/08
4155,75.98,75.6,78.16,77.59,1.53,2.01%,2010-07-29,1389/05/07
4156,75.86,74.8,76.4,76.06,0.07,0.09%,2010-07-28,1389/05/06
4157,77.45,75.48,78.25,76.13,1.37,1.80%,2010-07-27,1389/05/05
4158,77.45,76.54,77.91,77.5,0.05,0.06%,2010-07-26,1389/05/04
4159,77.66,76.92,78.1,77.45,0.37,0.48%,2010-07-23,1389/05/01
4160,75.44,74.91,77.92,77.82,2.45,3.25%,2010-07-22,1389/04/31
4161,76.33,75.06,77.2,75.37,0.85,1.13%,2010-07-21,1389/04/30
4162,75.8,74.75,76.5,76.22,0.6,0.79%,2010-07-20,1389/04/29
4163,75.13,74.77,77.2,75.62,0.25,0.33%,2010-07-19,1389/04/28
4164,76.38,74.64,76.48,75.37,0.82,1.09%,2010-07-16,1389/04/25
4165,76.24,75.28,77.4,76.19,0.58,0.76%,2010-07-15,1389/04/24
4166,76.96,76.05,77.79,76.77,0.12,0.16%,2010-07-14,1389/04/23
4167,74.49,73.67,76.98,76.65,2.28,3.07%,2010-07-13,1389/04/22
4168,75.19,73.85,75.72,74.37,1.05,1.41%,2010-07-12,1389/04/21
4169,75.08,74.41,75.86,75.42,0.71,0.95%,2010-07-09,1389/04/18
4170,74.2,73.71,75.25,74.71,1.2,1.63%,2010-07-08,1389/04/17
4171,71.61,70.88,74.32,73.51,2.06,2.88%,2010-07-07,1389/04/16
4172,71.47,70.77,73.28,71.45,0.02,0.03%,2010-07-06,1389/04/15
4173,71.56,71.06,72.28,71.47,0.18,0.25%,2010-07-05,1389/04/14
4174,71.75,71.21,72.83,71.65,0.69,0.96%,2010-07-02,1389/04/11
4175,74.65,71.5,74.65,72.34,2.67,3.69%,2010-07-01,1389/04/10
4176,74.9,74.02,76.25,75.01,0.43,0.57%,2010-06-30,1389/04/09
4177,77.75,74.82,77.75,75.44,2.15,2.85%,2010-06-29,1389/04/08
4178,78.14,77.06,78.66,77.59,0.53,0.68%,2010-06-28,1389/04/07
4179,76.42,75.72,78.5,78.12,1.65,2.16%,2010-06-25,1389/04/04
4180,76.03,75.4,76.7,76.47,0.2,0.26%,2010-06-24,1389/04/03
4181,77.99,75.54,78.18,76.27,1.77,2.32%,2010-06-23,1389/04/02
4182,78.76,77.56,79.12,78.04,0.78,1%,2010-06-22,1389/04/01
4183,78.49,77.73,79.86,78.82,0.6,0.77%,2010-06-21,1389/03/31
4184,78.46,77.25,78.86,78.22,0.46,0.59%,2010-06-18,1389/03/28
4185,78.1,77.64,79.1,78.68,0.54,0.69%,2010-06-17,1389/03/27
4186,77.19,76.6,78.56,78.14,1.94,2.55%,2010-06-16,1389/03/26
4187,75.11,74.79,76.34,76.2,1,1.33%,2010-06-15,1389/03/25
4188,74.51,74.44,76.33,75.2,0.85,1.14%,2010-06-14,1389/03/24
4189,75.38,73.6,75.72,74.35,0.94,1.26%,2010-06-11,1389/03/21
4190,73.92,73.68,75.88,75.29,1.02,1.37%,2010-06-10,1389/03/20
4191,72.5,72.01,74.75,74.27,1.97,2.72%,2010-06-09,1389/03/19
4192,71.51,71.26,72.7,72.3,0.18,0.25%,2010-06-08,1389/03/18
4193,71.55,70.5,72.95,72.12,0.03,0.04%,2010-06-07,1389/03/17
4194,75.25,71.48,76.55,72.09,3.32,4.61%,2010-06-04,1389/03/14
4195,74.5,73.79,75.58,75.41,1.66,2.25%,2010-06-03,1389/03/13
4196,72.32,71.97,74.63,73.75,1.04,1.43%,2010-06-02,1389/03/12
4197,74.82,71.51,75.39,72.71,1.94,2.67%,2010-06-01,1389/03/11
4198,74.02,74.02,74.72,74.65,0.63,0.85%,2010-05-31,1389/03/10
4199,74.7,73.28,75.74,74.02,0.64,0.86%,2010-05-28,1389/03/07
4200,71.14,71.08,74.95,74.66,2.92,4.07%,2010-05-27,1389/03/06
4201,70.55,69.69,72.08,71.74,2.19,3.15%,2010-05-26,1389/03/05
4202,70.92,68.15,70.95,69.55,1.62,2.33%,2010-05-25,1389/03/04
4203,71.8,70.89,72.26,71.17,0.51,0.72%,2010-05-24,1389/03/03
4204,70.83,70.56,72.8,71.68,0.16,0.22%,2010-05-21,1389/02/31
4205,73.75,70.2,74.23,71.84,1.85,2.58%,2010-05-20,1389/02/30
4206,74.05,72.72,74.5,73.69,0.74,1%,2010-05-19,1389/02/29
4207,75.77,74.01,76.6,74.43,0.67,0.90%,2010-05-18,1389/02/28
4208,78.05,74.75,78.47,75.1,2.08,2.77%,2010-05-17,1389/02/27
4209,79.73,76.8,80,77.18,2.93,3.80%,2010-05-14,1389/02/24
4210,81.18,79.7,81.68,80.11,1.09,1.36%,2010-05-13,1389/02/23
4211,80.2,79.93,81.72,81.2,0.71,0.88%,2010-05-12,1389/02/22
4212,80.22,78.91,81,80.49,0.37,0.46%,2010-05-11,1389/02/21
4213,78.9,78.89,81.76,80.12,1.85,2.36%,2010-05-10,1389/02/20
4214,79.87,77.58,80.65,78.27,1.56,1.99%,2010-05-07,1389/02/17
4215,82.65,77.51,82.98,79.83,2.78,3.48%,2010-05-06,1389/02/16
4216,85.2,82.13,85.95,82.61,3.06,3.70%,2010-05-05,1389/02/15
4217,88.76,85.16,89.05,85.67,3.27,3.82%,2010-05-04,1389/02/14
4218,87.44,87.16,89.58,88.94,1.5,1.72%,2010-05-03,1389/02/13
4219,87.09,86.75,87.72,87.44,0.54,0.62%,2010-04-30,1389/02/10
4220,86.24,85.88,87.66,86.9,0.74,0.86%,2010-04-29,1389/02/09
4221,85.29,84.88,86.3,86.16,0.38,0.44%,2010-04-28,1389/02/08
4222,86.83,85.2,87.15,85.78,1.05,1.22%,2010-04-27,1389/02/07
4223,87.27,86.46,87.75,86.83,0.42,0.48%,2010-04-26,1389/02/06
4224,85.5,85.21,87.33,87.25,1.58,1.84%,2010-04-23,1389/02/03
4225,85.68,84.15,86.3,85.67,0.03,0.04%,2010-04-22,1389/02/02
4226,85.17,84.59,86.16,85.7,0.9,1.06%,2010-04-21,1389/02/01
4227,84.51,84.48,85.5,84.8,0.57,0.68%,2010-04-20,1389/01/31
4228,85.74,83.25,85.74,84.23,1.76,2.09%,2010-04-19,1389/01/30
4229,87.48,85.12,87.57,85.99,1.18,1.37%,2010-04-16,1389/01/27
4230,86.28,86.1,87.58,87.17,1.02,1.18%,2010-04-15,1389/01/26
4231,84.68,84.49,86.64,86.15,1.43,1.69%,2010-04-14,1389/01/25
4232,84.66,83.51,85,84.72,0.05,0.06%,2010-04-13,1389/01/24
4233,84.87,84.48,85.74,84.77,0.06,0.07%,2010-04-12,1389/01/23
4234,85.18,83.95,85.94,84.83,0.02,0.02%,2010-04-09,1389/01/20
4235,85.35,84.2,85.55,84.81,0.78,0.92%,2010-04-08,1389/01/19
4236,85.97,85.16,86.47,85.59,0.56,0.65%,2010-04-07,1389/01/18
4237,85.9,85.35,86.63,86.15,0.27,0.31%,2010-04-06,1389/01/17
4238,84.47,84.05,86.09,85.88,1.87,2.23%,2010-04-05,1389/01/16
4239,82.44,82.22,84.5,84.01,1.31,1.58%,2010-04-01,1389/01/12
4240,81.14,81.1,82.82,82.7,1.42,1.75%,2010-03-31,1389/01/11
4241,81.32,80.71,81.78,81.28,0.11,0.14%,2010-03-30,1389/01/10
4242,79.48,79.48,81.9,81.17,1.88,2.37%,2010-03-29,1389/01/09
4243,79.36,78.77,80.68,79.29,0.32,0.40%,2010-03-26,1389/01/06
4244,79.43,79.2,80.46,79.61,0.01,0.01%,2010-03-25,1389/01/05
4245,80.37,78.9,80.37,79.62,1.08,1.36%,2010-03-24,1389/01/04
4246,80.74,79.85,81.17,80.7,0.16,0.20%,2010-03-23,1389/01/03
4247,79.61,78,80.8,80.54,0.66,0.83%,2010-03-22,1389/01/02
4248,81.42,79.2,81.42,79.88,1.6,2%,2010-03-19,1388/12/28
4249,81.9,80.9,81.9,81.48,0.48,0.59%,2010-03-18,1388/12/27
4250,80.92,80.53,82.08,81.96,2.94,3.72%,2010-03-17,1388/12/26
4251,77.6,77.25,79.86,79.02,1.13,1.45%,2010-03-16,1388/12/25
4252,79.09,77.27,79.53,77.89,1.5,1.93%,2010-03-15,1388/12/24
4253,80.41,78.7,81.29,79.39,0.89,1.12%,2010-03-12,1388/12/21
4254,80.25,79.65,80.67,80.28,0.2,0.25%,2010-03-11,1388/12/20
4255,79.7,79.22,81.46,80.48,0.57,0.71%,2010-03-10,1388/12/19
4256,80.26,78.7,80.4,79.91,0.56,0.70%,2010-03-09,1388/12/18
4257,80.21,79.45,80.92,80.47,0.58,0.73%,2010-03-08,1388/12/17
4258,78.93,78.8,80.53,79.89,1.35,1.72%,2010-03-05,1388/12/14
4259,79.32,78.15,79.42,78.54,0.71,0.90%,2010-03-04,1388/12/13
4260,78.27,77.88,79.58,79.25,1.07,1.37%,2010-03-03,1388/12/12
4261,77.05,76.55,79.25,78.18,1.29,1.68%,2010-03-02,1388/12/11
4262,77.69,76.21,78.47,76.89,0.7,0.91%,2010-03-01,1388/12/10
4263,76.45,75.91,77.99,77.59,1.3,1.70%,2010-02-26,1388/12/07
4264,77.74,75.29,78.42,76.29,1.8,2.36%,2010-02-25,1388/12/06
4265,77.35,76.63,78.5,78.09,0.84,1.09%,2010-02-24,1388/12/05
4266,78.4,76.57,78.64,77.25,1.36,1.76%,2010-02-23,1388/12/04
4267,78.44,77.85,78.94,78.61,0.42,0.54%,2010-02-22,1388/12/03
4268,76.99,76.45,78.45,78.19,0.41,0.53%,2010-02-19,1388/11/30
4269,75.85,75.27,78,77.78,1.51,1.98%,2010-02-18,1388/11/29
4270,75.75,75.4,76.48,76.27,0.59,0.78%,2010-02-17,1388/11/28
4271,72.62,72.55,76,75.68,3.17,4.37%,2010-02-16,1388/11/27
4272,73.12,72.29,73.15,72.51,0.39,0.54%,2010-02-15,1388/11/26
4273,73.91,71.65,74,72.9,0.15,0.21%,2010-02-12,1388/11/23
4274,72.8,72.02,73.58,73.05,0.51,0.70%,2010-02-11,1388/11/22
4275,71.89,70.83,73,72.54,0.41,0.57%,2010-02-10,1388/11/21
4276,69.63,69.61,72.47,72.13,2.02,2.88%,2010-02-09,1388/11/20
4277,70.36,69.21,70.82,70.11,0.52,0.75%,2010-02-08,1388/11/19
4278,72.13,67.87,72.52,69.59,2.54,3.65%,2010-02-05,1388/11/16
4279,75.9,71.43,75.95,72.13,3.79,5.25%,2010-02-04,1388/11/15
4280,75.8,75.46,76.99,75.92,0.14,0.18%,2010-02-03,1388/11/14
4281,73.6,73,76.17,76.06,2.95,4.04%,2010-02-02,1388/11/13
4282,71.35,71.13,73.65,73.11,1.65,2.31%,2010-02-01,1388/11/12
4283,72.2,71.02,73.28,71.46,0.67,0.94%,2010-01-29,1388/11/09
4284,72.36,71.51,73.11,72.13,0.11,0.15%,2010-01-28,1388/11/08
4285,73.2,71.28,73.62,72.24,1.05,1.45%,2010-01-27,1388/11/07
4286,73.69,72.45,73.7,73.29,0.4,0.55%,2010-01-26,1388/11/06
4287,72.46,72.46,73.8,73.69,0.86,1.18%,2010-01-25,1388/11/05
4288,74.4,72.17,75.15,72.83,1.75,2.40%,2010-01-22,1388/11/02
4289,76.06,74.23,76.82,74.58,1.74,2.33%,2010-01-21,1388/11/01
4290,77.5,75.7,77.56,76.32,1.31,1.72%,2010-01-20,1388/10/30
4291,77.23,75.37,77.85,77.63,0.53,0.69%,2010-01-19,1388/10/29
4292,76.91,76.39,77.59,77.1,0.01,0.01%,2010-01-18,1388/10/28
4293,78.35,76.81,78.35,77.11,0.71,0.92%,2010-01-15,1388/10/25
4294,78.55,77.49,78.98,77.82,0.49,0.63%,2010-01-14,1388/10/24
4295,78.49,77.04,79.09,78.31,0.99,1.26%,2010-01-13,1388/10/23
4296,80.55,78.49,80.86,79.3,1.67,2.11%,2010-01-12,1388/10/22
4297,81.53,80.41,82.45,80.97,0.4,0.49%,2010-01-11,1388/10/21
4298,81.51,80.59,82.05,81.37,0.14,0.17%,2010-01-08,1388/10/18
4299,82,81.05,82.05,81.51,0.38,0.47%,2010-01-07,1388/10/17
4300,80.38,79.77,82.21,81.89,1.3,1.61%,2010-01-06,1388/10/16
4301,80.29,79.75,80.84,80.59,0.47,0.59%,2010-01-05,1388/10/15
4302,78.49,78.34,80.48,80.12,2.19,2.81%,2010-01-04,1388/10/14
4303,78.65,77.77,78.94,77.93,0.1,0.13%,2009-12-31,1388/10/10
4304,77.53,77.51,78.65,78.03,0.39,0.50%,2009-12-30,1388/10/09
4305,77.42,76.8,78.03,77.64,0.32,0.41%,2009-12-29,1388/10/08
4306,76.3,76.2,77.42,77.32,1.01,1.32%,2009-12-28,1388/10/07
4307,75.53,74.71,76.5,76.31,0.86,1.14%,2009-12-24,1388/10/03
4308,73.61,73.24,75.66,75.45,1.99,2.71%,2009-12-23,1388/10/02
4309,72.99,71.97,74,73.46,0.47,0.64%,2009-12-22,1388/10/01
4310,73.62,72.48,74.64,72.99,0.76,1.04%,2009-12-21,1388/09/30
4311,73.2,72.76,74.84,73.75,0.38,0.52%,2009-12-18,1388/09/27
4312,74.78,72.35,74.78,73.37,0.18,0.25%,2009-12-17,1388/09/26
4313,72.29,72.03,73.86,73.55,1.5,2.08%,2009-12-16,1388/09/25
4314,72.04,71.57,72.81,72.05,0.16,0.22%,2009-12-15,1388/09/24
4315,71.47,71.16,72.37,71.89,0.01,0.01%,2009-12-14,1388/09/23
4316,71.85,71.02,72.6,71.88,0.02,0.03%,2009-12-11,1388/09/20
4317,72.75,71.15,73.26,71.86,0.53,0.74%,2009-12-10,1388/09/19
4318,75.47,72,76.19,72.39,2.8,3.87%,2009-12-09,1388/09/18
4319,76.78,75.08,77.02,75.19,1.24,1.65%,2009-12-08,1388/09/17
4320,77.83,76.28,78.25,76.43,1.09,1.43%,2009-12-07,1388/09/16
4321,77.59,76.94,79.8,77.52,0.84,1.08%,2009-12-04,1388/09/13
4322,78.09,77.41,78.95,78.36,0.48,0.62%,2009-12-03,1388/09/12
4323,79.34,77.48,79.67,77.88,1.47,1.89%,2009-12-02,1388/09/11
4324,78.42,78.25,79.91,79.35,0.88,1.12%,2009-12-01,1388/09/10
4325,77.46,76.4,79.3,78.47,1.29,1.67%,2009-11-30,1388/09/09
4326,77.18,73.7,77.37,77.18,0.19,0.25%,2009-11-27,1388/09/06
4327,78.31,76.95,78.31,76.99,1.45,1.88%,2009-11-26,1388/09/05
4328,76.6,76.31,78.63,78.44,1.98,2.59%,2009-11-25,1388/09/04
4329,77.46,76.01,77.84,76.46,1,1.31%,2009-11-24,1388/09/03
4330,77.55,77.12,79.58,77.46,0.26,0.34%,2009-11-23,1388/09/02
4331,77.93,76.5,78.15,77.2,0.44,0.57%,2009-11-20,1388/08/29
4332,79.4,77.2,79.79,77.64,1.83,2.36%,2009-11-19,1388/08/28
4333,79.45,78.67,80.14,79.47,0.5,0.63%,2009-11-18,1388/08/27
4334,78.8,78.02,79.56,78.97,0.21,0.27%,2009-11-17,1388/08/26
4335,76.79,76.57,79.27,78.76,3.21,4.25%,2009-11-16,1388/08/25
4336,75.73,75.03,76.92,75.55,0.47,0.62%,2009-11-13,1388/08/22
4337,77.95,75.63,78.26,76.02,1.93,2.54%,2009-11-12,1388/08/21
4338,77.7,77.07,78.62,77.95,0.45,0.58%,2009-11-11,1388/08/20
4339,77.5,76.36,78.92,77.5,0.27,0.35%,2009-11-10,1388/08/19
4340,76.26,76.26,78.52,77.77,1.9,2.50%,2009-11-09,1388/08/18
4341,78.29,75.25,78.81,75.87,2.12,2.79%,2009-11-06,1388/08/15
4342,78.31,77.8,78.95,77.99,0.9,1.15%,2009-11-05,1388/08/14
4343,77.79,77.67,79.45,78.89,0.78,1%,2009-11-04,1388/08/13
4344,76.55,75.08,78.32,78.11,1.56,2.04%,2009-11-03,1388/08/12
4345,75.24,74.98,77.08,76.55,1.35,1.80%,2009-11-02,1388/08/11
4346,78.19,75.09,78.23,75.2,2.84,3.78%,2009-10-30,1388/08/08
4347,75.72,75.57,78.63,78.04,2.18,2.87%,2009-10-29,1388/08/07
4348,78,75.62,78.1,75.86,2.06,2.72%,2009-10-28,1388/08/06
4349,77.23,76.42,78.45,77.92,0.66,0.85%,2009-10-27,1388/08/05
4350,78.49,76.62,80.1,77.26,1.66,2.15%,2009-10-26,1388/08/04
4351,79.73,78.05,80.15,78.92,0.59,0.75%,2009-10-23,1388/08/01
4352,79.41,78.3,79.93,79.51,0.18,0.23%,2009-10-22,1388/07/30
4353,76.92,76.04,80.26,79.69,2.45,3.17%,2009-10-21,1388/07/29
4354,77.72,76.45,78.18,77.24,0.53,0.69%,2009-10-20,1388/07/28
4355,77.09,76.51,77.87,77.77,0.78,1.01%,2009-10-19,1388/07/27
4356,76.6,75.39,77.22,76.99,2.54,3.41%,2009-10-16,1388/07/24
4357,73.4,72.84,74.65,74.45,1.35,1.85%,2009-10-15,1388/07/23
4358,72.75,72.32,73.45,73.1,0.7,0.97%,2009-10-14,1388/07/22
4359,71.13,70.84,72.83,72.4,1.04,1.46%,2009-10-13,1388/07/21
4360,70.29,70.29,72.02,71.36,1.36,1.94%,2009-10-12,1388/07/20
4361,69.35,68.85,70.56,70,0.23,0.33%,2009-10-09,1388/07/17
4362,67.4,67.07,70.49,69.77,2.57,3.82%,2009-10-08,1388/07/16
4363,69.12,66.65,69.45,67.2,1.36,2.02%,2009-10-07,1388/07/15
4364,68.11,67.66,69.74,68.56,0.52,0.76%,2009-10-06,1388/07/14
4365,67.45,65.9,68.69,68.04,0.03,0.04%,2009-10-05,1388/07/13
4366,68.65,66.74,68.74,68.07,1.12,1.65%,2009-10-02,1388/07/10
4367,68.92,67.61,69.79,69.19,0.12,0.17%,2009-10-01,1388/07/09
4368,65.35,65,69.34,69.07,3.58,5.47%,2009-09-30,1388/07/08
4369,65.93,64.66,66,65.49,0.05,0.08%,2009-09-29,1388/07/07
4370,65.42,64.49,66.29,65.54,0.43,0.66%,2009-09-28,1388/07/06
4371,64.81,64.08,65.85,65.11,0.29,0.45%,2009-09-25,1388/07/03
4372,67.56,64.58,67.98,64.82,3.17,4.89%,2009-09-24,1388/07/02
4373,70.39,67.3,70.48,67.99,2.54,3.74%,2009-09-23,1388/07/01
4374,68.84,68.82,70.75,70.53,1.84,2.68%,2009-09-22,1388/06/31
4375,71.17,68.07,71.45,68.69,2.63,3.83%,2009-09-21,1388/06/30
4376,71.53,70.51,71.79,71.32,0.23,0.32%,2009-09-18,1388/06/27
4377,71.63,70.92,72.2,71.55,0.12,0.17%,2009-09-17,1388/06/26
4378,69.56,69.01,71.72,71.67,4.32,6.41%,2009-09-16,1388/06/25
4379,67.55,66.68,67.93,67.35,0.09,0.13%,2009-09-15,1388/06/24
4380,67.68,66.66,68,67.44,0.25,0.37%,2009-09-14,1388/06/23
4381,69.95,67.05,70.77,67.69,2.17,3.21%,2009-09-11,1388/06/20
4382,70.06,69.11,70.7,69.86,0.03,0.04%,2009-09-10,1388/06/19
4383,69.45,69.09,70.88,69.83,0.41,0.59%,2009-09-09,1388/06/18
4384,66.79,66.79,70.1,69.42,2.89,4.34%,2009-09-08,1388/06/17
4385,66.69,66.38,68.05,66.53,0.29,0.44%,2009-09-07,1388/06/16
4386,67.4,65.96,67.67,66.82,0.3,0.45%,2009-09-04,1388/06/13
4387,67.51,66.95,68.7,67.12,0.54,0.80%,2009-09-03,1388/06/12
4388,67.99,66.76,68.55,67.66,0.07,0.10%,2009-09-02,1388/06/11
4389,69.65,67.61,71.05,67.73,1.92,2.83%,2009-09-01,1388/06/10
4390,72.79,68.85,72.95,69.65,3.14,4.51%,2009-08-31,1388/06/09
4391,72.96,71.9,73.35,72.79,0.28,0.39%,2009-08-28,1388/06/06
4392,71.55,70.42,72.94,72.51,0.86,1.20%,2009-08-27,1388/06/05
4393,71.28,70.6,72.48,71.65,0.17,0.24%,2009-08-26,1388/06/04
4394,73.95,71.04,74.23,71.82,2.44,3.40%,2009-08-25,1388/06/03
4395,74.21,73.82,74.75,74.26,0.07,0.09%,2009-08-24,1388/06/02
4396,73.55,72.65,74.97,74.19,0.86,1.17%,2009-08-21,1388/05/30
4397,74.74,73.1,74.78,73.33,1.26,1.72%,2009-08-20,1388/05/29
4398,73.13,71.17,74.9,74.59,2.22,3.07%,2009-08-19,1388/05/28
4399,70.61,69.46,73.2,72.37,1.83,2.59%,2009-08-18,1388/05/27
4400,71.35,69.21,71.44,70.54,1.87,2.65%,2009-08-17,1388/05/26
4401,74.28,71.86,74.47,72.41,1.07,1.48%,2009-08-14,1388/05/23
4402,73.24,72.96,74.72,73.48,0.59,0.81%,2009-08-13,1388/05/22
4403,72.49,71.68,73.52,72.89,0.43,0.59%,2009-08-12,1388/05/21
4404,73.5,71.91,74.19,72.46,1.04,1.44%,2009-08-11,1388/05/20
4405,73.23,73.04,74.26,73.5,0.09,0.12%,2009-08-10,1388/05/19
4406,74.69,73.13,75.55,73.59,1.24,1.69%,2009-08-07,1388/05/16
4407,75.18,74,76,74.83,0.68,0.91%,2009-08-06,1388/05/15
4408,74.65,73.2,75.62,75.51,1.23,1.66%,2009-08-05,1388/05/14
4409,73.31,72.24,74.89,74.28,0.73,0.99%,2009-08-04,1388/05/13
4410,71.98,71.5,73.95,73.55,1.85,2.58%,2009-08-03,1388/05/12
4411,69.79,68.06,72.12,71.7,1.59,2.27%,2009-07-31,1388/05/09
4412,66.37,66.36,70.37,70.11,3.58,5.38%,2009-07-30,1388/05/08
4413,69.42,66.14,69.89,66.53,3.35,5.04%,2009-07-29,1388/05/07
4414,70.57,69.07,71.36,69.88,0.93,1.33%,2009-07-28,1388/05/06
4415,70.06,69.96,71.28,70.81,0.49,0.70%,2009-07-27,1388/05/05
4416,68.78,68.69,70.46,70.32,1.07,1.55%,2009-07-24,1388/05/02
4417,66.87,66.7,69.78,69.25,2.04,3.04%,2009-07-23,1388/05/01
4418,66.37,65.5,67.48,67.21,0.34,0.51%,2009-07-22,1388/04/31
4419,66.63,65.69,67.92,66.87,0.43,0.65%,2009-07-21,1388/04/30
4420,65.03,65.03,66.76,66.44,1.06,1.62%,2009-07-20,1388/04/29
4421,63.8,62.81,65.93,65.38,2.63,4.19%,2009-07-17,1388/04/26
4422,63.23,61.99,63.3,62.75,0.34,0.54%,2009-07-16,1388/04/25
4423,61.35,61.33,63.83,63.09,2.23,3.66%,2009-07-15,1388/04/24
4424,61.09,60.48,62.26,60.86,0.17,0.28%,2009-07-14,1388/04/23
4425,60.66,59.49,61.59,60.69,0.17,0.28%,2009-07-13,1388/04/22
4426,61.43,59.53,61.44,60.52,0.58,0.96%,2009-07-10,1388/04/19
4427,60.9,59.76,62.17,61.1,0.67,1.11%,2009-07-09,1388/04/18
4428,62.5,60.3,63.13,60.43,2.8,4.63%,2009-07-08,1388/04/17
4429,64.36,62.59,64.89,63.23,0.82,1.30%,2009-07-07,1388/04/16
4430,65.2,63.26,65.46,64.05,1.56,2.44%,2009-07-06,1388/04/15
4431,66.25,65.25,67.13,65.61,1.04,1.59%,2009-07-03,1388/04/12
4432,68.9,66.21,69.19,66.65,2.14,3.21%,2009-07-02,1388/04/11
4433,69.9,68.08,71.32,68.79,0.51,0.74%,2009-07-01,1388/04/10
4434,71.3,68.4,73.5,69.3,1.69,2.44%,2009-06-30,1388/04/09
4435,68.95,68.1,71.42,70.99,2.07,3%,2009-06-29,1388/04/08
4436,70,68.5,70.81,68.92,0.86,1.25%,2009-06-26,1388/04/05
4437,68.11,68.05,70.51,69.78,1.45,2.12%,2009-06-25,1388/04/04
4438,68.41,67.58,69.31,68.33,0.47,0.69%,2009-06-24,1388/04/03
4439,66.89,65.9,69.25,68.8,1.82,2.72%,2009-06-23,1388/04/02
4440,69.47,66.12,69.62,66.98,2.21,3.30%,2009-06-22,1388/04/01
4441,71.37,68.63,71.96,69.19,1.87,2.70%,2009-06-19,1388/03/29
4442,70.99,69.8,71.49,71.06,0.21,0.30%,2009-06-18,1388/03/28
4443,70,69.02,71.12,70.85,0.61,0.87%,2009-06-17,1388/03/27
4444,69.89,69.55,72.4,70.24,0.8,1.15%,2009-06-16,1388/03/26
4445,70.93,68.56,70.93,69.44,1.48,2.13%,2009-06-15,1388/03/25
4446,71.64,69.99,71.64,70.92,0.87,1.23%,2009-06-12,1388/03/22
4447,70.87,70.63,72.27,71.79,0.99,1.40%,2009-06-11,1388/03/21
4448,70,69.92,71.2,70.8,1.18,1.69%,2009-06-10,1388/03/20
4449,68.66,68.24,70.06,69.62,1.74,2.56%,2009-06-09,1388/03/19
4450,67.79,66.88,68.79,67.88,0.46,0.68%,2009-06-08,1388/03/18
4451,68.66,67.35,69.91,68.34,0.37,0.54%,2009-06-05,1388/03/15
4452,65.94,65.84,69.5,68.71,2.83,4.30%,2009-06-04,1388/03/14
4453,67.75,64.91,68.65,65.88,2.29,3.48%,2009-06-03,1388/03/13
4454,67.44,67.05,68.55,68.17,0.2,0.29%,2009-06-02,1388/03/12
4455,65.77,65.49,68.03,67.97,2.45,3.74%,2009-06-01,1388/03/11
4456,64.02,63.96,65.8,65.52,1.13,1.75%,2009-05-29,1388/03/08
4457,61.86,61.78,64.68,64.39,1.89,3.02%,2009-05-28,1388/03/07
4458,61.43,60.99,62.75,62.5,1.26,2.06%,2009-05-27,1388/03/06
4459,60.03,58.41,61.35,61.24,1.03,1.71%,2009-05-26,1388/03/05
4460,61,59.85,61.16,60.21,0.57,0.95%,2009-05-25,1388/03/04
4461,60.12,59.61,60.94,60.78,0.85,1.42%,2009-05-22,1388/03/01
4462,60.37,58.83,60.68,59.93,0.66,1.10%,2009-05-21,1388/02/31
4463,58.9,58.76,60.8,60.59,1.67,2.83%,2009-05-20,1388/02/30
4464,58.5,57.69,59.65,58.92,0.45,0.77%,2009-05-19,1388/02/29
4465,56.17,55.91,58.86,58.47,2.49,4.45%,2009-05-18,1388/02/28
4466,58.45,55.85,58.91,55.98,0.71,1.27%,2009-05-15,1388/02/25
4467,57.21,56,57.28,56.69,0.65,1.15%,2009-05-14,1388/02/24
4468,58.36,56.88,59.05,57.34,0.6,1.05%,2009-05-13,1388/02/23
4469,57.3,56.87,58.91,57.94,0.46,0.80%,2009-05-12,1388/02/22
4470,57.8,56.31,58.09,57.48,0.66,1.15%,2009-05-11,1388/02/21
4471,56.64,56.64,58.5,58.14,1.67,2.96%,2009-05-08,1388/02/18
4472,56.3,55.43,58.22,56.47,0.32,0.57%,2009-05-07,1388/02/17
4473,54.38,53.86,56.3,56.15,2.03,3.75%,2009-05-06,1388/02/16
4474,54.62,53.64,54.91,54.12,0.46,0.85%,2009-05-05,1388/02/15
4475,52.6,52.36,54.78,54.58,1.73,3.27%,2009-05-04,1388/02/14
4476,50.7,49.96,53.05,52.85,2.05,4.04%,2009-05-01,1388/02/11
4477,51.17,50,51.39,50.8,0.02,0.04%,2009-04-30,1388/02/10
4478,49.57,49.25,51.28,50.78,0.79,1.58%,2009-04-29,1388/02/09
4479,50.08,48.88,50.42,49.99,0.33,0.66%,2009-04-28,1388/02/08
4480,51.04,48.4,51.19,50.32,1.35,2.68%,2009-04-27,1388/02/07
4481,50.13,49.5,52.09,51.67,1.56,3.11%,2009-04-24,1388/02/04
4482,49.32,49.25,50.51,50.11,0.3,0.60%,2009-04-23,1388/02/03
4483,49.82,48.85,50.32,49.81,0.01,0.02%,2009-04-22,1388/02/02
4484,49.86,48.31,50.63,49.82,0.04,0.08%,2009-04-21,1388/02/01
4485,53.06,49.6,53.06,49.86,3.49,7%,2009-04-20,1388/01/31
4486,53.05,52.63,53.97,53.35,0.29,0.55%,2009-04-17,1388/01/28
4487,53.25,52.53,53.91,53.06,1.27,2.45%,2009-04-16,1388/01/27
4488,51.86,51.35,52.87,51.79,0.17,0.33%,2009-04-15,1388/01/26
4489,52.25,51.21,53.56,51.96,0.18,0.35%,2009-04-14,1388/01/25
4490,53.98,50.9,54.12,52.14,1.92,3.68%,2009-04-13,1388/01/24
4491,52.05,51.85,54.27,54.06,2.47,4.79%,2009-04-09,1388/01/20
4492,50.56,49.8,53.59,51.59,0.37,0.72%,2009-04-08,1388/01/19
4493,52.44,50.65,53.18,51.22,1.02,1.99%,2009-04-07,1388/01/18
4494,53.5,51.15,54.31,52.24,1.23,2.35%,2009-04-06,1388/01/17
4495,52.34,51.48,54.26,53.47,0.72,1.36%,2009-04-03,1388/01/14
4496,48.59,48.59,53.06,52.75,4.31,8.90%,2009-04-02,1388/01/13
4497,48.37,47.26,48.7,48.44,0.79,1.63%,2009-04-01,1388/01/12
4498,48.5,47.47,49.81,49.23,1.24,2.58%,2009-03-31,1388/01/11
4499,51.5,47.66,51.6,47.99,3.99,8.31%,2009-03-30,1388/01/10
4500,53.31,51.17,53.44,51.98,1.48,2.85%,2009-03-27,1388/01/07
4501,52.39,52.3,53.8,53.46,1.71,3.30%,2009-03-26,1388/01/06
4502,53.04,51.17,53.48,51.75,1.75,3.38%,2009-03-25,1388/01/05
4503,53.23,52.42,53.61,53.5,0.03,0.06%,2009-03-24,1388/01/04
4504,51.3,51.1,53.86,53.47,2.25,4.39%,2009-03-23,1388/01/03
4505,50.38,49.74,51.7,51.22,0.55,1.09%,2009-03-20,1387/12/30
4506,48.21,48.16,51.64,50.67,3.01,6.32%,2009-03-19,1387/12/29
4507,47.4,46.05,48.94,47.66,0.58,1.22%,2009-03-18,1387/12/28
4508,45.9,45.22,48.65,48.24,4.26,9.69%,2009-03-17,1387/12/27
4509,44.25,42.59,44.57,43.98,0.95,2.16%,2009-03-16,1387/12/26
4510,44.8,44.13,46.36,44.93,0.16,0.36%,2009-03-13,1387/12/23
4511,41.83,41.48,45.48,45.09,3.69,8.91%,2009-03-12,1387/12/22
4512,43.81,41.3,44.44,41.4,2.56,6.18%,2009-03-11,1387/12/21
4513,44.4,43.61,45.77,43.96,0.17,0.39%,2009-03-10,1387/12/20
4514,45.42,43.07,45.74,44.13,0.72,1.63%,2009-03-09,1387/12/19
4515,44.28,43.06,45.24,44.85,1.21,2.77%,2009-03-06,1387/12/16
4516,46.28,42.85,46.42,43.64,2.48,5.68%,2009-03-05,1387/12/15
4517,43.3,43.1,46.54,46.12,2.42,5.54%,2009-03-04,1387/12/14
4518,42.16,41.6,44.1,43.7,1.49,3.53%,2009-03-03,1387/12/13
4519,45.56,41.9,45.65,42.21,4.14,9.81%,2009-03-02,1387/12/12
4520,46.29,44.52,46.48,46.35,0.16,0.35%,2009-02-27,1387/12/09
4521,44.4,44.15,46.63,46.51,2.22,5.01%,2009-02-26,1387/12/08
4522,42.35,41.85,44.5,44.29,1.79,4.21%,2009-02-25,1387/12/07
4523,40.63,40.43,42.6,42.5,1.51,3.68%,2009-02-24,1387/12/06
4524,41.66,40.3,43.45,40.99,0.9,2.20%,2009-02-23,1387/12/05
4525,41.41,39.78,42.1,41.89,0.1,0.24%,2009-02-20,1387/12/02
4526,39.91,39.64,42.19,41.99,2.44,6.17%,2009-02-19,1387/12/01
4527,40.41,39.35,41.77,39.55,1.48,3.74%,2009-02-18,1387/11/30
4528,43.66,40.23,44,41.03,2.25,5.48%,2009-02-17,1387/11/29
4529,44.3,43.15,45.5,43.28,1.53,3.54%,2009-02-16,1387/11/28
4530,45.97,44.32,46.5,44.81,0.16,0.36%,2009-02-13,1387/11/25
4531,44.65,43.92,45.14,44.65,0.37,0.84%,2009-02-12,1387/11/24
4532,45.11,43.93,45.68,44.28,0.33,0.75%,2009-02-11,1387/11/23
4533,46.02,44.38,48.22,44.61,1.41,3.16%,2009-02-10,1387/11/22
4534,46.06,45.53,48.42,46.02,0.19,0.41%,2009-02-09,1387/11/21
4535,47,44.21,47.48,46.21,0.25,0.54%,2009-02-06,1387/11/18
4536,44.22,44.05,46.6,46.46,2.31,5.23%,2009-02-05,1387/11/17
4537,44.23,43.7,45.1,44.15,0.07,0.16%,2009-02-04,1387/11/16
4538,44.51,43.84,44.92,44.08,0.26,0.59%,2009-02-03,1387/11/15
4539,46.06,43.77,46.56,43.82,2.06,4.70%,2009-02-02,1387/11/14
4540,45.5,45.1,47.75,45.88,0.48,1.06%,2009-01-30,1387/11/11
4541,44.51,44,46.06,45.4,0.5,1.11%,2009-01-29,1387/11/10
4542,44.2,43.76,46.19,44.9,1.17,2.68%,2009-01-28,1387/11/09
4543,46.94,43.55,48.4,43.73,3.23,7.39%,2009-01-27,1387/11/08
4544,47.46,46.67,49.65,46.96,1.41,3%,2009-01-26,1387/11/07
4545,44.66,43.9,48.61,48.37,2.98,6.57%,2009-01-23,1387/11/04
4546,45.12,43.4,46.64,45.39,0.37,0.82%,2009-01-22,1387/11/03
4547,43.89,42.85,45.76,45.02,1.4,3.21%,2009-01-21,1387/11/02
4548,44.6,42.96,45.64,43.62,0.88,2.02%,2009-01-20,1387/11/01
4549,46.3,43.8,46.5,44.5,2.07,4.65%,2009-01-19,1387/10/30
4550,48,45.94,49.12,46.57,1.88,4.21%,2009-01-16,1387/10/27
4551,44.97,43.8,47.2,44.69,0.39,0.87%,2009-01-15,1387/10/26
4552,45.08,43.74,46,45.08,0.25,0.56%,2009-01-14,1387/10/25
4553,43.1,41.84,45.59,44.83,1.92,4.47%,2009-01-13,1387/10/24
4554,44.57,42.12,44.7,42.91,1.51,3.52%,2009-01-12,1387/10/23
4555,45.23,42.79,45.67,44.42,0.25,0.56%,2009-01-09,1387/10/20
4556,46.02,43.75,47.36,44.67,1.19,2.66%,2009-01-08,1387/10/19
4557,50.53,45.67,51.4,45.86,4.67,10.18%,2009-01-07,1387/10/18
4558,48.8,48.6,52.21,50.53,0.91,1.83%,2009-01-06,1387/10/17
4559,48.2,46.31,50.05,49.62,2.71,5.78%,2009-01-05,1387/10/16
4560,43.85,41.6,47.33,46.91,1.32,2.90%,2009-01-02,1387/10/13
4561,40.11,38.1,46.31,45.59,5.44,13.55%,2008-12-31,1387/10/11
4562,40.8,38.58,40.88,40.15,0.4,1%,2008-12-30,1387/10/10
4563,39.78,38.15,43.18,40.55,2.18,5.68%,2008-12-29,1387/10/09
4564,36.58,36.58,38.74,38.37,1.76,4.81%,2008-12-26,1387/10/06
4565,40.6,36.2,40.6,36.61,3.75,10.24%,2008-12-24,1387/10/04
4566,41.05,39.2,42.02,40.36,1.09,2.70%,2008-12-23,1387/10/03
4567,44.65,41.03,44.77,41.45,2.55,6.15%,2008-12-22,1387/10/02
4568,43.42,43.03,45.15,44,0.64,1.48%,2008-12-19,1387/09/29
4569,45.35,43.2,46.68,43.36,2.17,5%,2008-12-18,1387/09/28
4570,47.79,45.3,48.91,45.53,0.97,2.18%,2008-12-17,1387/09/27
4571,44.76,43.9,46.48,44.56,0.04,0.09%,2008-12-16,1387/09/26
4572,46,44.25,49.96,44.6,1.81,4.06%,2008-12-15,1387/09/25
4573,46.63,43.3,47.2,46.41,0.98,2.11%,2008-12-12,1387/09/22
4574,42.6,42,48.36,47.39,4.99,11.77%,2008-12-11,1387/09/21
4575,42.44,40.92,45.27,42.4,0.87,2.09%,2008-12-10,1387/09/20
4576,43.87,41.25,44.17,41.53,1.89,4.55%,2008-12-09,1387/09/19
4577,40.48,40.48,44.63,43.42,3.68,9.26%,2008-12-08,1387/09/18
4578,42.35,39.35,43.19,39.74,2.54,6.39%,2008-12-05,1387/09/15
4579,45.1,41.8,45.68,42.28,3.16,7.47%,2008-12-04,1387/09/14
4580,45.9,44.87,46.59,45.44,-,-,2008-12-03,1387/09/13
4581,47.7,45.3,48.97,45.44,2.53,5.57%,2008-12-02,1387/09/12
4582,53,47.5,53,47.97,5.52,11.51%,2008-12-01,1387/09/11
4583,53.42,50.8,54.9,53.49,0.36,0.68%,2008-11-28,1387/09/08
4584,53.75,51.98,53.91,53.13,0.79,1.49%,2008-11-27,1387/09/07
4585,50.69,49.81,54.45,53.92,3.57,7.09%,2008-11-26,1387/09/06
4586,53.7,50.1,53.86,50.35,3.58,7.11%,2008-11-25,1387/09/05
4587,50,48,54.5,53.93,4.74,9.64%,2008-11-24,1387/09/04
4588,47.8,47.4,50.14,49.19,1.11,2.31%,2008-11-21,1387/09/01
4589,51,47.46,51.3,48.08,3.64,7.57%,2008-11-20,1387/08/30
4590,51.88,50.61,52.95,51.72,0.12,0.23%,2008-11-19,1387/08/29
4591,52.42,51.25,53.06,51.84,0.47,0.91%,2008-11-18,1387/08/28
4592,53.37,52.04,56.15,52.31,1.93,3.69%,2008-11-17,1387/08/27
4593,56.8,53.42,56.8,54.24,2.25,4.33%,2008-11-14,1387/08/24
4594,51.96,50.6,53.26,51.99,0.38,0.73%,2008-11-13,1387/08/23
4595,55.62,51.64,55.92,52.37,3.34,6.38%,2008-11-12,1387/08/22
4596,57.53,54.92,57.58,55.71,3.37,6.05%,2008-11-11,1387/08/21
4597,58.38,56.18,61.98,59.08,1.73,3.02%,2008-11-10,1387/08/20
4598,56.9,56.62,59.43,57.35,0.08,0.14%,2008-11-07,1387/08/17
4599,61.56,56.44,62,57.43,4.44,7.73%,2008-11-06,1387/08/16
4600,65.95,61.13,66,61.87,4.57,7.39%,2008-11-05,1387/08/15
4601,60.5,58.38,67.76,66.44,5.96,9.85%,2008-11-04,1387/08/14
4602,64.3,60.18,66.7,60.48,4.84,8%,2008-11-03,1387/08/13
4603,62.52,60.62,66.47,65.32,1.61,2.53%,2008-10-31,1387/08/10
4604,66.18,61.93,68.35,63.71,1.76,2.76%,2008-10-30,1387/08/09
4605,62.88,61.24,67.12,65.47,5.18,8.59%,2008-10-29,1387/08/08
4606,60.49,59.47,62.95,60.29,1.12,1.86%,2008-10-28,1387/08/07
4607,61.93,59.02,63.59,61.41,0.64,1.04%,2008-10-27,1387/08/06
4608,67.33,61,67.33,62.05,3.87,6.24%,2008-10-24,1387/08/03
4609,65.21,64,67.7,65.92,1.4,2.17%,2008-10-23,1387/08/02
4610,68.87,63.96,68.87,64.52,5.2,8.06%,2008-10-22,1387/08/01
4611,73.2,67.91,73.29,69.72,2.31,3.31%,2008-10-21,1387/07/30
4612,70.65,69.41,73.61,72.03,2.43,3.49%,2008-10-20,1387/07/29
4613,70.32,67.4,71.9,69.6,3.28,4.95%,2008-10-17,1387/07/26
4614,69.5,65.45,70.15,66.32,4.48,6.76%,2008-10-16,1387/07/25
4615,74.3,69.97,75.04,70.8,3.73,5.27%,2008-10-15,1387/07/24
4616,78.46,74.26,80.74,74.53,2.93,3.93%,2008-10-14,1387/07/23
4617,77,75.54,78.42,77.46,3.37,4.55%,2008-10-13,1387/07/22
4618,80.5,73.14,80.55,74.09,8.57,11.57%,2008-10-10,1387/07/19
4619,83.62,80.4,85.07,82.66,1.7,2.06%,2008-10-09,1387/07/18
4620,83.94,81,85.6,84.36,0.3,0.36%,2008-10-08,1387/07/17
4621,83.91,82.84,87.99,84.66,0.98,1.17%,2008-10-07,1387/07/16
4622,88.3,83.36,88.65,83.68,6.57,7.85%,2008-10-06,1387/07/15
4623,90.48,88,92.46,90.25,0.31,0.34%,2008-10-03,1387/07/12
4624,96.1,90.26,97.03,90.56,4.77,5.27%,2008-10-02,1387/07/11
4625,99.45,92.87,100.31,95.33,2.84,2.98%,2008-10-01,1387/07/10
4626,93.3,91.1,99.87,98.17,4.19,4.46%,2008-09-30,1387/07/09
4627,103.29,92.64,103.29,93.98,9.56,10.17%,2008-09-29,1387/07/08
4628,103.77,101.2,104,103.54,1.06,1.02%,2008-09-26,1387/07/05
4629,102.56,100.01,105.27,104.6,2.15,2.10%,2008-09-25,1387/07/04
4630,103.48,101.63,105.94,102.45,0.63,0.61%,2008-09-24,1387/07/03
4631,106.09,100.57,106.09,103.08,2.96,2.87%,2008-09-23,1387/07/02
4632,99.5,99.5,107.11,106.04,6.43,6.46%,2008-09-22,1387/07/01
4633,95,94.85,100.5,99.61,4.42,4.64%,2008-09-19,1387/06/29
4634,94.85,93.29,99.69,95.19,0.35,0.37%,2008-09-18,1387/06/28
4635,91.95,89.03,95.13,94.84,5.62,6.30%,2008-09-17,1387/06/27
4636,91.57,88.9,92.13,89.22,3.16,3.54%,2008-09-16,1387/06/26
4637,95.99,91.17,96.59,92.38,5.2,5.63%,2008-09-15,1387/06/25
4638,98.01,96.33,99.44,97.58,0.06,0.06%,2008-09-12,1387/06/22
4639,99.2,96.99,100.2,97.64,1.33,1.36%,2008-09-11,1387/06/21
4640,100,98.1,102.06,98.97,1.37,1.38%,2008-09-10,1387/06/20
4641,103.58,98.94,103.79,100.34,3.1,3.09%,2008-09-09,1387/06/19
4642,105.74,102.34,106.9,103.44,0.65,0.63%,2008-09-08,1387/06/18
4643,105.97,103.43,106.65,104.09,2.21,2.12%,2008-09-05,1387/06/15
4644,108.39,105.16,109.16,106.3,1.76,1.66%,2008-09-04,1387/06/14
4645,108.33,106.17,108.4,108.06,0.28,0.26%,2008-09-03,1387/06/13
4646,110.45,104.14,110.45,108.34,1.07,0.99%,2008-09-02,1387/06/12
4647,115.5,109.17,115.56,109.41,4.64,4.24%,2008-09-01,1387/06/11
4648,114.97,113.5,116.75,114.05,0.12,0.11%,2008-08-29,1387/06/08
4649,116.42,112.81,118.26,114.17,2.05,1.80%,2008-08-28,1387/06/07
4650,114.32,114.32,117.25,116.22,1.59,1.39%,2008-08-27,1387/06/06
4651,114.45,111.65,116.52,114.63,0.6,0.53%,2008-08-26,1387/06/05
4652,113,113,115.6,114.03,0.11,0.10%,2008-08-25,1387/06/04
4653,120.16,113.38,120.91,113.92,6.24,5.48%,2008-08-22,1387/06/01
4654,114.75,114.55,120.93,120.16,5.8,5.07%,2008-08-21,1387/05/31
4655,113.85,111.61,115.59,114.36,1.11,0.98%,2008-08-20,1387/05/30
4656,111.94,110.7,115.38,113.25,1.31,1.17%,2008-08-19,1387/05/29
4657,112.3,110.85,114.15,111.94,0.61,0.54%,2008-08-18,1387/05/28
4658,112.78,110.31,113.05,112.55,0.09,0.08%,2008-08-15,1387/05/25
4659,114.41,111.88,114.89,112.64,0.83,0.74%,2008-08-14,1387/05/24
4660,111.55,111.01,114.93,113.47,2.32,2.09%,2008-08-13,1387/05/23
4661,112.88,110.47,114.31,111.15,1.52,1.37%,2008-08-12,1387/05/22
4662,113.85,111.07,115.32,112.67,0.66,0.59%,2008-08-11,1387/05/21
4663,117.8,112.8,118.1,113.33,4.53,4%,2008-08-08,1387/05/18
4664,117.2,116.25,119.75,117.86,0.86,0.74%,2008-08-07,1387/05/17
4665,116.98,115.6,118.77,117,0.7,0.60%,2008-08-06,1387/05/16
4666,119.99,116.91,120.05,117.7,2.98,2.53%,2008-08-05,1387/05/15
4667,125.3,118.8,125.3,120.68,3.5,2.90%,2008-08-04,1387/05/14
4668,123.42,121.94,127.94,124.18,0.2,0.16%,2008-08-01,1387/05/11
4669,126.9,122.92,127.52,123.98,3.12,2.52%,2008-07-31,1387/05/10
4670,122.59,121.42,127.61,127.1,4.39,3.58%,2008-07-30,1387/05/09
4671,126.12,120.88,126.79,122.71,3.13,2.55%,2008-07-29,1387/05/08
4672,124.4,124.05,126.49,125.84,1.32,1.06%,2008-07-28,1387/05/07
4673,126.56,123.39,127.51,124.52,1.92,1.54%,2008-07-25,1387/05/04
4674,125.23,124.1,127.25,126.44,1.15,0.92%,2008-07-24,1387/05/03
4675,129.4,124.61,129.5,125.29,4.26,3.40%,2008-07-23,1387/05/02
4676,132.69,127.6,133.75,129.55,3.06,2.36%,2008-07-22,1387/05/01
4677,131.04,130.19,133.57,132.61,2.42,1.86%,2008-07-21,1387/04/31
4678,131.59,129.66,133.69,130.19,0.88,0.68%,2008-07-18,1387/04/28
4679,136.31,130.73,137.85,131.07,5.12,3.91%,2008-07-17,1387/04/27
4680,138.76,132.5,139.26,136.19,2.56,1.88%,2008-07-16,1387/04/26
4681,143.85,134.96,145.55,138.75,5.17,3.73%,2008-07-15,1387/04/25
4682,144.37,142.25,145.45,143.92,0.57,0.40%,2008-07-14,1387/04/24
4683,142.14,141.62,147.5,144.49,2.46,1.73%,2008-07-11,1387/04/21
4684,136.8,136.18,142.41,142.03,5.45,3.99%,2008-07-10,1387/04/20
4685,136.02,135.9,138.91,136.58,0.15,0.11%,2008-07-09,1387/04/19
4686,141.86,135.5,142.96,136.43,5.44,3.99%,2008-07-08,1387/04/18
4687,144.4,140.33,144.86,141.87,2.55,1.80%,2008-07-07,1387/04/17
4688,146.3,144.25,146.62,144.42,1.66,1.15%,2008-07-04,1387/04/14
4689,144.76,144.18,146.69,146.08,1.82,1.26%,2008-07-03,1387/04/13
4690,141.7,140.4,144.95,144.26,3.59,2.55%,2008-07-02,1387/04/12
4691,140.44,140.11,143.31,140.67,0.84,0.60%,2008-07-01,1387/04/11
4692,141.29,139.54,143.91,139.83,0.48,0.34%,2008-06-30,1387/04/10
4693,139.2,138.99,142.97,140.31,0.48,0.34%,2008-06-27,1387/04/07
4694,134.25,133.52,140.56,139.83,5.5,4.09%,2008-06-26,1387/04/06
4695,137,132,137.22,134.33,2.13,1.59%,2008-06-25,1387/04/05
4696,136.38,135.46,137.76,136.46,0.55,0.40%,2008-06-24,1387/04/04
4697,134.56,133.65,137.34,135.91,1.05,0.78%,2008-06-23,1387/04/03
4698,132,131.48,136.8,134.86,2.86,2.17%,2008-06-20,1387/03/31
4699,136.22,131.73,137.4,132,4.44,3.36%,2008-06-19,1387/03/30
4700,133,132.14,136.6,136.44,2.72,2.03%,2008-06-18,1387/03/29
4701,134.25,132,135.28,133.72,0.99,0.74%,2008-06-17,1387/03/28
4702,134.79,132.82,139.32,134.71,0.46,0.34%,2008-06-16,1387/03/27
4703,136.17,133.09,136.21,134.25,1.84,1.37%,2008-06-13,1387/03/24
4704,135,131.35,136.8,136.09,1.07,0.79%,2008-06-12,1387/03/23
4705,131.75,131.65,137.3,135.02,4,3.05%,2008-06-11,1387/03/22
4706,134.47,130.5,137.74,131.02,2.89,2.21%,2008-06-10,1387/03/21
4707,137.25,131.6,137.51,133.91,3.78,2.82%,2008-06-09,1387/03/20
4708,127.6,127.23,138.12,137.69,10.15,7.96%,2008-06-06,1387/03/17
4709,121.75,121.32,127.9,127.54,5.44,4.46%,2008-06-05,1387/03/16
4710,124.18,121.7,124.9,122.1,2.48,2.03%,2008-06-04,1387/03/15
4711,127.88,124.18,128.09,124.58,3.44,2.76%,2008-06-03,1387/03/14
4712,127.22,125.62,129.25,128.02,0.24,0.19%,2008-06-02,1387/03/13
4713,127,125,129,127.78,0.89,0.70%,2008-05-30,1387/03/10
4714,131.55,126.09,132.85,126.89,4.04,3.18%,2008-05-29,1387/03/09
4715,128.19,126.04,131.29,130.93,2.62,2.04%,2008-05-28,1387/03/08
4716,132.97,127.83,133.41,128.31,4.06,3.16%,2008-05-27,1387/03/07
4717,131.25,131.25,133.16,132.37,0.8,0.61%,2008-05-26,1387/03/06
4718,130.51,130.07,133.74,131.57,1.06,0.81%,2008-05-23,1387/03/03
4719,133.67,130,135.14,130.51,2.19,1.68%,2008-05-22,1387/03/02
4720,127.8,127.8,133.67,132.7,4.86,3.80%,2008-05-21,1387/03/01
4721,125.2,124.5,128.07,127.84,2.78,2.22%,2008-05-20,1387/02/31
4722,125.28,123.59,126,125.06,0.07,0.06%,2008-05-19,1387/02/30
4723,123.05,122.71,126.34,124.99,3.74,3.08%,2008-05-16,1387/02/27
4724,120.1,120.1,124.1,121.25,0.61,0.50%,2008-05-15,1387/02/26
4725,123.85,121.45,124.29,121.86,2.24,1.84%,2008-05-14,1387/02/25
4726,122.85,121.95,124.99,124.1,1.19,0.97%,2008-05-13,1387/02/24
4727,125.63,122.47,125.63,122.91,2.49,2.03%,2008-05-12,1387/02/23
4728,123.5,123.3,125.9,125.4,2.56,2.08%,2008-05-09,1387/02/20
4729,122.39,120.89,123.93,122.84,0.52,0.43%,2008-05-08,1387/02/19
4730,120.15,119.34,122.78,122.32,2.01,1.67%,2008-05-07,1387/02/18
4731,118.13,117.69,120.99,120.31,2.32,1.97%,2008-05-06,1387/02/17
4732,114.54,114.21,118.58,117.99,3.43,2.99%,2008-05-05,1387/02/16
4733,110.36,109.8,114.8,114.56,4.06,3.67%,2008-05-02,1387/02/13
4734,112.74,108.42,112.74,110.5,0.86,0.78%,2008-05-01,1387/02/12
4735,113.5,111.17,114.66,111.36,2.07,1.86%,2008-04-30,1387/02/11
4736,116.74,113.01,116.74,113.43,3.31,2.92%,2008-04-29,1387/02/10
4737,117.32,116.07,117.51,116.74,0.4,0.34%,2008-04-28,1387/02/09
4738,113.8,112.49,117.56,116.34,2,1.75%,2008-04-25,1387/02/06
4739,116.05,112.57,116.87,114.34,2.12,1.85%,2008-04-24,1387/02/05
4740,115.9,114.58,116.63,116.46,0.51,0.44%,2008-04-23,1387/02/04
4741,114.35,113.94,116.75,115.95,1.52,1.33%,2008-04-22,1387/02/03
4742,113.85,113.03,114.86,114.43,0.51,0.45%,2008-04-21,1387/02/02
4743,112.51,110.62,114.22,113.92,1.49,1.33%,2008-04-18,1387/01/30
4744,112.83,111.74,113.38,112.43,0.23,0.20%,2008-04-17,1387/01/29
4745,111.33,110.15,112.83,112.66,1.35,1.21%,2008-04-16,1387/01/28
4746,109.95,109.68,112.08,111.31,1.47,1.34%,2008-04-15,1387/01/27
4747,108.26,108.09,110.01,109.84,1.09,1%,2008-04-14,1387/01/26
4748,107.88,107.69,109.17,108.75,0.55,0.51%,2008-04-11,1387/01/23
4749,108.54,106.86,109.98,108.2,0.27,0.25%,2008-04-10,1387/01/22
4750,106.8,105.75,109.5,108.47,2.13,2%,2008-04-09,1387/01/21
4751,106.83,105.72,107.78,106.34,0.8,0.75%,2008-04-08,1387/01/20
4752,104.68,104.6,107.5,107.14,2.24,2.14%,2008-04-07,1387/01/19
4753,102.85,102.7,105.08,104.9,2.38,2.32%,2008-04-04,1387/01/16
4754,103.88,102.01,104.5,102.52,1.23,1.20%,2008-04-03,1387/01/15
4755,100.41,99.1,103.98,103.75,3.58,3.57%,2008-04-02,1387/01/14
4756,100.5,98.99,101.47,100.17,0.13,0.13%,2008-04-01,1387/01/13
4757,103.36,99.14,105.32,100.3,3.47,3.46%,2008-03-31,1387/01/12
4758,104.4,103.05,105.42,103.77,1.23,1.19%,2008-03-28,1387/01/09
4759,104.22,103.41,105.6,105,1.01,0.97%,2008-03-27,1387/01/08
4760,100.9,100.75,104.18,103.99,3.39,3.37%,2008-03-26,1387/01/07
4761,98.97,98.7,101.1,100.6,0.74,0.74%,2008-03-25,1387/01/06
4762,99.75,98.92,101.28,99.86,0.52,0.52%,2008-03-24,1387/01/05
4763,100.07,98,100.81,100.38,0.34,0.34%,2008-03-20,1387/01/01
4764,104.93,100.16,105.1,100.72,4.84,4.81%,2008-03-19,1386/12/29
4765,102.31,101.7,106.18,105.56,3.81,3.74%,2008-03-18,1386/12/28
4766,106,99.5,107.97,101.75,5.8,5.70%,2008-03-17,1386/12/27
4767,106.64,106.24,108.02,107.55,0.01,0.01%,2008-03-14,1386/12/24
4768,106.31,105.56,107.88,107.54,1.27,1.20%,2008-03-13,1386/12/23
4769,105.43,104,106.45,106.27,1.02,0.97%,2008-03-12,1386/12/22
4770,104.21,103.3,105.82,105.25,1.09,1.05%,2008-03-11,1386/12/21
4771,102.3,101.2,104.45,104.16,1.78,1.74%,2008-03-10,1386/12/20
4772,102.69,101.36,103.98,102.38,0.23,0.22%,2008-03-07,1386/12/17
4773,101.67,100.28,102.95,102.61,0.97,0.95%,2008-03-06,1386/12/16
4774,97.75,97.52,102.07,101.64,4.12,4.22%,2008-03-05,1386/12/15
4775,100.6,96.92,101.31,97.52,2.96,3.04%,2008-03-04,1386/12/14
4776,100.12,99.2,102.29,100.48,0.38,0.38%,2008-03-03,1386/12/13
4777,101.2,99.66,101.27,100.1,0.8,0.80%,2008-02-29,1386/12/10
4778,98.54,97.45,101.27,100.9,2.63,2.68%,2008-02-28,1386/12/09
4779,100,97.98,100.53,98.27,1.2,1.22%,2008-02-27,1386/12/08
4780,98.05,97.05,100.03,99.47,1.78,1.82%,2008-02-26,1386/12/07
4781,97.23,96.34,98.16,97.69,0.68,0.70%,2008-02-25,1386/12/06
4782,95.9,95.66,97.65,97.01,0.77,0.80%,2008-02-22,1386/12/03
4783,98.35,95.42,99,96.24,2.18,2.27%,2008-02-21,1386/12/02
4784,97.82,96.77,99.22,98.42,0.14,0.14%,2008-02-20,1386/12/01
4785,94.84,94.81,98.7,98.56,3.65,3.85%,2008-02-19,1386/11/30
4786,94.9,94.44,95.44,94.91,0.28,0.30%,2008-02-18,1386/11/29
4787,94.95,94.02,95.8,94.63,0.46,0.49%,2008-02-15,1386/11/26
4788,93.47,93.38,95.49,95.09,1.77,1.90%,2008-02-14,1386/11/25
4789,92.99,92.39,94,93.32,0.46,0.50%,2008-02-13,1386/11/24
4790,93.29,92.08,94.13,92.86,0.67,0.72%,2008-02-12,1386/11/23
4791,92.68,91.09,94.52,93.53,1.59,1.73%,2008-02-11,1386/11/22
4792,88.78,88.78,92.32,91.94,3.43,3.88%,2008-02-08,1386/11/19
4793,87.6,86.83,88.77,88.51,0.73,0.83%,2008-02-07,1386/11/18
4794,88.5,87.53,89.6,87.78,1.04,1.18%,2008-02-06,1386/11/17
4795,90.06,88.05,90.4,88.82,1.65,1.86%,2008-02-05,1386/11/16
4796,89.1,88.63,91.12,90.47,1.03,1.15%,2008-02-04,1386/11/15
4797,91.5,88.95,92.49,89.44,2.77,3.10%,2008-02-01,1386/11/12
4798,91.6,90.16,92.83,92.21,0.32,0.35%,2008-01-31,1386/11/11
4799,92.45,91.48,92.8,92.53,0.53,0.58%,2008-01-30,1386/11/10
4800,91.55,91.03,92.53,92,0.62,0.68%,2008-01-29,1386/11/09
4801,90.7,89.33,91.75,91.38,0.48,0.53%,2008-01-28,1386/11/08
4802,89.44,89.32,91.4,90.9,1.83,2.05%,2008-01-25,1386/11/05
4803,87.4,86.88,89.42,89.07,2.45,2.83%,2008-01-24,1386/11/04
4804,88.25,86.4,88.67,86.62,1.83,2.11%,2008-01-23,1386/11/03
4805,87.38,85,88.86,88.45,0.94,1.07%,2008-01-22,1386/11/02
4806,89.57,87.36,89.65,87.51,1.72,1.97%,2008-01-21,1386/11/01
4807,88.5,88.4,89.98,89.23,0.48,0.54%,2008-01-18,1386/10/28
4808,89.6,88.21,90.69,88.75,1,1.13%,2008-01-17,1386/10/27
4809,90.94,88.71,91,89.75,1.23,1.37%,2008-01-16,1386/10/26
4810,92.9,90.35,93.25,90.98,1.94,2.13%,2008-01-15,1386/10/25
4811,91.07,91.01,93.05,92.92,1.85,2.03%,2008-01-14,1386/10/24
4812,92.85,90.83,93.24,91.07,1.15,1.26%,2008-01-11,1386/10/21
4813,94.49,92.13,95.09,92.22,2.15,2.33%,2008-01-10,1386/10/20
4814,95.55,94.1,96.7,94.37,1.17,1.24%,2008-01-09,1386/10/19
4815,94.77,94.47,96.69,95.54,1.15,1.22%,2008-01-08,1386/10/18
4816,96.69,93.72,97.48,94.39,2.4,2.54%,2008-01-07,1386/10/17
4817,97.77,96.18,98,96.79,0.81,0.84%,2008-01-04,1386/10/14
4818,97.45,97.04,98.5,97.6,0.24,0.25%,2008-01-03,1386/10/13
4819,94.47,94.15,98,97.84,3.99,4.25%,2008-01-02,1386/10/12
4820,94.29,93.25,95.29,93.85,0.03,0.03%,2007-12-31,1386/10/10
4821,94.96,93.8,95.86,93.88,0.9,0.96%,2007-12-28,1386/10/07
4822,94,93.27,95.87,94.78,0.84,0.89%,2007-12-27,1386/10/06
4823,93,92.8,95.06,93.94,1.24,1.34%,2007-12-26,1386/10/05
4824,92.29,91.35,92.82,92.7,0.24,0.26%,2007-12-24,1386/10/03
4825,91,90.61,92.95,92.46,1.58,1.74%,2007-12-21,1386/09/30
4826,91.91,90.66,92.48,90.88,0.6,0.66%,2007-12-20,1386/09/29
4827,90.5,89.75,92.27,91.48,1.36,1.51%,2007-12-19,1386/09/28
4828,91.58,89.33,92.89,90.12,1.17,1.30%,2007-12-18,1386/09/27
4829,91.69,90.12,92.42,91.29,1.38,1.51%,2007-12-17,1386/09/26
4830,92.5,91.38,93.66,92.67,0.55,0.60%,2007-12-14,1386/09/23
4831,93.65,91.92,94.36,92.12,1.9,2.06%,2007-12-13,1386/09/22
4832,89.59,89.34,94.44,94.02,4.03,4.48%,2007-12-12,1386/09/21
4833,88.28,88.15,90.35,89.99,1.95,2.21%,2007-12-11,1386/09/20
4834,88.77,87.51,89.85,88.04,0.6,0.68%,2007-12-10,1386/09/19
4835,90.35,87.47,90.79,88.64,1.54,1.74%,2007-12-07,1386/09/16
4836,88,86.56,90.68,90.18,1.69,1.91%,2007-12-06,1386/09/15
4837,89.75,87.85,91.91,88.49,1.04,1.18%,2007-12-05,1386/09/14
4838,89.9,88.97,90.45,89.53,0.27,0.30%,2007-12-04,1386/09/13
4839,88.74,86.93,90.43,89.8,1.54,1.74%,2007-12-03,1386/09/12
4840,90.25,87.55,90.79,88.26,1.96,2.22%,2007-11-30,1386/09/09
4841,90.45,89.73,92.82,90.22,0.41,0.46%,2007-11-29,1386/09/08
4842,92.36,89.56,93.39,89.81,2.71,3.02%,2007-11-28,1386/09/07
4843,94.47,92.4,95.05,92.52,2.8,3.03%,2007-11-27,1386/09/06
4844,95.9,94.26,96.65,95.32,0.44,0.46%,2007-11-26,1386/09/05
4845,94.42,93.81,95.95,95.76,1.26,1.33%,2007-11-23,1386/09/02
4846,95.1,93.98,95.29,94.5,0.34,0.36%,2007-11-22,1386/09/01
4847,95.87,94.05,96.53,94.84,0.65,0.69%,2007-11-21,1386/08/30
4848,92.08,91.76,96.24,95.49,3.21,3.48%,2007-11-20,1386/08/29
4849,91.87,90.98,92.81,92.28,0.66,0.72%,2007-11-19,1386/08/28
4850,90.25,90,91.95,91.62,0.68,0.75%,2007-11-16,1386/08/25
4851,91.24,89.92,92.14,90.94,0.42,0.46%,2007-11-15,1386/08/24
4852,88.99,88.99,91.58,91.36,2.53,2.85%,2007-11-14,1386/08/23
4853,91.48,87.88,91.95,88.83,3.15,3.55%,2007-11-13,1386/08/22
4854,92.54,90.96,93.46,91.98,1.2,1.30%,2007-11-12,1386/08/21
4855,93.3,91.8,93.8,93.18,0.39,0.42%,2007-11-09,1386/08/18
4856,92.45,92.27,94.76,92.79,0.45,0.48%,2007-11-08,1386/08/17
4857,93.59,91.74,95.19,93.24,0.02,0.02%,2007-11-07,1386/08/16
4858,91.05,91.05,93.56,93.26,2.77,3.06%,2007-11-06,1386/08/15
4859,91.84,90.18,92.31,90.49,1.59,1.76%,2007-11-05,1386/08/14
4860,90.2,89.64,92.21,92.08,2.36,2.63%,2007-11-02,1386/08/11
4861,90.94,88.57,91.71,89.72,0.91,1.01%,2007-11-01,1386/08/10
4862,86.92,86.13,91.18,90.63,3.19,3.65%,2007-10-31,1386/08/09
4863,90.25,86.64,90.25,87.44,2.88,3.29%,2007-10-30,1386/08/08
4864,88.69,88.69,90.49,90.32,1.63,1.84%,2007-10-29,1386/08/07
4865,87.55,87.46,89.3,88.69,1.21,1.38%,2007-10-26,1386/08/04
4866,85.04,84.7,87.59,87.48,3.11,3.69%,2007-10-25,1386/08/03
4867,82.55,82.41,85.08,84.37,1.52,1.83%,2007-10-24,1386/08/02
4868,83,82.35,84.04,82.85,0.42,0.51%,2007-10-23,1386/08/01
4869,83.66,81.63,84.09,83.27,0.52,0.62%,2007-10-22,1386/07/30
4870,84.48,83.08,84.85,83.79,0.81,0.97%,2007-10-19,1386/07/27
4871,83,82.77,84.88,84.6,1.47,1.77%,2007-10-18,1386/07/26
4872,83.4,82.65,84.43,83.13,1.03,1.24%,2007-10-17,1386/07/25
4873,82.85,82.84,84.49,84.16,1.41,1.70%,2007-10-16,1386/07/24
4874,80,80,83,82.75,2.2,2.73%,2007-10-15,1386/07/23
4875,80.07,79.65,80.92,80.55,0.4,0.50%,2007-10-12,1386/07/20
4876,78.8,78.69,80.68,80.15,1.55,1.97%,2007-10-11,1386/07/19
4877,77.38,77.02,78.67,78.6,1.11,1.43%,2007-10-10,1386/07/18
4878,76.41,75.64,78.15,77.49,0.91,1.19%,2007-10-09,1386/07/17
4879,78.42,76.15,78.65,76.58,2.32,3.03%,2007-10-08,1386/07/16
4880,78.85,78.17,79.21,78.9,0.07,0.09%,2007-10-05,1386/07/13
4881,76.9,76.56,79.28,78.97,1.78,2.31%,2007-10-04,1386/07/12
4882,77.45,76.85,77.86,77.19,0.19,0.25%,2007-10-03,1386/07/11
4883,77.56,76.31,77.74,77.38,0.26,0.34%,2007-10-02,1386/07/10
4884,79.25,76.92,79.54,77.64,1.53,1.97%,2007-10-01,1386/07/09
4885,80.25,78.84,81.05,79.17,0.86,1.09%,2007-09-28,1386/07/06
4886,77.77,77.65,80.2,80.03,2.6,3.36%,2007-09-27,1386/07/05
4887,77.7,76.36,78.29,77.43,0.19,0.25%,2007-09-26,1386/07/04
4888,78.54,77.17,78.63,77.62,1.29,1.66%,2007-09-25,1386/07/03
4889,78.9,78.23,79.48,78.91,0.39,0.49%,2007-09-24,1386/07/02
4890,79.13,78.47,79.94,79.3,0.21,0.27%,2007-09-21,1386/06/30
4891,78.2,77.76,79.28,79.09,0.62,0.79%,2007-09-20,1386/06/29
4892,78.29,77.45,78.57,78.47,0.88,1.13%,2007-09-19,1386/06/28
4893,77.2,76.29,78.6,77.59,0.61,0.79%,2007-09-18,1386/06/27
4894,76.2,75.52,77.24,76.98,0.76,1%,2007-09-17,1386/06/26
4895,77,76.07,77.28,76.22,1.18,1.55%,2007-09-14,1386/06/23
4896,77.62,77.18,77.86,77.4,0.28,0.36%,2007-09-13,1386/06/22
4897,76.39,76.09,77.93,77.68,1.3,1.70%,2007-09-12,1386/06/21
4898,75.95,75,76.49,76.38,0.9,1.19%,2007-09-11,1386/06/20
4899,74.83,73.86,76.39,75.48,0.41,0.55%,2007-09-10,1386/06/19
4900,74.81,74.18,75.22,75.07,0.3,0.40%,2007-09-07,1386/06/16
4901,74.5,73.74,75.7,74.77,0.43,0.58%,2007-09-06,1386/06/15
4902,74.25,73.74,74.48,74.34,0.42,0.57%,2007-09-05,1386/06/14
4903,73.41,72.78,74.05,73.92,0.51,0.69%,2007-09-04,1386/06/13
4904,72.69,72.69,73.51,73.41,0.72,0.99%,2007-09-03,1386/06/12
4905,72.03,71.83,73.09,72.69,0.79,1.10%,2007-08-31,1386/06/09
4906,72.13,71.37,72.47,71.9,0.23,0.32%,2007-08-30,1386/06/08
4907,70.55,70.23,72.28,72.13,1.58,2.24%,2007-08-29,1386/06/07
4908,71.05,70.21,71.25,70.55,0.4,0.57%,2007-08-28,1386/06/06
4909,70.55,69.49,71.1,70.95,0.33,0.47%,2007-08-27,1386/06/05
4910,70.04,69.5,70.84,70.62,0.76,1.09%,2007-08-24,1386/06/02
4911,69.02,68.75,70,69.86,1.16,1.69%,2007-08-23,1386/06/01
4912,68.8,68.2,69.45,68.7,0.01,0.01%,2007-08-22,1386/05/31
4913,70.17,68.14,70.5,68.69,1.16,1.69%,2007-08-21,1386/05/30
4914,69.7,68.93,70.34,69.85,0.59,0.84%,2007-08-20,1386/05/29
4915,70.09,69.39,71.1,70.44,1.02,1.47%,2007-08-17,1386/05/26
4916,71.25,68.87,71.25,69.42,2.22,3.20%,2007-08-16,1386/05/25
4917,70.9,70.46,72.24,71.64,1.13,1.60%,2007-08-15,1386/05/24
4918,70.05,69.6,70.9,70.51,0.28,0.40%,2007-08-14,1386/05/23
4919,70.4,69.89,71.85,70.23,0.16,0.23%,2007-08-13,1386/05/22
4920,70.25,68.95,70.5,70.39,0.18,0.26%,2007-08-10,1386/05/19
4921,71,69.25,71.21,70.21,0.78,1.11%,2007-08-09,1386/05/18
4922,71.49,70.61,72.04,70.99,0.81,1.14%,2007-08-08,1386/05/17
4923,71.14,70.2,72,71.8,0.63,0.89%,2007-08-07,1386/05/16
4924,74.45,70.87,74.73,71.17,3.58,5.03%,2007-08-06,1386/05/15
4925,75.9,74.45,76.07,74.75,1.01,1.35%,2007-08-03,1386/05/12
4926,75.5,74.24,76.23,75.76,0.41,0.54%,2007-08-02,1386/05/11
4927,76.95,74.85,77.16,75.35,1.7,2.26%,2007-08-01,1386/05/10
4928,75.6,75.47,77.18,77.05,1.31,1.73%,2007-07-31,1386/05/09
4929,76.06,75.42,76.51,75.74,0.52,0.69%,2007-07-30,1386/05/08
4930,75.3,74.55,76.4,76.26,1.08,1.44%,2007-07-27,1386/05/05
4931,76.47,74.81,77.16,75.18,1.14,1.52%,2007-07-26,1386/05/04
4932,74.7,74.23,76.54,76.32,1.24,1.65%,2007-07-25,1386/05/03
4933,76.85,74.85,76.85,75.08,1.78,2.37%,2007-07-24,1386/05/02
4934,77.32,76.42,77.5,76.86,0.78,1.01%,2007-07-23,1386/05/01
4935,77.98,77.19,77.98,77.64,0.03,0.04%,2007-07-20,1386/04/29
4936,76.74,76.6,77.78,77.67,0.91,1.19%,2007-07-19,1386/04/28
4937,75.68,75.32,76.84,76.76,1.23,1.63%,2007-07-18,1386/04/27
4938,76.33,75.03,76.65,75.53,1.8,2.38%,2007-07-17,1386/04/26
4939,77.55,76.48,78.4,77.33,0.24,0.31%,2007-07-16,1386/04/25
4940,76.35,76.1,77.7,77.57,1.17,1.53%,2007-07-13,1386/04/22
4941,75.44,75.31,77.07,76.4,0.96,1.27%,2007-07-12,1386/04/21
4942,76.25,75.3,76.44,75.44,0.96,1.27%,2007-07-11,1386/04/20
4943,75.67,75.06,76.63,76.4,0.62,0.82%,2007-07-10,1386/04/19
4944,75.46,74.91,76.34,75.78,0.16,0.21%,2007-07-09,1386/04/18
4945,74.59,74.27,76.01,75.62,0.87,1.16%,2007-07-06,1386/04/15
4946,72.85,72.85,74.93,74.75,1.7,2.33%,2007-07-05,1386/04/14
4947,72.85,72.43,73.12,73.05,0.12,0.16%,2007-07-04,1386/04/13
4948,72.69,72.13,73.1,72.93,0.3,0.41%,2007-07-03,1386/04/12
4949,71.22,70.92,72.77,72.63,1.22,1.71%,2007-07-02,1386/04/11
4950,70.41,70.41,71.6,71.41,0.89,1.26%,2007-06-29,1386/04/08
4951,70.49,70.32,71.15,70.52,0.01,0.01%,2007-06-28,1386/04/07
4952,70.13,69.4,71.03,70.53,0.36,0.51%,2007-06-27,1386/04/06
4953,70.9,70.11,71.23,70.17,1.19,1.70%,2007-06-26,1386/04/05
4954,70.75,69.8,71.5,71.36,0.18,0.25%,2007-06-25,1386/04/04
4955,70.1,69.61,71.5,71.18,0.96,1.37%,2007-06-22,1386/04/01
4956,70.49,70,71.6,70.22,0.2,0.28%,2007-06-21,1386/03/31
4957,71.7,69.56,71.96,70.42,1.42,2.02%,2007-06-20,1386/03/30
4958,72.1,71.61,72.25,71.84,0.34,0.47%,2007-06-19,1386/03/29
4959,71.59,70.72,72.25,72.18,0.71,0.99%,2007-06-18,1386/03/28
4960,71.36,70.7,71.88,71.47,0.51,0.72%,2007-06-15,1386/03/25
4961,69.95,69.91,71.33,70.96,1.02,1.46%,2007-06-14,1386/03/24
4962,68.7,68.34,70.36,69.94,1.15,1.67%,2007-06-13,1386/03/23
4963,69.4,68.3,69.62,68.79,0.77,1.12%,2007-06-12,1386/03/22
4964,68.69,68.2,69.65,69.56,0.96,1.40%,2007-06-11,1386/03/21
4965,70.9,68.41,71.1,68.6,2.62,3.82%,2007-06-08,1386/03/18
4966,71.05,70.51,71.72,71.22,0.2,0.28%,2007-06-07,1386/03/17
4967,70.51,70.09,71.4,71.02,0.57,0.81%,2007-06-06,1386/03/16
4968,70.25,69.85,70.67,70.45,0.05,0.07%,2007-06-05,1386/03/15
4969,68.94,68.7,70.63,70.4,1.33,1.93%,2007-06-04,1386/03/14
4970,68.15,67.61,69.25,69.07,1.03,1.51%,2007-06-01,1386/03/11
4971,67.99,66.8,68.2,68.04,0.2,0.29%,2007-05-31,1386/03/10
4972,68.32,67.15,68.64,67.84,0.29,0.43%,2007-05-30,1386/03/09
4973,69.84,67.59,70.24,68.13,1.58,2.32%,2007-05-29,1386/03/08
4974,70.5,69.51,70.5,69.71,0.98,1.41%,2007-05-28,1386/03/07
4975,70.85,69.83,71.22,70.69,0.03,0.04%,2007-05-25,1386/03/04
4976,70.65,70.39,71.8,70.72,0.12,0.17%,2007-05-24,1386/03/03
4977,69.69,69.45,70.84,70.6,1.08,1.55%,2007-05-23,1386/03/02
4978,70.43,69.46,70.6,69.52,0.97,1.40%,2007-05-22,1386/03/01
4979,69.44,69.1,70.83,70.49,1.07,1.54%,2007-05-21,1386/02/31
4980,70.35,69.27,70.35,69.42,0.85,1.22%,2007-05-18,1386/02/28
4981,68.1,68.08,70.35,70.27,2.26,3.32%,2007-05-17,1386/02/27
4982,67.95,67.46,68.54,68.01,0.1,0.15%,2007-05-16,1386/02/26
4983,66.78,65.93,68.18,68.11,1.28,1.92%,2007-05-15,1386/02/25
4984,66.65,66.51,67.51,66.83,-,-,2007-05-14,1386/02/24
4985,65.68,65.68,66.98,66.83,1.04,1.58%,2007-05-11,1386/02/21
4986,65.34,65.19,66.34,65.79,0.59,0.90%,2007-05-10,1386/02/20
4987,65.6,64.14,66.14,65.2,0.34,0.52%,2007-05-09,1386/02/19
4988,64.56,64.46,65.89,65.54,1.1,1.71%,2007-05-08,1386/02/18
4989,65.18,63.8,65.5,64.44,0.87,1.35%,2007-05-07,1386/02/17
4990,66.02,64.95,66.82,65.31,0.74,1.13%,2007-05-04,1386/02/14
4991,66.39,65.57,66.98,66.05,0.2,0.30%,2007-05-03,1386/02/13
4992,67.24,65.59,67.41,66.25,0.75,1.13%,2007-05-02,1386/02/12
4993,67.53,66.89,68.73,67,0.65,0.97%,2007-05-01,1386/02/11
4994,68.23,67.45,68.44,67.65,0.76,1.12%,2007-04-30,1386/02/10
4995,67.82,66.73,68.54,68.41,0.76,1.12%,2007-04-27,1386/02/07
4996,68.57,67.6,68.75,67.65,0.92,1.36%,2007-04-26,1386/02/06
4997,67.17,67.06,68.66,68.57,1.41,2.10%,2007-04-25,1386/02/05
4998,68.04,66.57,68.55,67.16,0.99,1.47%,2007-04-24,1386/02/04
4999,66.51,65.98,68.2,68.15,1.66,2.50%,2007-04-23,1386/02/03
5000,65.79,65.48,66.61,66.49,0.55,0.83%,2007-04-20,1386/01/31
5001,66.2,65.64,66.85,65.94,0.1,0.15%,2007-04-19,1386/01/30
5002,66.12,64.76,66.33,66.04,0.11,0.17%,2007-04-18,1386/01/29
5003,67.5,65.8,67.84,65.93,1.32,2%,2007-04-17,1386/01/28
5004,68.75,67,69.17,67.25,1.72,2.56%,2007-04-16,1386/01/27
5005,68.91,68.91,69.59,68.97,0.25,0.36%,2007-04-13,1386/01/24
5006,67.78,67.78,68.87,68.72,0.88,1.30%,2007-04-12,1386/01/23
5007,67.41,67.32,68.69,67.84,0.42,0.62%,2007-04-11,1386/01/22
5008,66.89,66.4,67.67,67.42,0.83,1.25%,2007-04-10,1386/01/21
5009,67.87,66.38,68.79,66.59,1.65,2.48%,2007-04-09,1386/01/20
5010,68.26,67.51,68.87,68.24,0.16,0.23%,2007-04-05,1386/01/16
5011,67.81,66.93,68.52,68.4,0.59,0.87%,2007-04-04,1386/01/15
5012,68.55,67.04,68.72,67.81,0.93,1.37%,2007-04-03,1386/01/14
5013,67.91,67.48,69.58,68.74,0.64,0.94%,2007-04-02,1386/01/13
5014,68.25,67.6,69.14,68.1,0.22,0.32%,2007-03-30,1386/01/10
5015,65.75,65.36,68.36,67.88,2.1,3.19%,2007-03-29,1386/01/09
5016,65.34,65.19,66.67,65.78,1.18,1.83%,2007-03-28,1386/01/08
5017,64.6,64.03,69,64.6,0.19,0.29%,2007-03-27,1386/01/07
5018,63.55,63.33,64.63,64.41,1.23,1.95%,2007-03-26,1386/01/06
5019,62.74,62.13,63.68,63.18,0.67,1.07%,2007-03-23,1386/01/03
5020,61.01,61.01,62.83,62.51,1.74,2.86%,2007-03-22,1386/01/02
5021,60.45,60.35,61.31,60.77,0.57,0.95%,2007-03-21,1386/01/01
5022,60.9,60,61.06,60.2,0.32,0.53%,2007-03-20,1385/12/29
5023,60.64,60.11,61.08,60.52,0.22,0.36%,2007-03-19,1385/12/28
5024,60.74,59.79,61.57,60.3,0.68,1.13%,2007-03-16,1385/12/25
5025,61.13,60.5,61.85,60.98,0.08,0.13%,2007-03-15,1385/12/24
5026,60.92,60.5,61.51,61.06,0.16,0.26%,2007-03-14,1385/12/23
5027,60.87,60.5,62.11,60.9,0.16,0.26%,2007-03-13,1385/12/22
5028,61.01,60.17,61.14,60.74,0.39,0.64%,2007-03-12,1385/12/21
5029,62.33,61.06,62.58,61.13,1.2,1.96%,2007-03-09,1385/12/18
5030,62.46,61.8,62.84,62.33,0.17,0.27%,2007-03-08,1385/12/17
5031,61.55,61.37,62.81,62.5,1.11,1.81%,2007-03-07,1385/12/16
5032,60.62,60.55,61.5,61.39,0.85,1.40%,2007-03-06,1385/12/15
5033,61.7,60,61.7,60.54,1.54,2.54%,2007-03-05,1385/12/14
5034,61.85,61.55,62.69,62.08,0.03,0.05%,2007-03-02,1385/12/11
5035,61.75,61.05,62.74,62.11,0.22,0.36%,2007-03-01,1385/12/10
5036,60.25,60.24,62.16,61.89,0.53,0.86%,2007-02-28,1385/12/09
5037,61.29,60.1,62.18,61.36,0.03,0.05%,2007-02-27,1385/12/08
5038,61.05,60.51,61.59,61.33,0.45,0.74%,2007-02-26,1385/12/07
5039,60.5,60.32,61.68,60.88,0.26,0.43%,2007-02-23,1385/12/04
5040,59.26,58.87,60.85,60.62,1.27,2.14%,2007-02-22,1385/12/03
5041,57.81,57.22,59.94,59.35,1.37,2.36%,2007-02-21,1385/12/02
5042,58.34,56.81,58.5,57.98,0.16,0.28%,2007-02-20,1385/12/01
5043,58.8,58.05,59,58.14,0.81,1.39%,2007-02-19,1385/11/30
5044,57.5,57.06,59.03,58.95,1.35,2.34%,2007-02-16,1385/11/27
5045,57.55,56.2,58.18,57.6,0.17,0.30%,2007-02-15,1385/11/26
5046,58.65,57,58.83,57.43,0.4,0.70%,2007-02-14,1385/11/25
5047,56.64,56.1,57.16,57.03,0.43,0.76%,2007-02-13,1385/11/24
5048,58.51,56.26,58.68,56.6,2.41,4.26%,2007-02-12,1385/11/23
5049,59,58.46,59.63,59.01,0.02,0.03%,2007-02-09,1385/11/20
5050,57.26,56.81,59.21,59.03,1.8,3.15%,2007-02-08,1385/11/19
5051,58.7,56.74,59.46,57.23,1.19,2.08%,2007-02-07,1385/11/18
5052,58.35,58.06,59.42,58.42,0.32,0.55%,2007-02-06,1385/11/17
5053,58.55,57.85,59.39,58.1,0.31,0.53%,2007-02-05,1385/11/16
5054,56.66,56.65,58.67,58.41,1.69,2.98%,2007-02-02,1385/11/13
5055,57.16,56.63,58.37,56.72,0.68,1.20%,2007-02-01,1385/11/12
5056,56.25,55.16,57.55,57.4,1.01,1.79%,2007-01-31,1385/11/11
5057,53.79,53.67,56.48,56.39,2.71,5.05%,2007-01-30,1385/11/10
5058,55.46,53.56,55.83,53.68,1.61,3%,2007-01-29,1385/11/09
5059,54.32,54.16,55.37,55.29,1.17,2.16%,2007-01-26,1385/11/06
5060,55.55,54.05,55.88,54.12,1.31,2.42%,2007-01-25,1385/11/05
5061,54.9,53.88,55.61,55.43,0.33,0.60%,2007-01-24,1385/11/04
5062,52.81,52.59,55.18,55.1,2.4,4.55%,2007-01-23,1385/11/03
5063,53.75,52.18,54.6,52.7,0.74,1.40%,2007-01-22,1385/11/02
5064,51.5,51.5,53.55,53.44,1.69,3.27%,2007-01-19,1385/10/29
5065,53.1,50.91,53.35,51.75,1.03,1.99%,2007-01-18,1385/10/28
5066,51.78,50.75,53.03,52.78,0.52,1%,2007-01-17,1385/10/27
5067,53,52.04,53.63,52.26,0.86,1.65%,2007-01-16,1385/10/26
5068,53.09,52.65,53.62,53.12,0.17,0.32%,2007-01-15,1385/10/25
5069,52.15,51.76,53.11,52.95,1.25,2.42%,2007-01-12,1385/10/22
5070,53.03,51.65,54.42,51.7,1.99,3.85%,2007-01-11,1385/10/21
5071,55.18,53.09,55.31,53.69,1.49,2.78%,2007-01-10,1385/10/20
5072,55.6,53.64,55.63,55.18,0.42,0.76%,2007-01-09,1385/10/19
5073,55.86,54.41,57.19,55.6,0.04,0.07%,2007-01-08,1385/10/18
5074,54.97,54.5,55.76,55.64,0.53,0.96%,2007-01-05,1385/10/15
5075,58.19,54.76,58.41,55.11,2.85,5.17%,2007-01-04,1385/10/14
5076,60.68,57.42,60.68,57.96,2.48,4.28%,2007-01-03,1385/10/13
5077,60.88,60.15,61.64,60.44,0.42,0.69%,2007-01-02,1385/10/12
5078,60.52,60.04,61.13,60.86,0.19,0.31%,2006-12-29,1385/10/08
5079,60.56,60.21,60.96,60.67,0.15,0.25%,2006-12-28,1385/10/07
5080,61.15,60.39,61.59,60.52,0.58,0.96%,2006-12-27,1385/10/06
5081,62.54,60.66,63.3,61.1,1.32,2.16%,2006-12-26,1385/10/05
5082,62.36,62.06,63.03,62.42,0.04,0.06%,2006-12-22,1385/10/01
5083,63,61.95,63.13,62.46,0.77,1.23%,2006-12-21,1385/09/30
5084,62.71,62.55,63.59,63.23,0.42,0.67%,2006-12-20,1385/09/29
5085,62.2,61.47,63.27,62.81,0.68,1.09%,2006-12-19,1385/09/28
5086,63.34,61.94,63.57,62.13,1.36,2.19%,2006-12-18,1385/09/27
5087,63,62.71,63.61,63.49,1.37,2.21%,2006-12-15,1385/09/24
5088,61.47,61.43,62.81,62.12,0.79,1.29%,2006-12-14,1385/09/23
5089,61.33,61.05,61.85,61.33,0.19,0.31%,2006-12-13,1385/09/22
5090,62.15,61.07,62.48,61.52,0.32,0.52%,2006-12-12,1385/09/21
5091,62.16,61.71,62.64,61.84,0.36,0.58%,2006-12-11,1385/09/20
5092,62.81,62.13,63.97,62.2,0.37,0.59%,2006-12-08,1385/09/17
5093,63.28,62.33,63.52,62.57,0.5,0.80%,2006-12-07,1385/09/16
5094,63.5,62.89,63.99,63.07,0.25,0.40%,2006-12-06,1385/09/15
5095,63.65,62.61,64.2,63.32,0.13,0.21%,2006-12-05,1385/09/14
5096,64.59,63.13,64.75,63.45,1.17,1.84%,2006-12-04,1385/09/13
5097,63.8,63.35,64.92,64.62,0.36,0.56%,2006-12-01,1385/09/10
5098,62.98,62.83,64.77,64.26,1.19,1.89%,2006-11-30,1385/09/09
5099,61.3,61.2,63.16,63.07,1.86,3.04%,2006-11-29,1385/09/08
5100,60.62,60.4,61.42,61.21,0.77,1.27%,2006-11-28,1385/09/07
5101,59.78,59.47,60.6,60.44,0.41,0.68%,2006-11-27,1385/09/06
5102,59.39,58.9,60.4,60.03,0.68,1.15%,2006-11-24,1385/09/03
5103,59.53,58.85,59.72,59.35,0.14,0.24%,2006-11-23,1385/09/02
5104,60.39,58.66,60.55,59.49,0.9,1.51%,2006-11-22,1385/09/01
5105,59.15,59,60.58,60.39,1.41,2.39%,2006-11-21,1385/08/30
5106,58.5,58.24,59.18,58.98,0.01,0.02%,2006-11-20,1385/08/29
5107,58.49,57.85,59.11,58.99,0.45,0.77%,2006-11-17,1385/08/26
5108,60.61,58.31,61.37,58.54,0.92,1.57%,2006-11-16,1385/08/25
5109,59.15,58.92,59.76,59.46,0.62,1.05%,2006-11-15,1385/08/24
5110,59.1,58.8,59.89,58.84,0.21,0.36%,2006-11-14,1385/08/23
5111,59.8,58.54,60.23,59.05,0.66,1.12%,2006-11-13,1385/08/22
5112,61.35,59.6,61.35,59.71,1.61,2.70%,2006-11-10,1385/08/19
5113,59.9,59.76,61.43,61.32,1.73,2.90%,2006-11-09,1385/08/18
5114,58.9,58.46,59.9,59.59,1.11,1.90%,2006-11-08,1385/08/17
5115,59.75,58.44,60.05,58.48,1.27,2.17%,2006-11-07,1385/08/16
5116,58.94,58.49,60.4,59.75,0.6,1.01%,2006-11-06,1385/08/15
5117,57.84,57.78,59.25,59.15,1.28,2.21%,2006-11-03,1385/08/12
5118,58.77,57.75,59.08,57.87,1.11,1.92%,2006-11-02,1385/08/11
5119,58.85,58.01,59.67,58.98,0.05,0.08%,2006-11-01,1385/08/10
5120,58.77,57.39,59.14,59.03,0.35,0.60%,2006-10-31,1385/08/09
5121,61.2,58.53,61.2,58.68,2.4,4.09%,2006-10-30,1385/08/08
5122,60.95,60.13,61.33,61.08,0.31,0.51%,2006-10-27,1385/08/05
5123,62.25,60.47,62.35,60.77,1.28,2.11%,2006-10-26,1385/08/04
5124,59.95,59.75,62.19,62.05,2.19,3.66%,2006-10-25,1385/08/03
5125,59.07,58.77,60.09,59.86,0.65,1.10%,2006-10-24,1385/08/02
5126,59.25,58.52,59.75,59.21,0.47,0.79%,2006-10-23,1385/08/01
5127,61.3,59.55,61.55,59.68,1.19,1.99%,2006-10-20,1385/07/28
5128,59.78,59.31,61.25,60.87,1.29,2.17%,2006-10-19,1385/07/27
5129,61.2,59.32,61.56,59.58,1.36,2.28%,2006-10-18,1385/07/26
5130,61.99,60.57,62.5,60.94,0.98,1.63%,2006-10-17,1385/07/25
5131,59.4,58.82,60.16,59.96,0.44,0.74%,2006-10-16,1385/07/24
5132,59,58.82,60.43,59.52,0.76,1.29%,2006-10-13,1385/07/21
5133,58.26,58.16,59.3,58.76,0.11,0.19%,2006-10-12,1385/07/20
5134,59.42,58.42,59.93,58.65,0.69,1.18%,2006-10-11,1385/07/19
5135,60.28,59.09,61.25,59.34,1.2,2.02%,2006-10-10,1385/07/18
5136,60.25,59.93,61.66,60.54,0.71,1.19%,2006-10-09,1385/07/17
5137,59.96,58.75,60.32,59.83,0.17,0.28%,2006-10-06,1385/07/14
5138,59.53,59.06,60.94,60,0.78,1.32%,2006-10-05,1385/07/13
5139,58.21,57.7,59.53,59.22,0.79,1.35%,2006-10-04,1385/07/12
5140,60.55,58.25,60.58,58.43,2.02,3.46%,2006-10-03,1385/07/11
5141,62.7,60.3,62.82,60.45,2.03,3.36%,2006-10-02,1385/07/10
5142,62.1,61.01,62.66,62.48,0.06,0.10%,2006-09-29,1385/07/07
5143,62.25,61.87,63.63,62.54,0.33,0.53%,2006-09-28,1385/07/06
5144,60.21,59.45,62.41,62.21,2.09,3.48%,2006-09-27,1385/07/05
5145,61.1,59.7,61.24,60.12,0.68,1.13%,2006-09-26,1385/07/04
5146,60.05,59.32,61.65,60.8,0.39,0.65%,2006-09-25,1385/07/03
5147,61.57,60.11,62.03,60.41,0.93,1.54%,2006-09-22,1385/06/31
5148,60.7,60.34,61.55,61.34,0.87,1.44%,2006-09-21,1385/06/30
5149,62.19,60.3,62.36,60.47,1.7,2.81%,2006-09-20,1385/06/29
5150,64.1,61.87,64.86,62.17,1.88,3.02%,2006-09-19,1385/06/28
5151,63.47,63,64.62,64.05,0.72,1.14%,2006-09-18,1385/06/27
5152,63.61,62.21,63.85,63.33,1.09,1.75%,2006-09-15,1385/06/24
5153,63.43,61.96,63.77,62.24,0.75,1.21%,2006-09-14,1385/06/23
5154,62.97,62.62,63.83,62.99,-,-,2006-09-13,1385/06/22
5155,64.54,62.79,65.44,62.99,1.56,2.48%,2006-09-12,1385/06/21
5156,65.2,63.97,65.31,64.55,0.78,1.21%,2006-09-11,1385/06/20
5157,66.3,65.16,66.9,65.33,1.2,1.84%,2006-09-08,1385/06/17
5158,66.93,66.11,67.46,66.53,0.4,0.60%,2006-09-07,1385/06/16
5159,68.25,66.84,68.25,66.93,1.16,1.73%,2006-09-06,1385/06/15
5160,68.2,67.42,68.8,68.09,0.38,0.56%,2006-09-05,1385/06/14
5161,69.15,67.59,69.49,67.71,1.44,2.13%,2006-09-04,1385/06/13
5162,70.42,68.96,70.66,69.15,1.1,1.59%,2006-09-01,1385/06/10
5163,70.6,69.43,71.06,70.25,0.07,0.10%,2006-08-31,1385/06/09
5164,70.2,68.82,70.7,70.18,0.32,0.46%,2006-08-30,1385/06/08
5165,70.55,69.48,71.25,69.86,0.96,1.37%,2006-08-29,1385/06/07
5166,72.21,70.44,72.47,70.82,1.88,2.65%,2006-08-28,1385/06/06
5167,73,72.5,74.09,72.7,0.02,0.03%,2006-08-25,1385/06/03
5168,72.05,71.73,73,72.68,0.66,0.92%,2006-08-24,1385/06/02
5169,73.1,71.61,73.17,72.02,1.22,1.69%,2006-08-23,1385/06/01
5170,73.55,72.96,73.79,73.24,0.14,0.19%,2006-08-22,1385/05/31
5171,72.59,72.53,73.74,73.38,1.08,1.49%,2006-08-21,1385/05/30
5172,71.72,71.35,72.65,72.3,0.72,1.01%,2006-08-18,1385/05/27
5173,72.45,71.31,72.58,71.58,1.5,2.10%,2006-08-17,1385/05/26
5174,73.65,72.72,73.83,73.08,0.72,0.99%,2006-08-16,1385/05/25
5175,74.2,73.55,74.6,73.8,0.5,0.68%,2006-08-15,1385/05/24
5176,75.16,73.7,75.26,74.3,1.33,1.79%,2006-08-14,1385/05/23
5177,75.25,75.1,76.1,75.63,0.35,0.46%,2006-08-11,1385/05/20
5178,77.27,75.1,77.55,75.28,2,2.66%,2006-08-10,1385/05/19
5179,77.56,77.17,78.43,77.28,0.27,0.35%,2006-08-09,1385/05/18
5180,78.3,77.45,78.65,77.55,0.75,0.97%,2006-08-08,1385/05/17
5181,76.15,76.15,78.64,78.3,2.13,2.80%,2006-08-07,1385/05/16
5182,76.56,75.64,77.17,76.17,0.39,0.51%,2006-08-04,1385/05/13
5183,77.18,76.02,77.18,76.56,0.33,0.43%,2006-08-03,1385/05/12
5184,75.81,75.81,77.47,76.89,1,1.32%,2006-08-02,1385/05/11
5185,75.15,74.65,76.58,75.89,0.74,0.98%,2006-08-01,1385/05/10
5186,73.22,72.7,75.23,75.15,1.76,2.40%,2006-07-31,1385/05/09
5187,75.2,73.16,75.54,73.39,1.62,2.21%,2006-07-28,1385/05/06
5188,73.8,73.79,75.36,75.01,1.01,1.36%,2006-07-27,1385/05/05
5189,73.28,73,74.73,74,0.72,0.98%,2006-07-26,1385/05/04
5190,74.94,73.1,75.41,73.28,1.33,1.81%,2006-07-25,1385/05/03
5191,73.85,72.78,74.8,74.61,0.86,1.17%,2006-07-24,1385/05/02
5192,73.5,73.29,74.65,73.75,0.03,0.04%,2006-07-21,1385/04/30
5193,74,73.2,74.72,73.72,0.18,0.24%,2006-07-20,1385/04/29
5194,74.75,72.59,75.13,73.9,0.46,0.62%,2006-07-19,1385/04/28
5195,75.7,74.3,77.29,74.36,1.56,2.10%,2006-07-18,1385/04/27
5196,77.98,75.67,78.18,75.92,1.35,1.78%,2006-07-17,1385/04/26
5197,77.76,76.76,78.03,77.27,0.58,0.76%,2006-07-14,1385/04/23
5198,74.76,74.7,77.5,76.69,2.3,3.09%,2006-07-13,1385/04/22
5199,73.41,73.27,74.74,74.39,0.72,0.98%,2006-07-12,1385/04/21
5200,72.75,72.55,74.05,73.67,0.78,1.07%,2006-07-11,1385/04/20
5201,73.2,72.11,73.26,72.89,0.62,0.85%,2006-07-10,1385/04/19
5202,73.7,73.25,75.09,73.51,0.57,0.78%,2006-07-07,1385/04/16
5203,73.95,73.16,74.3,74.08,0.1,0.14%,2006-07-06,1385/04/15
5204,72.9,72.51,74.22,73.98,1.47,2.03%,2006-07-05,1385/04/14
5205,73.3,72.45,73.7,72.51,0.88,1.21%,2006-07-04,1385/04/13
5206,73.26,73.17,73.99,73.39,0.12,0.16%,2006-07-03,1385/04/12
5207,72.95,72.61,73.69,73.51,0.63,0.86%,2006-06-30,1385/04/09
5208,71.69,71.58,73.12,72.88,1.47,2.06%,2006-06-29,1385/04/08
5209,71.19,70.76,71.87,71.41,0.43,0.61%,2006-06-28,1385/04/07
5210,70.79,70.65,71.56,70.98,0.25,0.35%,2006-06-27,1385/04/06
5211,69.86,69.47,70.8,70.73,0.8,1.14%,2006-06-26,1385/04/05
5212,69.95,69.48,70.38,69.93,0.02,0.03%,2006-06-23,1385/04/02
5213,69.09,69.08,70.17,69.95,0.78,1.13%,2006-06-22,1385/04/01
5214,68.05,67.57,69.5,69.17,1.09,1.60%,2006-06-21,1385/03/31
5215,68.02,67.48,69.04,68.08,0.03,0.04%,2006-06-20,1385/03/30
5216,68.75,67.42,68.75,68.11,0.69,1.01%,2006-06-19,1385/03/29
5217,68.93,67.53,69.36,68.8,1.37,2.03%,2006-06-16,1385/03/26
5218,67,67,68,67.43,0.45,0.67%,2006-06-15,1385/03/25
5219,66.62,66.33,67.33,66.98,0.06,0.09%,2006-06-14,1385/03/24
5220,68.7,66.68,68.75,66.92,2.01,3%,2006-06-13,1385/03/23
5221,70.5,68.67,71.2,68.93,1.55,2.25%,2006-06-12,1385/03/22
5222,69.18,68.68,70.63,70.48,1.43,2.07%,2006-06-09,1385/03/19
5223,69.05,67.73,69.2,69.05,0.14,0.20%,2006-06-08,1385/03/18
5224,70.86,68.88,70.99,69.19,1.62,2.34%,2006-06-07,1385/03/17
5225,71.3,69.88,71.66,70.81,0.56,0.79%,2006-06-06,1385/03/16
5226,72.2,70.87,72.67,71.37,0.34,0.48%,2006-06-05,1385/03/15
5227,69.73,69.53,71.6,71.03,1.64,2.36%,2006-06-02,1385/03/12
5228,70.25,69.01,70.95,69.39,1.02,1.47%,2006-06-01,1385/03/11
5229,71,69.07,71.15,70.41,0.64,0.91%,2006-05-31,1385/03/10
5230,70.8,70.45,71.99,71.05,0.46,0.65%,2006-05-30,1385/03/09
5231,70.78,70.19,71.21,70.59,0.12,0.17%,2006-05-26,1385/03/05
5232,69.02,69.02,70.86,70.71,1.49,2.15%,2006-05-25,1385/03/04
5233,70.5,68.81,70.85,69.22,1.78,2.57%,2006-05-24,1385/03/03
5234,69.65,69.57,71.35,71,1.65,2.38%,2006-05-23,1385/03/02
5235,68.95,67.63,69.58,69.35,0.67,0.98%,2006-05-22,1385/03/01
5236,70.13,68.25,70.26,68.68,0.99,1.44%,2006-05-19,1385/02/29
5237,68.8,68.32,70.08,69.67,0.63,0.91%,2006-05-18,1385/02/28
5238,70.14,68.64,70.69,69.04,1.2,1.74%,2006-05-17,1385/02/27
5239,69.01,68.58,70.36,70.24,0.03,0.04%,2006-05-16,1385/02/26
5240,71.5,68.65,71.5,70.21,1.97,2.81%,2006-05-15,1385/02/25
5241,73.04,71.83,73.53,72.18,0.33,0.46%,2006-05-12,1385/02/22
5242,72.34,72.29,73.88,72.51,1.69,2.39%,2006-05-11,1385/02/21
5243,70.98,70.16,72.58,70.82,0.4,0.56%,2006-05-10,1385/02/20
5244,70.64,70.17,71.78,71.22,1.89,2.73%,2006-05-09,1385/02/19
5245,71.1,69.06,71.25,69.33,1.55,2.24%,2006-05-08,1385/02/18
5246,70.82,70.14,71.46,70.88,0.49,0.70%,2006-05-05,1385/02/15
5247,72.55,69.79,72.61,70.39,2.93,4.16%,2006-05-04,1385/02/14
5248,74.9,72.46,74.97,73.32,1.55,2.11%,2006-05-03,1385/02/13
5249,74,73.53,74.97,74.87,1.47,2%,2006-05-02,1385/02/12
5250,71.98,71.98,74.07,73.4,0.9,1.24%,2006-05-01,1385/02/11
5251,70.75,70.45,72.65,72.5,1.48,2.08%,2006-04-28,1385/02/08
5252,71.95,70.67,72.11,71.02,1.42,2%,2006-04-27,1385/02/07
5253,73.1,71.73,73.63,72.44,0.02,0.03%,2006-04-26,1385/02/06
5254,72.66,72.04,74.02,72.46,1.4,1.93%,2006-04-25,1385/02/05
5255,74.63,72.7,74.76,73.86,0.31,0.42%,2006-04-24,1385/02/04
5256,72.65,72.2,74.79,74.17,1.3,1.78%,2006-04-21,1385/02/01
5257,73.44,72.37,74.22,72.87,0.08,0.11%,2006-04-20,1385/01/31
5258,72.35,72.22,74,72.95,1.1,1.53%,2006-04-19,1385/01/30
5259,71.5,71.22,72.64,71.85,0.55,0.77%,2006-04-18,1385/01/29
5260,70.99,70.52,71.62,71.3,1.16,1.65%,2006-04-17,1385/01/28
5261,69.45,69.08,70.99,70.14,0.72,1.04%,2006-04-13,1385/01/24
5262,69.15,69.13,69.97,69.42,0.05,0.07%,2006-04-12,1385/01/23
5263,68.8,68.35,69.7,69.37,0.62,0.90%,2006-04-11,1385/01/22
5264,67.3,67.3,68.99,68.75,1.46,2.17%,2006-04-10,1385/01/21
5265,67.62,66.62,67.7,67.29,0.55,0.82%,2006-04-07,1385/01/18
5266,67.5,67.38,68.24,67.84,0.74,1.10%,2006-04-06,1385/01/17
5267,66.39,65.84,67.4,67.1,0.71,1.07%,2006-04-05,1385/01/16
5268,66.7,65.73,66.87,66.39,0.45,0.68%,2006-04-04,1385/01/15
5269,66.3,66.26,67.93,66.84,0.93,1.41%,2006-04-03,1385/01/14
5270,66.75,65.52,66.81,65.91,0.55,0.83%,2006-03-31,1385/01/11
5271,65.6,65.27,67.05,66.46,0.91,1.39%,2006-03-30,1385/01/10
5272,64.97,64.69,65.87,65.55,0.58,0.89%,2006-03-29,1385/01/09
5273,63.62,63.44,65.27,64.97,1.36,2.14%,2006-03-28,1385/01/08
5274,63.5,62.8,63.8,63.61,0.1,0.16%,2006-03-27,1385/01/07
5275,63.27,62.76,63.9,63.51,0.24,0.38%,2006-03-24,1385/01/04
5276,61.81,61.42,63.61,63.27,1.77,2.88%,2006-03-23,1385/01/03
5277,61.99,61.4,62.8,61.5,0.63,1.02%,2006-03-22,1385/01/02
5278,61.32,60.98,62.41,62.13,0.79,1.29%,2006-03-21,1385/01/01
5279,63.29,61.09,63.56,61.34,1.92,3.13%,2006-03-20,1384/12/29
5280,64.14,63.18,64.35,63.26,0.35,0.56%,2006-03-17,1384/12/26
5281,62.8,62.15,63.1,62.91,0.03,0.05%,2006-03-16,1384/12/25
5282,63.56,62.51,64.1,62.94,1.03,1.64%,2006-03-15,1384/12/24
5283,62.36,61.83,64.09,63.97,1.77,2.85%,2006-03-14,1384/12/23
5284,60.8,60.6,62.51,62.2,1.37,2.25%,2006-03-13,1384/12/22
5285,61.15,60.6,61.6,60.83,0.23,0.38%,2006-03-10,1384/12/19
5286,59.86,59.85,61.55,61.06,1.03,1.72%,2006-03-09,1384/12/18
5287,61.35,59.26,61.42,60.03,1.14,1.90%,2006-03-08,1384/12/17
5288,62.3,60.78,62.84,61.17,1.17,1.91%,2006-03-07,1384/12/16
5289,64.18,62.11,64.18,62.34,1.84,2.95%,2006-03-06,1384/12/15
5290,64.4,63.57,64.64,64.18,0.11,0.17%,2006-03-03,1384/12/12
5291,62.55,62.55,64.35,64.07,1.62,2.59%,2006-03-02,1384/12/11
5292,61.95,61.65,62.76,62.45,0.69,1.12%,2006-03-01,1384/12/10
5293,60.36,60.36,62.1,61.76,0.77,1.26%,2006-02-28,1384/12/09
5294,62.2,60.73,62.28,60.99,1.61,2.64%,2006-02-27,1384/12/08
5295,60.85,60.8,62.87,62.6,2.06,3.40%,2006-02-24,1384/12/05
5296,60.17,59.81,61.11,60.54,0.1,0.17%,2006-02-23,1384/12/04
5297,61.33,60,61.42,60.44,1.16,1.92%,2006-02-22,1384/12/03
5298,61.51,60.9,61.75,61.6,0.06,0.10%,2006-02-21,1384/12/02
5299,60,60,61.74,61.54,1.65,2.76%,2006-02-20,1384/12/01
5300,59.45,59.1,60.32,59.89,1.1,1.87%,2006-02-17,1384/11/28
5301,58.15,58.05,59.5,58.79,0.64,1.10%,2006-02-16,1384/11/27
5302,59.52,57.9,59.92,58.15,1.37,2.36%,2006-02-15,1384/11/26
5303,60.51,59.3,60.97,59.52,0.14,0.24%,2006-02-14,1384/11/25
5304,59.26,58.94,60.03,59.38,0.26,0.44%,2006-02-13,1384/11/24
5305,61.23,59.41,61.23,59.64,1.11,1.86%,2006-02-10,1384/11/21
5306,61.23,60.57,62.05,60.75,0.31,0.51%,2006-02-09,1384/11/20
5307,61.51,60.75,61.89,61.06,0.5,0.82%,2006-02-08,1384/11/19
5308,63.21,61.23,63.23,61.56,1.77,2.88%,2006-02-07,1384/11/18
5309,63.85,63.1,64.5,63.33,0.06,0.09%,2006-02-06,1384/11/17
5310,62.75,62.15,63.6,63.39,0.51,0.81%,2006-02-03,1384/11/14
5311,64.9,62.53,65.52,62.88,2.15,3.42%,2006-02-02,1384/11/13
5312,65.76,64.19,67.27,65.03,0.96,1.48%,2006-02-01,1384/11/12
5313,66.4,65.44,66.94,65.99,0.6,0.91%,2006-01-31,1384/11/11
5314,66.5,65.6,66.8,66.59,0.35,0.53%,2006-01-30,1384/11/10
5315,65.31,65.25,66.43,66.24,1.32,2.03%,2006-01-27,1384/11/07
5316,63.95,63.95,65.51,64.92,0.69,1.07%,2006-01-26,1384/11/06
5317,65.03,63.87,65.17,64.23,1.11,1.73%,2006-01-25,1384/11/05
5318,65.9,65.05,66.35,65.34,0.82,1.25%,2006-01-24,1384/11/04
5319,67.05,65.63,67.11,66.16,0.27,0.41%,2006-01-23,1384/11/03
5320,65.36,65.35,67.32,66.43,1.2,1.84%,2006-01-20,1384/10/30
5321,64.44,63.8,65.5,65.23,1.04,1.62%,2006-01-19,1384/10/29
5322,65.24,63.84,65.52,64.19,0.71,1.11%,2006-01-18,1384/10/28
5323,63.55,63.35,65.32,64.9,1.97,3.13%,2006-01-17,1384/10/27
5324,62.4,62.4,63.18,62.93,0.67,1.08%,2006-01-16,1384/10/26
5325,62.42,61.77,63.25,62.26,0.36,0.58%,2006-01-13,1384/10/23
5326,62.6,62.48,63.28,62.62,0.45,0.72%,2006-01-12,1384/10/22
5327,61.95,61.04,62.94,62.17,0.25,0.40%,2006-01-11,1384/10/21
5328,61.81,61.53,62.61,61.92,0.09,0.15%,2006-01-10,1384/10/20
5329,62.75,61.41,63.21,62.01,0.71,1.14%,2006-01-09,1384/10/19
5330,61.15,61.15,63.09,62.72,1.59,2.60%,2006-01-06,1384/10/16
5331,61.68,61.05,62.09,61.13,0.55,0.90%,2006-01-05,1384/10/15
5332,61.35,60.36,61.84,61.68,0.33,0.54%,2006-01-04,1384/10/14
5333,59.35,59.08,62.05,61.35,2.37,4.02%,2006-01-03,1384/10/13
5334,57.97,57.56,59.23,58.98,0.91,1.57%,2005-12-30,1384/10/09
5335,57.69,57.2,58.52,58.07,0.43,0.75%,2005-12-29,1384/10/08
5336,56.05,55.7,58.08,57.64,1.35,2.40%,2005-12-28,1384/10/07
5337,56.1,55.52,56.46,56.29,0.4,0.71%,2005-12-27,1384/10/06
5338,57,56.04,57,56.69,0.14,0.25%,2005-12-23,1384/10/02
5339,56.24,56.04,57.73,56.55,0.17,0.30%,2005-12-22,1384/10/01
5340,56.17,55.81,56.99,56.72,0.55,0.98%,2005-12-21,1384/09/30
5341,56.28,55.87,56.66,56.17,0.06,0.11%,2005-12-20,1384/09/29
5342,57.12,55.91,57.68,56.11,1.02,1.82%,2005-12-19,1384/09/28
5343,59.36,57.06,59.36,57.13,2.72,4.76%,2005-12-16,1384/09/25
5344,59.6,59.2,60.4,59.85,0.25,0.42%,2005-12-15,1384/09/24
5345,59.56,59.2,60.31,59.6,0.08,0.13%,2005-12-14,1384/09/23
5346,59.22,58.66,59.98,59.52,0.08,0.13%,2005-12-13,1384/09/22
5347,58.03,57.6,59.54,59.44,2.13,3.72%,2005-12-12,1384/09/21
5348,58.9,57.02,59.58,57.31,1.36,2.37%,2005-12-09,1384/09/18
5349,57.15,56.92,59.05,58.67,1.69,2.97%,2005-12-08,1384/09/17
5350,58.1,56.85,58.44,56.98,0.63,1.11%,2005-12-07,1384/09/16
5351,57.6,57.33,58.16,57.61,0.12,0.21%,2005-12-06,1384/09/15
5352,57.22,57.22,58.57,57.73,0.68,1.19%,2005-12-05,1384/09/14
5353,56.3,55.71,57.21,57.05,0.9,1.60%,2005-12-02,1384/09/11
5354,55,54.63,56.43,56.15,1.1,2%,2005-12-01,1384/09/10
5355,54.01,53.75,55.22,55.05,0.73,1.34%,2005-11-30,1384/09/09
5356,54.65,53.92,55.39,54.32,0.56,1.03%,2005-11-29,1384/09/08
5357,55.3,54.2,55.75,54.88,0.13,0.24%,2005-11-28,1384/09/07
5358,55.41,54.89,55.66,55.01,0.29,0.53%,2005-11-25,1384/09/04
5359,56.25,55.2,56.45,55.3,0.91,1.65%,2005-11-24,1384/09/03
5360,56.5,55.5,56.6,56.21,0.2,0.36%,2005-11-23,1384/09/02
5361,55.52,55.52,56.66,56.41,1.07,1.93%,2005-11-22,1384/09/01
5362,55.25,54.75,56.05,55.34,0.46,0.84%,2005-11-21,1384/08/30
5363,54.92,54.33,55.23,54.88,0.03,0.05%,2005-11-18,1384/08/27
5364,55.88,54.74,56.78,54.85,1.15,2.10%,2005-11-17,1384/08/26
5365,55.11,54.75,56.3,56,1.95,3.61%,2005-11-16,1384/08/25
5366,54.75,53.9,54.75,54.05,0.68,1.26%,2005-11-15,1384/08/24
5367,55.25,54.5,55.72,54.73,0.26,0.48%,2005-11-14,1384/08/23
5368,55.57,54.74,55.82,54.99,0.69,1.25%,2005-11-11,1384/08/20
5369,56.51,55.21,56.75,55.68,1.2,2.16%,2005-11-10,1384/08/19
5370,57.81,56.5,58.44,56.88,0.93,1.64%,2005-11-09,1384/08/18
5371,58.2,57.24,58.28,57.81,0.23,0.40%,2005-11-08,1384/08/17
5372,58.9,57.18,59.25,58.04,1.21,2.08%,2005-11-07,1384/08/16
5373,60.55,58.98,60.55,59.25,1.27,2.14%,2005-11-04,1384/08/13
5374,58.36,58.16,60.65,60.52,2.14,3.67%,2005-11-03,1384/08/12
5375,58.22,57.44,58.82,58.38,0.01,0.02%,2005-11-02,1384/08/11
5376,58.07,57.58,58.81,58.37,0.27,0.46%,2005-11-01,1384/08/10
5377,59.24,57.69,59.45,58.1,1.32,2.27%,2005-10-31,1384/08/09
5378,59.2,58.83,59.6,59.42,0.28,0.47%,2005-10-28,1384/08/06
5379,58.88,58.5,59.62,59.14,0.27,0.46%,2005-10-27,1384/08/05
5380,59.92,58.8,60.78,58.87,1.37,2.33%,2005-10-26,1384/08/04
5381,58.18,57.83,60.35,60.24,2,3.43%,2005-10-25,1384/08/03
5382,58.01,57.36,58.47,58.24,0.24,0.41%,2005-10-24,1384/08/02
5383,57.7,57.05,58.55,58.48,0.57,0.98%,2005-10-21,1384/07/29
5384,58.27,57.12,58.88,57.91,0.69,1.19%,2005-10-20,1384/07/28
5385,58.93,57.67,59.65,58.6,0.68,1.16%,2005-10-19,1384/07/27
5386,60.6,58.99,60.6,59.28,1.29,2.18%,2005-10-18,1384/07/26
5387,60.28,59.76,61.12,60.57,1.22,2.06%,2005-10-17,1384/07/25
5388,59.9,58.9,60.27,59.35,0.79,1.33%,2005-10-14,1384/07/22
5389,60.52,59.47,60.92,60.14,0.43,0.71%,2005-10-13,1384/07/21
5390,60.3,59.92,61.31,60.57,0.49,0.82%,2005-10-12,1384/07/20
5391,59.08,58.81,60.29,60.08,1.3,2.21%,2005-10-11,1384/07/19
5392,59.2,57.43,59.66,58.78,0.43,0.73%,2005-10-10,1384/07/18
5393,59.3,58.4,59.3,59.21,0.84,1.44%,2005-10-07,1384/07/15
5394,59.65,58.24,59.95,58.37,1.75,3%,2005-10-06,1384/07/14
5395,61.23,59.73,62.18,60.12,1.1,1.83%,2005-10-05,1384/07/13
5396,62.8,60.31,62.8,61.22,1.58,2.58%,2005-10-04,1384/07/12
5397,63.63,62.39,63.96,62.8,0.68,1.08%,2005-10-03,1384/07/11
5398,63.43,62.37,63.95,63.48,0.36,0.57%,2005-09-30,1384/07/08
5399,63.95,62.08,64.28,63.84,0.09,0.14%,2005-09-29,1384/07/07
5400,62.85,62.54,64.72,63.93,0.96,1.52%,2005-09-28,1384/07/06
5401,64.04,62.7,64.09,62.97,0.96,1.52%,2005-09-27,1384/07/05
5402,62.16,61,64.1,63.93,1.49,2.39%,2005-09-26,1384/07/04
5403,64.2,62.01,64.45,62.44,2.16,3.46%,2005-09-23,1384/07/01
5404,65.38,64.2,65.78,64.6,0.13,0.20%,2005-09-22,1384/06/31
5405,64.99,64.53,65.8,64.73,0.53,0.83%,2005-09-21,1384/06/30
5406,65.5,63.18,65.72,64.2,1.41,2.20%,2005-09-20,1384/06/29
5407,62.35,62.11,65.8,65.61,3.8,6.15%,2005-09-19,1384/06/28
5408,63.31,61.63,63.61,61.81,1.35,2.18%,2005-09-16,1384/06/25
5409,63.41,62.9,63.96,63.16,0.21,0.33%,2005-09-15,1384/06/24
5410,61.8,61.58,63.59,63.37,1.76,2.86%,2005-09-14,1384/06/23
5411,61.75,61.15,62.33,61.61,0.19,0.31%,2005-09-13,1384/06/22
5412,62.83,61.14,63.1,61.8,1.04,1.68%,2005-09-12,1384/06/21
5413,63.53,62.39,64.16,62.84,0.24,0.38%,2005-09-09,1384/06/18
5414,63.23,61.59,63.74,63.08,0.19,0.30%,2005-09-08,1384/06/17
5415,64.15,62.58,65,62.89,1.78,2.83%,2005-09-07,1384/06/16
5416,64.85,64.2,66.08,64.67,0.18,0.28%,2005-09-06,1384/06/15
5417,66,64.43,66,64.85,1.21,1.87%,2005-09-05,1384/06/14
5418,67.39,64.83,67.88,66.06,1.66,2.51%,2005-09-02,1384/06/11
5419,66.7,66.65,67.84,67.72,0.7,1.04%,2005-09-01,1384/06/10
5420,68.05,65.64,68.24,67.02,0.55,0.82%,2005-08-31,1384/06/09
5421,66.65,66.07,68.89,67.57,2.7,4.16%,2005-08-30,1384/06/08
5422,65.98,64.59,66.65,64.87,1.4,2.16%,2005-08-26,1384/06/04
5423,66.56,65.25,66.56,66.27,0.26,0.39%,2005-08-25,1384/06/03
5424,65,64.29,66.65,66.01,1.36,2.10%,2005-08-24,1384/06/02
5425,64.39,63.59,64.96,64.65,0.15,0.23%,2005-08-23,1384/06/01
5426,64.4,64.02,65.38,64.5,0.14,0.22%,2005-08-22,1384/05/31
5427,62.7,62.5,64.69,64.36,1.96,3.14%,2005-08-19,1384/05/28
5428,62.45,61.45,63.11,62.4,0.16,0.26%,2005-08-18,1384/05/27
5429,65,62.38,65.5,62.56,2.85,4.56%,2005-08-17,1384/05/26
5430,64.9,64.9,65.92,65.41,0.17,0.26%,2005-08-16,1384/05/25
5431,65.73,64.79,66.85,65.58,0.87,1.33%,2005-08-15,1384/05/24
5432,65.55,65.1,66.77,66.45,1.07,1.64%,2005-08-12,1384/05/21
5433,64.15,63.5,65.66,65.38,1.39,2.17%,2005-08-11,1384/05/20
5434,62.13,61.94,64.24,63.99,2.01,3.24%,2005-08-10,1384/05/19
5435,62.75,61.87,63.06,61.98,0.72,1.16%,2005-08-09,1384/05/18
5436,61.3,61.24,62.76,62.7,1.63,2.67%,2005-08-08,1384/05/17
5437,60.5,60.35,61.24,61.07,0.95,1.58%,2005-08-05,1384/05/14
5438,59.56,59.56,60.86,60.12,0.47,0.79%,2005-08-04,1384/05/13
5439,60.72,59.37,61.26,59.65,0.97,1.63%,2005-08-03,1384/05/12
5440,60.45,59.65,60.74,60.62,0.18,0.30%,2005-08-02,1384/05/11
5441,59.85,59.58,60.98,60.44,1.07,1.80%,2005-08-01,1384/05/10
5442,59,58.95,59.84,59.37,0.61,1.04%,2005-07-29,1384/05/07
5443,58.01,57.75,58.97,58.76,0.75,1.29%,2005-07-28,1384/05/06
5444,57.73,57.55,58.5,58.01,0.02,0.03%,2005-07-27,1384/05/05
5445,57.69,57.35,58.65,58.03,0.17,0.29%,2005-07-26,1384/05/04
5446,57.55,56.56,58,57.86,0.28,0.49%,2005-07-25,1384/05/03
5447,56.1,55.82,57.75,57.58,1.86,3.34%,2005-07-22,1384/04/31
5448,56.3,55.25,56.68,55.72,0.93,1.67%,2005-07-21,1384/04/30
5449,57.5,56.15,58.3,56.65,0.71,1.25%,2005-07-20,1384/04/29
5450,57.04,56.6,57.53,57.36,0.37,0.65%,2005-07-19,1384/04/28
5451,57.8,56.49,58.54,56.99,0.62,1.09%,2005-07-18,1384/04/27
5452,57.3,56.5,58.16,57.61,0.3,0.52%,2005-07-15,1384/04/24
5453,57.95,56.9,58.5,57.31,0.96,1.68%,2005-07-14,1384/04/23
5454,59.01,57.9,59.58,58.27,0.55,0.94%,2005-07-13,1384/04/22
5455,57.65,57.35,59.46,58.82,1.38,2.40%,2005-07-12,1384/04/21
5456,57.6,56.62,57.79,57.44,0.76,1.32%,2005-07-11,1384/04/20
5457,59.22,57.97,60.36,58.2,1.08,1.86%,2005-07-08,1384/04/17
5458,60.04,55.55,60.7,59.28,0.57,0.96%,2005-07-07,1384/04/16
5459,58.4,58.38,60.01,59.85,1.56,2.68%,2005-07-06,1384/04/15
5460,57.9,57.85,58.72,58.29,0.35,0.60%,2005-07-05,1384/04/14
5461,57.65,57.4,58.1,57.94,0.4,0.70%,2005-07-04,1384/04/13
5462,55.7,55.46,57.92,57.54,1.96,3.53%,2005-07-01,1384/04/10
5463,56.15,55.04,56.71,55.58,0.57,1.03%,2005-06-30,1384/04/09
5464,57.33,55.86,57.33,56.15,1.03,1.83%,2005-06-29,1384/04/08
5465,59.1,56.85,59.14,57.18,2.12,3.71%,2005-06-28,1384/04/07
5466,58.85,58.7,59.59,59.3,0.94,1.61%,2005-06-27,1384/04/06
5467,58.32,57.65,58.51,58.36,0.4,0.69%,2005-06-24,1384/04/03
5468,56.88,56.66,58.55,57.96,1.38,2.44%,2005-06-23,1384/04/02
5469,57.26,56.38,58,56.58,0.92,1.63%,2005-06-22,1384/04/01
5470,57.95,57.3,58.48,57.5,0.82,1.43%,2005-06-21,1384/03/31
5471,57.8,57.3,58.58,58.32,0.56,0.97%,2005-06-20,1384/03/30
5472,56.4,56.15,57.95,57.76,1.54,2.74%,2005-06-17,1384/03/27
5473,55.24,55.08,56.39,56.22,1.72,3.16%,2005-06-16,1384/03/26
5474,54.1,54.02,55.07,54.5,0.77,1.43%,2005-06-15,1384/03/25
5475,54.61,53.65,54.71,53.73,1.05,1.95%,2005-06-14,1384/03/24
5476,52.55,52.55,54.86,54.78,2.11,4.01%,2005-06-13,1384/03/23
5477,53.9,52.56,54.3,52.67,1.15,2.18%,2005-06-10,1384/03/20
5478,51.95,51.61,53.95,53.82,1.71,3.28%,2005-06-09,1384/03/19
5479,53.05,51.95,54.5,52.11,1.02,1.96%,2005-06-08,1384/03/18
5480,53.65,52.72,53.9,53.13,0.54,1.02%,2005-06-07,1384/03/17
5481,54.3,53.12,54.62,53.67,0.5,0.93%,2005-06-06,1384/03/16
5482,52.39,52.39,54.24,54.17,1.77,3.38%,2005-06-03,1384/03/13
5483,53.05,52.26,53.97,52.4,0.87,1.66%,2005-06-02,1384/03/12
5484,50.85,50.85,53.46,53.27,2.54,5.01%,2005-06-01,1384/03/11
5485,50.47,49.87,50.86,50.73,0.03,0.06%,2005-05-31,1384/03/10
5486,49.96,49.82,50.8,50.7,0.54,1.08%,2005-05-27,1384/03/06
5487,50.08,49.76,50.79,50.16,0.09,0.18%,2005-05-26,1384/03/05
5488,48.75,48.62,50.58,50.07,1.25,2.56%,2005-05-25,1384/03/04
5489,48.51,48.05,49.04,48.82,0.45,0.93%,2005-05-24,1384/03/03
5490,47.91,47.47,48.8,48.37,0.34,0.71%,2005-05-23,1384/03/02
5491,48.1,47.6,48.51,48.03,0.15,0.31%,2005-05-20,1384/02/30
5492,47.9,47.8,48.82,47.88,0.27,0.56%,2005-05-19,1384/02/29
5493,49.6,47.95,49.8,48.15,1.19,2.47%,2005-05-18,1384/02/28
5494,49.4,48.6,49.67,49.34,1.29,2.68%,2005-05-17,1384/02/27
5495,48.36,47.65,48.36,48.05,0.61,1.27%,2005-05-16,1384/02/26
5496,48.25,47.71,49.07,48.66,0.32,0.66%,2005-05-13,1384/02/23
5497,49.78,48.18,49.78,48.34,1.73,3.58%,2005-05-12,1384/02/22
5498,51.2,49.82,51.38,50.07,1.36,2.72%,2005-05-11,1384/02/21
5499,51.75,51.01,52.43,51.43,0.14,0.27%,2005-05-10,1384/02/20
5500,51.4,50.41,51.6,51.29,0.52,1.02%,2005-05-09,1384/02/19
5501,51.65,50.41,51.98,50.77,0.36,0.71%,2005-05-06,1384/02/16
5502,51.22,50.11,51.91,51.13,0.16,0.31%,2005-05-05,1384/02/15
5503,50.46,49.66,51.49,50.97,0.45,0.89%,2005-05-04,1384/02/14
5504,51.78,50.45,51.8,50.52,0.57,1.13%,2005-05-03,1384/02/13
5505,52.59,50.35,53.07,51.09,1.39,2.72%,2005-04-29,1384/02/09
5506,51.85,50.96,52.85,52.48,0.19,0.36%,2005-04-28,1384/02/08
5507,54.15,51.72,54.35,52.29,1.85,3.54%,2005-04-27,1384/02/07
5508,54.25,53.33,54.38,54.14,0.26,0.48%,2005-04-26,1384/02/06
5509,55.54,54.07,55.74,54.4,0.57,1.05%,2005-04-25,1384/02/05
5510,54.25,54.23,55.4,54.97,0.96,1.78%,2005-04-22,1384/02/02
5511,53.3,52.9,54.3,54.01,0.23,0.43%,2005-04-21,1384/02/01
5512,53.3,53.02,54.1,53.78,0.84,1.59%,2005-04-20,1384/01/31
5513,51,50.95,53,52.94,2.16,4.25%,2005-04-19,1384/01/30
5514,51.15,50.44,51.73,50.78,0.83,1.63%,2005-04-18,1384/01/29
5515,52.35,51.21,52.35,51.61,0.7,1.37%,2005-04-15,1384/01/26
5516,50.6,50.4,51.14,50.91,0.43,0.85%,2005-04-14,1384/01/25
5517,51.35,50.41,51.65,50.48,1.5,2.97%,2005-04-13,1384/01/24
5518,53.3,51.6,53.6,51.98,1.23,2.37%,2005-04-12,1384/01/23
5519,52.8,51.52,53.4,53.21,0.32,0.61%,2005-04-11,1384/01/22
5520,53.4,52.58,53.9,52.89,1.15,2.17%,2005-04-08,1384/01/19
5521,55.4,53.6,56.48,54.04,1.23,2.28%,2005-04-07,1384/01/18
5522,55.38,54.6,55.92,55.27,0.17,0.31%,2005-04-06,1384/01/17
5523,56.2,55.4,56.65,55.44,0.79,1.42%,2005-04-05,1384/01/16
5524,56.8,55.9,57.65,56.23,0.28,0.50%,2005-04-04,1384/01/15
5525,54.52,54.37,56.6,56.51,2.22,4.09%,2005-04-01,1384/01/12
5526,53.3,52.84,54.95,54.29,2.2,4.22%,2005-03-31,1384/01/11
5527,53.23,51.8,53.26,52.09,0.94,1.80%,2005-03-30,1384/01/10
5528,53,52.5,53.5,53.03,0.9,1.70%,2005-03-29,1384/01/09
5529,53,53,53.97,53.93,0.89,1.68%,2005-03-24,1384/01/04
5530,54.35,52.65,54.4,53.04,1.55,2.92%,2005-03-23,1384/01/03
5531,55.75,54.4,55.75,54.59,1.06,1.94%,2005-03-22,1384/01/02
5532,55.59,55.05,55.87,55.65,0.06,0.11%,2005-03-21,1384/01/01
5533,55.03,54.8,55.7,55.59,0.53,0.96%,2005-03-18,1383/12/28
5534,55.05,54.91,56.15,55.06,0.26,0.47%,2005-03-17,1383/12/27
5535,53.25,53.17,54.95,54.8,0.95,1.76%,2005-03-16,1383/12/26
5536,53.68,53.05,54.28,53.85,0.19,0.35%,2005-03-15,1383/12/25
5537,53.09,52.46,53.7,53.66,0.56,1.05%,2005-03-14,1383/12/24
5538,52,51.4,53.4,53.1,0.44,0.84%,2005-03-11,1383/12/21
5539,53.1,52.1,53.42,52.66,0.72,1.37%,2005-03-10,1383/12/20
5540,52.8,52.67,54.3,53.38,0.54,1.02%,2005-03-09,1383/12/19
5541,51.75,51.34,53.3,52.84,0.75,1.44%,2005-03-08,1383/12/18
5542,51.74,50.95,52.2,52.09,0.29,0.56%,2005-03-07,1383/12/17
5543,51.72,51.3,52.12,51.8,0.15,0.29%,2005-03-04,1383/12/14
5544,51.5,51.12,53,51.95,0.73,1.43%,2005-03-03,1383/12/13
5545,50.1,49.85,51.39,51.22,1.11,2.22%,2005-03-02,1383/12/12
5546,50.08,49.05,50.32,50.11,0.05,0.10%,2005-03-01,1383/12/11
5547,50,49.45,50.34,50.06,0.45,0.91%,2005-02-28,1383/12/10
5548,49.39,48.86,49.9,49.61,0.17,0.34%,2005-02-25,1383/12/07
5549,48.68,48.45,49.75,49.44,0.93,1.92%,2005-02-24,1383/12/06
5550,48.62,48.1,48.95,48.51,0.11,0.23%,2005-02-23,1383/12/05
5551,46.73,46.55,48.9,48.62,1.89,4.04%,2005-02-22,1383/12/04
5552,46.45,46.39,47.08,46.73,0.39,0.84%,2005-02-21,1383/12/03
5553,45.92,45.8,46.5,46.34,0.52,1.13%,2005-02-18,1383/11/30
5554,46.55,45.5,46.64,45.82,0.33,0.72%,2005-02-17,1383/11/29
5555,45.4,44.95,46.55,46.15,0.76,1.67%,2005-02-16,1383/11/28
5556,45.47,45.28,45.7,45.39,0.14,0.31%,2005-02-15,1383/11/27
5557,45.07,44.65,45.85,45.53,0.73,1.63%,2005-02-14,1383/11/26
5558,44.49,44.35,44.92,44.8,0.32,0.72%,2005-02-11,1383/11/23
5559,43.25,43.17,44.7,44.48,1.35,3.13%,2005-02-10,1383/11/22
5560,42.7,42.57,44.12,43.13,0.06,0.14%,2005-02-09,1383/11/21
5561,42.94,42.46,43.38,43.07,0.03,0.07%,2005-02-08,1383/11/20
5562,43.7,42.76,43.87,43.04,0.85,1.97%,2005-02-07,1383/11/19
5563,44.03,43.66,44.48,43.89,0.04,0.09%,2005-02-04,1383/11/16
5564,44.13,43.15,44.13,43.85,0.16,0.36%,2005-02-03,1383/11/15
5565,44.7,43.93,45,44.01,0.81,1.84%,2005-02-02,1383/11/14
5566,45.48,44.65,45.85,44.82,1.1,2.45%,2005-02-01,1383/11/13
5567,44.5,43.58,45.95,45.92,0.97,2.16%,2005-01-31,1383/11/12
5568,46.45,44.5,46.48,44.95,1.49,3.31%,2005-01-28,1383/11/09
5569,46.55,46.35,47.35,46.44,0.07,0.15%,2005-01-27,1383/11/08
5570,46.7,45.6,47,46.51,0.45,0.97%,2005-01-26,1383/11/07
5571,45.79,45.63,46.99,46.96,0.95,2.06%,2005-01-25,1383/11/06
5572,46.2,45.05,46.44,46.01,0.28,0.61%,2005-01-24,1383/11/05
5573,44.33,44.3,46.1,45.73,1.41,3.18%,2005-01-21,1383/11/02
5574,44.2,43.73,44.67,44.32,0.39,0.88%,2005-01-20,1383/11/01
5575,45.07,44.66,45.37,44.71,0.68,1.52%,2005-01-19,1383/10/30
5576,45.83,44.6,46.35,45.39,0.36,0.80%,2005-01-18,1383/10/29
5577,45.35,44.77,45.4,45.03,0.12,0.27%,2005-01-17,1383/10/28
5578,45.22,44.86,45.3,45.15,0.06,0.13%,2005-01-14,1383/10/25
5579,43.97,43.79,45.47,45.21,1.53,3.50%,2005-01-13,1383/10/24
5580,43.4,42.5,43.9,43.68,0.56,1.30%,2005-01-12,1383/10/23
5581,42.95,42.55,43.65,43.12,0.2,0.47%,2005-01-11,1383/10/22
5582,43.2,42.9,44.85,42.92,0.26,0.61%,2005-01-10,1383/10/21
5583,42.75,42.2,43.75,43.18,0.33,0.77%,2005-01-07,1383/10/18
5584,40.43,39.82,43.2,42.85,2.34,5.78%,2005-01-06,1383/10/17
5585,40.8,39.9,41,40.51,0.53,1.31%,2005-01-05,1383/10/16
5586,39.4,38.81,41.25,41.04,0.58,1.43%,2005-01-04,1383/10/15
5587,40.37,40.2,40.59,40.46,0.09,0.22%,2004-12-31,1383/10/11
5588,40.08,39.3,40.45,40.37,1.2,3.06%,2004-12-30,1383/10/10
5589,38.7,38.4,39.6,39.17,0.9,2.30%,2004-12-29,1383/10/09
5590,40.7,39.95,40.8,40.07,0.64,1.60%,2004-12-24,1383/10/04
5591,40.6,40.12,40.85,40.71,0.07,0.17%,2004-12-23,1383/10/03
5592,42.17,40.5,42.42,40.64,1.73,4.26%,2004-12-22,1383/10/02
5593,42.43,41.8,42.63,42.37,0.08,0.19%,2004-12-21,1383/10/01
5594,43.1,41.9,43.4,42.45,0.94,2.21%,2004-12-20,1383/09/30
5595,41.7,41.21,43.45,43.39,1.94,4.68%,2004-12-17,1383/09/27
5596,42.11,41.15,42.15,41.45,0.77,1.86%,2004-12-16,1383/09/26
5597,39.45,39.45,42.3,42.22,2.97,7.57%,2004-12-15,1383/09/25
5598,38.24,37.73,39.3,39.25,1.41,3.73%,2004-12-14,1383/09/24
5599,37.8,37,38.55,37.84,0.46,1.23%,2004-12-13,1383/09/23
5600,39.85,37.3,40.52,37.38,2.29,6.13%,2004-12-10,1383/09/20
5601,39.03,38.9,40.03,39.67,0.98,2.53%,2004-12-09,1383/09/19
5602,38.42,37.3,39.25,38.69,0.42,1.10%,2004-12-08,1383/09/18
5603,39.78,38.05,39.9,38.27,1.38,3.61%,2004-12-07,1383/09/17
5604,39.5,39.3,40.45,39.65,0.29,0.74%,2004-12-06,1383/09/16
5605,40.1,38.85,40.65,39.36,0.79,2.01%,2004-12-03,1383/09/13
5606,42.4,39.5,42.75,40.15,2.16,5.38%,2004-12-02,1383/09/12
5607,45.35,42.15,45.43,42.31,3.2,7.56%,2004-12-01,1383/09/11
5608,45.62,44.92,46.7,45.51,0.24,0.53%,2004-11-30,1383/09/10
5609,44.7,44.7,45.88,45.75,1.18,2.65%,2004-11-29,1383/09/09
5610,44.91,44.52,45.05,44.57,0.09,0.20%,2004-11-26,1383/09/06
5611,45.07,44.6,45.51,44.66,0.16,0.36%,2004-11-25,1383/09/05
5612,44.5,43.5,44.95,44.82,0.37,0.83%,2004-11-24,1383/09/04
5613,44.04,43.84,45.95,44.45,0.07,0.16%,2004-11-23,1383/09/03
5614,44.95,44.15,45.74,44.38,0.51,1.15%,2004-11-22,1383/09/02
5615,42.78,42.6,44.9,44.89,2.17,5.08%,2004-11-19,1383/08/29
5616,42.76,42.1,43.4,42.72,0.04,0.09%,2004-11-18,1383/08/28
5617,42.29,41.3,43.12,42.76,0.47,1.11%,2004-11-17,1383/08/27
5618,43.04,42.2,43.65,42.29,1.95,4.83%,2004-11-16,1383/08/26
5619,42.19,40.05,42.19,40.34,1.97,4.88%,2004-11-15,1383/08/25
5620,43.4,42.2,43.47,42.31,0.71,1.68%,2004-11-12,1383/08/22
5621,44.55,42.95,44.7,43.02,1.73,4.02%,2004-11-11,1383/08/21
5622,43.46,43.3,44.8,44.75,1.04,2.38%,2004-11-10,1383/08/20
5623,46,43.6,46.28,43.71,2.21,5.06%,2004-11-09,1383/08/19
5624,46.3,45.4,46.3,45.92,0.5,1.09%,2004-11-08,1383/08/18
5625,45.8,45.5,46.62,46.42,0.41,0.89%,2004-11-05,1383/08/15
5626,47.05,45.9,47.65,46.01,1.55,3.37%,2004-11-04,1383/08/14
5627,46.3,45.45,47.85,47.56,1.01,2.17%,2004-11-03,1383/08/13
5628,47.06,46.4,47.35,46.55,0.51,1.10%,2004-11-02,1383/08/12
5629,49.2,46.21,49.6,47.06,1.92,4.08%,2004-11-01,1383/08/11
5630,48,47.68,49,48.98,0.61,1.26%,2004-10-29,1383/08/08
5631,48.75,48.3,49.75,48.37,1.08,2.23%,2004-10-28,1383/08/07
5632,51.4,49.25,51.94,49.45,2.11,4.27%,2004-10-27,1383/08/06
5633,50.47,50.15,51.6,51.56,0.78,1.54%,2004-10-26,1383/08/05
5634,51.3,50.45,51.9,50.78,0.44,0.87%,2004-10-25,1383/08/04
5635,50.9,50.9,51.65,51.22,0.5,0.99%,2004-10-22,1383/08/01
5636,50.55,50.38,51.14,50.72,0.2,0.40%,2004-10-21,1383/07/30
5637,48.7,48.7,50.62,50.52,1.75,3.59%,2004-10-20,1383/07/29
5638,48.85,47.9,48.86,48.77,0.14,0.29%,2004-10-19,1383/07/28
5639,50.3,48.37,50.4,48.91,1.02,2.09%,2004-10-18,1383/07/27
5640,49.95,49.44,50.15,49.93,0.91,1.82%,2004-10-15,1383/07/24
5641,50.25,50,50.9,50.84,0.79,1.58%,2004-10-14,1383/07/23
5642,49.62,48.5,50.35,50.05,0.45,0.91%,2004-10-13,1383/07/22
5643,50.55,49.6,51.5,49.6,1.06,2.14%,2004-10-12,1383/07/21
5644,49.6,49.4,50.7,50.66,0.95,1.91%,2004-10-11,1383/07/20
5645,48.69,48.15,49.75,49.71,0.81,1.66%,2004-10-08,1383/07/17
5646,48.1,48.1,49.2,48.9,0.91,1.90%,2004-10-07,1383/07/16
5647,47.1,46.85,48.1,47.99,0.86,1.82%,2004-10-06,1383/07/15
5648,45.8,45.8,47.41,47.13,0.94,2.04%,2004-10-05,1383/07/14
5649,46.25,45.85,46.35,46.19,0.43,0.93%,2004-10-04,1383/07/13
5650,46.2,45.9,46.73,46.62,0.24,0.52%,2004-10-01,1383/07/10
5651,46.02,45.65,46.72,46.38,0.3,0.65%,2004-09-30,1383/07/09
5652,46.57,45.05,46.7,46.08,0.37,0.80%,2004-09-29,1383/07/08
5653,46.8,45.95,46.8,46.45,0.52,1.13%,2004-09-28,1383/07/07
5654,45.7,45.5,46.25,45.93,0.6,1.32%,2004-09-27,1383/07/06
5655,44.91,44.56,45.35,45.33,0.2,0.44%,2004-09-24,1383/07/03
5656,44.93,44.35,45.75,45.13,0.2,0.45%,2004-09-23,1383/07/02
5657,43.45,43.2,45.15,44.93,1.54,3.55%,2004-09-22,1383/07/01
5658,43.1,42.6,43.78,43.39,0.48,1.12%,2004-09-21,1383/06/31
5659,42.55,42.1,43.17,42.91,0.46,1.08%,2004-09-20,1383/06/30
5660,41,40.91,42.52,42.45,1.7,4.17%,2004-09-17,1383/06/27
5661,40.7,40,41.15,40.75,1.1,2.70%,2004-09-16,1383/06/26
5662,41.93,41.6,42.3,41.85,0.12,0.29%,2004-09-15,1383/06/25
5663,41.06,41.06,42.02,41.73,0.67,1.63%,2004-09-14,1383/06/24
5664,41.05,40.3,41.5,41.06,0.86,2.14%,2004-09-13,1383/06/23
5665,42.2,40,42.6,40.2,2.02,5.02%,2004-09-10,1383/06/20
5666,40.25,40.1,42.3,42.22,1.83,4.53%,2004-09-09,1383/06/19
5667,40.64,40.06,41.1,40.39,0.37,0.92%,2004-09-08,1383/06/18
5668,40.62,40.25,40.9,40.76,0.14,0.34%,2004-09-07,1383/06/17
5669,41.3,40.54,41.4,40.62,0.61,1.50%,2004-09-06,1383/06/16
5670,41.7,41.1,41.8,41.23,0.34,0.82%,2004-09-03,1383/06/13
5671,41.4,41.3,43.04,41.57,0.1,0.24%,2004-09-02,1383/06/12
5672,39.9,39.7,41.85,41.47,1.86,4.70%,2004-09-01,1383/06/11
5673,39.75,39.2,39.95,39.61,1.03,2.60%,2004-08-31,1383/06/10
5674,40.87,40.2,40.88,40.64,0.31,0.77%,2004-08-27,1383/06/06
5675,40.8,39.67,41.25,40.33,0.35,0.87%,2004-08-26,1383/06/05
5676,42.55,40.42,42.74,40.68,1.64,4.03%,2004-08-25,1383/06/04
5677,42.8,42,42.99,42.32,0.71,1.68%,2004-08-24,1383/06/03
5678,43.88,42.96,44.05,43.03,0.51,1.19%,2004-08-23,1383/06/02
5679,44.5,43.3,45.15,43.54,0.79,1.81%,2004-08-20,1383/05/30
5680,43.25,43.18,44.35,44.33,1.3,3.02%,2004-08-19,1383/05/29
5681,42.83,42.55,43.4,43.03,0.04,0.09%,2004-08-18,1383/05/28
5682,42.58,42.15,43.17,42.99,0.68,1.58%,2004-08-17,1383/05/27
5683,43.85,43.3,44.11,43.67,0.21,0.48%,2004-08-16,1383/05/26
5684,42.29,42,43.92,43.88,1.59,3.76%,2004-08-13,1383/05/23
5685,41.5,41.5,42.56,42.29,0.72,1.73%,2004-08-12,1383/05/22
5686,41.2,40.4,41.7,41.57,0.29,0.70%,2004-08-11,1383/05/21
5687,41.41,41.11,41.69,41.28,0.28,0.68%,2004-08-10,1383/05/20
5688,40.4,40.27,41.66,41.56,0.93,2.29%,2004-08-09,1383/05/19
5689,41.35,40.46,41.5,40.63,0.49,1.21%,2004-08-06,1383/05/16
5690,39.85,39.85,41.3,41.12,1.42,3.58%,2004-08-05,1383/05/15
5691,40.6,39.7,40.99,39.7,0.94,2.37%,2004-08-04,1383/05/14
5692,40.18,39.92,40.75,40.64,0.67,1.68%,2004-08-03,1383/05/13
5693,39.7,39.54,40.04,39.97,0.06,0.15%,2004-08-02,1383/05/12
5694,39.55,39.45,40.05,40.03,0.78,1.99%,2004-07-30,1383/05/09
5695,39.25,38.7,39.38,39.25,0.28,0.71%,2004-07-29,1383/05/08
5696,38.4,38.25,39.68,39.53,0.99,2.57%,2004-07-28,1383/05/07
5697,38.2,38,38.73,38.54,0.43,1.13%,2004-07-27,1383/05/06
5698,38.5,37.75,38.5,38.11,0.16,0.42%,2004-07-26,1383/05/05
5699,38.1,37.85,38.4,38.27,0.26,0.68%,2004-07-23,1383/05/02
5700,37.2,37.05,38.15,38.01,0.85,2.29%,2004-07-22,1383/05/01
5701,37.06,36.99,37.66,37.16,0.15,0.41%,2004-07-21,1383/04/31
5702,38,36.96,38.15,37.01,0.89,2.40%,2004-07-20,1383/04/30
5703,37.5,37.5,38.23,37.9,0.1,0.26%,2004-07-19,1383/04/29
5704,37.56,37.25,38.5,38,0.11,0.29%,2004-07-16,1383/04/26
5705,38.18,37.86,38.39,38.11,0.43,1.13%,2004-07-15,1383/04/25
5706,36.9,36.6,38.58,38.54,1.85,5.04%,2004-07-14,1383/04/24
5707,36.4,36.11,36.88,36.69,0.06,0.16%,2004-07-13,1383/04/23
5708,36.95,36.6,37.7,36.63,0.42,1.15%,2004-07-12,1383/04/22
5709,37.6,37,37.8,37.05,0.72,1.94%,2004-07-09,1383/04/19
5710,36.83,36.41,37.8,37.77,1.16,3.17%,2004-07-08,1383/04/18
5711,37.2,36.26,37.2,36.61,0.57,1.56%,2004-07-07,1383/04/17
5712,36.46,36.46,37.3,37.18,0.88,2.42%,2004-07-06,1383/04/16
5713,36.1,36.1,36.65,36.3,0.38,1.06%,2004-07-05,1383/04/15
5714,35.82,35.75,36.35,35.92,0.15,0.42%,2004-07-02,1383/04/12
5715,34.25,34.18,36.45,36.07,1.57,4.55%,2004-07-01,1383/04/11
5716,33.31,33.26,34.55,34.5,1.39,4.20%,2004-06-30,1383/04/10
5717,33.48,33.08,33.88,33.11,0.59,1.78%,2004-06-29,1383/04/09
5718,34.6,33.57,34.64,33.7,1.27,3.77%,2004-06-28,1383/04/08
5719,35.2,34.6,35.25,34.97,0.33,0.94%,2004-06-25,1383/04/05
5720,35.12,35,35.53,35.3,0.27,0.77%,2004-06-24,1383/04/04
5721,35.6,34.85,36,35.03,0.58,1.66%,2004-06-23,1383/04/03
5722,35.2,35,35.7,35.61,0.48,1.37%,2004-06-22,1383/04/02
5723,36.04,35.05,36.59,35.13,1.08,3.07%,2004-06-21,1383/04/01
5724,36.21,35.81,36.7,36.21,-,-,2004-06-18,1383/03/29
5725,35.34,35.25,36.45,36.21,1.01,2.87%,2004-06-17,1383/03/28
5726,35.05,34.85,35.48,35.2,0.09,0.26%,2004-06-16,1383/03/27
5727,35.05,34.73,35.9,35.29,0.2,0.57%,2004-06-15,1383/03/26
5728,35.75,35.19,35.9,35.49,0.05,0.14%,2004-06-14,1383/03/25
5729,35.82,35.42,35.84,35.44,0.3,0.85%,2004-06-11,1383/03/22
5730,35.3,35.3,35.88,35.74,0.45,1.28%,2004-06-10,1383/03/21
5731,34.75,34.43,35.44,35.29,0.24,0.68%,2004-06-09,1383/03/20
5732,35.97,35,36.55,35.05,0.91,2.60%,2004-06-08,1383/03/19
5733,35.67,34.8,36.05,35.96,0.29,0.81%,2004-06-07,1383/03/18
5734,36.28,35.65,36.28,35.67,0.73,2.05%,2004-06-04,1383/03/15
5735,36.9,35.5,37.77,36.4,0.46,1.26%,2004-06-03,1383/03/14
5736,38.85,36.82,38.95,36.86,2.22,6.02%,2004-06-02,1383/03/13
5737,37.15,37.15,39.12,39.08,2.5,6.83%,2004-06-01,1383/03/12
5738,35.96,35.96,36.67,36.58,0.33,0.91%,2004-05-28,1383/03/08
5739,36.96,35.95,37.07,36.25,0.83,2.29%,2004-05-27,1383/03/07
5740,37.5,37.05,37.9,37.08,0.36,0.97%,2004-05-26,1383/03/06
5741,37.92,37.25,38.19,37.44,0.73,1.95%,2004-05-25,1383/03/05
5742,36.1,36,38.2,38.17,1.66,4.55%,2004-05-24,1383/03/04
5743,37.26,36.35,37.35,36.51,0.75,2.05%,2004-05-21,1383/03/01
5744,38.15,37.25,38.16,37.26,0.64,1.72%,2004-05-20,1383/02/31
5745,36.6,36.4,37.91,37.9,0.95,2.57%,2004-05-19,1383/02/30
5746,37.45,36.81,37.72,36.95,0.96,2.60%,2004-05-18,1383/02/29
5747,38.25,37.28,38.5,37.91,0.85,2.24%,2004-05-17,1383/02/28
5748,38.3,38.19,38.9,38.76,0.27,0.70%,2004-05-14,1383/02/25
5749,37.86,37.5,38.53,38.49,0.54,1.42%,2004-05-13,1383/02/24
5750,37.46,36.96,38.28,37.95,0.59,1.58%,2004-05-12,1383/02/23
5751,35.8,35.56,37.4,37.36,1.39,3.86%,2004-05-11,1383/02/22
5752,36.74,35.33,37,35.97,1.03,2.86%,2004-05-10,1383/02/21
5753,36.75,36.7,37.18,37,0.47,1.29%,2004-05-07,1383/02/18
5754,36.79,36.4,37.2,36.53,0.19,0.52%,2004-05-06,1383/02/17
5755,35.75,35.5,36.9,36.72,0.79,2.20%,2004-05-05,1383/02/16
5756,35.22,34.95,36,35.93,1.45,4.21%,2004-05-04,1383/02/15
5757,34.62,34.35,35,34.48,0.1,0.29%,2004-04-30,1383/02/11
5758,34.03,33.65,34.45,34.38,0.07,0.20%,2004-04-29,1383/02/10
5759,34.12,33.6,34.9,34.31,0.03,0.09%,2004-04-28,1383/02/09
5760,33.6,33.55,34.45,34.28,0.7,2.08%,2004-04-27,1383/02/08
5761,33.35,33.25,33.85,33.58,0.49,1.48%,2004-04-26,1383/02/07
5762,33.3,32.9,33.54,33.09,0.3,0.91%,2004-04-23,1383/02/04
5763,32.58,32.58,33.7,33.39,0.93,2.87%,2004-04-22,1383/02/03
5764,32.87,32.31,33.08,32.46,0.65,2%,2004-04-21,1383/02/02
5765,33.45,32.9,33.45,33.11,0.35,1.06%,2004-04-20,1383/02/01
5766,33.58,33.35,34.2,33.46,0.18,0.54%,2004-04-19,1383/01/31
5767,33.87,33.3,34.05,33.64,0.52,1.57%,2004-04-16,1383/01/28
5768,33.1,32.78,33.43,33.12,0.33,1%,2004-04-15,1383/01/27
5769,33,32.42,33.55,33.45,0.26,0.78%,2004-04-14,1383/01/26
5770,33.7,33.08,33.7,33.19,0.15,0.45%,2004-04-13,1383/01/25
5771,32.5,32.5,33.4,33.34,0.89,2.74%,2004-04-08,1383/01/20
5772,31.35,31.05,32.74,32.45,1.1,3.51%,2004-04-07,1383/01/19
5773,30.69,30.3,31.35,31.35,0.66,2.15%,2004-04-06,1383/01/18
5774,30.8,30.15,30.92,30.69,0.48,1.59%,2004-04-05,1383/01/17
5775,30.89,29.95,31.17,30.21,1.34,4.44%,2004-04-02,1383/01/14
5776,32.23,30.52,32.23,31.55,0.04,0.13%,2004-04-01,1383/01/13
5777,32.55,31.15,33,31.51,0.94,2.98%,2004-03-31,1383/01/12
5778,31.6,31.52,32.7,32.45,0.71,2.24%,2004-03-30,1383/01/11
5779,31.66,31.4,31.76,31.74,0.25,0.79%,2004-03-29,1383/01/10
5780,31.9,31.2,32.25,31.99,0.16,0.50%,2004-03-26,1383/01/07
5781,32.76,31.7,32.83,31.83,1.18,3.71%,2004-03-25,1383/01/06
5782,33.45,32.6,33.6,33.01,0.3,0.91%,2004-03-24,1383/01/05
5783,32.85,32.53,33.45,33.31,0.51,1.55%,2004-03-23,1383/01/04
5784,33.04,32.43,33.04,32.8,0.46,1.40%,2004-03-22,1383/01/03
5785,32.9,32.81,33.37,33.26,0.13,0.39%,2004-03-19,1382/12/29
5786,33.4,32.65,33.4,33.13,0.4,1.21%,2004-03-18,1382/12/28
5787,32.6,32.5,33.58,33.53,0.08,0.24%,2004-03-17,1382/12/27
5788,33.5,33.2,33.55,33.45,0.35,1.05%,2004-03-16,1382/12/26
5789,32.5,32.34,33.82,33.8,1.56,4.84%,2004-03-15,1382/12/25
5790,32.88,31.65,33.25,32.24,0.59,1.83%,2004-03-12,1382/12/22
5791,32.27,32.13,32.85,32.83,0.84,2.63%,2004-03-11,1382/12/21
5792,32.45,31.62,32.57,31.99,0.24,0.75%,2004-03-10,1382/12/20
5793,32.95,32.15,33.14,32.23,0.54,1.68%,2004-03-09,1382/12/19
5794,33.51,32.56,33.57,32.77,0.58,1.77%,2004-03-08,1382/12/18
5795,33.07,33.07,33.58,33.35,0.46,1.40%,2004-03-05,1382/12/15
5796,32.18,31.81,33.05,32.89,0.66,2.05%,2004-03-04,1382/12/14
5797,32.95,32,33.1,32.23,0.92,2.85%,2004-03-03,1382/12/13
5798,33.3,32.9,33.42,33.15,0.19,0.57%,2004-03-02,1382/12/12
5799,32.33,32.15,33.38,33.34,1.11,3.44%,2004-03-01,1382/12/11
5800,31.59,31.38,32.35,32.23,0.66,2.09%,2004-02-27,1382/12/08
5801,31.63,31.3,32,31.57,-,-,2004-02-26,1382/12/07
5802,30.9,30.7,31.79,31.57,0.76,2.47%,2004-02-25,1382/12/06
5803,30.95,30.68,31.27,30.81,-,-,2004-02-24,1382/12/05
5804,30.55,30.45,31.08,30.81,0.12,0.39%,2004-02-23,1382/12/04
5805,31.1,30,31.2,30.69,0.13,0.42%,2004-02-20,1382/12/01
5806,30.96,30.75,31.18,30.82,0.17,0.55%,2004-02-19,1382/11/30
5807,31.14,30.85,31.37,30.99,0.3,0.98%,2004-02-18,1382/11/29
5808,30.55,30.37,31.1,30.69,0.37,1.22%,2004-02-17,1382/11/28
5809,30.55,30.3,30.63,30.32,0.25,0.82%,2004-02-16,1382/11/27
5810,29.99,29.9,30.78,30.57,0.5,1.66%,2004-02-13,1382/11/24
5811,29.65,29.57,30.15,30.07,0.2,0.67%,2004-02-12,1382/11/23
5812,30,29.55,30.29,29.87,0.17,0.57%,2004-02-11,1382/11/22
5813,29.29,29.15,30.47,30.04,0.93,3.19%,2004-02-10,1382/11/21
5814,29.05,28.77,29.18,29.11,0.28,0.97%,2004-02-09,1382/11/20
5815,29.3,28.61,29.61,28.83,0.44,1.53%,2004-02-06,1382/11/17
5816,29,28.44,29.37,29.27,0.39,1.35%,2004-02-05,1382/11/16
5817,29.55,28.85,29.8,28.88,0.62,2.15%,2004-02-04,1382/11/15
5818,29.91,29.43,30.15,29.5,0.73,2.47%,2004-02-03,1382/11/14
5819,29,28.6,30.38,30.23,1.05,3.60%,2004-02-02,1382/11/13
5820,29.2,28.95,29.55,29.18,0.05,0.17%,2004-01-30,1382/11/10
5821,29.8,28.81,29.97,29.13,0.64,2.20%,2004-01-29,1382/11/09
5822,30,29.47,30.72,29.77,0.46,1.55%,2004-01-28,1382/11/08
5823,30.48,30.05,30.83,30.23,0.22,0.73%,2004-01-27,1382/11/07
5824,30.76,30.1,30.76,30.45,0.51,1.67%,2004-01-26,1382/11/06
5825,31.21,30.75,31.25,30.96,0.15,0.48%,2004-01-23,1382/11/03
5826,31.08,30.2,31.19,31.11,0.25,0.81%,2004-01-22,1382/11/02
5827,31.13,30.61,31.32,30.86,0.37,1.20%,2004-01-21,1382/11/01
5828,30.8,30.73,31.32,31.23,0.66,2.16%,2004-01-20,1382/10/30
5829,30.65,30.3,30.7,30.57,0.1,0.33%,2004-01-19,1382/10/29
5830,29.67,29.45,30.5,30.47,1.09,3.58%,2004-01-16,1382/10/26
5831,31.25,31.25,31.77,31.56,0.53,1.71%,2004-01-15,1382/10/25
5832,31.42,30.89,31.45,31.03,0.34,1.10%,2004-01-14,1382/10/24
5833,32.02,31.32,32.12,31.37,0.39,1.24%,2004-01-13,1382/10/23
5834,31.43,30.88,31.78,31.76,0.39,1.24%,2004-01-12,1382/10/22
5835,31.29,31.29,31.8,31.37,0.29,0.93%,2004-01-09,1382/10/19
5836,30.72,30.55,31.24,31.08,0.32,1.04%,2004-01-08,1382/10/18
5837,30.64,30.25,30.97,30.76,0.06,0.20%,2004-01-07,1382/10/17
5838,30.72,30.55,31.4,30.82,0.07,0.23%,2004-01-06,1382/10/16
5839,29.65,29.65,31,30.89,1.57,5.35%,2004-01-05,1382/10/15
5840,29.57,29.3,30.01,29.32,0.85,2.90%,2004-01-02,1382/10/12
5841,29.85,29.79,30.2,30.17,0.43,1.45%,2003-12-31,1382/10/10
5842,29.38,29.38,30,29.74,0.43,1.47%,2003-12-30,1382/10/09
5843,29.5,29.15,29.53,29.31,0.25,0.86%,2003-12-29,1382/10/08
5844,29.43,29,29.55,29.06,0.02,0.07%,2003-12-24,1382/10/03
5845,28.94,28.47,29.2,29.04,0.05,0.17%,2003-12-23,1382/10/02
5846,30,28.9,30.11,28.99,1.06,3.66%,2003-12-22,1382/10/01
5847,30.8,30.02,31.15,30.05,0.75,2.50%,2003-12-19,1382/09/28
5848,30.8,30.1,30.98,30.8,0.21,0.69%,2003-12-18,1382/09/27
5849,30.08,30.05,30.9,30.59,0.21,0.69%,2003-12-17,1382/09/26
5850,30.32,30,30.6,30.38,0.06,0.20%,2003-12-16,1382/09/25
5851,29.61,29.6,30.42,30.32,0.05,0.16%,2003-12-15,1382/09/24
5852,29.7,29.68,30.5,30.37,0.8,2.71%,2003-12-12,1382/09/21
5853,29.62,29.13,29.72,29.57,0.09,0.30%,2003-12-11,1382/09/20
5854,29.63,29.43,30.3,29.66,0.03,0.10%,2003-12-10,1382/09/19
5855,29.9,29.49,29.95,29.63,0.35,1.18%,2003-12-09,1382/09/18
5856,28.91,28.89,30.25,29.98,1.24,4.31%,2003-12-08,1382/09/17
5857,29.15,28.7,29.24,28.74,0.49,1.70%,2003-12-05,1382/09/14
5858,29.37,28.4,29.65,29.23,0.09,0.31%,2003-12-04,1382/09/13
5859,28.85,28.59,29.2,29.14,0.2,0.69%,2003-12-03,1382/09/12
5860,28.25,28.11,29.2,28.94,0.69,2.44%,2003-12-02,1382/09/11
5861,28.43,27.76,28.43,28.25,0.2,0.71%,2003-12-01,1382/09/10
5862,28.66,28.44,28.77,28.45,0.25,0.88%,2003-11-28,1382/09/07
5863,28.5,28.37,28.75,28.7,0.23,0.81%,2003-11-27,1382/09/06
5864,28.05,28.05,28.52,28.47,0.53,1.90%,2003-11-26,1382/09/05
5865,28,27.4,28.25,27.94,0.08,0.29%,2003-11-25,1382/09/04
5866,29.01,27.68,29.15,27.86,1.5,5.38%,2003-11-24,1382/09/03
5867,29.75,29.2,30,29.36,0.2,0.68%,2003-11-21,1382/08/30
5868,29.58,29.4,30.4,29.56,0.22,0.74%,2003-11-20,1382/08/29
5869,30.22,29.6,30.43,29.78,0.69,2.32%,2003-11-19,1382/08/28
5870,29,28.65,30.52,30.47,1.42,4.89%,2003-11-18,1382/08/27
5871,29.56,28.94,29.56,29.05,0.51,1.76%,2003-11-17,1382/08/26
5872,29.35,29.22,29.75,29.56,0.35,1.20%,2003-11-14,1382/08/23
5873,29.2,28.95,29.37,29.21,0.01,0.03%,2003-11-13,1382/08/22
5874,29.05,28.72,29.29,29.2,0.11,0.38%,2003-11-12,1382/08/21
5875,29.08,28.65,29.18,29.09,0.1,0.34%,2003-11-11,1382/08/20
5876,29.26,28.82,29.44,28.99,0.08,0.28%,2003-11-10,1382/08/19
5877,28.48,28.46,29.2,28.91,0.5,1.76%,2003-11-07,1382/08/16
5878,28.6,28.2,28.92,28.41,0.19,0.67%,2003-11-06,1382/08/15
5879,27.18,27.12,28.7,28.6,1.44,5.30%,2003-11-05,1382/08/14
5880,27.36,26.97,27.38,27.16,0.2,0.74%,2003-11-04,1382/08/13
5881,27.98,27.3,28.14,27.36,0.34,1.24%,2003-11-03,1382/08/12
5882,27.3,27.23,27.72,27.7,0.6,2.21%,2003-10-31,1382/08/09
5883,27.4,26.75,27.46,27.1,0.34,1.25%,2003-10-30,1382/08/08
5884,28.1,27.41,28.54,27.44,0.6,2.19%,2003-10-29,1382/08/07
5885,28.28,28.02,28.4,28.04,0.35,1.25%,2003-10-28,1382/08/06
5886,28.66,28.2,28.8,28.39,0.19,0.67%,2003-10-27,1382/08/05
5887,28.8,28.4,29.25,28.58,0.05,0.17%,2003-10-24,1382/08/02
5888,28.4,27.85,28.7,28.63,0.35,1.24%,2003-10-23,1382/08/01
5889,28.65,28.25,29,28.28,0.35,1.24%,2003-10-22,1382/07/30
5890,28.6,28.5,28.99,28.63,0.01,0.03%,2003-10-21,1382/07/29
5891,28.75,28.05,28.9,28.62,0.41,1.43%,2003-10-20,1382/07/28
5892,29.8,28.55,30,29.03,2.08,7.17%,2003-10-17,1382/07/25
5893,30.87,30.8,31.2,31.11,0.24,0.78%,2003-10-16,1382/07/24
5894,30.4,30.4,31,30.87,0.18,0.59%,2003-10-15,1382/07/23
5895,30.54,30.39,31.2,30.69,0.02,0.07%,2003-10-14,1382/07/22
5896,30.71,30.42,30.85,30.67,0.23,0.75%,2003-10-13,1382/07/21
5897,29.7,29.7,31.5,30.9,0.76,2.52%,2003-10-10,1382/07/18
5898,28.6,28.32,30.22,30.14,1.41,4.91%,2003-10-09,1382/07/17
5899,28.82,28.35,28.99,28.73,0.3,1.04%,2003-10-08,1382/07/16
5900,28.89,28.5,29.13,29.03,0.14,0.48%,2003-10-07,1382/07/15
5901,28.94,28.77,29.27,28.89,0.18,0.63%,2003-10-06,1382/07/14
5902,28.23,27.9,28.77,28.71,0.44,1.56%,2003-10-03,1382/07/11
5903,27.8,27.8,28.78,28.27,0.39,1.40%,2003-10-02,1382/07/10
5904,27.58,27.33,27.9,27.88,0.27,0.98%,2003-10-01,1382/07/09
5905,26.83,26.81,27.8,27.61,0.78,2.91%,2003-09-30,1382/07/08
5906,26.78,26.74,27.05,26.83,0.19,0.71%,2003-09-29,1382/07/07
5907,26.7,26.4,26.77,26.64,0.17,0.64%,2003-09-26,1382/07/04
5908,26.85,26.74,27.2,26.81,0.14,0.52%,2003-09-25,1382/07/03
5909,25.5,25.27,26.95,26.67,1.15,4.51%,2003-09-24,1382/07/02
5910,25.66,25.49,26,25.52,0.01,0.04%,2003-09-23,1382/07/01
5911,25.2,25.05,25.7,25.53,0.21,0.83%,2003-09-22,1382/06/31
5912,25.63,25.1,25.75,25.32,0.27,1.07%,2003-09-19,1382/06/28
5913,25.65,25.25,25.72,25.59,0.08,0.31%,2003-09-18,1382/06/27
5914,26.11,25.5,26.17,25.67,0.32,1.25%,2003-09-17,1382/06/26
5915,26.55,25.87,26.65,25.99,0.71,2.73%,2003-09-16,1382/06/25
5916,26.77,26.5,26.85,26.7,0.07,0.26%,2003-09-15,1382/06/24
5917,27.15,26.25,27.5,26.77,0.25,0.93%,2003-09-12,1382/06/21
5918,27.58,26.92,27.72,27.02,0.5,1.85%,2003-09-11,1382/06/20
5919,27.37,26.92,27.56,27.52,0.15,0.55%,2003-09-10,1382/06/19
5920,27.13,27.06,27.4,27.37,0.2,0.74%,2003-09-09,1382/06/18
5921,27.37,26.87,27.37,27.17,0.04,0.15%,2003-09-08,1382/06/17
5922,27.2,26.95,27.45,27.21,0.1,0.37%,2003-09-05,1382/06/14
5923,27.7,26.81,27.87,27.31,0.43,1.57%,2003-09-04,1382/06/13
5924,27.8,27.38,28,27.74,0.22,0.80%,2003-09-03,1382/06/12
5925,29.32,27.43,29.32,27.52,1.73,6.29%,2003-09-02,1382/06/11
5926,29.45,29.06,29.55,29.25,0.24,0.82%,2003-09-01,1382/06/10
5927,29.6,29.46,29.89,29.49,0.05,0.17%,2003-08-29,1382/06/07
5928,29.38,29.17,29.57,29.44,0.26,0.89%,2003-08-28,1382/06/06
5929,29.75,29.1,29.77,29.18,0.59,2.02%,2003-08-27,1382/06/05
5930,29.4,29.4,29.84,29.77,0.07,0.24%,2003-08-26,1382/06/04
5931,29.59,29.55,29.91,29.7,0.01,0.03%,2003-08-22,1382/05/31
5932,28.85,28.85,30.15,29.71,0.87,3.02%,2003-08-21,1382/05/30
5933,28.46,28.02,28.94,28.84,0.37,1.30%,2003-08-20,1382/05/29
5934,28.68,28.18,28.9,28.47,0.19,0.67%,2003-08-19,1382/05/28
5935,29.2,28.63,29.3,28.66,0.15,0.52%,2003-08-18,1382/05/27
5936,29.15,28.6,29.38,28.81,0.02,0.07%,2003-08-15,1382/05/24
5937,28.92,28.38,29.25,28.83,0.18,0.62%,2003-08-14,1382/05/23
5938,29.97,28.84,30.11,29.01,0.86,2.96%,2003-08-13,1382/05/22
5939,29.85,29.35,30.2,29.87,0.04,0.13%,2003-08-12,1382/05/21
5940,29.85,29.67,30.05,29.91,0.08,0.27%,2003-08-11,1382/05/20
5941,30.1,29.7,30.58,29.99,0.26,0.87%,2003-08-08,1382/05/17
5942,29.56,29.56,30.3,30.25,0.77,2.61%,2003-08-07,1382/05/16
5943,30.2,29.3,30.59,29.48,0.45,1.53%,2003-08-06,1382/05/15
5944,29.52,29.38,30.16,29.93,0.4,1.35%,2003-08-05,1382/05/14
5945,29.63,29.52,30.11,29.53,0.46,1.56%,2003-08-04,1382/05/13
5946,28.45,28.4,30.05,29.99,1.62,5.71%,2003-08-01,1382/05/10
5947,28.55,28.23,28.87,28.37,0.13,0.46%,2003-07-31,1382/05/09
5948,28.05,27.86,28.58,28.5,0.4,1.42%,2003-07-30,1382/05/08
5949,27.9,27.76,28.23,28.1,0.07,0.25%,2003-07-29,1382/05/07
5950,28,27.61,28.25,28.03,0.15,0.54%,2003-07-28,1382/05/06
5951,28.05,27.8,28.25,28.18,0.02,0.07%,2003-07-25,1382/05/03
5952,27.75,27.45,28.25,28.16,0.38,1.37%,2003-07-24,1382/05/02
5953,27.75,27.29,27.86,27.78,0.29,1.05%,2003-07-23,1382/05/01
5954,28.5,27.4,28.59,27.49,1.2,4.37%,2003-07-22,1382/04/31
5955,29,28.26,29,28.69,0.24,0.84%,2003-07-21,1382/04/30
5956,28.7,28.36,28.97,28.93,0.31,1.08%,2003-07-18,1382/04/27
5957,28.55,28.33,28.74,28.62,0.1,0.35%,2003-07-17,1382/04/26
5958,29.09,28.45,29.22,28.72,0.45,1.57%,2003-07-16,1382/04/25
5959,29.1,28.68,29.2,29.17,0.21,0.73%,2003-07-15,1382/04/24
5960,28.95,28.65,29.3,28.96,0.23,0.79%,2003-07-14,1382/04/23
5961,28.98,28.65,29.6,29.19,0.31,1.07%,2003-07-11,1382/04/20
5962,28.71,28.62,29.4,28.88,0.17,0.59%,2003-07-10,1382/04/19
5963,27.85,27.85,28.8,28.71,0.74,2.65%,2003-07-09,1382/04/18
5964,27.6,27.21,28.04,27.97,0.15,0.54%,2003-07-08,1382/04/17
5965,27.85,27.55,27.99,27.82,0.19,0.69%,2003-07-07,1382/04/16
5966,28.22,27.59,28.5,27.63,0.57,2.06%,2003-07-04,1382/04/13
5967,28.13,27.99,28.76,28.2,0.23,0.82%,2003-07-03,1382/04/12
5968,28.15,27.92,28.55,27.97,0.34,1.22%,2003-07-02,1382/04/11
5969,28.2,27.65,28.36,28.31,0.02,0.07%,2003-07-01,1382/04/10
5970,27.55,27.1,28.35,28.33,1.03,3.77%,2003-06-30,1382/04/09
5971,27.15,27.01,27.62,27.3,0.26,0.96%,2003-06-27,1382/04/06
5972,27.6,27.01,27.65,27.04,0.61,2.26%,2003-06-26,1382/04/05
5973,26.8,26.51,27.75,27.65,1.03,3.87%,2003-06-25,1382/04/04
5974,26.95,26.55,26.95,26.62,0.31,1.16%,2003-06-24,1382/04/03
5975,27.15,26.67,27.53,26.93,0.09,0.33%,2003-06-23,1382/04/02
5976,26.29,26.29,27.16,27.02,0.73,2.78%,2003-06-20,1382/03/30
5977,26.15,25.8,26.45,26.29,0.03,0.11%,2003-06-19,1382/03/29
5978,26.47,25.8,26.51,26.26,0.41,1.56%,2003-06-18,1382/03/28
5979,26.68,26.3,27.1,26.67,0.02,0.08%,2003-06-17,1382/03/27
5980,26.65,26.11,26.75,26.65,0.81,3.04%,2003-06-16,1382/03/26
5981,27.83,27.1,28.37,27.46,0.37,1.35%,2003-06-13,1382/03/23
5982,28.4,27.68,28.43,27.83,0.56,2.01%,2003-06-12,1382/03/22
5983,27.9,27.78,28.52,28.39,0.31,1.10%,2003-06-11,1382/03/21
5984,28.17,27.44,28.17,28.08,0.23,0.83%,2003-06-10,1382/03/20
5985,27.78,27.3,28.2,27.85,0.07,0.25%,2003-06-09,1382/03/19
5986,27.6,27.3,27.87,27.78,0.34,1.24%,2003-06-06,1382/03/16
5987,26.6,26.35,27.7,27.44,0.63,2.35%,2003-06-05,1382/03/15
5988,27.1,26.58,27.57,26.81,0.47,1.75%,2003-06-04,1382/03/14
5989,27.7,27.06,27.7,27.28,0.1,0.37%,2003-06-03,1382/03/13
5990,26.7,26.5,27.54,27.38,1.06,4.03%,2003-06-02,1382/03/12
5991,26.19,26,26.72,26.32,0.29,1.11%,2003-05-30,1382/03/09
5992,25.65,25.27,26.25,26.03,0.44,1.72%,2003-05-29,1382/03/08
5993,26.2,25.5,26.35,25.59,0.75,2.93%,2003-05-28,1382/03/07
5994,26.28,25.7,26.71,26.34,0.1,0.38%,2003-05-27,1382/03/06
5995,26.04,26.02,26.48,26.24,0.27,1.04%,2003-05-23,1382/03/02
5996,26.15,25.62,26.18,25.97,0.24,0.92%,2003-05-22,1382/03/01
5997,25.75,25.73,26.7,26.21,0.56,2.18%,2003-05-21,1382/02/31
5998,25.7,25.32,25.85,25.65,0.04,0.16%,2003-05-20,1382/02/30
5999,26.3,25.41,26.5,25.61,0.49,1.91%,2003-05-19,1382/02/29
6000,25.61,25.3,26.19,26.1,0.63,2.41%,2003-05-16,1382/02/26
6001,26.65,26.53,27.01,26.73,0.02,0.07%,2003-05-15,1382/02/25
6002,25.89,25.73,26.95,26.75,0.85,3.28%,2003-05-14,1382/02/24
6003,25.39,25.1,25.93,25.9,1.01,4.06%,2003-05-13,1382/02/23
6004,25.58,24.84,25.9,24.89,0.21,0.84%,2003-05-12,1382/02/22
6005,24.8,24.54,25.47,25.1,0.45,1.83%,2003-05-09,1382/02/19
6006,24.15,23.94,24.9,24.65,0.54,2.24%,2003-05-08,1382/02/18
6007,23.85,23.37,24.16,24.11,0.54,2.29%,2003-05-07,1382/02/17
6008,24.25,23.45,24.29,23.57,0.05,0.21%,2003-05-06,1382/02/16
6009,24,23.34,24.39,23.52,0.3,1.28%,2003-05-02,1382/02/12
6010,24,23.71,24.1,23.82,0.14,0.59%,2003-05-01,1382/02/11
6011,23.35,23.3,24.24,23.68,0.42,1.81%,2003-04-30,1382/02/10
6012,23.2,23.05,23.4,23.26,0.24,1.03%,2003-04-29,1382/02/09
6013,23.75,23.3,23.93,23.5,0.59,2.51%,2003-04-28,1382/02/08
6014,24.55,23.9,24.65,24.09,0.24,1%,2003-04-25,1382/02/05
6015,24.6,23.5,24.66,24.33,0.07,0.29%,2003-04-24,1382/02/04
6016,25.6,24.16,25.84,24.26,1.2,4.95%,2003-04-23,1382/02/03
6017,25.95,25.4,26.11,25.46,0.42,1.65%,2003-04-22,1382/02/02
6018,25.1,25.1,25.9,25.88,0.86,3.44%,2003-04-17,1382/01/28
6019,25.22,24.8,25.45,25.02,0.18,0.72%,2003-04-16,1382/01/27
6020,24.9,24.5,25.37,25.2,0.21,0.84%,2003-04-15,1382/01/26
6021,24.65,24.2,25.08,24.99,0.24,0.97%,2003-04-14,1382/01/25
6022,24.75,24.03,24.82,24.75,0.28,1.14%,2003-04-11,1382/01/22
6023,25.1,24.3,25.34,24.47,0.78,3.19%,2003-04-10,1382/01/21
6024,24.8,24.47,25.4,25.25,0.65,2.64%,2003-04-09,1382/01/20
6025,24.1,23.86,24.88,24.6,0.02,0.08%,2003-04-08,1382/01/19
6026,24.3,23.4,24.9,24.58,0.1,0.41%,2003-04-07,1382/01/18
6027,25.38,24.3,25.38,24.68,0.82,3.32%,2003-04-04,1382/01/15
6028,25.04,24.53,25.87,25.5,0.29,1.15%,2003-04-03,1382/01/14
6029,26.18,25.05,26.3,25.21,1.15,4.56%,2003-04-02,1382/01/13
6030,27.56,26.25,27.56,26.36,0.82,3.11%,2003-04-01,1382/01/12
6031,26.36,26.36,27.5,27.18,0.83,3.15%,2003-03-31,1382/01/11
6032,27.15,26.3,27.74,26.35,0.47,1.78%,2003-03-28,1382/01/08
6033,25.58,25.58,27,26.82,1.53,6.05%,2003-03-27,1382/01/07
6034,25.8,25.05,25.8,25.29,0.48,1.93%,2003-03-26,1382/01/06
6035,26.4,24.6,26.92,24.81,1.28,5.16%,2003-03-25,1382/01/05
6036,24.5,24.5,26.35,26.09,1.74,7.15%,2003-03-24,1382/01/04
6037,25.95,24,26,24.35,1.15,4.72%,2003-03-21,1382/01/01
6038,26.11,25.3,27.5,25.5,1.25,4.90%,2003-03-20,1381/12/29
6039,27.75,26.7,28,26.75,0.5,1.87%,2003-03-19,1381/12/28
6040,28.7,26.4,28.8,27.25,2.23,8.18%,2003-03-18,1381/12/27
6041,30.35,29,31.65,29.48,1.9,6.45%,2003-03-17,1381/12/26
6042,32.2,30.55,33.33,31.38,1.05,3.35%,2003-03-14,1381/12/23
6043,33.85,32.25,34.06,32.43,1.48,4.56%,2003-03-13,1381/12/22
6044,32.98,32.78,34.01,33.91,0.62,1.86%,2003-03-12,1381/12/21
6045,33.94,33.05,34,33.29,0.4,1.20%,2003-03-11,1381/12/20
6046,34.55,33.63,34.55,33.69,0.41,1.22%,2003-03-10,1381/12/19
6047,33.68,33.41,34.2,34.1,0.57,1.70%,2003-03-07,1381/12/16
6048,33.3,33.3,33.71,33.53,0.53,1.61%,2003-03-06,1381/12/15
6049,33.32,32.55,33.8,33,0.09,0.27%,2003-03-05,1381/12/14
6050,32.48,32.45,33.5,33.09,0.61,1.88%,2003-03-04,1381/12/13
6051,32.45,32.01,32.52,32.48,0.31,0.95%,2003-03-03,1381/12/12
6052,33.1,32.75,33.45,32.79,0.25,0.76%,2003-02-28,1381/12/09
6053,33.7,32.8,33.8,33.04,0.03,0.09%,2003-02-27,1381/12/08
6054,32.65,32.45,33.38,33.07,0.75,2.32%,2003-02-26,1381/12/07
6055,33.55,32.2,33.94,32.32,0.83,2.57%,2003-02-25,1381/12/06
6056,32.55,32.4,33.2,33.15,0.88,2.73%,2003-02-24,1381/12/05
6057,31.99,31.8,32.5,32.27,0.71,2.25%,2003-02-21,1381/12/02
6058,32.32,31.54,32.4,31.56,0.77,2.44%,2003-02-20,1381/12/01
6059,32.1,32.05,32.6,32.33,0.21,0.65%,2003-02-19,1381/11/30
6060,31.92,31.68,32.55,32.54,0.62,1.94%,2003-02-18,1381/11/29
6061,32.66,31.8,32.66,31.92,0.58,1.82%,2003-02-17,1381/11/28
6062,32.6,32.15,32.76,32.5,0.56,1.72%,2003-02-14,1381/11/25
6063,32.68,32.68,33.1,33.06,0.61,1.88%,2003-02-13,1381/11/24
6064,32.5,32.1,32.83,32.45,0.08,0.25%,2003-02-12,1381/11/23
6065,31.7,31.58,32.48,32.37,0.67,2.11%,2003-02-11,1381/11/22
6066,32.6,31.64,32.7,31.7,0.64,2.02%,2003-02-10,1381/11/21
6067,31.75,31.68,32.5,32.34,0.9,2.86%,2003-02-07,1381/11/18
6068,31.21,31.2,32,31.44,0.08,0.26%,2003-02-06,1381/11/17
6069,31.15,30.7,31.8,31.36,0.27,0.87%,2003-02-05,1381/11/16
6070,30.46,30.1,31.2,31.09,0.84,2.78%,2003-02-04,1381/11/15
6071,30.89,30.22,30.92,30.25,0.85,2.81%,2003-02-03,1381/11/14
6072,31.2,30.92,31.39,31.1,0.11,0.35%,2003-01-31,1381/11/11
6073,30.82,30.74,31.28,31.21,0.19,0.61%,2003-01-30,1381/11/10
6074,30.25,29.84,31.26,31.02,0.75,2.48%,2003-01-29,1381/11/09
6075,30.3,30.05,30.33,30.27,0.41,1.37%,2003-01-28,1381/11/08
6076,30.75,29.83,30.75,29.86,0.63,2.11%,2003-01-27,1381/11/07
6077,29.9,29.6,30.53,30.49,0.77,2.59%,2003-01-24,1381/11/04
6078,30.3,29.61,30.5,29.72,0.62,2.09%,2003-01-23,1381/11/03
6079,30.6,30.15,30.8,30.34,0.4,1.32%,2003-01-22,1381/11/02
6080,30.82,30,31.21,30.74,0.09,0.29%,2003-01-21,1381/11/01
6081,30.75,30.53,30.83,30.65,0.11,0.36%,2003-01-20,1381/10/30
6082,30.11,30,30.7,30.54,1.12,3.67%,2003-01-17,1381/10/27
6083,31.3,31.1,31.8,31.66,0.44,1.41%,2003-01-16,1381/10/26
6084,30.54,30.51,31.25,31.22,0.61,1.99%,2003-01-15,1381/10/25
6085,29.95,29.9,31.25,30.61,0.41,1.36%,2003-01-14,1381/10/24
6086,29.3,29.2,30.45,30.2,0.53,1.79%,2003-01-13,1381/10/23
6087,29.6,29.1,30,29.67,0.03,0.10%,2003-01-10,1381/10/20
6088,29.27,28.85,29.72,29.64,0.85,2.95%,2003-01-09,1381/10/19
6089,29.32,27.85,29.32,28.79,0.54,1.88%,2003-01-08,1381/10/18
6090,29.9,29.1,29.95,29.33,0.87,2.97%,2003-01-07,1381/10/17
6091,30.69,29.9,30.88,30.2,0.57,1.89%,2003-01-06,1381/10/16
6092,29.65,29.64,30.8,30.77,1.34,4.55%,2003-01-03,1381/10/13
6093,29.3,29,29.58,29.43,0.77,2.69%,2003-01-02,1381/10/12
6094,29,28.64,29.44,28.66,1,3.49%,2002-12-31,1381/10/10
6095,30.6,29.59,31.02,29.66,0.5,1.69%,2002-12-30,1381/10/09
6096,30.3,29.85,30.39,30.16,0.55,1.86%,2002-12-27,1381/10/06
6097,29.8,29.4,29.82,29.61,0.11,0.37%,2002-12-24,1381/10/03
6098,28.9,28.82,29.85,29.72,1.38,4.87%,2002-12-23,1381/10/02
6099,28.15,28.08,28.51,28.34,0.12,0.43%,2002-12-20,1381/09/29
6100,28.85,28.2,29.4,28.22,0.27,0.96%,2002-12-19,1381/09/28
6101,27.81,27.55,29,28.49,0.57,2.04%,2002-12-18,1381/09/27
6102,28.17,27.75,28.17,27.92,0.46,1.65%,2002-12-17,1381/09/26
6103,27.71,27.65,28.4,28.38,1.17,4.30%,2002-12-16,1381/09/25
6104,27.2,26.94,27.74,27.21,0.34,1.27%,2002-12-13,1381/09/22
6105,26.35,26.24,26.94,26.87,0.62,2.36%,2002-12-12,1381/09/21
6106,26.35,26.1,26.72,26.25,0.17,0.65%,2002-12-11,1381/09/20
6107,25.67,25.47,26.48,26.42,0.66,2.56%,2002-12-10,1381/09/19
6108,25.9,25.61,25.92,25.76,0.3,1.18%,2002-12-09,1381/09/18
6109,25.9,25.38,26,25.46,0.34,1.34%,2002-12-06,1381/09/15
6110,25.32,25.2,25.9,25.8,0.62,2.46%,2002-12-05,1381/09/14
6111,25.78,25.12,26,25.18,0.67,2.66%,2002-12-04,1381/09/13
6112,25.8,25.61,26.1,25.85,0.23,0.90%,2002-12-03,1381/09/12
6113,25.35,25.17,25.75,25.62,0.46,1.83%,2002-12-02,1381/09/11
6114,25.08,24.95,25.25,25.16,0.15,0.60%,2002-11-29,1381/09/08
6115,25.35,24.95,25.37,25.01,0.24,0.96%,2002-11-28,1381/09/07
6116,25.04,25.04,25.42,25.25,0.4,1.61%,2002-11-27,1381/09/06
6117,24.78,24.67,25,24.85,0.18,0.73%,2002-11-26,1381/09/05
6118,25.51,24.65,25.71,24.67,0.54,2.19%,2002-11-25,1381/09/04
6119,24.85,24.75,25.33,25.21,0.38,1.53%,2002-11-22,1381/09/01
6120,24.65,24.65,25.06,24.83,0.3,1.22%,2002-11-21,1381/08/30
6121,24.15,24.07,24.65,24.53,0.45,1.87%,2002-11-20,1381/08/29
6122,24.6,24.05,24.78,24.08,0.2,0.83%,2002-11-19,1381/08/28
6123,23.59,23.52,24.38,24.28,0.93,3.98%,2002-11-18,1381/08/27
6124,23.1,22.98,23.39,23.35,0.54,2.37%,2002-11-15,1381/08/24
6125,22.85,22.56,23.02,22.81,0.11,0.48%,2002-11-14,1381/08/23
6126,24,22.6,24.04,22.7,1.02,4.49%,2002-11-13,1381/08/22
6127,23.84,23.6,24.1,23.72,0.07,0.30%,2002-11-12,1381/08/21
6128,23.75,23.65,24.3,23.79,0.21,0.89%,2002-11-11,1381/08/20
6129,23.66,23.32,23.92,23.58,0.1,0.43%,2002-11-08,1381/08/17
6130,23.86,23.25,24.6,23.48,0.22,0.94%,2002-11-07,1381/08/16
6131,24.03,23.6,24.39,23.7,0.42,1.77%,2002-11-06,1381/08/15
6132,25.05,24.1,25.13,24.12,0.9,3.73%,2002-11-05,1381/08/14
6133,25.25,25,25.54,25.02,0.39,1.56%,2002-11-04,1381/08/13
6134,25.77,25.4,26.05,25.41,0.31,1.22%,2002-11-01,1381/08/10
6135,25.41,25.38,25.85,25.72,0.42,1.66%,2002-10-31,1381/08/09
6136,25.36,25.05,25.7,25.3,0.01,0.04%,2002-10-30,1381/08/08
6137,25.68,25.3,25.78,25.31,0.37,1.46%,2002-10-29,1381/08/07
6138,25.6,25.12,25.8,25.68,0.22,0.86%,2002-10-28,1381/08/06
6139,26.5,25.35,26.62,25.46,1,3.93%,2002-10-25,1381/08/03
6140,26.56,26.36,26.81,26.46,0.05,0.19%,2002-10-24,1381/08/02
6141,26.4,26.3,26.75,26.51,0.08,0.30%,2002-10-23,1381/08/01
6142,26.49,26.15,26.76,26.43,0.16,0.61%,2002-10-22,1381/07/30
6143,27.72,26.52,27.75,26.59,1.25,4.70%,2002-10-21,1381/07/29
6144,27.74,27.65,27.95,27.84,0.13,0.47%,2002-10-18,1381/07/26
6145,27.68,27.55,28.09,27.97,0.61,2.18%,2002-10-17,1381/07/25
6146,28.5,28.34,28.7,28.58,0.08,0.28%,2002-10-16,1381/07/24
6147,28.36,28.3,28.78,28.5,-,-,2002-10-15,1381/07/23
6148,28.06,27.88,28.54,28.5,0.51,1.82%,2002-10-14,1381/07/22
6149,27.9,27.85,28.1,27.99,0.25,0.90%,2002-10-11,1381/07/19
6150,28,27.35,28,27.74,0.39,1.41%,2002-10-10,1381/07/18
6151,28.09,27.87,28.4,28.13,0.04,0.14%,2002-10-09,1381/07/17
6152,28.2,27.6,28.2,28.09,0.14,0.50%,2002-10-08,1381/07/16
6153,28.5,28.02,28.6,28.23,0.11,0.39%,2002-10-07,1381/07/15
6154,28.34,27.9,28.48,28.12,0.14,0.50%,2002-10-04,1381/07/12
6155,28.92,28.15,29.05,28.26,0.56,1.98%,2002-10-03,1381/07/11
6156,28.98,28.73,29.24,28.82,0.19,0.66%,2002-10-02,1381/07/10
6157,28.85,28.7,29.39,29.01,0.26,0.90%,2002-10-01,1381/07/09
6158,29.3,28.69,29.3,28.75,0.13,0.45%,2002-09-30,1381/07/08
6159,28.91,28.66,29.15,28.88,0.01,0.03%,2002-09-27,1381/07/05
6160,29.1,28.66,29.2,28.89,0.17,0.59%,2002-09-26,1381/07/04
6161,29.02,28.83,29.23,29.06,0.05,0.17%,2002-09-25,1381/07/03
6162,29.45,28.99,29.88,29.11,0.02,0.07%,2002-09-24,1381/07/02
6163,28.86,28.72,29.37,29.13,0.7,2.46%,2002-09-23,1381/07/01
6164,28.4,28.35,28.7,28.43,0.05,0.18%,2002-09-20,1381/06/29
6165,28.42,28.09,28.65,28.38,0.06,0.21%,2002-09-19,1381/06/28
6166,28.17,28.06,28.54,28.32,0.35,1.25%,2002-09-18,1381/06/27
6167,27.27,27.27,28.08,27.97,0.55,1.97%,2002-09-17,1381/06/26
6168,28.68,28.21,28.68,28.52,0.21,0.74%,2002-09-16,1381/06/25
6169,27.78,27.62,28.43,28.31,0.58,2.09%,2002-09-13,1381/06/22
6170,28.51,27.48,28.59,27.73,0.66,2.38%,2002-09-12,1381/06/21
6171,28.38,28.36,28.75,28.39,0.19,0.67%,2002-09-11,1381/06/20
6172,28.57,28.52,29.02,28.58,0.09,0.32%,2002-09-10,1381/06/19
6173,28.61,28.05,28.65,28.49,0.2,0.71%,2002-09-09,1381/06/18
6174,28.1,28.07,28.95,28.29,0.63,2.28%,2002-09-06,1381/06/15
6175,27.48,27.13,27.7,27.66,0.56,2.07%,2002-09-05,1381/06/14
6176,26.54,26.54,27.35,27.1,0.53,1.99%,2002-09-04,1381/06/13
6177,27.3,26.45,27.35,26.57,0.97,3.65%,2002-09-03,1381/06/12
6178,27.4,27.25,27.56,27.54,0.07,0.25%,2002-09-02,1381/06/11
6179,27.35,27.29,27.64,27.47,0.05,0.18%,2002-08-30,1381/06/08
6180,26.85,26.77,27.57,27.52,0.57,2.12%,2002-08-29,1381/06/07
6181,27.29,26.81,27.29,26.95,0.27,1%,2002-08-28,1381/06/06
6182,27.68,27.17,27.92,27.22,0.23,0.85%,2002-08-27,1381/06/05
6183,26.96,26.79,27.1,26.99,0.03,0.11%,2002-08-23,1381/06/01
6184,27.4,27,27.59,27.02,0.39,1.44%,2002-08-22,1381/05/31
6185,26.8,26.77,27.68,27.41,0.31,1.14%,2002-08-21,1381/05/30
6186,27.3,27.04,27.45,27.1,0.16,0.59%,2002-08-20,1381/05/29
6187,26.8,26.75,27.5,27.26,0.26,0.96%,2002-08-19,1381/05/28
6188,26.69,26.53,27.2,27,0.2,0.75%,2002-08-16,1381/05/25
6189,26.4,26.32,26.92,26.8,0.42,1.59%,2002-08-15,1381/05/24
6190,26.59,26.34,26.6,26.38,0.23,0.88%,2002-08-14,1381/05/23
6191,25.97,25.82,26.28,26.15,0.11,0.42%,2002-08-13,1381/05/22
6192,25.3,25,26.05,26.04,0.7,2.76%,2002-08-12,1381/05/21
6193,25.19,24.92,25.37,25.34,0.23,0.92%,2002-08-09,1381/05/18
6194,24.95,24.75,25.2,25.11,0.16,0.64%,2002-08-08,1381/05/17
6195,25.32,24.76,25.49,24.95,0.58,2.32%,2002-08-07,1381/05/16
6196,24.89,24.84,25.56,25.53,0.64,2.57%,2002-08-06,1381/05/15
6197,25.35,24.73,25.45,24.89,0.42,1.69%,2002-08-05,1381/05/14
6198,24.9,24.65,25.33,25.31,0.3,1.20%,2002-08-02,1381/05/11
6199,25.35,24.99,25.63,25.01,0.43,1.72%,2002-08-01,1381/05/10
6200,25.82,25.4,26.01,25.44,0.24,0.94%,2002-07-31,1381/05/09
6201,25.03,25.03,25.82,25.68,0.68,2.72%,2002-07-30,1381/05/08
6202,25.03,24.8,25.08,25,0.03,0.12%,2002-07-29,1381/05/07
6203,25.15,24.8,25.16,25.03,0.23,0.92%,2002-07-26,1381/05/04
6204,25.42,25.05,25.47,25.26,0.07,0.28%,2002-07-25,1381/05/03
6205,25.35,24.65,25.54,25.33,0.29,1.16%,2002-07-24,1381/05/02
6206,25.46,24.98,25.57,25.04,0.38,1.52%,2002-07-23,1381/05/01
6207,25.23,25.15,26.15,25.42,1.01,3.97%,2002-07-22,1381/04/31
6208,26.11,25.85,26.52,26.43,0.15,0.57%,2002-07-19,1381/04/28
6209,26.3,26.16,26.4,26.28,0.16,0.61%,2002-07-18,1381/04/27
6210,26.35,26.05,26.5,26.44,0.16,0.61%,2002-07-17,1381/04/26
6211,26.14,25.9,26.41,26.28,0.22,0.84%,2002-07-16,1381/04/25
6212,26.5,26.05,26.66,26.06,0.26,1%,2002-07-15,1381/04/24
6213,26.1,26.05,26.44,26.32,0.36,1.39%,2002-07-12,1381/04/21
6214,25.72,25.7,26.07,25.96,0.03,0.12%,2002-07-11,1381/04/20
6215,25.38,25.31,26.02,25.93,0.76,3.02%,2002-07-10,1381/04/19
6216,25.1,24.75,25.2,25.17,0.09,0.36%,2002-07-09,1381/04/18
6217,25.7,24.96,25.75,25.08,0.65,2.59%,2002-07-08,1381/04/17
6218,25.65,25.42,25.75,25.73,0.18,0.70%,2002-07-05,1381/04/14
6219,25.88,25.5,25.94,25.55,0.29,1.14%,2002-07-04,1381/04/13
6220,25.73,25.52,25.96,25.84,0.09,0.35%,2002-07-03,1381/04/12
6221,25.61,25.6,25.97,25.75,0.11,0.43%,2002-07-02,1381/04/11
6222,25.5,25.39,25.72,25.64,0.06,0.23%,2002-07-01,1381/04/10
6223,25.5,25.18,25.68,25.58,0.13,0.51%,2002-06-28,1381/04/07
6224,25.24,25.24,25.59,25.45,0.21,0.83%,2002-06-27,1381/04/06
6225,25.3,24.66,25.35,25.24,0.04,0.16%,2002-06-26,1381/04/05
6226,25.45,25.15,25.85,25.2,0.07,0.28%,2002-06-25,1381/04/04
6227,24.89,24.76,25.32,25.27,0.52,2.10%,2002-06-24,1381/04/03
6228,25.15,24.35,25.4,24.75,0.32,1.29%,2002-06-21,1381/03/31
6229,24.72,24.52,25.1,25.07,0.52,2.12%,2002-06-20,1381/03/30
6230,24.9,24.5,25.2,24.55,0.24,0.98%,2002-06-19,1381/03/29
6231,25.05,24.75,25.1,24.79,0.45,1.82%,2002-06-18,1381/03/28
6232,25.28,25.05,25.64,25.24,0.25,1%,2002-06-17,1381/03/27
6233,24.85,24.35,25.1,24.99,0.93,3.87%,2002-06-14,1381/03/24
6234,23.75,23.75,24.23,24.06,0.55,2.34%,2002-06-13,1381/03/23
6235,23.4,23.24,23.7,23.51,0.21,0.90%,2002-06-12,1381/03/22
6236,23.65,23.22,23.74,23.3,0.36,1.55%,2002-06-11,1381/03/21
6237,23.94,23.62,24.07,23.66,0.33,1.39%,2002-06-10,1381/03/20
6238,24.05,23.9,24.25,23.99,0.23,0.96%,2002-06-07,1381/03/17
6239,24.4,23.63,24.55,24.22,0.04,0.17%,2002-06-06,1381/03/16
6240,24.1,24,24.3,24.18,0.27,1.12%,2002-06-05,1381/03/15
6241,24.3,24.1,24.8,24.45,0.4,1.66%,2002-05-31,1381/03/10
6242,24.68,23.93,24.68,24.05,1.07,4.45%,2002-05-30,1381/03/09
6243,24.5,24.4,25.18,25.12,0.36,1.45%,2002-05-29,1381/03/08
6244,24.95,24.75,25.3,24.76,0.18,0.73%,2002-05-28,1381/03/07
6245,25.27,24.91,25.27,24.94,0.24,0.96%,2002-05-27,1381/03/06
6246,25.43,24.98,25.55,25.18,0.21,0.83%,2002-05-24,1381/03/03
6247,25.75,25.35,25.98,25.39,0.11,0.43%,2002-05-23,1381/03/02
6248,25.8,25.35,25.85,25.5,0.1,0.39%,2002-05-22,1381/03/01
6249,26.28,25.5,26.3,25.6,0.78,3.05%,2002-05-21,1381/02/31
6250,26.36,26.15,26.67,26.38,0.02,0.08%,2002-05-20,1381/02/30
6251,26.64,25.75,26.64,26.36,0.14,0.53%,2002-05-17,1381/02/27
6252,26.3,26.09,26.61,26.22,0.05,0.19%,2002-05-16,1381/02/26
6253,27.1,26.15,27.1,26.17,1.14,4.36%,2002-05-15,1381/02/25
6254,26.8,26.8,27.35,27.31,0.73,2.75%,2002-05-14,1381/02/24
6255,25.9,25.9,26.6,26.58,0.2,0.76%,2002-05-13,1381/02/23
6256,25.95,25.95,26.56,26.38,0.44,1.70%,2002-05-10,1381/02/20
6257,25.9,25.58,26.2,25.94,0.09,0.35%,2002-05-09,1381/02/19
6258,25.74,25.4,26.1,26.03,0.62,2.44%,2002-05-08,1381/02/18
6259,25.4,24.78,25.53,25.41,0.34,1.34%,2002-05-07,1381/02/17
6260,25.54,24.98,25.78,25.75,0.32,1.26%,2002-05-03,1381/02/13
6261,25.62,24.79,25.65,25.43,0.44,1.73%,2002-05-02,1381/02/12
6262,26,25.77,26.2,25.87,0.6,2.32%,2002-05-01,1381/02/11
6263,26.55,26.26,26.71,26.47,0.21,0.79%,2002-04-30,1381/02/10
6264,25.95,25.85,26.73,26.68,0.49,1.87%,2002-04-29,1381/02/09
6265,25.75,25.63,26.22,26.19,0.26,1%,2002-04-26,1381/02/06
6266,25.65,25.37,26.25,25.93,0.17,0.66%,2002-04-25,1381/02/05
6267,25.56,25.37,25.78,25.76,0.24,0.93%,2002-04-24,1381/02/04
6268,26.05,25.7,26.15,26,0.11,0.42%,2002-04-23,1381/02/03
6269,26.3,25.32,26.39,25.89,0.04,0.15%,2002-04-22,1381/02/02
6270,25.4,25.16,25.9,25.85,0.08,0.31%,2002-04-19,1381/01/30
6271,25.45,25.45,26.05,25.77,0.39,1.54%,2002-04-18,1381/01/29
6272,25.08,24.82,25.43,25.38,0.8,3.25%,2002-04-17,1381/01/28
6273,24.1,24.08,24.91,24.58,0.12,0.49%,2002-04-16,1381/01/27
6274,24.62,24.35,24.8,24.7,0.41,1.69%,2002-04-15,1381/01/26
6275,24.6,23.81,25,24.29,0.75,3.09%,2002-04-12,1381/01/23
6276,25.91,25,25.91,25.04,0.97,3.87%,2002-04-11,1381/01/22
6277,25.95,25.73,26.3,26.01,0.07,0.27%,2002-04-10,1381/01/21
6278,26.6,26.05,26.7,26.08,0.94,3.60%,2002-04-09,1381/01/20
6279,26.78,26.4,27.43,27.02,1.03,3.96%,2002-04-08,1381/01/19
6280,26.75,25.3,27.3,25.99,1.32,5.08%,2002-04-05,1381/01/16
6281,27.28,26.8,28.15,27.31,0.04,0.15%,2002-04-04,1381/01/15
6282,26.98,26.8,27.4,27.27,0.39,1.43%,2002-04-03,1381/01/14
6283,26.36,26.35,27.68,27.66,1.74,6.71%,2002-04-02,1381/01/13
6284,25.62,25.3,25.95,25.92,0.48,1.89%,2002-03-28,1381/01/08
6285,25.65,25.32,25.72,25.44,0.13,0.51%,2002-03-27,1381/01/07
6286,25.14,24.75,25.35,25.31,0.18,0.72%,2002-03-26,1381/01/06
6287,25.15,24.65,25.17,25.13,0.23,0.92%,2002-03-25,1381/01/05
6288,25.26,25.1,25.68,25.36,0.06,0.24%,2002-03-22,1381/01/02
6289,24.55,24.4,25.58,25.42,0.76,3.08%,2002-03-21,1381/01/01
6290,25.17,24.6,25.6,24.66,0.25,1.01%,2002-03-20,1380/12/29
6291,25.12,24.73,25.23,24.91,0.16,0.64%,2002-03-19,1380/12/28
6292,24.4,24.16,25.2,25.07,0.52,2.12%,2002-03-18,1380/12/27
6293,24.15,24.15,24.85,24.55,0.49,2.04%,2002-03-15,1380/12/24
6294,23.8,23.46,24.23,24.06,0.17,0.71%,2002-03-14,1380/12/23
6295,24.2,23.6,24.25,23.89,0.19,0.80%,2002-03-13,1380/12/22
6296,23.67,23.37,23.9,23.7,0.19,0.80%,2002-03-12,1380/12/21
6297,23.8,23.53,24.05,23.89,0.56,2.40%,2002-03-11,1380/12/20
6298,23.05,22.65,23.35,23.33,0.03,0.13%,2002-03-08,1380/12/17
6299,23.1,22.9,24.15,23.3,0.58,2.55%,2002-03-07,1380/12/16
6300,22.91,22.18,23,22.72,0.07,0.31%,2002-03-06,1380/12/15
6301,22.15,22.1,22.92,22.79,0.85,3.87%,2002-03-05,1380/12/14
6302,21.85,21.62,22.02,21.94,0.05,0.23%,2002-03-04,1380/12/13
6303,21.35,21.2,22.25,21.89,0.56,2.63%,2002-03-01,1380/12/10
6304,20.9,20.85,21.4,21.33,0.48,2.30%,2002-02-28,1380/12/09
6305,20.8,20.63,21.32,20.85,0.01,0.05%,2002-02-27,1380/12/08
6306,19.85,19.85,21.06,20.86,0.88,4.40%,2002-02-26,1380/12/07
6307,20.3,19.96,20.34,19.98,0.39,1.95%,2002-02-25,1380/12/06
6308,20.37,20.2,20.57,20.37,-,-,2002-02-22,1380/12/03
6309,20.3,20.03,20.66,20.37,0.51,2.57%,2002-02-21,1380/12/02
6310,20.3,19.8,20.3,19.86,0.66,3.32%,2002-02-20,1380/12/01
6311,20.35,20.31,20.7,20.52,0.19,0.93%,2002-02-19,1380/11/30
6312,20.87,20.3,20.89,20.33,0.54,2.66%,2002-02-18,1380/11/29
6313,21,20.65,21.08,20.87,0.05,0.24%,2002-02-15,1380/11/26
6314,21.05,20.8,21.4,20.82,0.12,0.58%,2002-02-14,1380/11/25
6315,20.35,20.28,21,20.7,0.24,1.17%,2002-02-13,1380/11/24
6316,21.3,20.4,21.38,20.46,0.98,4.79%,2002-02-12,1380/11/23
6317,19.65,19.5,21.71,21.44,1.72,8.72%,2002-02-11,1380/11/22
6318,19.35,19.28,19.8,19.72,0.51,2.65%,2002-02-08,1380/11/19
6319,19.25,18.85,19.27,19.21,0.1,0.52%,2002-02-07,1380/11/18
6320,19.6,19.25,19.77,19.31,0.25,1.29%,2002-02-06,1380/11/17
6321,19.77,19.3,19.77,19.56,0.25,1.28%,2002-02-05,1380/11/16
6322,19.8,19.6,19.92,19.81,0.17,0.86%,2002-02-04,1380/11/15
6323,19.36,18.8,20.03,19.98,0.8,4.17%,2002-02-01,1380/11/12
6324,19,18.75,19.22,19.18,0.39,2.08%,2002-01-31,1380/11/11
6325,18.92,18.38,19.05,18.79,0.45,2.39%,2002-01-30,1380/11/10
6326,19.5,19.08,19.53,19.24,0.41,2.13%,2002-01-29,1380/11/09
6327,19.6,19.4,19.75,19.65,0.28,1.45%,2002-01-28,1380/11/08
6328,19.35,18.77,19.6,19.37,0.24,1.25%,2002-01-25,1380/11/05
6329,19.19,18.7,19.25,19.13,0.06,0.31%,2002-01-24,1380/11/04
6330,18.86,18.86,19.29,19.19,0.44,2.35%,2002-01-23,1380/11/03
6331,18.6,18.56,19.25,18.75,0.18,0.97%,2002-01-22,1380/11/02
6332,18.52,18.41,18.66,18.57,0.12,0.65%,2002-01-21,1380/11/01
6333,18.6,18.3,18.8,18.45,0.04,0.22%,2002-01-18,1380/10/28
6334,19.15,18.23,19.38,18.41,0.95,5.16%,2002-01-17,1380/10/27
6335,19.32,18.94,19.44,19.36,0.34,1.76%,2002-01-16,1380/10/26
6336,19.88,19.67,20.1,19.7,0.08,0.41%,2002-01-15,1380/10/25
6337,20.6,19.6,20.68,19.78,1.08,5.46%,2002-01-14,1380/10/24
6338,21.22,20.6,21.25,20.86,0.43,2.06%,2002-01-11,1380/10/21
6339,20.9,20.45,21.3,21.29,0.4,1.91%,2002-01-10,1380/10/20
6340,21.4,20.85,21.55,20.89,1.13,5.41%,2002-01-09,1380/10/19
6341,21.94,21.55,22.15,22.02,0.01,0.05%,2002-01-08,1380/10/18
6342,22,21.65,22.4,22.03,0.15,0.68%,2002-01-07,1380/10/17
6343,20.9,20.9,22.2,22.18,1.52,7.36%,2002-01-04,1380/10/14
6344,21,20.62,21.1,20.66,0.34,1.65%,2002-01-03,1380/10/13
6345,19.46,19.46,21,21,1.1,5.53%,2002-01-02,1380/10/12
6346,20.2,19.85,20.23,19.9,0.4,2.01%,2001-12-31,1380/10/10
6347,20.78,20.25,20.9,20.3,0.04,0.20%,2001-12-28,1380/10/07
6348,20.88,19.98,20.88,20.34,1,5.17%,2001-12-27,1380/10/06
6349,19.58,19.32,19.68,19.34,0.02,0.10%,2001-12-24,1380/10/03
6350,19.25,19.2,19.55,19.36,0.23,1.20%,2001-12-21,1380/09/30
6351,19.4,19.04,19.86,19.13,0.34,1.78%,2001-12-20,1380/09/29
6352,19.25,19.25,19.76,19.47,0.29,1.51%,2001-12-19,1380/09/28
6353,19.05,18.86,19.39,19.18,0.12,0.63%,2001-12-18,1380/09/27
6354,19.05,18.65,19.38,19.06,0.68,3.70%,2001-12-17,1380/09/26
6355,18.03,17.97,18.5,18.38,0.58,3.26%,2001-12-14,1380/09/23
6356,18.09,17.73,18.38,17.8,0.4,2.25%,2001-12-13,1380/09/22
6357,17.85,17.7,18.55,18.2,0.29,1.62%,2001-12-12,1380/09/21
6358,18.2,17.8,18.21,17.91,0.26,1.45%,2001-12-11,1380/09/20
6359,18.7,18.1,18.7,18.17,0.86,4.73%,2001-12-10,1380/09/19
6360,18.47,17.75,19.2,19.03,0.64,3.48%,2001-12-07,1380/09/16
6361,19.33,18.12,19.75,18.39,0.83,4.51%,2001-12-06,1380/09/15
6362,19.2,19.15,20.25,19.22,0.07,0.36%,2001-12-05,1380/09/14
6363,19.85,19.26,20.04,19.29,0.42,2.18%,2001-12-04,1380/09/13
6364,18.92,18.65,19.98,19.71,0.57,2.98%,2001-12-03,1380/09/12
6365,18.45,17.98,19.18,19.14,0.73,3.97%,2001-11-30,1380/09/09
6366,18.9,18.2,18.9,18.41,0.28,1.52%,2001-11-29,1380/09/08
6367,18.84,18.5,19.05,18.69,0.33,1.77%,2001-11-28,1380/09/07
6368,18.48,18.15,19.22,19.02,0.66,3.59%,2001-11-27,1380/09/06
6369,18.6,18.1,18.9,18.36,0.92,5.01%,2001-11-26,1380/09/05
6370,19.9,18.6,20.02,19.28,0.62,3.22%,2001-11-23,1380/09/02
6371,18.8,18.7,20.08,19.9,1.17,6.25%,2001-11-22,1380/09/01
6372,19,18.55,19.2,18.73,0.02,0.11%,2001-11-21,1380/08/30
6373,17.79,17.79,19.12,18.75,0.74,4.11%,2001-11-20,1380/08/29
6374,17.4,16.65,18.05,18.01,0.26,1.46%,2001-11-19,1380/08/28
6375,17.63,17.25,18.1,17.75,0.07,0.40%,2001-11-16,1380/08/25
6376,17.99,16.8,18.8,17.68,1.07,6.05%,2001-11-15,1380/08/24
6377,20.32,18.65,20.32,18.75,2.06,10.99%,2001-11-14,1380/08/23
6378,20.4,20,21.05,20.81,0.42,2.06%,2001-11-13,1380/08/22
6379,21.63,19.85,21.63,20.39,0.99,4.86%,2001-11-12,1380/08/21
6380,20.35,20.35,21.65,21.38,1.1,5.42%,2001-11-09,1380/08/18
6381,19.5,19.5,20.37,20.28,0.95,4.91%,2001-11-08,1380/08/17
6382,19.05,18.85,19.52,19.33,0.26,1.36%,2001-11-07,1380/08/16
6383,19.45,18.81,19.46,19.07,0.37,1.94%,2001-11-06,1380/08/15
6384,19.72,19.16,19.95,19.44,0.33,1.70%,2001-11-05,1380/08/14
6385,19.8,19.04,19.85,19.77,0.15,0.76%,2001-11-02,1380/08/11
6386,20.35,19.55,20.5,19.62,0.75,3.82%,2001-11-01,1380/08/10
6387,21,20.05,21,20.37,0.54,2.65%,2001-10-31,1380/08/09
6388,21.11,20.86,21.21,20.91,0.19,0.91%,2001-10-30,1380/08/08
6389,21.25,20.95,21.52,21.1,0.08,0.38%,2001-10-29,1380/08/07
6390,21.15,20.92,21.25,21.02,0.01,0.05%,2001-10-26,1380/08/04
6391,21.32,21,21.55,21.01,0.25,1.19%,2001-10-25,1380/08/03
6392,20.75,20.53,21.51,21.26,0.32,1.53%,2001-10-24,1380/08/02
6393,21.16,20.93,21.57,20.94,0.11,0.53%,2001-10-23,1380/08/01
6394,21.33,20.95,21.59,21.05,0.3,1.43%,2001-10-22,1380/07/30
6395,20.8,20.48,21.55,21.35,0.73,3.54%,2001-10-19,1380/07/27
6396,21,20.32,21.02,20.62,0.37,1.79%,2001-10-18,1380/07/26
6397,21.7,20.84,21.7,20.99,0.71,3.38%,2001-10-17,1380/07/25
6398,21.63,21.45,21.93,21.7,0.02,0.09%,2001-10-16,1380/07/24
6399,21.7,21.44,21.9,21.68,0.05,0.23%,2001-10-15,1380/07/23
6400,22.95,21.22,23.02,21.73,0.73,3.36%,2001-10-12,1380/07/20
6401,22.25,22.15,22.7,22.46,0.45,2.04%,2001-10-11,1380/07/19
6402,21.8,21.77,22.45,22.01,0.13,0.59%,2001-10-10,1380/07/18
6403,21.77,21.6,22,21.88,0.31,1.44%,2001-10-09,1380/07/17
6404,21.8,21.53,22.1,21.57,0.06,0.28%,2001-10-08,1380/07/16
6405,22.32,21.6,22.82,21.63,0.52,2.40%,2001-10-05,1380/07/13
6406,21.65,21.53,22.38,22.15,0.63,2.93%,2001-10-04,1380/07/12
6407,21.82,21.29,21.94,21.52,0.53,2.46%,2001-10-03,1380/07/11
6408,22.79,22.02,22.79,22.05,0.84,3.81%,2001-10-02,1380/07/10
6409,23.2,22.25,23.25,22.89,0.37,1.62%,2001-10-01,1380/07/09
6410,23.13,22.92,23.33,23.26,0.47,2.06%,2001-09-28,1380/07/06
6411,22.8,22.15,23.12,22.79,0.21,0.92%,2001-09-27,1380/07/05
6412,22,20.7,23.05,23,0.62,2.77%,2001-09-26,1380/07/04
6413,22.5,21.35,23.15,22.38,0.36,1.63%,2001-09-25,1380/07/03
6414,25.1,21.7,25.16,22.02,3.42,15.53%,2001-09-24,1380/07/02
6415,26,25.29,26.48,25.44,0.48,1.89%,2001-09-21,1380/06/30
6416,26.4,25.83,26.86,25.92,0.4,1.54%,2001-09-20,1380/06/29
6417,27.38,25.65,27.6,26.32,0.95,3.61%,2001-09-19,1380/06/28
6418,28.5,27.2,28.52,27.27,1.11,4.07%,2001-09-18,1380/06/27
6419,29.43,28.35,29.8,28.38,1.05,3.70%,2001-09-17,1380/06/26
6420,28.45,28.45,29.82,29.43,1.33,4.73%,2001-09-14,1380/06/23
6421,27.74,27.55,28.18,28.1,0.08,0.29%,2001-09-13,1380/06/22
6422,29.1,28,29.5,28.02,1.04,3.71%,2001-09-12,1380/06/21
6423,27.39,27.25,31.05,29.06,1.61,5.87%,2001-09-11,1380/06/20
6424,27.6,27.4,27.75,27.45,0.24,0.87%,2001-09-10,1380/06/19
6425,26.95,26.9,27.8,27.69,0.73,2.71%,2001-09-07,1380/06/16
6426,26.33,26.32,27,26.96,0.64,2.43%,2001-09-06,1380/06/15
6427,26.24,26.06,26.6,26.32,0.06,0.23%,2001-09-05,1380/06/14
6428,26.52,26.13,26.6,26.26,0.28,1.07%,2001-09-04,1380/06/13
6429,26.5,26.5,26.68,26.54,0.13,0.49%,2001-09-03,1380/06/12
6430,26.15,26.15,26.47,26.41,0.32,1.23%,2001-08-31,1380/06/09
6431,26.4,26.03,26.42,26.09,0.44,1.69%,2001-08-30,1380/06/08
6432,26.57,26.2,26.79,26.53,0.06,0.23%,2001-08-29,1380/06/07
6433,25.85,25.8,26.55,26.47,0.52,2%,2001-08-28,1380/06/06
6434,25.84,25.62,26.2,25.95,0.35,1.37%,2001-08-24,1380/06/02
6435,25.3,25.26,25.7,25.6,0.26,1.03%,2001-08-23,1380/06/01
6436,25.9,25.33,25.94,25.34,0.15,0.59%,2001-08-22,1380/05/31
6437,25.24,25.02,25.55,25.49,0.44,1.76%,2001-08-21,1380/05/30
6438,24.68,24.5,25.15,25.05,0.32,1.29%,2001-08-20,1380/05/29
6439,25.74,24.65,25.85,24.73,0.82,3.32%,2001-08-17,1380/05/26
6440,25.55,25.45,25.75,25.55,-,-,2001-08-16,1380/05/25
6441,26.1,25.51,26.33,25.55,0.44,1.72%,2001-08-15,1380/05/24
6442,25.95,25.75,26.04,25.99,0.11,0.43%,2001-08-14,1380/05/23
6443,26.15,25.8,26.28,25.88,0.1,0.39%,2001-08-13,1380/05/22
6444,25.89,25.86,26.4,25.98,0.3,1.17%,2001-08-10,1380/05/19
6445,25.7,25.51,25.92,25.68,0.02,0.08%,2001-08-09,1380/05/18
6446,26.28,25.57,26.41,25.7,0.38,1.48%,2001-08-08,1380/05/17
6447,25.8,25.8,26.55,26.08,0.25,0.97%,2001-08-07,1380/05/16
6448,25.62,25.6,25.88,25.83,0.14,0.54%,2001-08-06,1380/05/15
6449,26.09,25.6,26.09,25.69,0.44,1.71%,2001-08-03,1380/05/12
6450,24.97,24.97,26.18,26.13,1.17,4.69%,2001-08-02,1380/05/11
6451,25.09,24.7,25.2,24.96,0.27,1.09%,2001-08-01,1380/05/10
6452,24.87,24.67,25.1,24.69,0.27,1.09%,2001-07-31,1380/05/09
6453,25.19,24.9,25.19,24.96,0.23,0.92%,2001-07-30,1380/05/08
6454,25.2,24.7,25.36,25.19,0.05,0.20%,2001-07-27,1380/05/05
6455,25.32,25.1,25.51,25.14,0.11,0.44%,2001-07-26,1380/05/04
6456,25,24.95,25.45,25.25,0.35,1.41%,2001-07-25,1380/05/03
6457,25,24.85,25.08,24.9,0.02,0.08%,2001-07-24,1380/05/02
6458,25.1,24.75,25.18,24.92,0.28,1.14%,2001-07-23,1380/05/01
6459,24.35,24.15,24.8,24.64,0.59,2.45%,2001-07-20,1380/04/29
6460,24.22,23.97,24.92,24.05,0.17,0.71%,2001-07-19,1380/04/28
6461,24.65,24.2,24.9,24.22,0.67,2.77%,2001-07-18,1380/04/27
6462,24.95,24.87,25.54,24.89,0.11,0.44%,2001-07-17,1380/04/26
6463,24.95,24.56,25,24.78,0.19,0.77%,2001-07-16,1380/04/25
6464,25.3,24.94,25.3,24.97,0.17,0.68%,2001-07-13,1380/04/22
6465,25.25,24.53,25.28,25.14,0.38,1.51%,2001-07-12,1380/04/21
6466,25.62,25.25,25.92,25.52,0.41,1.61%,2001-07-11,1380/04/20
6467,26.18,25.75,26.26,25.93,0.22,0.85%,2001-07-10,1380/04/19
6468,26.7,26.15,26.76,26.15,0.66,2.52%,2001-07-09,1380/04/18
6469,25.84,25.81,26.9,26.81,0.97,3.75%,2001-07-06,1380/04/15
6470,25.9,25.3,25.95,25.84,0.04,0.16%,2001-07-05,1380/04/14
6471,25.5,25.5,25.85,25.8,0.44,1.74%,2001-07-04,1380/04/13
6472,25.55,25.07,25.61,25.36,0.28,1.10%,2001-07-03,1380/04/12
6473,26.3,25.1,26.42,25.64,0.44,1.72%,2001-07-02,1380/04/11
6474,25.6,25.42,26.1,26.08,0.68,2.68%,2001-06-29,1380/04/08
6475,25.68,24.91,25.77,25.4,0.26,1.02%,2001-06-28,1380/04/07
6476,26.55,25.24,26.68,25.66,1.33,5.18%,2001-06-27,1380/04/06
6477,27.25,26.7,27.31,26.99,0.08,0.30%,2001-06-26,1380/04/05
6478,26.65,26.65,27.08,27.07,0.48,1.81%,2001-06-25,1380/04/04
6479,26.48,26.22,26.94,26.59,0.29,1.10%,2001-06-22,1380/04/01
6480,26.24,25.87,26.47,26.3,0.21,0.80%,2001-06-21,1380/03/31
6481,26.88,26.05,27.15,26.09,0.89,3.41%,2001-06-20,1380/03/30
6482,27.1,26.72,27.34,26.98,0.03,0.11%,2001-06-19,1380/03/29
6483,28.08,26.97,28.08,27.01,1.11,4.11%,2001-06-18,1380/03/28
6484,28.57,27.98,28.57,28.12,1.47,5.23%,2001-06-15,1380/03/25
6485,29.13,29.04,29.82,29.59,0.25,0.85%,2001-06-14,1380/03/24
6486,29.79,29.25,29.83,29.34,0.12,0.41%,2001-06-13,1380/03/23
6487,29.6,29.03,29.62,29.46,0.11,0.37%,2001-06-12,1380/03/22
6488,29.72,29.44,30,29.57,0.13,0.44%,2001-06-11,1380/03/21
6489,28.45,28.45,29.5,29.44,0.94,3.30%,2001-06-08,1380/03/18
6490,28.84,28.43,28.84,28.5,0.46,1.61%,2001-06-07,1380/03/17
6491,29.18,28.7,29.25,28.96,0.72,2.49%,2001-06-06,1380/03/16
6492,29.32,28.93,29.69,29.68,0.42,1.44%,2001-06-05,1380/03/15
6493,29.43,29.03,29.71,29.26,0.19,0.65%,2001-06-04,1380/03/14
6494,29.27,28.7,29.27,29.07,0.27,0.93%,2001-06-01,1380/03/11
6495,28.89,28.38,29.35,29.34,0.2,0.69%,2001-05-31,1380/03/10
6496,29.28,28.88,29.3,29.14,0.03,0.10%,2001-05-30,1380/03/09
6497,28.47,28.42,29.23,29.17,0.69,2.42%,2001-05-29,1380/03/08
6498,28.43,28.38,28.65,28.48,0.05,0.18%,2001-05-25,1380/03/04
6499,29.17,28.2,29.48,28.53,0.71,2.49%,2001-05-24,1380/03/03
6500,29.28,29.05,29.4,29.24,0.12,0.41%,2001-05-23,1380/03/02
6501,29.5,29.31,29.6,29.36,0.06,0.20%,2001-05-22,1380/03/01
6502,29.68,29.22,29.68,29.42,0.03,0.10%,2001-05-21,1380/02/31
6503,28.6,28.58,29.45,29.39,0.93,3.27%,2001-05-18,1380/02/28
6504,28.3,28.16,28.55,28.46,0.1,0.35%,2001-05-17,1380/02/27
6505,28.16,27.95,28.88,28.36,0.2,0.71%,2001-05-16,1380/02/26
6506,28.35,27.96,28.4,28.16,0.12,0.43%,2001-05-15,1380/02/25
6507,28.19,27.78,28.36,28.28,0.09,0.32%,2001-05-14,1380/02/24
6508,28.4,28.12,28.45,28.19,0.29,1.03%,2001-05-11,1380/02/21
6509,28.5,28,28.8,28.48,0.33,1.17%,2001-05-10,1380/02/20
6510,28.09,27.5,28.18,28.15,0.25,0.90%,2001-05-09,1380/02/19
6511,27.6,27.6,28.05,27.9,0.29,1.04%,2001-05-08,1380/02/18
6512,28.25,27.9,28.37,28.19,0.12,0.43%,2001-05-04,1380/02/14
6513,27.7,27.01,28.15,28.07,0.48,1.74%,2001-05-03,1380/02/13
6514,27.8,27.51,27.89,27.59,0.74,2.68%,2001-05-02,1380/02/12
6515,27.62,27.62,28.4,28.33,0.44,1.58%,2001-05-01,1380/02/11
6516,27.9,27.52,28.48,27.89,0.1,0.36%,2001-04-30,1380/02/10
6517,27.7,27.57,28,27.79,0.19,0.69%,2001-04-27,1380/02/07
6518,26.98,26.9,27.95,27.6,0.78,2.91%,2001-04-26,1380/02/06
6519,26.22,26.2,26.9,26.82,0.5,1.90%,2001-04-25,1380/02/05
6520,26.75,26.3,26.92,26.32,0.23,0.87%,2001-04-24,1380/02/04
6521,26.35,26.35,26.83,26.55,0.16,0.61%,2001-04-23,1380/02/03
6522,26.9,26.35,26.95,26.39,0.44,1.67%,2001-04-20,1380/01/31
6523,27.3,26.68,27.42,26.83,0.46,1.71%,2001-04-19,1380/01/30
6524,27.2,26.8,27.4,27.29,0.34,1.25%,2001-04-18,1380/01/29
6525,27.95,27.51,28.25,27.63,0.26,0.95%,2001-04-17,1380/01/28
6526,27.07,27.05,27.87,27.37,0.84,3.17%,2001-04-12,1380/01/23
6527,26.25,26.19,26.75,26.53,0.01,0.04%,2001-04-11,1380/01/22
6528,25.57,25.46,26.77,26.54,1.26,4.98%,2001-04-10,1380/01/21
6529,25.15,25.08,25.58,25.28,0.11,0.44%,2001-04-09,1380/01/20
6530,25.28,25.04,25.37,25.17,0.15,0.60%,2001-04-06,1380/01/17
6531,25.26,25.09,25.95,25.32,-,-,2001-04-05,1380/01/16
6532,25.17,25.06,25.48,25.32,0.55,2.22%,2001-04-04,1380/01/15
6533,24.25,24.16,24.8,24.77,0.66,2.74%,2001-04-03,1380/01/14
6534,24.85,24.1,24.9,24.11,0.63,2.61%,2001-04-02,1380/01/13
6535,25,24.55,25.05,24.74,0.24,0.98%,2001-03-30,1380/01/10
6536,24.8,24.33,25.2,24.5,0.77,3.14%,2001-03-29,1380/01/09
6537,25.65,25.25,25.95,25.27,0.62,2.45%,2001-03-28,1380/01/08
6538,25.55,25.54,25.97,25.89,0.49,1.93%,2001-03-27,1380/01/07
6539,25.54,25.36,25.8,25.4,0.02,0.08%,2001-03-26,1380/01/06
6540,24.9,24.8,25.58,25.38,0.75,3.05%,2001-03-23,1380/01/03
6541,25.1,24.6,25.28,24.63,0.37,1.50%,2001-03-22,1380/01/02
6542,24.55,24.5,25.2,25,0.38,1.54%,2001-03-21,1380/01/01
6543,24.81,24.6,25.19,24.62,0.19,0.77%,2001-03-20,1379/12/30
6544,25.3,24.73,25.4,24.81,0.24,0.97%,2001-03-19,1379/12/29
6545,25.09,25,25.95,25.05,0.86,3.56%,2001-03-16,1379/12/26
6546,24.15,23.9,24.54,24.19,0.26,1.09%,2001-03-15,1379/12/25
6547,25.15,23.75,25.56,23.93,1.35,5.64%,2001-03-14,1379/12/24
6548,25.95,25.25,25.95,25.28,0.62,2.45%,2001-03-13,1379/12/23
6549,26.1,25.88,26.25,25.9,0.43,1.66%,2001-03-12,1379/12/22
6550,26.59,26.25,26.68,26.33,0.35,1.33%,2001-03-09,1379/12/19
6551,27.1,26.65,27.25,26.68,0.55,2.06%,2001-03-08,1379/12/18
6552,26.63,26.42,27.25,27.23,0.75,2.83%,2001-03-07,1379/12/17
6553,26.79,26.32,26.81,26.48,0.23,0.87%,2001-03-06,1379/12/16
6554,26.18,26.18,26.9,26.71,0.71,2.73%,2001-03-05,1379/12/15
6555,26.01,25.9,26.32,26,0.15,0.58%,2001-03-02,1379/12/12
6556,25.7,25.4,25.95,25.85,0.28,1.10%,2001-03-01,1379/12/11
6557,25.95,25.5,26.42,25.57,0.45,1.76%,2001-02-28,1379/12/10
6558,25.95,25.7,26.32,26.02,0.09,0.35%,2001-02-27,1379/12/09
6559,26.5,26.05,26.67,26.11,0.41,1.57%,2001-02-26,1379/12/08
6560,26.45,26.28,27.05,26.52,0.06,0.23%,2001-02-23,1379/12/05
6561,26.7,26.05,26.8,26.46,0.09,0.34%,2001-02-22,1379/12/04
6562,26.74,26.25,26.85,26.37,0.25,0.95%,2001-02-21,1379/12/03
6563,27.34,26.6,27.46,26.62,0.69,2.59%,2001-02-20,1379/12/02
6564,27.4,27.07,27.62,27.31,0.42,1.56%,2001-02-19,1379/12/01
6565,26.85,26.82,27.05,26.89,0.25,0.94%,2001-02-16,1379/11/28
6566,27,26.35,27.18,26.64,0.64,2.40%,2001-02-15,1379/11/27
6567,27.56,27.22,28.26,27.28,1.18,4.33%,2001-02-14,1379/11/26
6568,28.85,28.35,29,28.46,0.54,1.90%,2001-02-13,1379/11/25
6569,29.3,28.75,29.39,29,0.25,0.86%,2001-02-12,1379/11/24
6570,30,29.23,30,29.25,0.59,2.02%,2001-02-09,1379/11/21
6571,29.7,28.99,30.36,29.84,0.07,0.23%,2001-02-08,1379/11/20
6572,28.6,28.6,29.95,29.91,1.21,4.22%,2001-02-07,1379/11/19
6573,28.25,28.25,28.89,28.7,0.25,0.88%,2001-02-06,1379/11/18
6574,29.2,28.08,29.2,28.45,0.74,2.60%,2001-02-05,1379/11/17
6575,27.9,27.7,29.3,29.19,1.09,3.88%,2001-02-02,1379/11/14
6576,26.55,26.35,28.25,28.1,1.44,5.40%,2001-02-01,1379/11/13
6577,27.1,26.31,27.22,26.66,0.23,0.86%,2001-01-31,1379/11/12
6578,26.58,26.3,27.08,26.89,0.29,1.09%,2001-01-30,1379/11/11
6579,26.85,26.25,27.48,26.6,0.38,1.43%,2001-01-29,1379/11/10
6580,26.5,26.2,27,26.98,0.52,1.97%,2001-01-26,1379/11/07
6581,26.3,25.94,26.52,26.46,0.2,0.76%,2001-01-25,1379/11/06
6582,26.5,25.83,26.79,26.26,0.41,1.56%,2001-01-24,1379/11/05
6583,26.4,26.2,26.72,26.67,0.14,0.53%,2001-01-23,1379/11/04
6584,26.9,26.5,27.28,26.53,0.51,1.92%,2001-01-22,1379/11/03
6585,25.5,25.38,27.16,27.04,1.42,5.54%,2001-01-19,1379/10/30
6586,24.9,24.55,25.7,25.62,0.83,3.35%,2001-01-18,1379/10/29
6587,25.69,24.33,25.75,24.79,1.41,5.69%,2001-01-17,1379/10/28
6588,26.18,26.03,26.5,26.2,0.02,0.08%,2001-01-16,1379/10/27
6589,25.98,25.75,26.28,26.18,0.43,1.67%,2001-01-15,1379/10/26
6590,25.8,25.59,25.85,25.75,0.14,0.55%,2001-01-12,1379/10/23
6591,25.55,25.2,25.9,25.61,0.27,1.07%,2001-01-11,1379/10/22
6592,24.78,24.42,25.4,25.34,0.75,3.05%,2001-01-10,1379/10/21
6593,24.5,24.12,24.83,24.59,0.16,0.65%,2001-01-09,1379/10/20
6594,25.33,24.4,25.63,24.43,0.75,3.07%,2001-01-08,1379/10/19
6595,25.4,25.15,26.02,25.18,0.17,0.68%,2001-01-05,1379/10/16
6596,25.09,24.77,25.85,25.35,0.32,1.28%,2001-01-04,1379/10/15
6597,24.5,24.2,25.3,25.03,0.73,3%,2001-01-03,1379/10/14
6598,24.4,24.2,24.9,24.3,0.43,1.80%,2001-01-02,1379/10/13
6599,23.15,23.02,24.15,23.87,0.16,0.67%,2000-12-29,1379/10/09
6600,23.65,23.63,23.93,23.71,0.33,1.39%,2000-12-28,1379/10/08
6601,24.3,23.94,24.54,24.04,0.38,1.61%,2000-12-27,1379/10/07
6602,23.85,23.51,23.87,23.66,0.05,0.21%,2000-12-22,1379/10/02
6603,23.56,23.4,24.08,23.61,0.64,2.79%,2000-12-21,1379/10/01
6604,25.2,22.9,25.23,22.97,2.03,8.84%,2000-12-20,1379/09/30
6605,26.25,24.95,26.25,25,1.24,4.96%,2000-12-19,1379/09/29
6606,26.14,25.98,26.84,26.24,0.35,1.35%,2000-12-18,1379/09/28
6607,25.65,25.33,26.1,25.89,0.53,2.09%,2000-12-15,1379/09/25
6608,25.6,25.2,25.92,25.36,0.22,0.88%,2000-12-14,1379/09/24
6609,27.4,25,27.4,25.14,1.92,7.64%,2000-12-13,1379/09/23
6610,27.6,26.8,27.82,27.06,0.48,1.77%,2000-12-12,1379/09/22
6611,26.98,26.77,27.6,27.54,0.98,3.69%,2000-12-11,1379/09/21
6612,27.3,26.13,27.3,26.56,0.91,3.43%,2000-12-08,1379/09/18
6613,28.36,27.2,28.45,27.47,0.54,1.97%,2000-12-07,1379/09/17
6614,27.84,26.7,28.43,28.01,0.22,0.79%,2000-12-06,1379/09/16
6615,29.55,27.65,29.65,27.79,1.55,5.58%,2000-12-05,1379/09/15
6616,30.5,29.2,30.81,29.34,0.83,2.83%,2000-12-04,1379/09/14
6617,31.88,30.1,32.32,30.17,1.71,5.67%,2000-12-01,1379/09/11
6618,32.64,31.8,33.15,31.88,0.8,2.51%,2000-11-30,1379/09/10
6619,32,31.95,32.75,32.68,0.49,1.52%,2000-11-29,1379/09/09
6620,33,32.1,33,32.19,0.87,2.70%,2000-11-28,1379/09/08
6621,33,32.91,33.45,33.06,0.06,0.18%,2000-11-27,1379/09/07
6622,33.25,33.1,33.41,33.12,0.16,0.48%,2000-11-24,1379/09/04
6623,33.24,32.9,33.65,33.28,0.04,0.12%,2000-11-23,1379/09/03
6624,32.73,32.65,33.32,33.24,0.14,0.42%,2000-11-22,1379/09/02
6625,33,32.85,33.48,33.1,0.03,0.09%,2000-11-21,1379/09/01
6626,33.38,32.8,33.95,33.07,0.01,0.03%,2000-11-20,1379/08/30
6627,32.3,32.2,33.1,33.08,0.31,0.95%,2000-11-17,1379/08/27
6628,32.8,32.7,33.12,32.77,1.13,3.45%,2000-11-16,1379/08/26
6629,32.8,32.8,34,33.9,1.21,3.70%,2000-11-15,1379/08/25
6630,32.98,32.25,33.55,32.69,0.25,0.76%,2000-11-14,1379/08/24
6631,32.3,31.95,32.98,32.94,0.92,2.87%,2000-11-13,1379/08/23
6632,32.1,31.8,32.2,32.02,0.14,0.44%,2000-11-10,1379/08/20
6633,31.32,31.31,32.2,32.16,0.84,2.68%,2000-11-09,1379/08/19
6634,31.68,30.88,31.74,31.32,0.36,1.15%,2000-11-08,1379/08/18
6635,31.27,31.12,31.7,31.68,0.39,1.25%,2000-11-07,1379/08/17
6636,30.63,30.4,31.3,31.29,0.44,1.43%,2000-11-06,1379/08/16
6637,30.5,30.32,31,30.85,0.07,0.23%,2000-11-03,1379/08/13
6638,30.85,30.45,31.13,30.78,0.53,1.72%,2000-11-02,1379/08/12
6639,31.1,31.05,31.71,31.31,0.55,1.79%,2000-11-01,1379/08/11
6640,31.09,30.38,31.1,30.76,0.38,1.24%,2000-10-31,1379/08/10
6641,30.74,30.74,31.38,31.14,0.19,0.61%,2000-10-30,1379/08/09
6642,31.85,30.75,32.08,30.95,1.01,3.26%,2000-10-27,1379/08/06
6643,31.4,31.27,32.16,31.96,0.6,1.91%,2000-10-26,1379/08/05
6644,31.8,31.3,32.15,31.36,0.23,0.73%,2000-10-25,1379/08/04
6645,32.05,31.55,32.29,31.59,0.5,1.58%,2000-10-24,1379/08/03
6646,32.05,31.32,32.18,32.09,0.47,1.49%,2000-10-23,1379/08/02
6647,30.92,30.68,31.7,31.62,0.88,2.86%,2000-10-20,1379/07/29
6648,31.1,30.7,31.7,30.74,0.36,1.17%,2000-10-19,1379/07/28
6649,31.6,30.85,32.05,31.1,0.03,0.10%,2000-10-18,1379/07/27
6650,31.45,30.56,31.58,31.13,0.77,2.47%,2000-10-17,1379/07/26
6651,31.95,31.85,32.97,31.9,0.62,1.94%,2000-10-16,1379/07/25
6652,34.85,32.5,35.07,32.52,2.07,6.37%,2000-10-13,1379/07/22
6653,31.58,31.55,35.3,34.59,2.8,8.81%,2000-10-12,1379/07/21
6654,32.65,31.5,32.65,31.79,0.06,0.19%,2000-10-11,1379/07/20
6655,31.1,31,31.9,31.85,1.09,3.54%,2000-10-10,1379/07/19
6656,30.7,30.24,30.96,30.76,0.66,2.19%,2000-10-09,1379/07/18
6657,30.1,29.85,30.22,30.1,0.21,0.70%,2000-10-06,1379/07/15
6658,29.9,29.42,29.95,29.89,0.63,2.11%,2000-10-05,1379/07/14
6659,30.75,30.35,30.75,30.52,0.53,1.74%,2000-10-04,1379/07/13
6660,31,30.7,31.19,31.05,0.03,0.10%,2000-10-03,1379/07/12
6661,30.2,30.1,31.27,31.08,1.24,4.16%,2000-10-02,1379/07/11
6662,29.47,29.35,30,29.84,0.58,1.98%,2000-09-29,1379/07/08
6663,30.35,29.25,30.35,29.26,1.28,4.37%,2000-09-28,1379/07/07
6664,30.6,30.5,31.27,30.54,0.12,0.39%,2000-09-27,1379/07/06
6665,30.4,30.27,30.75,30.42,0.18,0.60%,2000-09-26,1379/07/05
6666,30.25,29.9,30.97,30.24,1.01,3.34%,2000-09-25,1379/07/04
6667,32.8,31.2,33.08,31.25,1.48,4.74%,2000-09-22,1379/07/01
6668,33.55,32.7,34.08,32.73,1.01,3.09%,2000-09-21,1379/06/31
6669,34.25,33.7,34.81,33.74,0.11,0.33%,2000-09-20,1379/06/30
6670,34.38,33.6,34.46,33.63,0.83,2.47%,2000-09-19,1379/06/29
6671,33.8,33.75,34.98,34.46,0.48,1.41%,2000-09-18,1379/06/28
6672,32.8,32.65,34.05,33.98,2.04,6.39%,2000-09-15,1379/06/25
6673,31.7,31.4,32.02,31.94,0.41,1.30%,2000-09-14,1379/06/24
6674,32.01,31.3,32.37,31.53,0.95,3.01%,2000-09-13,1379/06/23
6675,33.9,32.26,34.37,32.48,1.14,3.51%,2000-09-12,1379/06/22
6676,32.2,32.1,34.25,33.62,0.84,2.56%,2000-09-11,1379/06/21
6677,33.85,32.35,33.85,32.78,1.77,5.40%,2000-09-08,1379/06/18
6678,34.35,33.46,34.6,34.55,0.27,0.79%,2000-09-07,1379/06/17
6679,33.05,33.03,34.3,34.28,1.3,3.94%,2000-09-06,1379/06/16
6680,32.8,32.38,33,32.98,0.14,0.43%,2000-09-05,1379/06/15
6681,31.95,31.95,32.85,32.84,0.99,3.11%,2000-09-04,1379/06/14
6682,31.65,31.46,31.87,31.85,0.13,0.41%,2000-09-01,1379/06/11
6683,31.75,31.62,32.12,31.72,0.26,0.82%,2000-08-31,1379/06/10
6684,31.36,30.67,32,31.98,0.62,1.98%,2000-08-30,1379/06/09
6685,31.49,31.1,31.49,31.36,0.97,3.19%,2000-08-29,1379/06/08
6686,30.57,30.17,30.62,30.39,0.04,0.13%,2000-08-25,1379/06/04
6687,30.81,30.22,30.86,30.35,0.34,1.12%,2000-08-24,1379/06/03
6688,30.9,30.55,31.18,30.69,0.76,2.54%,2000-08-23,1379/06/02
6689,30.8,29.9,31.24,29.93,0.67,2.24%,2000-08-22,1379/06/01
6690,30.6,30.58,31.15,30.6,0.16,0.53%,2000-08-21,1379/05/31
6691,30.4,30.3,30.91,30.44,0.28,0.93%,2000-08-18,1379/05/28
6692,30,30,30.77,30.16,2.37,7.86%,2000-08-17,1379/05/27
6693,31.6,31.6,32.68,32.53,0.35,1.09%,2000-08-16,1379/05/26
6694,31.5,31.5,32.8,32.18,0.7,2.22%,2000-08-15,1379/05/25
6695,30.5,30.5,31.5,31.48,0.91,2.98%,2000-08-14,1379/05/24
6696,30.65,30.5,31.44,30.57,0.31,1.01%,2000-08-11,1379/05/21
6697,29.8,29.63,31.08,30.88,1.01,3.38%,2000-08-10,1379/05/20
6698,29.8,29.52,30.15,29.87,0.97,3.36%,2000-08-09,1379/05/19
6699,28.55,28.37,28.95,28.9,0.38,1.33%,2000-08-08,1379/05/18
6700,29.45,28.47,29.5,28.52,0.85,2.98%,2000-08-07,1379/05/17
6701,28.45,28.45,29.55,29.37,1.06,3.74%,2000-08-04,1379/05/14
6702,27.6,27.6,28.35,28.31,0.72,2.61%,2000-08-03,1379/05/13
6703,27.6,27.5,27.87,27.59,0.45,1.66%,2000-08-02,1379/05/12
6704,26.8,26.73,27.45,27.14,0.21,0.78%,2000-08-01,1379/05/11
6705,27.35,26.65,27.45,26.93,0.43,1.60%,2000-07-31,1379/05/10
6706,27.35,27.25,27.62,27.36,0.21,0.77%,2000-07-28,1379/05/07
6707,27,26.9,27.25,27.15,0.32,1.19%,2000-07-27,1379/05/06
6708,26.9,26.78,27.45,26.83,0.11,0.41%,2000-07-26,1379/05/05
6709,26.9,26.81,27.27,26.94,0.02,0.07%,2000-07-25,1379/05/04
6710,27.5,26.9,27.67,26.92,0.6,2.23%,2000-07-24,1379/05/03
6711,28.3,27.47,28.3,27.52,0.75,2.73%,2000-07-21,1379/04/31
6712,28.75,28.25,29.06,28.27,0.61,2.16%,2000-07-20,1379/04/30
6713,29.35,28.72,29.45,28.88,0.44,1.52%,2000-07-19,1379/04/29
6714,28.5,28.4,29.8,29.32,0.76,2.66%,2000-07-18,1379/04/28
6715,28.9,28.52,28.9,28.56,1.32,4.62%,2000-07-17,1379/04/27
6716,30.05,29.7,30.05,29.88,0.38,1.27%,2000-07-14,1379/04/24
6717,29.65,29.4,30.3,30.26,0.59,1.99%,2000-07-13,1379/04/23
6718,28.95,28.81,29.8,29.67,0.45,1.54%,2000-07-12,1379/04/22
6719,28.65,28.51,29.29,29.22,0.37,1.28%,2000-07-11,1379/04/21
6720,29.35,28.75,29.63,28.85,0.85,2.95%,2000-07-10,1379/04/20
6721,29.65,29.1,29.75,29.7,0.03,0.10%,2000-07-07,1379/04/17
6722,29.4,28.92,29.95,29.67,0.29,0.99%,2000-07-06,1379/04/16
6723,29.22,28.55,29.4,29.38,0.2,0.68%,2000-07-05,1379/04/15
6724,30.4,29.5,30.59,29.58,1.52,5.14%,2000-07-04,1379/04/14
6725,30.65,30.62,31.25,31.1,0.53,1.73%,2000-07-03,1379/04/13
6726,30.67,30.45,31.15,30.57,0.23,0.75%,2000-06-30,1379/04/10
6727,30.01,29.96,30.95,30.8,0.69,2.29%,2000-06-29,1379/04/09
6728,30.03,29.97,30.57,30.11,0.13,0.43%,2000-06-28,1379/04/08
6729,29.65,29.36,30.55,30.24,0.49,1.65%,2000-06-27,1379/04/07
6730,30.65,29.73,30.8,29.75,0.64,2.15%,2000-06-26,1379/04/06
6731,30.4,29.8,30.6,30.39,0.24,0.80%,2000-06-23,1379/04/03
6732,29.2,29,30.25,30.15,0.82,2.80%,2000-06-22,1379/04/02
6733,29.1,28.58,30.11,29.33,0.31,1.07%,2000-06-21,1379/04/01
6734,27.86,27.85,29.1,29.02,1.04,3.72%,2000-06-20,1379/03/31
6735,27.95,27.58,28.15,27.98,0.37,1.32%,2000-06-19,1379/03/30
6736,29.15,27.69,29.15,28.35,2.91,10.26%,2000-06-16,1379/03/27
6737,30.65,30.56,31.38,31.26,0.24,0.77%,2000-06-15,1379/03/26
6738,31.41,30.87,31.41,31.02,0.47,1.52%,2000-06-14,1379/03/25
6739,30.9,30.9,31.7,31.49,0.28,0.90%,2000-06-13,1379/03/24
6740,29.85,29.8,31.27,31.21,1.63,5.51%,2000-06-12,1379/03/23
6741,28.9,28.84,29.63,29.58,0.51,1.75%,2000-06-09,1379/03/20
6742,29.15,28.7,29.48,29.07,0.15,0.52%,2000-06-08,1379/03/19
6743,28.55,27.9,29.28,29.22,0.63,2.20%,2000-06-07,1379/03/18
6744,28.45,28.31,28.8,28.59,0.22,0.78%,2000-06-06,1379/03/17
6745,29.4,28.26,29.41,28.37,0.68,2.40%,2000-06-05,1379/03/16
6746,29.2,28.75,29.42,29.05,0.14,0.48%,2000-06-02,1379/03/13
6747,28.4,28.4,29.2,29.19,0.88,3.11%,2000-06-01,1379/03/12
6748,29.1,28.2,29.52,28.31,0.65,2.30%,2000-05-31,1379/03/11
6749,28.65,28.65,29.13,28.96,0.26,0.90%,2000-05-30,1379/03/10
6750,29.4,29,29.47,29.22,0.03,0.10%,2000-05-26,1379/03/06
6751,28.61,28.37,29.2,29.19,0.58,2.03%,2000-05-25,1379/03/05
6752,27.7,27.7,28.65,28.61,1.11,4.04%,2000-05-24,1379/03/04
6753,27.5,27.1,27.6,27.5,0.07,0.26%,2000-05-23,1379/03/03
6754,28.55,27.19,28.6,27.43,1.16,4.23%,2000-05-22,1379/03/02
6755,28.7,28.15,29.2,28.59,0.33,1.15%,2000-05-19,1379/02/30
6756,28,28,28.95,28.92,1.03,3.69%,2000-05-18,1379/02/29
6757,27.95,27.62,28.12,27.89,0.89,3.19%,2000-05-17,1379/02/28
6758,28.36,28.35,28.85,28.78,0.45,1.59%,2000-05-16,1379/02/27
6759,27.64,27.48,28.52,28.33,0.28,1%,2000-05-15,1379/02/26
6760,27.55,27.3,28.38,28.05,0.6,2.19%,2000-05-12,1379/02/23
6761,26.45,26.32,27.6,27.45,1.03,3.90%,2000-05-11,1379/02/22
6762,26.6,26.32,26.74,26.42,0.4,1.51%,2000-05-10,1379/02/21
6763,25.71,25.71,26.95,26.82,0.74,2.84%,2000-05-09,1379/02/20
6764,25.3,25.25,26.15,26.08,0.79,3.12%,2000-05-08,1379/02/19
6765,25.16,24.95,25.4,25.29,0.14,0.56%,2000-05-05,1379/02/16
6766,24.9,24.73,25.5,25.15,0.15,0.60%,2000-05-04,1379/02/15
6767,25.15,24.9,25.7,25,0.08,0.32%,2000-05-03,1379/02/14
6768,24.1,24.05,25.37,25.08,1.19,4.98%,2000-05-02,1379/02/13
6769,23.95,23.85,24.35,23.89,0.13,0.55%,2000-04-28,1379/02/09
6770,23.05,23.05,23.85,23.76,0.78,3.39%,2000-04-27,1379/02/08
6771,23.3,22.95,23.35,22.98,0.35,1.52%,2000-04-26,1379/02/07
6772,23.85,23.3,23.85,23.33,0.5,2.14%,2000-04-25,1379/02/06
6773,23.75,23.55,23.97,23.83,0.06,0.25%,2000-04-20,1379/02/01
6774,23,23,24,23.77,0.72,3.12%,2000-04-19,1379/01/31
6775,23.15,22.67,23.2,23.05,0.31,1.36%,2000-04-18,1379/01/30
6776,22.15,21.9,22.93,22.74,0.33,1.47%,2000-04-17,1379/01/29
6777,22.95,22.35,23.15,22.41,0.25,1.12%,2000-04-14,1379/01/26
6778,23.09,22.6,23.15,22.66,0.46,2.03%,2000-04-13,1379/01/25
6779,21.9,21.9,23.2,23.12,1.45,6.69%,2000-04-12,1379/01/24
6780,21.8,21.4,22.02,21.67,0.37,1.74%,2000-04-11,1379/01/23
6781,22.4,21.3,22.4,21.3,1.28,6.01%,2000-04-10,1379/01/22
6782,23.35,22.5,23.55,22.58,0.87,3.85%,2000-04-07,1379/01/19
6783,23.9,23.42,24.13,23.45,0.3,1.28%,2000-04-06,1379/01/18
6784,23.4,23.35,23.91,23.75,0.1,0.42%,2000-04-05,1379/01/17
6785,24.35,23.62,24.44,23.65,0.86,3.64%,2000-04-04,1379/01/16
6786,25,24.5,25.22,24.51,0.26,1.06%,2000-04-03,1379/01/15
6787,24.8,24.58,25.27,24.77,0.14,0.57%,2000-03-31,1379/01/12
6788,24.4,24.37,24.76,24.63,0.23,0.94%,2000-03-30,1379/01/11
6789,25.24,24.25,25.27,24.4,1.11,4.55%,2000-03-29,1379/01/10
6790,25.55,25.3,25.96,25.51,0.17,0.67%,2000-03-28,1379/01/09
6791,25.65,25.38,25.9,25.68,0.23,0.90%,2000-03-27,1379/01/08
6792,25.75,25.75,26.34,25.91,0.43,1.69%,2000-03-24,1379/01/05
6793,25.35,25.32,25.79,25.48,0.08,0.31%,2000-03-23,1379/01/04
6794,25.45,25.26,26.18,25.4,0.32,1.26%,2000-03-22,1379/01/03
6795,25.2,25.14,25.85,25.72,0.51,2.02%,2000-03-21,1379/01/02
6796,26.4,25.2,26.43,25.21,1.35,5.36%,2000-03-20,1379/01/01
6797,26.9,26.45,27.14,26.56,0.85,3.20%,2000-03-17,1378/12/27
6798,27.2,26.9,27.77,27.41,0.12,0.44%,2000-03-16,1378/12/26
6799,28.35,27.35,28.47,27.53,0.81,2.94%,2000-03-15,1378/12/25
6800,29,28.2,29.13,28.34,0.55,1.94%,2000-03-14,1378/12/24
6801,28.9,28.55,29.13,28.89,0.05,0.17%,2000-03-13,1378/12/23
6802,29.05,28.63,29.4,28.94,0.35,1.21%,2000-03-10,1378/12/20
6803,29.35,28.39,29.9,29.29,0.49,1.70%,2000-03-09,1378/12/19
6804,31.4,28.3,31.4,28.8,3.1,10.76%,2000-03-08,1378/12/18
6805,30.1,30.1,31.95,31.9,2.27,7.66%,2000-03-07,1378/12/17
6806,28.95,28.95,29.69,29.63,0.64,2.21%,2000-03-06,1378/12/16
6807,28.95,28.7,29.28,28.99,0.23,0.79%,2000-03-03,1378/12/13
6808,28.7,28.55,29.47,29.22,0.16,0.55%,2000-03-02,1378/12/12
6809,28,28,29.14,29.06,0.97,3.45%,2000-03-01,1378/12/11
6810,27.35,27.35,28.12,28.09,0.68,2.48%,2000-02-29,1378/12/10
6811,27.2,27.2,27.78,27.41,0.07,0.26%,2000-02-28,1378/12/09
6812,27.25,27.12,28,27.48,0.11,0.40%,2000-02-25,1378/12/06
6813,27,27,27.5,27.37,0.31,1.15%,2000-02-24,1378/12/05
6814,26.5,26.44,27.14,27.06,0.48,1.81%,2000-02-23,1378/12/04
6815,25.85,25.73,26.75,26.58,0.65,2.51%,2000-02-22,1378/12/03
6816,26.35,25.78,26.4,25.93,0.29,1.12%,2000-02-21,1378/12/02
6817,26.65,26.2,26.77,26.22,0.45,1.72%,2000-02-18,1378/11/29
6818,27.15,26.55,27.16,26.67,0.7,2.62%,2000-02-17,1378/11/28
6819,27.15,26.9,27.47,27.37,0.24,0.88%,2000-02-16,1378/11/27
6820,27.2,26.98,27.48,27.13,1.63,6.01%,2000-02-15,1378/11/26
6821,27.85,27.82,28.78,28.76,0.94,3.38%,2000-02-14,1378/11/25
6822,27.5,27.45,28.2,27.82,0.34,1.24%,2000-02-11,1378/11/22
6823,26.75,26.75,27.62,27.48,0.56,2.08%,2000-02-10,1378/11/21
6824,26.45,26.06,26.99,26.92,0.55,2.09%,2000-02-09,1378/11/20
6825,26.73,26.32,26.86,26.37,0.51,1.93%,2000-02-08,1378/11/19
6826,26.85,26.67,27.05,26.88,0.19,0.71%,2000-02-07,1378/11/18
6827,26.65,26.2,27.1,27.07,0.41,1.54%,2000-02-04,1378/11/15
6828,26.12,26.07,26.69,26.66,0.73,2.82%,2000-02-03,1378/11/14
6829,26.62,25.82,26.82,25.93,0.46,1.77%,2000-02-02,1378/11/13
6830,26.1,26.08,26.6,26.39,0.42,1.62%,2000-02-01,1378/11/12
6831,25.4,25.21,26.19,25.97,0.29,1.13%,2000-01-31,1378/11/11
6832,25.45,25.38,25.92,25.68,0.06,0.23%,2000-01-28,1378/11/08
6833,25.9,25.45,26.38,25.62,0.51,1.99%,2000-01-27,1378/11/07
6834,26.9,26.05,26.95,26.13,0.41,1.57%,2000-01-26,1378/11/06
6835,25.88,25.58,26.65,26.54,0.48,1.84%,2000-01-25,1378/11/05
6836,26.68,25.88,26.85,26.06,0.29,1.11%,2000-01-24,1378/11/04
6837,26.55,25.9,27.11,26.35,0.25,0.96%,2000-01-21,1378/11/01
6838,25.98,25.63,26.43,26.1,0.26,1.01%,2000-01-20,1378/10/30
6839,26.3,25.65,26.3,25.84,0.21,0.81%,2000-01-19,1378/10/29
6840,25.95,25.62,26.13,26.05,0.4,1.56%,2000-01-18,1378/10/28
6841,25.55,25.42,25.75,25.65,0.18,0.71%,2000-01-17,1378/10/27
6842,24.98,24.98,25.56,25.47,0.49,1.96%,2000-01-14,1378/10/24
6843,24.84,24.7,25.25,24.98,0.17,0.69%,2000-01-13,1378/10/23
6844,24.35,23.97,25.1,24.81,0.19,0.77%,2000-01-12,1378/10/22
6845,23.9,23.83,24.67,24.62,0.89,3.75%,2000-01-11,1378/10/21
6846,23.04,23.04,23.78,23.73,0.64,2.77%,2000-01-10,1378/10/20
6847,23.57,23.05,23.98,23.09,0.53,2.30%,2000-01-07,1378/10/17
6848,23.55,23.35,24.22,23.62,0.11,0.47%,2000-01-06,1378/10/16
6849,24.25,23.7,24.37,23.73,0.66,2.78%,2000-01-05,1378/10/15
6850,23.9,23.89,24.7,24.39,0.69,2.83%,2000-01-04,1378/10/14
6851,25.28,25.05,25.33,25.08,0.37,1.48%,1999-12-30,1378/10/09
6852,25.9,25.25,25.9,25.45,0.24,0.95%,1999-12-29,1378/10/08
6853,25.18,25.03,25.25,25.21,0.02,0.08%,1999-12-24,1378/10/03
6854,24.55,24.54,25.25,25.19,0.54,2.19%,1999-12-23,1378/10/02
6855,25.31,24.56,25.32,24.65,0.64,2.60%,1999-12-22,1378/10/01
6856,25.37,25.1,25.37,25.29,0.01,0.04%,1999-12-21,1378/09/30
6857,25.45,25.2,25.48,25.3,0.22,0.87%,1999-12-20,1378/09/29
6858,25.4,25.02,25.68,25.52,0.57,2.23%,1999-12-17,1378/09/26
6859,25.37,25.36,26.15,26.09,0.66,2.60%,1999-12-16,1378/09/25
6860,25.45,25.34,25.69,25.43,0.41,1.64%,1999-12-15,1378/09/24
6861,24.47,24.43,25.15,25.02,0.44,1.79%,1999-12-14,1378/09/23
6862,24.7,24.13,24.71,24.58,0.12,0.49%,1999-12-13,1378/09/22
6863,24.9,23.73,24.91,24.46,0.59,2.41%,1999-12-10,1378/09/19
6864,25.7,24.87,25.73,25.05,0.64,2.55%,1999-12-09,1378/09/18
6865,24.95,24.54,25.72,25.69,0.29,1.14%,1999-12-08,1378/09/17
6866,25.7,25.1,25.7,25.4,0.39,1.54%,1999-12-07,1378/09/16
6867,25.24,25.12,25.8,25.79,0.84,3.37%,1999-12-06,1378/09/15
6868,24.9,24.85,25.27,24.95,0.01,0.04%,1999-12-03,1378/09/12
6869,24.35,24.13,25.05,24.96,0.93,3.87%,1999-12-02,1378/09/11
6870,24.25,23.2,24.3,24.03,0.39,1.65%,1999-12-01,1378/09/10
6871,24.75,23.58,24.75,23.64,1.21,5.12%,1999-11-30,1378/09/09
6872,25.2,24.82,25.25,24.85,0.51,2.05%,1999-11-29,1378/09/08
6873,25.52,25.17,25.52,25.36,0.16,0.63%,1999-11-26,1378/09/05
6874,25.88,25.45,25.88,25.52,0.09,0.35%,1999-11-25,1378/09/04
6875,25.45,25.45,25.85,25.61,0.46,1.83%,1999-11-24,1378/09/03
6876,25.58,25.1,25.71,25.15,0.63,2.50%,1999-11-23,1378/09/02
6877,25.9,25.5,25.9,25.78,0.71,2.83%,1999-11-22,1378/09/01
6878,24.4,24.38,25.21,25.07,0.71,2.91%,1999-11-19,1378/08/28
6879,24.72,24.3,25.01,24.36,0.56,2.30%,1999-11-18,1378/08/27
6880,24.9,24.75,25.09,24.92,0.38,1.55%,1999-11-17,1378/08/26
6881,24.4,24.16,24.55,24.54,0.46,1.87%,1999-11-16,1378/08/25
6882,24.85,24.65,25.02,25,0.41,1.67%,1999-11-15,1378/08/24
6883,24.14,23.82,24.6,24.59,0.31,1.28%,1999-11-12,1378/08/21
6884,24.34,23.76,24.36,24.28,0.21,0.86%,1999-11-11,1378/08/20
6885,24.3,24.15,24.81,24.49,0.36,1.49%,1999-11-10,1378/08/19
6886,23.45,23.44,24.15,24.13,0.85,3.65%,1999-11-09,1378/08/18
6887,22.63,22.63,23.3,23.28,0.45,1.97%,1999-11-08,1378/08/17
6888,22.98,22.65,23.1,22.83,0.02,0.09%,1999-11-05,1378/08/14
6889,22.7,22.5,22.88,22.85,0.28,1.24%,1999-11-04,1378/08/13
6890,22.1,22.06,22.72,22.57,0.49,2.22%,1999-11-03,1378/08/12
6891,22.3,22.07,22.45,22.08,0.27,1.22%,1999-11-02,1378/08/11
6892,21.85,21.74,22.36,22.35,0.66,3.04%,1999-11-01,1378/08/10
6893,21.48,21.42,21.8,21.69,0.27,1.26%,1999-10-29,1378/08/07
6894,22.45,21.4,22.45,21.42,1.17,5.46%,1999-10-28,1378/08/06
6895,22.77,22.57,22.86,22.59,0.11,0.49%,1999-10-27,1378/08/05
6896,22.7,22.65,22.97,22.7,0.12,0.53%,1999-10-26,1378/08/04
6897,23.25,22.75,23.4,22.82,0.11,0.48%,1999-10-25,1378/08/03
6898,22.3,22.28,23.05,22.93,0.82,3.71%,1999-10-22,1378/07/30
6899,22.03,21.97,22.35,22.11,0.24,1.10%,1999-10-21,1378/07/29
6900,21.99,21.55,22.2,21.87,0.11,0.51%,1999-10-20,1378/07/28
6901,21.92,21.7,22.25,21.76,0.26,1.19%,1999-10-19,1378/07/27
6902,22.65,22,22.65,22.02,0.48,2.18%,1999-10-18,1378/07/26
6903,21.52,21.45,22.54,22.5,0.42,1.90%,1999-10-15,1378/07/23
6904,22.17,21.97,22.23,22.08,0.14,0.63%,1999-10-14,1378/07/22
6905,22.6,22.06,22.6,22.22,0.17,0.77%,1999-10-13,1378/07/21
6906,21.35,21.35,22.08,22.05,0.82,3.86%,1999-10-12,1378/07/20
6907,20.7,20.35,21.25,21.23,0.53,2.56%,1999-10-11,1378/07/19
6908,21.31,20.2,21.39,20.7,1.38,6.67%,1999-10-08,1378/07/16
6909,22.46,21.97,22.46,22.08,0.68,3.08%,1999-10-07,1378/07/15
6910,22.75,22.65,23.03,22.76,0.17,0.75%,1999-10-06,1378/07/14
6911,22.87,22.35,22.96,22.93,0.05,0.22%,1999-10-05,1378/07/13
6912,23.55,22.89,23.58,22.98,0.69,3%,1999-10-04,1378/07/12
6913,23.72,23.55,23.85,23.67,0.09,0.38%,1999-10-01,1378/07/09
6914,23.6,23.48,23.75,23.58,0.23,0.98%,1999-09-30,1378/07/08
6915,24.05,23.79,24.3,23.81,0.05,0.21%,1999-09-29,1378/07/07
6916,23.95,23.64,23.98,23.76,0.31,1.30%,1999-09-28,1378/07/06
6917,23.8,23.76,24.18,24.07,0.17,0.71%,1999-09-27,1378/07/05
6918,23.7,23.64,24.06,23.9,0.08,0.34%,1999-09-24,1378/07/02
6919,23.1,23.1,23.89,23.82,0.89,3.88%,1999-09-23,1378/07/01
6920,22.78,22.71,23,22.93,0.25,1.10%,1999-09-22,1378/06/31
6921,22.6,22.32,22.95,22.68,0.02,0.09%,1999-09-21,1378/06/30
6922,22.85,22.65,22.92,22.66,0.14,0.62%,1999-09-20,1378/06/29
6923,22.8,22.6,23.01,22.8,0.08,0.35%,1999-09-17,1378/06/26
6924,22.8,22.7,23.24,22.72,0.87,3.83%,1999-09-16,1378/06/25
6925,23.7,23,23.77,23.59,0.12,0.51%,1999-09-15,1378/06/24
6926,23.41,23.41,23.8,23.71,0.23,0.98%,1999-09-14,1378/06/23
6927,23.35,23.15,23.72,23.48,0.04,0.17%,1999-09-13,1378/06/22
6928,22.94,22.8,23.5,23.44,0.4,1.74%,1999-09-10,1378/06/19
6929,22.4,22.4,23.19,23.04,0.77,3.46%,1999-09-09,1378/06/18
6930,21.9,21.86,22.35,22.27,0.29,1.32%,1999-09-08,1378/06/17
6931,21.46,21.34,22.04,21.98,0.62,2.90%,1999-09-07,1378/06/16
6932,21.25,21.2,21.41,21.36,0.33,1.57%,1999-09-06,1378/06/15
6933,20.8,20.8,21.06,21.03,0.23,1.11%,1999-09-03,1378/06/12
6934,20.95,20.74,21.05,20.8,0.31,1.49%,1999-09-02,1378/06/11
6935,21.2,20.95,21.45,21.11,0.22,1.04%,1999-09-01,1378/06/10
6936,21.22,21.11,21.42,21.33,0.57,2.75%,1999-08-31,1378/06/09
6937,20.58,20.36,20.77,20.76,0.19,0.92%,1999-08-27,1378/06/05
6938,19.94,19.83,20.58,20.57,0.79,3.99%,1999-08-26,1378/06/04
6939,20.5,19.67,20.55,19.78,0.85,4.30%,1999-08-25,1378/06/03
6940,20.95,20.57,21,20.63,0.35,1.70%,1999-08-24,1378/06/02
6941,21.11,20.84,21.27,20.98,0.01,0.05%,1999-08-23,1378/06/01
6942,20.95,20.95,21.24,20.99,0.09,0.43%,1999-08-20,1378/05/29
6943,20.5,20.49,20.97,20.9,0.33,1.60%,1999-08-19,1378/05/28
6944,20.75,20.52,20.77,20.57,0.17,0.83%,1999-08-18,1378/05/27
6945,20.34,20.26,20.87,20.74,0.1,0.48%,1999-08-17,1378/05/26
6946,20.58,20.58,20.93,20.84,0.15,0.72%,1999-08-16,1378/05/25
6947,20.42,20.41,21,20.69,0.2,0.98%,1999-08-13,1378/05/22
6948,20.64,20.38,20.64,20.49,0.14,0.68%,1999-08-12,1378/05/21
6949,20.5,20.31,20.85,20.63,0.14,0.68%,1999-08-11,1378/05/20
6950,20.4,20.25,20.57,20.49,0.01,0.05%,1999-08-10,1378/05/19
6951,20.1,19.98,20.51,20.5,0.44,2.19%,1999-08-09,1378/05/18
6952,19.89,19.67,20.07,20.06,0.26,1.31%,1999-08-06,1378/05/15
6953,19.55,19.55,19.85,19.8,0.17,0.87%,1999-08-05,1378/05/14
6954,19.25,19.25,19.9,19.63,0.23,1.19%,1999-08-04,1378/05/13
6955,19.51,19.27,19.57,19.4,0.01,0.05%,1999-08-03,1378/05/12
6956,19.28,19.2,19.49,19.41,0.04,0.21%,1999-08-02,1378/05/11
6957,19.91,19.3,19.95,19.37,0.43,2.22%,1999-07-30,1378/05/08
6958,19.48,19.37,19.88,19.8,0.46,2.38%,1999-07-29,1378/05/07
6959,19.01,19.01,19.5,19.34,0.21,1.10%,1999-07-28,1378/05/06
6960,19.2,18.9,19.27,19.13,0.23,1.20%,1999-07-27,1378/05/05
6961,19.5,19.2,19.54,19.36,0.17,0.88%,1999-07-26,1378/05/04
6962,18.9,18.88,19.55,19.53,0.68,3.61%,1999-07-23,1378/05/01
6963,18.58,18.45,18.86,18.85,0.27,1.45%,1999-07-22,1378/04/31
6964,18.35,18.15,18.7,18.58,0.03,0.16%,1999-07-21,1378/04/30
6965,19.02,18.36,19.06,18.55,0.65,3.50%,1999-07-20,1378/04/29
6966,19.2,19.04,19.36,19.2,0.15,0.78%,1999-07-19,1378/04/28
6967,19.18,18.85,19.4,19.35,0.32,1.68%,1999-07-16,1378/04/25
6968,18.79,18.66,19.12,19.03,0.09,0.48%,1999-07-15,1378/04/24
6969,19.25,18.8,19.43,18.94,0.09,0.48%,1999-07-14,1378/04/23
6970,18.55,18.55,19.09,19.03,0.44,2.37%,1999-07-13,1378/04/22
6971,18.55,18.31,18.65,18.59,0.08,0.43%,1999-07-12,1378/04/21
6972,18.1,17.92,18.6,18.51,0.27,1.48%,1999-07-09,1378/04/18
6973,18.37,18.17,18.64,18.24,0.09,0.50%,1999-07-08,1378/04/17
6974,18.02,17.88,18.17,18.15,0.05,0.28%,1999-07-07,1378/04/16
6975,18.15,17.86,18.28,18.1,0.08,0.44%,1999-07-06,1378/04/15
6976,17.85,17.82,18.2,18.18,0.52,2.94%,1999-07-05,1378/04/14
6977,17.6,17.42,17.7,17.66,0.04,0.23%,1999-07-02,1378/04/11
6978,17.55,17.49,17.76,17.62,0.11,0.63%,1999-07-01,1378/04/10
6979,16.9,16.88,17.52,17.51,0.72,4.29%,1999-06-30,1378/04/09
6980,16.55,16.5,16.8,16.79,0.26,1.57%,1999-06-29,1378/04/08
6981,16.64,16.52,16.67,16.53,0.09,0.54%,1999-06-28,1378/04/07
6982,16.55,16.48,16.72,16.62,0.07,0.42%,1999-06-25,1378/04/04
6983,16.68,16.5,16.86,16.55,0.08,0.48%,1999-06-24,1378/04/03
6984,16.33,16.27,16.78,16.63,0.53,3.29%,1999-06-23,1378/04/02
6985,16.25,16.08,16.38,16.1,0.27,1.68%,1999-06-22,1378/04/01
6986,16.45,16.15,16.48,16.37,0.13,0.79%,1999-06-21,1378/03/31
6987,16.85,16.48,16.9,16.5,0.26,1.58%,1999-06-18,1378/03/28
6988,16.55,16.43,16.78,16.76,0.29,1.76%,1999-06-17,1378/03/27
6989,16.95,16.42,17.2,16.47,0.01,0.06%,1999-06-16,1378/03/26
6990,16.3,16.28,16.49,16.46,0.05,0.30%,1999-06-15,1378/03/25
6991,16.55,16.38,16.8,16.41,0.32,1.95%,1999-06-14,1378/03/24
6992,16,15.97,16.75,16.73,0.66,4.11%,1999-06-11,1378/03/21
6993,16.12,16,16.39,16.07,0.11,0.68%,1999-06-10,1378/03/20
6994,15.75,15.59,16.18,16.18,0.34,2.15%,1999-06-09,1378/03/19
6995,15.99,15.81,16.2,15.84,0.26,1.64%,1999-06-08,1378/03/18
6996,15.64,15.51,16.24,16.1,0.52,3.34%,1999-06-07,1378/03/17
6997,14.98,14.94,15.6,15.58,0.63,4.21%,1999-06-04,1378/03/14
6998,14.8,14.73,15.04,14.95,0.07,0.47%,1999-06-03,1378/03/13
6999,14.6,14.6,14.94,14.88,0.33,2.27%,1999-06-02,1378/03/12
7000,14.95,14.53,15,14.55,0.65,4.47%,1999-06-01,1378/03/11
7001,15.4,15.11,15.42,15.2,0.16,1.05%,1999-05-28,1378/03/07
7002,15.3,15.3,15.59,15.36,0.11,0.72%,1999-05-27,1378/03/06
7003,15.5,15.42,15.66,15.47,0.04,0.26%,1999-05-26,1378/03/05
7004,15.1,15.01,15.45,15.43,0.15,0.98%,1999-05-25,1378/03/04
7005,15.5,15.25,15.6,15.28,0.3,1.96%,1999-05-24,1378/03/03
7006,15.35,15.27,15.58,15.58,0.35,2.30%,1999-05-21,1378/02/31
7007,14.95,14.91,15.52,15.23,0.21,1.40%,1999-05-20,1378/02/30
7008,15.18,15.01,15.35,15.02,0.12,0.80%,1999-05-19,1378/02/29
7009,15.67,15.03,15.67,15.14,0.67,4.43%,1999-05-18,1378/02/28
7010,15.85,15.65,15.94,15.81,0.4,2.53%,1999-05-17,1378/02/27
7011,16.25,16.1,16.52,16.21,0.11,0.68%,1999-05-14,1378/02/24
7012,15.6,15.58,16.13,16.1,0.5,3.21%,1999-05-13,1378/02/23
7013,15.56,15.45,15.65,15.6,0.36,2.31%,1999-05-12,1378/02/22
7014,16.45,15.84,16.45,15.96,0.49,3.07%,1999-05-11,1378/02/21
7015,16.38,16.18,16.5,16.45,0.04,0.24%,1999-05-10,1378/02/20
7016,16.42,16.07,16.42,16.41,0.15,0.91%,1999-05-07,1378/02/17
7017,16.88,16.5,16.92,16.56,0.49,2.96%,1999-05-06,1378/02/16
7018,16.78,16.52,17.09,17.05,0.12,0.71%,1999-05-05,1378/02/15
7019,16.7,16.65,16.94,16.93,0.36,2.17%,1999-05-04,1378/02/14
7020,16.38,16.05,16.68,16.57,0.12,0.73%,1999-04-30,1378/02/10
7021,16.35,16.17,16.47,16.45,0.05,0.30%,1999-04-29,1378/02/09
7022,15.9,15.9,16.42,16.4,0.6,3.80%,1999-04-28,1378/02/08
7023,15.7,15.56,15.8,15.8,0.1,0.64%,1999-04-27,1378/02/07
7024,15.82,15.47,15.85,15.7,0.19,1.21%,1999-04-26,1378/02/06
7025,16.13,15.8,16.13,15.89,0.24,1.51%,1999-04-23,1378/02/03
7026,15.83,15.76,16.2,16.13,0.24,1.51%,1999-04-22,1378/02/02
7027,15.65,15.6,16.06,15.89,0.19,1.21%,1999-04-21,1378/02/01
7028,15.85,15.64,15.96,15.7,0.22,1.40%,1999-04-20,1378/01/31
7029,15.72,15.61,16.1,15.92,0.23,1.47%,1999-04-19,1378/01/30
7030,15.17,15.02,15.75,15.69,0.49,3.22%,1999-04-16,1378/01/27
7031,14.95,14.95,15.24,15.2,0.28,1.88%,1999-04-15,1378/01/26
7032,15,14.75,15.1,14.92,0.28,1.88%,1999-04-14,1378/01/25
7033,14.79,14.74,15.23,15.2,0.39,2.63%,1999-04-13,1378/01/24
7034,14.87,14.74,14.93,14.81,0.05,0.34%,1999-04-12,1378/01/23
7035,14.22,14.22,15.15,14.86,0.65,4.57%,1999-04-09,1378/01/20
7036,14.3,14,14.52,14.21,0.14,0.99%,1999-04-08,1378/01/19
7037,14.73,14.33,14.79,14.35,0.58,4.04%,1999-04-07,1378/01/18
7038,15.07,14.9,15.1,14.93,0.21,1.43%,1999-04-06,1378/01/17
7039,14.7,14.57,14.84,14.72,0.52,3.53%,1999-04-01,1378/01/12
7040,14.81,14.59,15.28,15.24,0.43,2.90%,1999-03-31,1378/01/11
7041,14.85,14.46,14.85,14.81,0.23,1.58%,1999-03-30,1378/01/10
7042,14.4,14.3,14.65,14.58,0.17,1.18%,1999-03-29,1378/01/09
7043,14.05,13.99,14.43,14.41,0.47,3.37%,1999-03-26,1378/01/06
7044,13.55,13.44,13.98,13.94,0.26,1.90%,1999-03-25,1378/01/05
7045,13.9,13.42,14.02,13.68,0.05,0.37%,1999-03-24,1378/01/04
7046,13.84,13.62,13.9,13.73,0.15,1.09%,1999-03-23,1378/01/03
7047,13.7,13.39,13.97,13.88,0.43,3.20%,1999-03-22,1378/01/02
7048,13.48,13.2,13.62,13.45,0.08,0.60%,1999-03-19,1377/12/28
7049,13.53,13.13,13.97,13.37,0.1,0.75%,1999-03-18,1377/12/27
7050,12.85,12.8,13.35,13.27,0.6,4.74%,1999-03-17,1377/12/26
7051,12.58,12.51,12.7,12.67,0.11,0.88%,1999-03-16,1377/12/25
7052,12.63,12.43,12.79,12.56,-,-,1999-03-15,1377/12/24
7053,12.5,12.47,13.19,12.56,0.38,3.12%,1999-03-12,1377/12/21
7054,12.47,12.15,12.7,12.18,0.28,2.30%,1999-03-11,1377/12/20
7055,11.58,11.52,12.63,12.46,0.9,7.79%,1999-03-10,1377/12/19
7056,11.67,11.49,11.99,11.56,0.2,1.73%,1999-03-09,1377/12/18
7057,11.85,11.75,12.14,11.76,0.2,1.73%,1999-03-08,1377/12/17
7058,11.53,11.46,11.74,11.56,0.03,0.26%,1999-03-05,1377/12/14
7059,11.24,11.09,11.76,11.53,0.28,2.49%,1999-03-04,1377/12/13
7060,11.05,11.02,11.38,11.25,0.25,2.27%,1999-03-03,1377/12/12
7061,10.65,10.63,11.02,11,0.27,2.52%,1999-03-02,1377/12/11
7062,10.93,10.71,11,10.73,0.15,1.40%,1999-03-01,1377/12/10
7063,11.05,10.74,11.1,10.88,0.22,2.02%,1999-02-26,1377/12/07
7064,11.08,10.86,11.22,11.1,0.02,0.18%,1999-02-25,1377/12/06
7065,10.9,10.71,11.16,11.08,0.14,1.28%,1999-02-24,1377/12/05
7066,10.63,10.61,11.03,10.94,0.36,3.40%,1999-02-23,1377/12/04
7067,10.45,10.35,10.59,10.58,0.18,1.73%,1999-02-22,1377/12/03
7068,10.45,10.36,10.64,10.4,0.21,2.02%,1999-02-19,1377/11/30
7069,10.1,10.06,10.78,10.61,0.48,4.74%,1999-02-18,1377/11/29
7070,9.95,9.9,10.21,10.13,0.08,0.80%,1999-02-17,1377/11/28
7071,10.45,10.02,10.49,10.05,0.32,3.18%,1999-02-16,1377/11/27
7072,10.45,10.33,10.49,10.37,0.06,0.58%,1999-02-15,1377/11/26
7073,10.39,10.36,10.52,10.43,0.33,3.27%,1999-02-12,1377/11/23
7074,10.17,10.07,10.27,10.1,0.07,0.69%,1999-02-11,1377/11/22
7075,10.28,10.13,10.35,10.17,0.08,0.79%,1999-02-10,1377/11/21
7076,10.17,10.03,10.24,10.09,0.07,0.69%,1999-02-09,1377/11/20
7077,10.43,10.1,10.49,10.16,0.25,2.46%,1999-02-08,1377/11/19
7078,10.55,10.33,10.65,10.41,0.16,1.54%,1999-02-05,1377/11/16
7079,10.89,10.56,10.92,10.57,0.32,3.03%,1999-02-04,1377/11/15
7080,10.75,10.74,11.22,10.89,0.04,0.37%,1999-02-03,1377/11/14
7081,10.87,10.73,10.94,10.85,0.03,0.28%,1999-02-02,1377/11/13
7082,11.41,10.86,11.45,10.88,0.47,4.32%,1999-02-01,1377/11/12
7083,10.94,10.92,11.37,11.35,0.35,3.18%,1999-01-29,1377/11/09
7084,10.95,10.72,11,11,0.12,1.10%,1999-01-28,1377/11/08
7085,10.52,10.49,10.95,10.88,0.24,2.26%,1999-01-27,1377/11/07
7086,10.85,10.46,10.85,10.64,0.21,1.97%,1999-01-26,1377/11/06
7087,11.03,10.78,11.03,10.85,0.25,2.30%,1999-01-25,1377/11/05
7088,11.1,10.63,11.25,11.1,0.12,1.09%,1999-01-22,1377/11/02
7089,10.65,10.53,11.02,10.98,0.47,4.47%,1999-01-21,1377/11/01
7090,10.85,10.42,10.85,10.51,0.3,2.85%,1999-01-20,1377/10/30
7091,10.67,10.63,11.14,10.81,0.1,0.93%,1999-01-19,1377/10/29
7092,10.85,10.57,10.9,10.71,0.08,0.75%,1999-01-18,1377/10/28
7093,10.94,10.78,10.97,10.79,0.39,3.61%,1999-01-15,1377/10/25
7094,11.23,11.15,11.47,11.18,0.12,1.08%,1999-01-14,1377/10/24
7095,11.4,10.84,11.46,11.06,0.44,3.98%,1999-01-13,1377/10/23
7096,12,11.49,12.03,11.5,0.54,4.70%,1999-01-12,1377/10/22
7097,11.9,11.8,12.33,12.04,0.31,2.64%,1999-01-11,1377/10/21
7098,11.45,11.45,11.89,11.73,0.2,1.73%,1999-01-08,1377/10/18
7099,11.3,11.23,11.79,11.53,0.07,0.61%,1999-01-07,1377/10/17
7100,10.75,10.65,11.5,11.46,0.93,8.83%,1999-01-06,1377/10/16
7101,11.05,10.51,11.05,10.53,0.43,4.08%,1999-01-05,1377/10/15
7102,10.93,10.88,11.03,10.96,0.43,4.08%,1999-01-04,1377/10/14
7103,10.45,10.4,10.56,10.53,-,-,1998-12-31,1377/10/10
7104,10.55,10.31,10.6,10.53,0.08,0.76%,1998-12-30,1377/10/09
7105,10.42,10.31,10.63,10.61,0.5,4.95%,1998-12-29,1377/10/08
7106,10.14,10.09,10.2,10.11,0.06,0.59%,1998-12-24,1377/10/03
7107,10.1,10.05,10.28,10.17,0.16,1.60%,1998-12-23,1377/10/02
7108,9.8,9.8,10.05,10.01,0.26,2.67%,1998-12-22,1377/10/01
7109,9.95,9.55,10.19,9.75,0.23,2.36%,1998-12-21,1377/09/30
7110,10.35,9.9,10.35,9.98,0.11,1.10%,1998-12-18,1377/09/27
7111,11,10.08,11.3,10.09,0.91,9.02%,1998-12-17,1377/09/26
7112,10.75,10.71,11.2,11,0.77,7.53%,1998-12-16,1377/09/25
7113,10.2,10.1,10.5,10.23,0.1,0.99%,1998-12-15,1377/09/24
7114,9.97,9.82,10.19,10.13,0.31,3.16%,1998-12-14,1377/09/23
7115,9.7,9.67,9.95,9.82,0.18,1.87%,1998-12-11,1377/09/20
7116,9.91,9.6,10.05,9.64,0.34,3.53%,1998-12-10,1377/09/19
7117,10.08,9.96,10.33,9.98,0.13,1.30%,1998-12-09,1377/09/18
7118,10.38,10.05,10.64,10.11,0.15,1.48%,1998-12-08,1377/09/17
7119,10.39,9.9,10.39,10.26,0.07,0.69%,1998-12-07,1377/09/16
7120,10.26,10.13,10.35,10.19,0.01,0.10%,1998-12-04,1377/09/13
7121,10.41,10.16,10.62,10.18,0.18,1.77%,1998-12-03,1377/09/12
7122,10.24,10.09,10.43,10.36,0.14,1.37%,1998-12-02,1377/09/11
7123,10.44,10.06,10.51,10.22,0.24,2.35%,1998-12-01,1377/09/10
7124,11,10.08,11,10.46,0.68,6.50%,1998-11-30,1377/09/09
7125,10.95,10.95,11.2,11.14,0.14,1.27%,1998-11-27,1377/09/06
7126,10.85,10.81,11.05,11,0.1,0.92%,1998-11-26,1377/09/05
7127,11.2,10.65,11.36,10.9,0.29,2.66%,1998-11-25,1377/09/04
7128,11.32,11.13,11.43,11.19,0.11,0.98%,1998-11-24,1377/09/03
7129,11.84,11.27,11.87,11.3,0.38,3.36%,1998-11-23,1377/09/02
7130,11.58,11.4,11.75,11.68,0.19,1.65%,1998-11-20,1377/08/29
7131,11.65,11.42,11.73,11.49,0.06,0.52%,1998-11-19,1377/08/28
7132,11.4,11.15,11.7,11.55,0.12,1.05%,1998-11-18,1377/08/27
7133,11.77,11.43,11.85,11.43,0.3,2.62%,1998-11-17,1377/08/26
7134,12.03,11.72,12.32,11.73,0.71,6.05%,1998-11-16,1377/08/25
7135,12.63,12.43,12.67,12.44,0.03,0.24%,1998-11-13,1377/08/22
7136,12.36,12.24,12.51,12.41,0.3,2.48%,1998-11-12,1377/08/21
7137,12.2,12.1,12.45,12.11,0.07,0.58%,1998-11-11,1377/08/20
7138,12,11.87,12.2,12.04,0.14,1.18%,1998-11-10,1377/08/19
7139,12.45,11.85,12.48,11.9,0.45,3.78%,1998-11-09,1377/08/18
7140,12.54,12.33,12.7,12.35,0.15,1.21%,1998-11-06,1377/08/15
7141,12.78,12.49,12.79,12.5,0.32,2.56%,1998-11-05,1377/08/14
7142,12.62,12.57,12.95,12.82,0.02,0.16%,1998-11-04,1377/08/13
7143,13.06,12.78,13.08,12.84,0.22,1.71%,1998-11-03,1377/08/12
7144,13.32,13.06,13.44,13.06,0.16,1.23%,1998-11-02,1377/08/11
7145,13.06,12.72,13.23,13.22,0.14,1.07%,1998-10-30,1377/08/08
7146,13.16,12.9,13.24,13.08,0.11,0.84%,1998-10-29,1377/08/07
7147,12.94,12.78,13.2,13.19,0.23,1.77%,1998-10-28,1377/08/06
7148,13.16,12.72,13.38,12.96,0.08,0.62%,1998-10-27,1377/08/05
7149,13,12.93,13.2,13.04,0.28,2.19%,1998-10-26,1377/08/04
7150,12.75,12.75,13.11,12.76,-,-,1998-10-23,1377/08/01
7151,12.85,12.64,12.95,12.76,0.09,0.71%,1998-10-22,1377/07/30
7152,12.51,12.45,13.17,12.85,0.49,3.96%,1998-10-21,1377/07/29
7153,12.44,12.22,12.52,12.36,0.03,0.24%,1998-10-20,1377/07/28
7154,13.25,12.38,13.36,12.39,0.74,5.97%,1998-10-19,1377/07/27
7155,13.1,13.1,13.27,13.13,0.55,4.37%,1998-10-16,1377/07/24
7156,12.65,12.5,12.73,12.58,0.11,0.87%,1998-10-15,1377/07/23
7157,13.1,12.65,13.13,12.69,0.34,2.68%,1998-10-14,1377/07/22
7158,13.13,12.87,13.3,13.03,0.07,0.54%,1998-10-13,1377/07/21
7159,13.29,13.1,13.4,13.1,0.17,1.30%,1998-10-12,1377/07/20
7160,13.3,12.95,13.42,13.27,0.09,0.68%,1998-10-09,1377/07/17
7161,13.71,13.15,13.79,13.18,0.6,4.55%,1998-10-08,1377/07/16
7162,14.02,13.75,14.1,13.78,0.34,2.47%,1998-10-07,1377/07/15
7163,14,13.81,14.14,14.12,0.05,0.36%,1998-10-06,1377/07/14
7164,14.13,13.89,14.29,14.07,0.29,2.06%,1998-10-05,1377/07/13
7165,14.15,13.93,14.39,14.36,0.25,1.77%,1998-10-02,1377/07/10
7166,14.68,13.95,14.9,14.11,0.57,4.04%,1998-10-01,1377/07/09
7167,14.47,14.38,14.73,14.68,0.07,0.48%,1998-09-30,1377/07/08
7168,14.34,14.14,14.63,14.61,0.26,1.81%,1998-09-29,1377/07/07
7169,14.53,14.21,14.55,14.35,0.08,0.56%,1998-09-28,1377/07/06
7170,14.78,14.34,14.8,14.43,0.25,1.73%,1998-09-25,1377/07/03
7171,14.35,14.31,14.9,14.68,0.16,1.10%,1998-09-24,1377/07/02
7172,14.59,14.43,14.73,14.52,0.03,0.21%,1998-09-23,1377/07/01
7173,14.21,14.13,14.58,14.49,0.11,0.76%,1998-09-22,1377/06/31
7174,14.33,14.1,14.45,14.38,0.21,1.48%,1998-09-21,1377/06/30
7175,13.7,13.59,14.31,14.17,0.63,4.65%,1998-09-18,1377/06/27
7176,13.45,13.37,13.61,13.54,0.28,2.11%,1998-09-17,1377/06/26
7177,13.4,13.25,13.6,13.26,0.24,1.84%,1998-09-16,1377/06/25
7178,12.87,12.86,13.1,13.02,0.17,1.32%,1998-09-15,1377/06/24
7179,13.09,12.83,13.24,12.85,0.08,0.62%,1998-09-14,1377/06/23
7180,13.6,12.92,13.74,12.93,0.34,2.63%,1998-09-11,1377/06/20
7181,12.94,12.89,13.47,13.27,0.51,4%,1998-09-10,1377/06/19
7182,13.05,12.75,13.1,12.76,0.23,1.80%,1998-09-09,1377/06/18
7183,13.08,12.91,13.24,12.99,0.07,0.54%,1998-09-08,1377/06/17
7184,13.4,13.03,13.45,13.06,0.25,1.91%,1998-09-07,1377/06/16
7185,13.3,13.13,13.72,13.31,0.13,0.98%,1998-09-04,1377/06/13
7186,12.47,12.47,13.47,13.44,0.98,7.87%,1998-09-03,1377/06/12
7187,12.5,12.44,12.66,12.46,0.13,1.04%,1998-09-02,1377/06/11
7188,12.3,12.19,12.61,12.59,0.03,0.24%,1998-09-01,1377/06/10
7189,12.15,12.13,12.58,12.56,0.28,2.28%,1998-08-28,1377/06/06
7190,12.41,11.98,12.46,12.28,0.22,1.79%,1998-08-27,1377/06/05
7191,12.55,12.31,12.7,12.5,0.18,1.44%,1998-08-26,1377/06/04
7192,12.49,12.48,12.7,12.68,0.13,1.04%,1998-08-25,1377/06/03
7193,12.3,12.17,12.56,12.55,0.28,2.28%,1998-08-24,1377/06/02
7194,12.55,12.1,12.57,12.27,0.37,3.02%,1998-08-21,1377/05/30
7195,12.2,12.15,12.68,12.64,0.35,2.85%,1998-08-20,1377/05/29
7196,12.3,12.15,12.34,12.29,0.2,1.65%,1998-08-19,1377/05/28
7197,12.25,12.02,12.37,12.09,0.19,1.57%,1998-08-18,1377/05/27
7198,12.55,12.25,12.56,12.28,0.23,1.91%,1998-08-17,1377/05/26
7199,12.15,11.93,12.18,12.05,0.04,0.33%,1998-08-14,1377/05/23
7200,11.9,11.9,12.36,12.09,0.32,2.72%,1998-08-13,1377/05/22
7201,11.75,11.68,11.9,11.77,0.13,1.12%,1998-08-12,1377/05/21
7202,11.95,11.55,12.02,11.64,0.27,2.32%,1998-08-11,1377/05/20
7203,12.6,11.9,12.69,11.91,0.68,5.71%,1998-08-10,1377/05/19
7204,12.76,12.57,12.8,12.59,0.02,0.16%,1998-08-07,1377/05/16
7205,12.6,12.51,12.82,12.61,0.04,0.32%,1998-08-06,1377/05/15
7206,12.58,12.42,12.98,12.57,0.13,1.03%,1998-08-05,1377/05/14
7207,12.72,12.56,12.79,12.7,0.14,1.11%,1998-08-04,1377/05/13
7208,13.06,12.55,13.06,12.56,0.53,4.22%,1998-08-03,1377/05/12
7209,13.05,12.96,13.14,13.09,0.01,0.08%,1998-07-31,1377/05/09
7210,13.13,12.87,13.24,13.08,0.02,0.15%,1998-07-30,1377/05/08
7211,13,12.88,13.11,13.06,0.13,1%,1998-07-29,1377/05/07
7212,13.13,13.02,13.25,13.19,0.07,0.53%,1998-07-28,1377/05/06
7213,12.9,12.82,13.15,13.12,0.29,2.26%,1998-07-27,1377/05/05
7214,12.68,12.56,12.85,12.83,0.13,1.02%,1998-07-24,1377/05/02
7215,12.94,12.5,13.01,12.7,0.17,1.34%,1998-07-23,1377/05/01
7216,12.62,12.41,12.91,12.87,0.03,0.23%,1998-07-22,1377/04/31
7217,12.45,12.38,12.9,12.9,0.54,4.37%,1998-07-21,1377/04/30
7218,12.85,12.25,12.88,12.36,0.44,3.56%,1998-07-20,1377/04/29
7219,13.07,12.75,13.14,12.8,0.02,0.16%,1998-07-17,1377/04/26
7220,12.82,12.74,12.9,12.78,0.15,1.17%,1998-07-16,1377/04/25
7221,13.3,12.89,13.36,12.93,0.09,0.70%,1998-07-15,1377/04/24
7222,12.85,12.82,13.16,13.02,0.31,2.44%,1998-07-14,1377/04/23
7223,12.68,12.6,12.9,12.71,0.15,1.18%,1998-07-13,1377/04/22
7224,13.13,12.84,13.16,12.86,0.17,1.32%,1998-07-10,1377/04/19
7225,13.25,13,13.32,13.03,0.09,0.69%,1998-07-09,1377/04/18
7226,12.76,12.76,13.25,13.12,0.37,2.90%,1998-07-08,1377/04/17
7227,12.95,12.7,13.02,12.75,0.2,1.57%,1998-07-07,1377/04/16
7228,13.46,12.93,13.54,12.95,0.6,4.63%,1998-07-06,1377/04/15
7229,13.62,13.48,13.62,13.55,0.02,0.15%,1998-07-03,1377/04/12
7230,13.54,13.5,13.7,13.57,0.15,1.12%,1998-07-02,1377/04/11
7231,13.42,13.32,13.47,13.42,0.04,0.30%,1998-07-01,1377/04/10
7232,13.28,13.27,13.65,13.38,0.19,1.44%,1998-06-30,1377/04/09
7233,13.15,13.07,13.26,13.19,0.02,0.15%,1998-06-29,1377/04/08
7234,12.99,12.95,13.41,13.21,0.1,0.76%,1998-06-26,1377/04/05
7235,13.58,12.99,13.58,13.11,0.5,3.81%,1998-06-25,1377/04/04
7236,14.08,13.5,14.39,13.61,0.31,2.28%,1998-06-24,1377/04/03
7237,13.6,13.55,14,13.92,0.68,5.14%,1998-06-23,1377/04/02
7238,13,13,13.49,13.24,0.39,3.04%,1998-06-22,1377/04/01
7239,12.9,12.85,13.14,12.85,0.07,0.55%,1998-06-19,1377/03/29
7240,13.03,12.72,13.13,12.78,0.28,2.19%,1998-06-18,1377/03/28
7241,13.05,13,13.49,13.06,0.34,2.67%,1998-06-17,1377/03/27
7242,12.69,12.58,13.15,12.72,0.55,4.52%,1998-06-16,1377/03/26
7243,12.55,12.15,12.55,12.17,0.24,1.97%,1998-06-15,1377/03/25
7244,13.05,12.4,13.15,12.41,0.46,3.71%,1998-06-12,1377/03/22
7245,13.5,12.85,13.63,12.87,0.46,3.57%,1998-06-11,1377/03/21
7246,13.45,13.13,13.74,13.33,0.16,1.20%,1998-06-10,1377/03/20
7247,14.05,13.47,14.24,13.49,0.73,5.41%,1998-06-09,1377/03/19
7248,14.53,14.2,14.57,14.22,0.38,2.67%,1998-06-08,1377/03/18
7249,14.5,14.47,14.74,14.6,0.12,0.83%,1998-06-05,1377/03/15
7250,14.4,14.3,14.76,14.48,0.44,3.13%,1998-06-04,1377/03/14
7251,14,13.76,14.22,14.04,0.1,0.71%,1998-06-03,1377/03/13
7252,14.1,14.1,14.36,14.14,0.09,0.64%,1998-06-02,1377/03/12
7253,14.21,14.02,14.34,14.23,0.14,0.98%,1998-06-01,1377/03/11
7254,14,13.96,14.44,14.37,0.24,1.70%,1998-05-29,1377/03/08
7255,14.05,13.9,14.14,14.13,0.1,0.71%,1998-05-28,1377/03/07
7256,14.1,13.99,14.25,14.23,0.09,0.64%,1998-05-27,1377/03/06
7257,14.07,13.65,14.15,14.14,0.08,0.57%,1998-05-26,1377/03/05
7258,14.1,13.79,14.16,14.06,0.08,0.57%,1998-05-22,1377/03/01
7259,13.85,13.72,14,13.98,0.26,1.90%,1998-05-21,1377/02/31
7260,14.2,13.65,14.32,13.72,0.66,4.81%,1998-05-20,1377/02/30
7261,14.38,14.28,14.52,14.38,0.08,0.56%,1998-05-19,1377/02/29
7262,14.28,14.24,14.49,14.46,0.06,0.42%,1998-05-18,1377/02/28
7263,14.79,14.31,14.79,14.4,0.28,1.94%,1998-05-15,1377/02/25
7264,14.9,14.43,14.9,14.68,-,-,1998-05-14,1377/02/24
7265,15.29,14.65,15.29,14.68,0.43,2.93%,1998-05-13,1377/02/23
7266,14.85,14.85,15.25,15.11,0.27,1.82%,1998-05-12,1377/02/22
7267,14.7,14.59,15.08,14.84,0.15,1.02%,1998-05-11,1377/02/21
7268,14.54,14.52,14.95,14.69,0.22,1.52%,1998-05-08,1377/02/18
7269,14.47,14.44,14.8,14.47,0.02,0.14%,1998-05-07,1377/02/17
7270,14.53,14.45,14.79,14.49,0.15,1.04%,1998-05-06,1377/02/16
7271,14.85,14.58,14.9,14.64,0.49,3.35%,1998-05-05,1377/02/15
7272,14.56,14.45,15.26,15.13,0.67,4.63%,1998-05-01,1377/02/11
7273,14.35,14.13,14.5,14.46,0.21,1.47%,1998-04-30,1377/02/10
7274,14.63,14.18,14.67,14.25,0.35,2.46%,1998-04-29,1377/02/09
7275,14.34,14.26,14.62,14.6,0.39,2.74%,1998-04-28,1377/02/08
7276,13.98,13.75,14.25,14.21,0.31,2.23%,1998-04-27,1377/02/07
7277,14.1,13.81,14.14,13.9,0.08,0.58%,1998-04-24,1377/02/04
7278,14.21,13.84,14.3,13.98,0.12,0.86%,1998-04-23,1377/02/03
7279,14.38,14.07,14.49,14.1,0.41,2.91%,1998-04-22,1377/02/02
7280,14.4,14.32,14.68,14.51,0.12,0.83%,1998-04-21,1377/02/01
7281,14.35,14.35,14.54,14.39,0.03,0.21%,1998-04-20,1377/01/31
7282,14.64,14.35,14.95,14.36,0.28,1.95%,1998-04-17,1377/01/28
7283,14.4,14.33,14.78,14.64,1.16,8.61%,1998-04-16,1377/01/27
7284,13.45,13.32,13.55,13.48,0.03,0.22%,1998-04-15,1377/01/26
7285,13.7,13.41,13.78,13.45,0.55,4.09%,1998-04-14,1377/01/25
7286,14.15,14,14.21,14,0.02,0.14%,1998-04-09,1377/01/20
7287,13.8,13.67,14.12,13.98,0.3,2.19%,1998-04-08,1377/01/19
7288,13.7,13.57,13.77,13.68,0.19,1.39%,1998-04-07,1377/01/18
7289,14.35,13.82,14.35,13.87,0.54,3.89%,1998-04-06,1377/01/17
7290,14.55,14.39,14.7,14.41,0.24,1.69%,1998-04-03,1377/01/14
7291,14.18,14.04,14.34,14.17,0.24,1.72%,1998-04-02,1377/01/13
7292,14.2,13.91,14.42,13.93,0.33,2.37%,1998-04-01,1377/01/12
7293,14.45,14.14,14.47,14.26,0.51,3.58%,1998-03-31,1377/01/11
7294,15.45,14.76,15.52,14.77,0.63,4.27%,1998-03-30,1377/01/10
7295,15.4,15.28,15.6,15.4,0.04,0.26%,1998-03-27,1377/01/07
7296,15.1,14.95,15.82,15.44,0.3,1.98%,1998-03-26,1377/01/06
7297,14.15,14.15,15.15,15.14,0.61,4.20%,1998-03-25,1377/01/05
7298,14.75,14.45,14.88,14.53,0.51,3.51%,1998-03-24,1377/01/04
7299,14.9,14.78,15.63,15.04,1.82,13.77%,1998-03-23,1377/01/03
7300,13.21,12.99,13.42,13.22,0.11,0.84%,1998-03-20,1376/12/29
7301,13.2,13.1,13.52,13.11,-,-,1998-03-19,1376/12/28
7302,12.47,12.4,13.4,13.11,0.85,6.93%,1998-03-18,1376/12/27
7303,12.25,11.9,12.46,12.26,0.05,0.41%,1998-03-17,1376/12/26
7304,12.65,12.26,12.68,12.31,0.45,3.66%,1998-03-16,1376/12/25
7305,13.02,12.75,13.19,12.76,0.21,1.65%,1998-03-13,1376/12/22
7306,12.92,12.7,13.05,12.97,0.01,0.08%,1998-03-12,1376/12/21
7307,13.19,12.95,13.27,12.96,0.04,0.31%,1998-03-11,1376/12/20
7308,13.08,12.94,13.21,13,0.02,0.15%,1998-03-10,1376/12/19
7309,13.45,12.85,13.45,12.98,0.61,4.70%,1998-03-09,1376/12/18
7310,14,13.57,14.07,13.59,0.41,3.02%,1998-03-06,1376/12/15
7311,13.92,13.92,14.2,14,0.08,0.57%,1998-03-05,1376/12/14
7312,14.04,13.8,14.15,13.92,-,-,1998-03-04,1376/12/13
7313,14,13.85,14.22,13.92,0.13,0.93%,1998-03-03,1376/12/12
7314,14.3,14.03,14.3,14.05,0.12,0.85%,1998-03-02,1376/12/11
7315,14.07,13.94,14.38,14.17,0.14,1%,1998-02-27,1376/12/08
7316,14.12,13.92,14.53,14.03,0.12,0.86%,1998-02-26,1376/12/07
7317,13.78,13.78,14.15,13.91,0.08,0.58%,1998-02-25,1376/12/06
7318,13.93,13.73,14.1,13.83,-,-,1998-02-24,1376/12/05
7319,14.12,13.8,14.44,13.83,0.84,6.07%,1998-02-23,1376/12/04
7320,14.87,14.64,15.06,14.67,0.18,1.23%,1998-02-20,1376/12/01
7321,14.92,14.82,15.3,14.85,0.09,0.61%,1998-02-19,1376/11/30
7322,14.42,14.22,15.1,14.94,0.53,3.68%,1998-02-18,1376/11/29
7323,14.62,14.37,14.65,14.41,0.07,0.49%,1998-02-17,1376/11/28
7324,14.85,14.45,14.86,14.48,0.37,2.56%,1998-02-16,1376/11/27
7325,14.85,14.8,15.01,14.85,0.3,2.06%,1998-02-13,1376/11/24
7326,14.6,14.5,14.67,14.55,0.04,0.27%,1998-02-12,1376/11/23
7327,15.12,14.55,15.2,14.59,0.44,3.02%,1998-02-11,1376/11/22
7328,15.25,15.02,15.28,15.03,0.21,1.40%,1998-02-10,1376/11/21
7329,15.3,15.2,15.37,15.24,0.06,0.39%,1998-02-09,1376/11/20
7330,15.28,15.21,15.6,15.3,0.08,0.53%,1998-02-06,1376/11/17
7331,15.15,15.05,15.48,15.22,0.17,1.13%,1998-02-05,1376/11/16
7332,15.25,14.96,15.29,15.05,0.12,0.80%,1998-02-04,1376/11/15
7333,15.76,15.16,15.78,15.17,0.51,3.36%,1998-02-03,1376/11/14
7334,15.95,15.45,15.95,15.68,0.28,1.79%,1998-02-02,1376/11/13
7335,16.59,15.8,16.6,15.96,0.63,3.95%,1998-01-30,1376/11/10
7336,16.18,16.14,16.73,16.59,0.51,3.17%,1998-01-29,1376/11/09
7337,15.9,15.85,16.15,16.08,0.29,1.84%,1998-01-28,1376/11/08
7338,15.85,15.6,16.15,15.79,0.02,0.13%,1998-01-27,1376/11/07
7339,14.9,14.86,16.2,15.77,1.03,6.99%,1998-01-26,1376/11/06
7340,15.01,14.7,15.14,14.74,0.26,1.76%,1998-01-23,1376/11/03
7341,15.02,14.78,15.04,15,0.26,1.73%,1998-01-22,1376/11/02
7342,15.38,15.18,15.44,15.26,0.14,0.92%,1998-01-21,1376/11/01
7343,15.83,15.36,15.89,15.4,0.43,2.79%,1998-01-20,1376/10/30
7344,15.69,15.69,15.88,15.83,0.36,2.33%,1998-01-19,1376/10/29
7345,15.38,15.31,15.56,15.47,0.03,0.19%,1998-01-16,1376/10/26
7346,15.37,15.37,15.67,15.44,0.09,0.59%,1998-01-15,1376/10/25
7347,15.4,15.33,15.57,15.35,0.03,0.20%,1998-01-14,1376/10/24
7348,15.45,15.36,15.72,15.38,0.05,0.33%,1998-01-13,1376/10/23
7349,15.1,15.1,15.5,15.33,0.17,1.11%,1998-01-12,1376/10/22
7350,15.82,15.45,15.9,15.5,0.22,1.42%,1998-01-09,1376/10/19
7351,15.85,15.7,15.94,15.72,0.11,0.70%,1998-01-08,1376/10/18
7352,15.5,15.49,15.85,15.61,0.06,0.38%,1998-01-07,1376/10/17
7353,15.81,15.55,16.24,15.67,0.12,0.77%,1998-01-06,1376/10/16
7354,16.25,15.78,16.29,15.79,0.63,3.99%,1998-01-05,1376/10/15
7355,16.8,16.4,16.8,16.42,0.1,0.61%,1998-01-02,1376/10/12
7356,16.6,16.5,16.62,16.52,0.15,0.91%,1997-12-31,1376/10/10
7357,16.8,16.56,16.8,16.67,0.07,0.42%,1997-12-30,1376/10/09
7358,17.13,16.56,17.18,16.6,0.73,4.40%,1997-12-29,1376/10/08
7359,17.4,17.3,17.4,17.33,-,-,1997-12-24,1376/10/03
7360,17.2,17.15,17.44,17.33,0.05,0.29%,1997-12-23,1376/10/02
7361,17.35,17.28,17.49,17.28,0.25,1.45%,1997-12-22,1376/10/01
7362,17.75,17.44,18.01,17.53,0.27,1.54%,1997-12-19,1376/09/28
7363,17.47,17.46,17.88,17.8,0.4,2.30%,1997-12-18,1376/09/27
7364,17.2,17.2,17.55,17.4,0.18,1.05%,1997-12-17,1376/09/26
7365,17.15,17.1,17.3,17.22,0.04,0.23%,1997-12-16,1376/09/25
7366,17.25,17.25,17.49,17.26,0.05,0.29%,1997-12-15,1376/09/24
7367,17.55,17.3,17.64,17.31,0.1,0.58%,1997-12-12,1376/09/21
7368,17.36,17.2,17.59,17.41,0.01,0.06%,1997-12-11,1376/09/20
7369,17.99,17.38,18,17.42,0.5,2.87%,1997-12-10,1376/09/19
7370,18.15,17.9,18.18,17.92,0.23,1.28%,1997-12-09,1376/09/18
7371,18.27,18.14,18.34,18.15,0.02,0.11%,1997-12-08,1376/09/17
7372,17.92,17.9,18.31,18.13,0.13,0.72%,1997-12-05,1376/09/14
7373,18.2,17.93,18.27,18,0.17,0.94%,1997-12-04,1376/09/13
7374,18.05,17.87,18.2,18.17,0.02,0.11%,1997-12-03,1376/09/12
7375,18.23,18.08,18.3,18.19,0.03,0.17%,1997-12-02,1376/09/11
7376,18.44,17.95,18.48,18.16,0.78,4.30%,1997-12-01,1376/09/10
7377,18.77,18.68,18.95,18.94,0.18,0.96%,1997-11-28,1376/09/07
7378,18.6,18.55,18.79,18.76,0.2,1.08%,1997-11-27,1376/09/06
7379,18.87,18.36,18.87,18.56,0.53,2.86%,1997-11-26,1376/09/05
7380,19.12,18.98,19.13,19.09,-,-,1997-11-25,1376/09/04
7381,18.84,18.81,19.1,19.09,0.21,1.11%,1997-11-24,1376/09/03
7382,18.83,18.54,18.9,18.88,0.2,1.07%,1997-11-21,1376/08/30
7383,18.9,18.56,19.04,18.68,0.5,2.68%,1997-11-20,1376/08/29
7384,19.22,19.03,19.3,19.18,0.04,0.21%,1997-11-19,1376/08/28
7385,19.44,19.15,19.56,19.22,0.16,0.83%,1997-11-18,1376/08/27
7386,19.71,19.25,19.78,19.38,0.67,3.46%,1997-11-17,1376/08/26
7387,19.9,19.85,20.15,20.05,0.27,1.37%,1997-11-14,1376/08/23
7388,19.56,19.51,19.84,19.78,0.26,1.33%,1997-11-13,1376/08/22
7389,19.65,19.5,19.68,19.52,0.08,0.41%,1997-11-12,1376/08/21
7390,19.57,19.5,19.65,19.6,0.15,0.77%,1997-11-11,1376/08/20
7391,20.08,19.44,20.08,19.45,0.34,1.75%,1997-11-10,1376/08/19
7392,19.53,19.52,19.95,19.79,0.32,1.64%,1997-11-07,1376/08/16
7393,19.6,19.39,19.66,19.47,0.09,0.46%,1997-11-06,1376/08/15
7394,19.61,19.35,19.73,19.38,0.23,1.19%,1997-11-05,1376/08/14
7395,19.94,19.6,20.04,19.61,0.34,1.73%,1997-11-04,1376/08/13
7396,20.45,19.9,20.45,19.95,0.07,0.35%,1997-11-03,1376/08/12
7397,20.19,20.01,20.31,20.02,0.08,0.40%,1997-10-31,1376/08/09
7398,19.85,19.78,20.23,20.1,0.46,2.34%,1997-10-30,1376/08/08
7399,19.55,19.5,19.93,19.64,0.21,1.08%,1997-10-29,1376/08/07
7400,19.94,19.3,19.97,19.43,0.56,2.88%,1997-10-28,1376/08/06
7401,20.1,19.97,20.32,19.99,0.1,0.50%,1997-10-27,1376/08/05
7402,20.11,19.82,20.31,19.89,0.13,0.65%,1997-10-24,1376/08/02
7403,20.35,20,20.37,20.02,0.32,1.60%,1997-10-23,1376/08/01
7404,19.94,19.91,20.39,20.34,0.59,2.99%,1997-10-22,1376/07/30
7405,19.8,19.73,19.9,19.75,0.02,0.10%,1997-10-21,1376/07/29
7406,19.85,19.63,19.88,19.77,0.02,0.10%,1997-10-20,1376/07/28
7407,20.1,19.5,20.56,19.75,0.04,0.20%,1997-10-17,1376/07/25
7408,19.67,19.63,19.82,19.79,0.28,1.44%,1997-10-16,1376/07/24
7409,19.7,19.49,19.84,19.51,0.07,0.36%,1997-10-15,1376/07/23
7410,20.14,19.5,20.3,19.58,0.56,2.86%,1997-10-14,1376/07/22
7411,20.42,20,20.62,20.14,0.59,2.93%,1997-10-13,1376/07/21
7412,20.75,20.62,20.9,20.73,0.06,0.29%,1997-10-10,1376/07/18
7413,20.9,20.57,21.03,20.79,0.03,0.14%,1997-10-09,1376/07/17
7414,20.55,20.45,21,20.82,0.13,0.63%,1997-10-08,1376/07/16
7415,20.55,20.5,20.85,20.69,0.05,0.24%,1997-10-07,1376/07/15
7416,21.63,20.5,21.75,20.64,0.97,4.70%,1997-10-06,1376/07/14
7417,20.5,20.45,21.67,21.61,1.13,5.52%,1997-10-03,1376/07/11
7418,19.76,19.62,20.51,20.48,0.66,3.33%,1997-10-02,1376/07/10
7419,19.82,19.75,19.95,19.82,0.08,0.40%,1997-10-01,1376/07/09
7420,19.85,19.8,20.13,19.9,0.05,0.25%,1997-09-30,1376/07/08
7421,19.54,19.43,19.97,19.95,0.39,1.99%,1997-09-29,1376/07/07
7422,19.12,19.05,19.6,19.56,0.42,2.19%,1997-09-26,1376/07/04
7423,18.84,18.84,19.24,19.14,0.34,1.81%,1997-09-25,1376/07/03
7424,18.55,18.53,18.84,18.8,0.16,0.86%,1997-09-24,1376/07/02
7425,18.7,18.63,18.82,18.64,0.01,0.05%,1997-09-23,1376/07/01
7426,18.53,18.48,18.74,18.63,0.23,1.25%,1997-09-22,1376/06/31
7427,18.4,18.39,18.5,18.4,0.01,0.05%,1997-09-19,1376/06/28
7428,18.44,18.33,18.6,18.41,-,-,1997-09-18,1376/06/27
7429,18.59,18.4,18.67,18.41,0.17,0.92%,1997-09-17,1376/06/26
7430,18.35,18.31,18.8,18.58,0.35,1.92%,1997-09-16,1376/06/25
7431,18.2,18.16,18.3,18.23,0.03,0.16%,1997-09-15,1376/06/24
7432,18.31,18.2,18.38,18.26,0.04,0.22%,1997-09-12,1376/06/21
7433,18.35,18.27,18.53,18.3,-,-,1997-09-11,1376/06/20
7434,18.43,18.28,18.48,18.3,0.02,0.11%,1997-09-10,1376/06/19
7435,18.3,18.25,18.45,18.28,0.05,0.27%,1997-09-09,1376/06/18
7436,18.55,18.32,18.56,18.33,0.14,0.76%,1997-09-08,1376/06/17
7437,18.35,18.15,18.75,18.47,0.21,1.15%,1997-09-05,1376/06/14
7438,18.45,18.24,18.49,18.26,0.11,0.60%,1997-09-04,1376/06/13
7439,18.6,18.34,18.6,18.37,0.07,0.38%,1997-09-03,1376/06/12
7440,18.38,18.21,18.63,18.44,0.01,0.05%,1997-09-02,1376/06/11
7441,18.5,18.4,18.55,18.43,0.08,0.43%,1997-09-01,1376/06/10
7442,18.4,18.39,18.58,18.51,0.11,0.60%,1997-08-29,1376/06/07
7443,18.55,18.38,18.61,18.4,0.16,0.87%,1997-08-28,1376/06/06
7444,18.11,18.1,18.75,18.56,0.36,1.98%,1997-08-27,1376/06/05
7445,18.25,18.17,18.32,18.2,0.34,1.87%,1997-08-26,1376/06/04
7446,18.6,18.5,18.67,18.54,0.03,0.16%,1997-08-22,1376/05/31
7447,18.9,18.45,18.98,18.51,0.45,2.43%,1997-08-21,1376/05/30
7448,19.18,18.94,19.22,18.96,0.11,0.58%,1997-08-20,1376/05/29
7449,19,18.92,19.29,19.07,0.14,0.74%,1997-08-19,1376/05/28
7450,18.85,18.71,18.94,18.93,0.06,0.32%,1997-08-18,1376/05/27
7451,19.04,18.83,19.07,18.99,0.2,1.05%,1997-08-15,1376/05/24
7452,19,18.95,19.29,19.19,0.2,1.05%,1997-08-14,1376/05/23
7453,18.8,18.62,19.15,18.99,0.14,0.74%,1997-08-13,1376/05/22
7454,18.56,18.55,18.86,18.85,0.27,1.45%,1997-08-12,1376/05/21
7455,18.4,18.35,18.59,18.58,0.1,0.54%,1997-08-11,1376/05/20
7456,18.82,18.28,18.88,18.48,0.42,2.27%,1997-08-08,1376/05/17
7457,19.12,18.8,19.23,18.9,0.3,1.59%,1997-08-07,1376/05/16
7458,19.5,19.1,19.5,19.2,0.32,1.67%,1997-08-06,1376/05/15
7459,19.35,19.3,19.58,19.52,0.06,0.31%,1997-08-05,1376/05/14
7460,18.9,18.8,19.64,19.46,0.51,2.69%,1997-08-04,1376/05/13
7461,18.76,18.63,19,18.95,0.01,0.05%,1997-08-01,1376/05/10
7462,19.02,18.45,19.09,18.94,0.03,0.16%,1997-07-31,1376/05/09
7463,18.8,18.68,19,18.97,0.38,2.04%,1997-07-30,1376/05/08
7464,18.51,18.45,18.65,18.59,0.18,0.98%,1997-07-29,1376/05/07
7465,18.63,18.35,18.7,18.41,0.12,0.65%,1997-07-28,1376/05/06
7466,18.36,18.3,18.59,18.53,0.09,0.49%,1997-07-25,1376/05/03
7467,18.42,18.34,18.5,18.44,0.05,0.27%,1997-07-24,1376/05/02
7468,18.22,18.2,18.43,18.39,0.17,0.93%,1997-07-23,1376/05/01
7469,18.14,18.12,18.31,18.22,0.13,0.72%,1997-07-22,1376/04/31
7470,18.12,17.98,18.2,18.09,0.03,0.17%,1997-07-21,1376/04/30
7471,18.6,18.11,18.68,18.12,0.57,3.15%,1997-07-18,1376/04/27
7472,18.3,18.26,18.79,18.69,0.29,1.58%,1997-07-17,1376/04/26
7473,18.41,18.31,18.45,18.4,0.01,0.05%,1997-07-16,1376/04/25
7474,17.81,17.8,18.48,18.39,0.57,3.20%,1997-07-15,1376/04/24
7475,18.21,17.8,18.45,17.82,0.27,1.52%,1997-07-14,1376/04/23
7476,17.9,17.9,18.15,18.09,0.13,0.72%,1997-07-11,1376/04/20
7477,18.23,17.85,18.23,17.96,0.26,1.45%,1997-07-10,1376/04/19
7478,18.15,18.08,18.4,18.22,0.16,0.88%,1997-07-09,1376/04/18
7479,18.21,18.08,18.39,18.38,0.19,1.04%,1997-07-08,1376/04/17
7480,18.08,17.97,18.28,18.19,0.13,0.72%,1997-07-07,1376/04/16
7481,18.25,18.04,18.27,18.06,0.15,0.83%,1997-07-04,1376/04/13
7482,18.85,18.17,18.85,18.21,0.71,3.90%,1997-07-03,1376/04/12
7483,18.69,18.5,18.96,18.92,0.12,0.64%,1997-07-02,1376/04/11
7484,18.54,18.54,18.85,18.8,0.29,1.57%,1997-07-01,1376/04/10
7485,18.35,18.27,18.57,18.51,0.33,1.82%,1997-06-30,1376/04/09
7486,17.94,17.94,18.24,18.18,0.33,1.85%,1997-06-27,1376/04/06
7487,18.16,17.82,18.17,17.85,0.37,2.07%,1997-06-26,1376/04/05
7488,17.8,17.7,18.45,18.22,0.35,1.96%,1997-06-25,1376/04/04
7489,18.04,17.73,18.14,17.87,0.11,0.62%,1997-06-24,1376/04/03
7490,17.86,17.71,18,17.98,0.31,1.75%,1997-06-23,1376/04/02
7491,17.87,17.48,17.91,17.67,0.11,0.62%,1997-06-20,1376/03/30
7492,17.75,17.68,17.97,17.78,0.01,0.06%,1997-06-19,1376/03/29
7493,17.96,17.68,17.98,17.77,0.31,1.74%,1997-06-18,1376/03/28
7494,18.07,18.02,18.32,18.08,0.22,1.23%,1997-06-17,1376/03/27
7495,17.85,17.72,17.98,17.86,0.17,0.96%,1997-06-16,1376/03/26
7496,17.66,17.65,17.85,17.69,0.25,1.43%,1997-06-13,1376/03/23
7497,17.5,17.38,17.6,17.44,0.09,0.52%,1997-06-12,1376/03/22
7498,17.63,17.32,17.9,17.35,0.15,0.86%,1997-06-11,1376/03/21
7499,17.6,17.45,17.85,17.5,0.06,0.34%,1997-06-10,1376/03/20
7500,17.75,17.54,17.78,17.56,0.14,0.80%,1997-06-09,1376/03/19
7501,18.48,17.59,18.51,17.7,0.62,3.50%,1997-06-06,1376/03/16
7502,18.75,18.25,18.78,18.32,0.4,2.18%,1997-06-05,1376/03/15
7503,18.78,18.7,18.97,18.72,0.18,0.96%,1997-06-04,1376/03/14
7504,19.43,18.88,19.48,18.9,0.62,3.28%,1997-06-03,1376/03/13
7505,19.31,19.31,19.62,19.52,0.12,0.62%,1997-06-02,1376/03/12
7506,19.45,19.25,19.46,19.4,0.08,0.41%,1997-05-30,1376/03/09
7507,19.17,19.1,19.63,19.48,0.24,1.25%,1997-05-29,1376/03/08
7508,19.3,19.09,19.34,19.24,0.02,0.10%,1997-05-28,1376/03/07
7509,19.84,19.12,19.88,19.22,0.78,4.06%,1997-05-27,1376/03/06
7510,20.1,19.93,20.22,20,0.18,0.90%,1997-05-23,1376/03/02
7511,20.13,20.08,20.35,20.18,0.05,0.25%,1997-05-22,1376/03/01
7512,20.08,19.75,20.16,20.13,0.13,0.65%,1997-05-21,1376/02/31
7513,20.06,19.84,20.36,20,0.16,0.80%,1997-05-20,1376/02/30
7514,20.1,20.06,20.34,20.16,0.19,0.94%,1997-05-19,1376/02/29
7515,19.45,19.43,20.6,20.35,0.91,4.68%,1997-05-16,1376/02/26
7516,19.6,19.33,19.6,19.44,0.07,0.36%,1997-05-15,1376/02/25
7517,19.35,19.2,19.65,19.51,0.11,0.56%,1997-05-14,1376/02/24
7518,19.75,19.44,19.78,19.62,0.1,0.51%,1997-05-13,1376/02/23
7519,19,19,19.89,19.72,0.79,4.17%,1997-05-12,1376/02/22
7520,18.71,18.63,18.94,18.93,0.24,1.28%,1997-05-09,1376/02/19
7521,18.12,18.11,18.78,18.69,0.53,2.92%,1997-05-08,1376/02/18
7522,18.17,18.09,18.28,18.16,0.09,0.50%,1997-05-07,1376/02/17
7523,17.97,17.87,18.19,18.07,0.1,0.56%,1997-05-06,1376/02/16
7524,18.27,17.88,18.39,17.97,0.32,1.78%,1997-05-02,1376/02/12
7525,18.42,18.26,18.61,18.29,0.23,1.26%,1997-05-01,1376/02/11
7526,18.61,18.43,18.75,18.52,0.09,0.49%,1997-04-30,1376/02/10
7527,18.28,18.2,18.7,18.61,0.35,1.92%,1997-04-29,1376/02/09
7528,18.23,18.18,18.34,18.26,0.01,0.05%,1997-04-28,1376/02/08
7529,18.45,18.25,18.55,18.27,0.14,0.77%,1997-04-25,1376/02/05
7530,18.19,18.03,18.43,18.41,0.35,1.94%,1997-04-24,1376/02/04
7531,18.15,17.81,18.19,18.06,0.07,0.39%,1997-04-23,1376/02/03
7532,18.38,17.95,18.64,17.99,0.35,1.95%,1997-04-22,1376/02/02
7533,18.05,18.03,18.48,18.34,0.42,2.34%,1997-04-21,1376/02/01
7534,17.85,17.81,18.13,17.92,0.23,1.30%,1997-04-18,1376/01/29
7535,17.82,17.61,17.95,17.69,0.12,0.68%,1997-04-17,1376/01/28
7536,17.93,17.78,18.05,17.81,0.15,0.84%,1997-04-16,1376/01/27
7537,18.16,17.84,18.16,17.96,0.23,1.28%,1997-04-15,1376/01/26
7538,18.05,18.04,18.3,18.19,0.31,1.73%,1997-04-14,1376/01/25
7539,18.05,17.86,18.2,17.88,0.05,0.28%,1997-04-11,1376/01/22
7540,17.8,17.54,18.3,17.93,0.18,1.01%,1997-04-10,1376/01/21
7541,18.03,17.72,18.34,17.75,0.18,1.01%,1997-04-09,1376/01/20
7542,17.85,17.8,18.09,17.93,0.17,0.96%,1997-04-08,1376/01/19
7543,17.9,17.74,18.11,17.76,0.08,0.45%,1997-04-07,1376/01/18
7544,18.18,17.65,18.36,17.68,0.5,2.83%,1997-04-04,1376/01/15
7545,18.3,18.07,18.4,18.18,0.33,1.82%,1997-04-03,1376/01/14
7546,19.04,18.5,19.09,18.51,0.6,3.24%,1997-04-02,1376/01/13
7547,19.06,19.01,19.27,19.11,0.27,1.41%,1997-04-01,1376/01/12
7548,19.2,19.2,19.45,19.38,0.09,0.47%,1997-03-27,1376/01/07
7549,19.64,19.23,19.9,19.29,0.25,1.30%,1997-03-26,1376/01/06
7550,19.5,19.46,19.77,19.54,0.05,0.26%,1997-03-25,1376/01/05
7551,19.92,19.58,19.92,19.59,0.4,2.04%,1997-03-24,1376/01/04
7552,20.33,19.96,20.34,19.99,0.19,0.95%,1997-03-21,1376/01/01
7553,20.2,20.06,20.55,20.18,0.14,0.69%,1997-03-20,1375/12/30
7554,20.39,20.21,20.84,20.32,0.07,0.35%,1997-03-19,1375/12/29
7555,19.53,19.38,20.5,20.25,0.75,3.85%,1997-03-18,1375/12/28
7556,19.8,19.48,19.97,19.5,0.64,3.28%,1997-03-17,1375/12/27
7557,20.1,20.07,20.35,20.14,0.25,1.26%,1997-03-14,1375/12/24
7558,19.76,19.76,20.02,19.89,0.28,1.43%,1997-03-13,1375/12/23
7559,19.24,18.9,19.7,19.61,0.37,1.92%,1997-03-12,1375/12/22
7560,19.24,18.93,19.28,19.24,0.04,0.21%,1997-03-11,1375/12/21
7561,19.85,19.23,19.95,19.28,0.58,3.01%,1997-03-10,1375/12/20
7562,19.91,19.55,20.07,19.86,0.16,0.81%,1997-03-07,1375/12/17
7563,19.19,19.16,19.78,19.7,0.3,1.55%,1997-03-06,1375/12/16
7564,19.66,19.15,19.73,19.4,0.1,0.52%,1997-03-05,1375/12/15
7565,19.05,18.95,19.63,19.5,0.58,3.07%,1997-03-04,1375/12/14
7566,18.95,18.68,19.12,18.92,0.07,0.37%,1997-03-03,1375/12/13
7567,19.23,18.8,19.26,18.85,0.5,2.65%,1997-02-28,1375/12/10
7568,19.66,19.32,19.71,19.35,0.23,1.19%,1997-02-27,1375/12/09
7569,19.65,19.3,19.84,19.58,0.13,0.67%,1997-02-26,1375/12/08
7570,19.09,19.09,19.76,19.45,0.33,1.73%,1997-02-25,1375/12/07
7571,19.75,19.1,19.87,19.12,0.67,3.50%,1997-02-24,1375/12/06
7572,19.95,19.76,20,19.79,0.29,1.47%,1997-02-21,1375/12/03
7573,20.51,20.07,20.62,20.08,0.55,2.74%,1997-02-20,1375/12/02
7574,20.55,20.47,20.74,20.63,0.24,1.18%,1997-02-19,1375/12/01
7575,20.34,20.1,20.62,20.39,0.05,0.25%,1997-02-18,1375/11/30
7576,20.4,20.33,20.51,20.34,0.15,0.74%,1997-02-17,1375/11/29
7577,20.55,20.34,20.67,20.49,-,-,1997-02-14,1375/11/26
7578,20.5,20.3,20.7,20.49,0.03,0.15%,1997-02-13,1375/11/25
7579,21.05,20.5,21.25,20.52,0.62,3.02%,1997-02-12,1375/11/24
7580,21.2,21.05,21.38,21.14,0.01,0.05%,1997-02-11,1375/11/23
7581,21.17,20.55,21.23,21.13,0.18,0.86%,1997-02-10,1375/11/22
7582,21.7,20.89,21.85,20.95,0.74,3.53%,1997-02-07,1375/11/19
7583,22.37,21.57,22.4,21.69,0.78,3.60%,1997-02-06,1375/11/18
7584,22.4,22.34,22.63,22.47,0.04,0.18%,1997-02-05,1375/11/17
7585,22.63,22.3,22.77,22.43,0.11,0.49%,1997-02-04,1375/11/16
7586,22.45,22.35,22.65,22.54,0.02,0.09%,1997-02-03,1375/11/15
7587,23.13,22.5,23.21,22.52,0.66,2.93%,1997-01-31,1375/11/12
7588,22.81,22.75,23.25,23.18,0.41,1.80%,1997-01-30,1375/11/11
7589,22.35,22.32,22.8,22.77,0.52,2.34%,1997-01-29,1375/11/10
7590,22.2,22.18,22.39,22.25,0.2,0.91%,1997-01-28,1375/11/09
7591,22.25,22,22.44,22.05,0.21,0.95%,1997-01-27,1375/11/08
7592,22.33,22.25,22.58,22.26,0.16,0.72%,1997-01-24,1375/11/05
7593,22.78,22.4,22.9,22.42,0.06,0.27%,1997-01-23,1375/11/04
7594,22.5,22.31,22.8,22.48,0.12,0.54%,1997-01-22,1375/11/03
7595,22.46,22.32,22.77,22.36,0.22,0.98%,1997-01-21,1375/11/02
7596,22.4,22.29,22.91,22.58,0.04,0.18%,1997-01-20,1375/11/01
7597,22.85,22.53,22.94,22.54,1.05,4.66%,1997-01-17,1375/10/28
7598,23.65,23.44,23.71,23.59,0.25,1.06%,1997-01-16,1375/10/27
7599,23.5,23.08,24.1,23.84,0.48,2.05%,1997-01-15,1375/10/26
7600,23.46,23.2,23.55,23.36,0.12,0.51%,1997-01-14,1375/10/25
7601,24.46,23.47,24.6,23.48,0.86,3.66%,1997-01-13,1375/10/24
7602,24.5,24.18,24.51,24.34,0.23,0.94%,1997-01-10,1375/10/21
7603,24.78,24.53,24.91,24.57,0.23,0.94%,1997-01-09,1375/10/20
7604,24.47,24.22,24.8,24.8,0.21,0.85%,1997-01-08,1375/10/19
7605,24.5,24.42,24.7,24.59,0.03,0.12%,1997-01-07,1375/10/18
7606,24.16,24.15,24.73,24.56,0.44,1.82%,1997-01-06,1375/10/17
7607,24.15,23.8,24.15,24.12,0.1,0.41%,1997-01-03,1375/10/14
7608,24.5,24.04,24.61,24.22,0.41,1.72%,1997-01-02,1375/10/13
7609,23.68,23.68,23.82,23.81,0.12,0.51%,1996-12-31,1375/10/11
7610,23.6,23.55,23.97,23.69,0.27,1.15%,1996-12-30,1375/10/10
7611,23.5,23.35,23.67,23.42,0.03,0.13%,1996-12-27,1375/10/07
7612,23.31,23.3,23.55,23.39,0.2,0.86%,1996-12-24,1375/10/04
7613,23.4,23.16,23.55,23.19,0.27,1.16%,1996-12-23,1375/10/03
7614,23.73,23.46,23.94,23.46,0.52,2.22%,1996-12-20,1375/09/30
7615,23.8,23.62,24,23.98,0.06,0.25%,1996-12-19,1375/09/29
7616,23.76,23.21,23.95,23.92,0.22,0.93%,1996-12-18,1375/09/28
7617,23.8,23.51,23.85,23.7,0.4,1.69%,1996-12-17,1375/09/27
7618,23.55,23.44,24.25,24.1,0.57,2.42%,1996-12-16,1375/09/26
7619,22.77,22.65,23.55,23.53,1.01,4.48%,1996-12-13,1375/09/23
7620,22.49,22.27,22.68,22.52,0.37,1.67%,1996-12-12,1375/09/22
7621,23.05,22,23.07,22.15,1.14,5.15%,1996-12-11,1375/09/21
7622,23.92,23.24,24,23.29,0.81,3.48%,1996-12-10,1375/09/20
7623,24.25,23.77,24.25,24.1,0.44,1.83%,1996-12-09,1375/09/19
7624,24.5,23.92,24.6,24.54,0.09,0.37%,1996-12-06,1375/09/16
7625,24.02,23.96,24.65,24.63,0.85,3.57%,1996-12-05,1375/09/15
7626,23.63,23.46,23.96,23.78,0.01,0.04%,1996-12-04,1375/09/14
7627,23.51,23.34,23.81,23.77,0.15,0.64%,1996-12-03,1375/09/13
7628,22.85,22.68,23.65,23.62,0.85,3.73%,1996-12-02,1375/09/12
7629,22.62,22.49,22.82,22.77,0.17,0.75%,1996-11-29,1375/09/09
7630,22.83,22.55,22.89,22.6,0.12,0.53%,1996-11-28,1375/09/08
7631,22.9,22.56,23.02,22.72,0.02,0.09%,1996-11-27,1375/09/07
7632,22.6,22.49,22.93,22.74,0.12,0.53%,1996-11-26,1375/09/06
7633,23.15,22.6,23.18,22.62,0.41,1.81%,1996-11-25,1375/09/05
7634,23.31,22.8,23.54,23.03,0.1,0.43%,1996-11-22,1375/09/02
7635,22.8,22.68,23.16,23.13,0.59,2.62%,1996-11-21,1375/09/01
7636,23.5,22.38,23.7,22.54,0.84,3.73%,1996-11-20,1375/08/30
7637,23,22.93,23.48,23.38,0.51,2.23%,1996-11-19,1375/08/29
7638,23.18,22.85,23.18,22.87,0.43,1.88%,1996-11-18,1375/08/28
7639,23.48,23.28,23.58,23.3,0.51,2.19%,1996-11-15,1375/08/25
7640,23.97,23.77,23.99,23.81,0.08,0.34%,1996-11-14,1375/08/24
7641,23,22.98,23.92,23.89,1.06,4.64%,1996-11-13,1375/08/23
7642,22.95,22.75,22.98,22.83,0.18,0.79%,1996-11-12,1375/08/22
7643,23.15,22.87,23.31,23.01,0.03,0.13%,1996-11-11,1375/08/21
7644,22.4,22.27,23,22.98,0.77,3.47%,1996-11-08,1375/08/18
7645,22.45,22.12,22.48,22.21,0.06,0.27%,1996-11-07,1375/08/17
7646,22.25,22.11,22.62,22.15,0.04,0.18%,1996-11-06,1375/08/16
7647,22.3,22.15,22.5,22.19,0.09,0.41%,1996-11-05,1375/08/15
7648,22.59,22.2,22.7,22.28,0.22,0.99%,1996-11-04,1375/08/14
7649,22.65,22.45,22.84,22.5,0.17,0.76%,1996-11-01,1375/08/11
7650,23.65,22.62,23.92,22.67,0.9,3.97%,1996-10-31,1375/08/10
7651,23.53,23.35,23.65,23.57,0.17,0.72%,1996-10-30,1375/08/09
7652,24.05,23.62,24.12,23.74,0.44,1.85%,1996-10-29,1375/08/08
7653,24.23,24.02,24.56,24.18,0.04,0.17%,1996-10-28,1375/08/07
7654,23.9,23.78,24.25,24.22,0.47,1.98%,1996-10-25,1375/08/04
7655,23.78,23.65,24.07,23.75,0.32,1.35%,1996-10-24,1375/08/03
7656,24.43,24.01,24.52,24.07,0.59,2.45%,1996-10-23,1375/08/02
7657,24.5,24.17,24.84,24.66,0.02,0.08%,1996-10-22,1375/08/01
7658,24.65,24.38,24.8,24.64,0.11,0.45%,1996-10-21,1375/07/30
7659,24.3,24.3,24.59,24.53,0.34,1.41%,1996-10-18,1375/07/27
7660,24,23.72,24.35,24.19,0.64,2.65%,1996-10-17,1375/07/26
7661,25,24.8,25.04,24.83,0.1,0.40%,1996-10-16,1375/07/25
7662,24.8,24.61,25.06,24.73,0.13,0.53%,1996-10-15,1375/07/24
7663,24.15,24.13,24.92,24.86,0.88,3.67%,1996-10-14,1375/07/23
7664,23.7,23.65,24,23.98,0.39,1.65%,1996-10-11,1375/07/20
7665,24.12,23.54,24.18,23.59,0.68,2.88%,1996-10-10,1375/07/19
7666,24.41,24.23,24.64,24.27,0.31,1.28%,1996-10-09,1375/07/18
7667,24.3,24.07,24.7,24.58,0.09,0.37%,1996-10-08,1375/07/17
7668,23.8,23.78,24.5,24.49,0.64,2.68%,1996-10-07,1375/07/16
7669,23.72,23.48,23.88,23.85,0.11,0.46%,1996-10-04,1375/07/13
7670,23.02,23,23.76,23.74,0.64,2.77%,1996-10-03,1375/07/12
7671,23.3,22.94,23.45,23.1,0.03,0.13%,1996-10-02,1375/07/11
7672,22.9,22.67,23.32,23.07,0.14,0.61%,1996-10-01,1375/07/10
7673,23.52,23.09,23.63,23.21,0.26,1.12%,1996-09-30,1375/07/09
7674,22.89,22.67,23.49,23.47,0.54,2.35%,1996-09-27,1375/07/06
7675,23.2,22.92,23.4,22.93,0.27,1.18%,1996-09-26,1375/07/05
7676,23.05,22.63,23.32,23.2,0.24,1.05%,1996-09-25,1375/07/04
7677,22.32,22.32,22.97,22.96,0.7,3.14%,1996-09-24,1375/07/03
7678,22.03,21.83,22.29,22.26,0.27,1.23%,1996-09-23,1375/07/02
7679,21.89,21.76,22.07,21.99,0.08,0.37%,1996-09-20,1375/06/30
7680,22.28,21.75,22.28,21.91,0.4,1.83%,1996-09-19,1375/06/29
7681,22.12,21.99,22.35,22.31,0.6,2.76%,1996-09-18,1375/06/28
7682,21.85,21.5,22.13,21.71,0.11,0.51%,1996-09-17,1375/06/27
7683,22.52,21.55,22.55,21.6,2.52,11.67%,1996-09-16,1375/06/26
7684,24.15,24,24.27,24.12,0.25,1.05%,1996-09-13,1375/06/23
7685,23.76,23.35,24.39,23.87,0.29,1.23%,1996-09-12,1375/06/22
7686,23.08,23.04,23.82,23.58,0.7,3.06%,1996-09-11,1375/06/21
7687,22.57,22.32,22.96,22.88,0.27,1.19%,1996-09-10,1375/06/20
7688,22.54,22.31,22.73,22.61,0.07,0.31%,1996-09-09,1375/06/19
7689,22.27,22.21,22.6,22.54,0.38,1.71%,1996-09-06,1375/06/16
7690,21.9,21.79,22.22,22.16,0.05,0.23%,1996-09-05,1375/06/15
7691,22.07,21.65,22.27,22.11,0.1,0.45%,1996-09-04,1375/06/14
7692,22.5,21.57,22.85,22.21,0.22,1%,1996-09-03,1375/06/13
7693,21.48,21.45,22,21.99,1.21,5.82%,1996-09-02,1375/06/12
7694,20.87,20.64,21,20.78,0.03,0.14%,1996-08-30,1375/06/09
7695,20.46,20.38,20.88,20.75,0.48,2.37%,1996-08-29,1375/06/08
7696,19.98,19.95,20.51,20.27,0.24,1.20%,1996-08-28,1375/06/07
7697,20.12,20.02,20.37,20.03,0.38,1.90%,1996-08-27,1375/06/06
7698,20.74,20.4,20.8,20.41,0.31,1.52%,1996-08-23,1375/06/02
7699,20.29,20.29,20.8,20.72,0.52,2.57%,1996-08-22,1375/06/01
7700,20.32,20.16,20.44,20.2,0.27,1.34%,1996-08-21,1375/05/31
7701,20.8,20.43,20.8,20.47,0.38,1.86%,1996-08-20,1375/05/30
7702,20.6,20.47,20.98,20.85,0.32,1.56%,1996-08-19,1375/05/29
7703,19.98,19.87,20.6,20.53,0.04,0.19%,1996-08-16,1375/05/26
7704,20.52,20.48,20.61,20.57,0.11,0.53%,1996-08-15,1375/05/25
7705,20.8,20.55,20.8,20.68,0.05,0.24%,1996-08-14,1375/05/24
7706,20.55,20.35,20.81,20.73,0.07,0.34%,1996-08-13,1375/05/23
7707,20.01,20.01,20.67,20.66,0.73,3.66%,1996-08-12,1375/05/22
7708,19.8,19.76,20,19.93,0.04,0.20%,1996-08-09,1375/05/19
7709,19.76,19.7,20.05,19.97,0.21,1.06%,1996-08-08,1375/05/18
7710,19.63,19.21,19.8,19.76,0.14,0.71%,1996-08-07,1375/05/17
7711,19.63,19.35,19.65,19.62,0.01,0.05%,1996-08-06,1375/05/16
7712,19.9,19.47,20.05,19.63,0.04,0.20%,1996-08-05,1375/05/15
7713,19.19,19.12,19.78,19.59,0.19,0.98%,1996-08-02,1375/05/12
7714,19,18.79,19.44,19.4,0.5,2.65%,1996-08-01,1375/05/11
7715,18.8,18.8,19.08,18.9,0.13,0.69%,1996-07-31,1375/05/10
7716,18.91,18.67,18.91,18.77,0.12,0.64%,1996-07-30,1375/05/09
7717,18.84,18.67,18.95,18.89,0.17,0.91%,1996-07-29,1375/05/08
7718,19.2,18.67,19.2,18.72,0.5,2.67%,1996-07-26,1375/05/05
7719,19.06,19.04,19.31,19.22,0.15,0.79%,1996-07-25,1375/05/04
7720,19.47,19.03,19.57,19.07,0.34,1.78%,1996-07-24,1375/05/03
7721,19.19,19.1,19.46,19.41,0.24,1.25%,1996-07-23,1375/05/02
7722,19.15,18.9,19.34,19.17,0.05,0.26%,1996-07-22,1375/05/01
7723,19.47,19.06,19.62,19.22,0.21,1.09%,1996-07-19,1375/04/29
7724,19.44,19.32,19.68,19.43,0.03,0.15%,1996-07-18,1375/04/28
7725,20,19.13,20,19.4,1.06,5.46%,1996-07-17,1375/04/27
7726,20.32,20.3,20.55,20.46,0.01,0.05%,1996-07-16,1375/04/26
7727,19.93,19.72,20.54,20.45,0.44,2.20%,1996-07-15,1375/04/25
7728,20,19.75,20.05,20.01,0.03,0.15%,1996-07-12,1375/04/22
7729,19.71,19.64,20.05,20.04,0.4,2.04%,1996-07-11,1375/04/21
7730,19.6,19.54,19.75,19.64,0.11,0.56%,1996-07-10,1375/04/20
7731,19.36,19.2,19.56,19.53,0.18,0.93%,1996-07-09,1375/04/19
7732,19.65,19.11,19.8,19.35,0.39,2.02%,1996-07-08,1375/04/18
7733,19.6,19.59,19.8,19.74,0.22,1.13%,1996-07-05,1375/04/15
7734,19.36,19.36,19.55,19.52,0.21,1.09%,1996-07-04,1375/04/14
7735,19,18.94,19.4,19.31,0.26,1.36%,1996-07-03,1375/04/13
7736,19.35,19.03,19.4,19.05,0.42,2.20%,1996-07-02,1375/04/12
7737,18.93,18.91,19.53,19.47,0.56,2.96%,1996-07-01,1375/04/11
7738,18.9,18.8,19.2,18.91,0.04,0.21%,1996-06-28,1375/04/08
7739,18.63,18.46,19.24,18.87,0.16,0.86%,1996-06-27,1375/04/07
7740,18.22,18.16,18.85,18.71,0.62,3.43%,1996-06-26,1375/04/06
7741,18.1,18.01,18.23,18.09,0.01,0.06%,1996-06-25,1375/04/05
7742,18,17.95,18.21,18.1,0.04,0.22%,1996-06-24,1375/04/04
7743,18.15,18.01,18.35,18.06,0.02,0.11%,1996-06-21,1375/04/01
7744,18.06,17.92,18.23,18.08,0.08,0.44%,1996-06-20,1375/03/31
7745,18.23,17.97,18.5,18,0.2,1.11%,1996-06-19,1375/03/30
7746,18.55,18.15,18.65,18.2,0.45,2.47%,1996-06-18,1375/03/29
7747,17.93,17.89,18.8,18.65,0.8,4.48%,1996-06-17,1375/03/28
7748,17.5,17.48,17.87,17.85,0.16,0.90%,1996-06-14,1375/03/25
7749,18,17.92,18.16,18.01,0.05,0.28%,1996-06-13,1375/03/24
7750,18.06,18,18.25,18.06,0.03,0.17%,1996-06-12,1375/03/23
7751,18.17,17.98,18.28,18.03,0.25,1.39%,1996-06-11,1375/03/22
7752,18.33,18.14,18.43,18.28,-,-,1996-06-10,1375/03/21
7753,17.97,17.9,18.3,18.28,0.24,1.33%,1996-06-07,1375/03/18
7754,17.93,17.62,18.07,18.04,0.18,1.01%,1996-06-06,1375/03/17
7755,18.25,17.76,18.38,17.86,0.69,3.86%,1996-06-05,1375/03/16
7756,17.97,17.97,18.59,18.55,0.63,3.52%,1996-06-04,1375/03/15
7757,17.76,17.76,18.05,17.92,0.12,0.67%,1996-06-03,1375/03/14
7758,17.94,17.75,18.05,17.8,0.09,0.51%,1996-05-31,1375/03/11
7759,18.5,17.87,18.5,17.89,0.74,4.14%,1996-05-30,1375/03/10
7760,18.9,18.6,18.9,18.63,0.31,1.66%,1996-05-29,1375/03/09
7761,19.23,18.9,19.23,18.94,0.16,0.84%,1996-05-28,1375/03/08
7762,18.89,18.89,19.16,19.1,0.21,1.11%,1996-05-24,1375/03/04
7763,19.24,18.86,19.25,18.89,0.17,0.90%,1996-05-23,1375/03/03
7764,18.28,18.28,19.4,19.06,0.64,3.47%,1996-05-22,1375/03/02
7765,18.43,18.27,18.63,18.42,0.19,1.03%,1996-05-21,1375/03/01
7766,17.53,16.75,18.8,18.61,1.07,6.10%,1996-05-20,1375/02/31
7767,18.1,17.52,18.2,17.54,1.15,6.56%,1996-05-17,1375/02/28
7768,18.85,18.5,18.97,18.69,0.61,3.26%,1996-05-16,1375/02/27
7769,19.34,19.25,19.48,19.3,0.05,0.26%,1996-05-15,1375/02/26
7770,19.45,19.2,19.57,19.35,0.02,0.10%,1996-05-14,1375/02/25
7771,19.3,19.2,19.4,19.33,0.28,1.47%,1996-05-13,1375/02/24
7772,18.9,18.86,19.1,19.05,0.25,1.33%,1996-05-10,1375/02/21
7773,19.1,18.67,19.1,18.8,0.5,2.66%,1996-05-09,1375/02/20
7774,19.5,19.13,19.68,19.3,0.06,0.31%,1996-05-08,1375/02/19
7775,19.28,19.22,19.5,19.36,0.19,0.99%,1996-05-07,1375/02/18
7776,18.85,18.72,19.2,19.17,0.38,2.02%,1996-05-03,1375/02/14
7777,18.83,18.78,19.28,18.79,0.01,0.05%,1996-05-02,1375/02/13
7778,18.85,18.56,18.85,18.8,0.22,1.17%,1996-05-01,1375/02/12
7779,19.5,19,19.6,19.02,0.83,4.36%,1996-04-30,1375/02/11
7780,19.82,19.6,19.93,19.85,0.05,0.25%,1996-04-29,1375/02/10
7781,19.88,19.48,19.95,19.8,0.04,0.20%,1996-04-26,1375/02/07
7782,19.8,19.41,20.19,19.84,0.04,0.20%,1996-04-25,1375/02/06
7783,20.65,19.7,20.87,19.88,0.35,1.76%,1996-04-24,1375/02/05
7784,19.6,19.5,20.25,20.23,1.2,6.31%,1996-04-23,1375/02/04
7785,18.41,18.36,19.3,19.03,0.5,2.70%,1996-04-22,1375/02/03
7786,18.25,18.08,18.82,18.53,0.13,0.71%,1996-04-19,1375/01/31
7787,18.95,18.1,18.95,18.4,0.72,3.91%,1996-04-18,1375/01/30
7788,19.52,18.45,19.59,19.12,0.39,2.04%,1996-04-17,1375/01/29
7789,20.55,19.1,20.84,19.51,2.32,11.89%,1996-04-16,1375/01/28
7790,21.45,21.27,21.98,21.83,0.08,0.37%,1996-04-15,1375/01/27
7791,22.78,21.28,22.78,21.75,1.31,6.02%,1996-04-12,1375/01/24
7792,22,21.8,23.3,23.06,1.03,4.68%,1996-04-11,1375/01/23
7793,20.78,20.77,22.1,22.03,1.33,6.43%,1996-04-10,1375/01/22
7794,20.58,20.45,20.88,20.7,0.45,2.22%,1996-04-09,1375/01/21
7795,19.95,19.83,20.28,20.25,0.27,1.35%,1996-04-04,1375/01/16
7796,20.26,19.9,20.3,19.98,0.21,1.05%,1996-04-03,1375/01/15
7797,20.05,19.96,20.25,20.19,0.45,2.28%,1996-04-02,1375/01/14
7798,19.4,19.38,19.96,19.74,0.33,1.70%,1996-04-01,1375/01/13
7799,19.16,19.1,19.48,19.41,0.2,1.04%,1996-03-29,1375/01/10
7800,19.3,18.92,19.41,19.21,0.48,2.50%,1996-03-28,1375/01/09
7801,20.15,19.66,20.24,19.69,0.25,1.27%,1996-03-27,1375/01/08
7802,20.08,19.7,20.3,19.94,0.24,1.20%,1996-03-26,1375/01/07
7803,19.5,19.46,20.25,20.18,0.56,2.85%,1996-03-25,1375/01/06
7804,19,19,19.63,19.62,0.75,3.97%,1996-03-22,1375/01/03
7805,18.73,18.6,18.89,18.87,0.19,1.02%,1996-03-21,1375/01/02
7806,18.82,18.51,19.28,18.68,0.07,0.38%,1996-03-20,1375/01/01
7807,18.82,18.6,18.92,18.61,0.24,1.29%,1996-03-19,1374/12/29
7808,18.25,18.2,19.03,18.85,0.67,3.69%,1996-03-18,1374/12/28
7809,18.2,17.78,18.29,18.18,0.87,4.79%,1996-03-15,1374/12/25
7810,18.85,18.85,19.06,19.05,0.13,0.69%,1996-03-14,1374/12/24
7811,18.86,18.76,19.2,18.92,0.06,0.32%,1996-03-13,1374/12/23
7812,18.44,18.33,18.89,18.86,0.46,2.50%,1996-03-12,1374/12/22
7813,18.05,18.03,18.47,18.4,0.21,1.15%,1996-03-11,1374/12/21
7814,18.31,18.02,18.35,18.19,0.2,1.10%,1996-03-08,1374/12/18
7815,18.37,18.23,18.53,18.39,0.01,0.05%,1996-03-07,1374/12/17
7816,17.88,17.75,18.43,18.38,0.46,2.57%,1996-03-06,1374/12/16
7817,17.53,17.52,17.94,17.92,0.42,2.40%,1996-03-05,1374/12/15
7818,17.55,17.2,17.55,17.5,0.26,1.49%,1996-03-04,1374/12/14
7819,17.9,17.45,17.95,17.76,-,-,1996-03-01,1374/12/11
7820,17.7,17.65,17.85,17.76,0.05,0.28%,1996-02-29,1374/12/10
7821,17.92,17.57,18.05,17.71,0.26,1.47%,1996-02-28,1374/12/09
7822,17.77,17.71,18.11,17.97,0.17,0.96%,1996-02-27,1374/12/08
7823,17.75,17.56,17.94,17.8,0.25,1.42%,1996-02-26,1374/12/07
7824,18.24,17.53,18.28,17.55,0.73,4.16%,1996-02-23,1374/12/04
7825,18.15,18.06,18.4,18.28,0.06,0.33%,1996-02-22,1374/12/03
7826,17.75,17.62,18.45,18.22,0.67,3.82%,1996-02-21,1374/12/02
7827,17.24,17.1,17.59,17.55,0.33,1.92%,1996-02-20,1374/12/01
7828,17.1,17.05,17.26,17.22,0.12,0.70%,1996-02-19,1374/11/30
7829,17.1,17.05,17.28,17.1,0.05,0.29%,1996-02-16,1374/11/27
7830,17.13,17,17.23,17.15,0.78,4.55%,1996-02-15,1374/11/26
7831,17.93,17.87,18.03,17.93,0.14,0.79%,1996-02-14,1374/11/25
7832,16.86,16.86,17.9,17.79,0.86,5.08%,1996-02-13,1374/11/24
7833,16.76,16.72,16.94,16.93,0.15,0.89%,1996-02-12,1374/11/23
7834,16.83,16.76,16.9,16.78,0.04,0.24%,1996-02-09,1374/11/20
7835,16.66,16.64,16.75,16.74,0.15,0.90%,1996-02-08,1374/11/19
7836,16.7,16.57,16.72,16.59,0.02,0.12%,1996-02-07,1374/11/18
7837,16.64,16.43,16.7,16.61,0.07,0.42%,1996-02-06,1374/11/17
7838,16.71,16.5,16.88,16.54,0.17,1.03%,1996-02-05,1374/11/16
7839,16.56,16.53,16.83,16.71,0.19,1.15%,1996-02-02,1374/11/13
7840,16.6,16.5,16.89,16.52,-,-,1996-02-01,1374/11/12
7841,16.49,16.26,16.56,16.52,0.15,0.92%,1996-01-31,1374/11/11
7842,16.25,16.2,16.47,16.37,0.15,0.92%,1996-01-30,1374/11/10
7843,16.65,15.93,16.69,16.22,0.27,1.66%,1996-01-29,1374/11/09
7844,16.45,16.1,16.55,16.49,0.01,0.06%,1996-01-26,1374/11/06
7845,17.01,16.31,17.01,16.48,0.51,3.09%,1996-01-25,1374/11/05
7846,16.75,16.7,17.05,16.99,0.12,0.71%,1996-01-24,1374/11/04
7847,16.93,16.75,16.95,16.87,0.12,0.71%,1996-01-23,1374/11/03
7848,16.81,16.73,17.01,16.99,0.13,0.77%,1996-01-22,1374/11/02
7849,17.32,16.88,17.32,17.12,0.2,1.17%,1996-01-19,1374/10/29
7850,17.18,17.17,17.33,17.32,0.23,1.35%,1996-01-18,1374/10/28
7851,16.81,16.6,17.1,17.09,0.67,3.92%,1996-01-17,1374/10/27
7852,17.75,17.67,17.85,17.76,0.2,1.14%,1996-01-16,1374/10/26
7853,17.51,17.14,17.62,17.56,0.15,0.86%,1996-01-15,1374/10/25
7854,17.83,17.26,17.88,17.41,0.48,2.76%,1996-01-12,1374/10/22
7855,18.52,17.65,18.67,17.89,0.61,3.41%,1996-01-11,1374/10/21
7856,18.68,18.31,18.75,18.5,0.16,0.86%,1996-01-10,1374/10/20
7857,19.2,18.6,19.2,18.66,0.56,3%,1996-01-09,1374/10/19
7858,19.25,19.11,19.31,19.22,0.17,0.89%,1996-01-08,1374/10/18
7859,18.75,18.75,19.07,19.05,0.37,1.98%,1996-01-05,1374/10/15
7860,18.6,18.37,18.74,18.68,0.05,0.27%,1996-01-04,1374/10/14
7861,18.68,18.52,18.68,18.63,0.01,0.05%,1996-01-03,1374/10/13
7862,18.55,18.27,18.63,18.62,0.29,1.58%,1996-01-02,1374/10/12
7863,18.37,18.32,18.47,18.33,0.07,0.38%,1995-12-29,1374/10/08
7864,18.43,18.19,18.53,18.26,0.09,0.49%,1995-12-28,1374/10/07
7865,18.13,18.1,18.38,18.35,0.53,2.97%,1995-12-27,1374/10/06
7866,17.85,17.81,17.9,17.82,0.02,0.11%,1995-12-22,1374/10/01
7867,17.81,17.8,17.98,17.8,0.05,0.28%,1995-12-21,1374/09/30
7868,17.77,17.71,17.9,17.85,0.11,0.62%,1995-12-20,1374/09/29
7869,17.9,17.71,17.95,17.74,0.14,0.79%,1995-12-19,1374/09/28
7870,17.8,17.72,17.98,17.88,0.05,0.28%,1995-12-18,1374/09/27
7871,17.69,17.5,17.84,17.83,0.23,1.29%,1995-12-15,1374/09/24
7872,17.94,17.91,18.12,18.06,0.12,0.67%,1995-12-14,1374/09/23
7873,17.78,17.69,17.96,17.94,0.51,2.93%,1995-12-13,1374/09/22
7874,17.48,17.33,17.65,17.43,0.09,0.52%,1995-12-12,1374/09/21
7875,17.79,17.48,17.94,17.52,0.24,1.37%,1995-12-11,1374/09/20
7876,17.54,17.49,17.8,17.76,0.19,1.08%,1995-12-08,1374/09/17
7877,17.61,17.48,17.75,17.57,0.02,0.11%,1995-12-07,1374/09/16
7878,17.49,17.43,17.63,17.59,0.07,0.40%,1995-12-06,1374/09/15
7879,17.5,17.42,17.58,17.52,0.07,0.40%,1995-12-05,1374/09/14
7880,17.3,17.27,17.47,17.45,0.2,1.16%,1995-12-04,1374/09/13
7881,17.07,17.06,17.3,17.25,0.21,1.23%,1995-12-01,1374/09/10
7882,17.05,16.9,17.14,17.04,0.04,0.23%,1995-11-30,1374/09/09
7883,17.05,17.04,17.19,17.08,0.06,0.35%,1995-11-29,1374/09/08
7884,17.12,17.07,17.18,17.14,0.04,0.23%,1995-11-28,1374/09/07
7885,16.82,16.82,17.18,17.18,0.39,2.32%,1995-11-27,1374/09/06
7886,16.75,16.73,16.84,16.79,0.05,0.30%,1995-11-24,1374/09/03
7887,16.73,16.64,16.81,16.74,0.01,0.06%,1995-11-23,1374/09/02
7888,16.62,16.61,16.86,16.75,-,-,1995-11-22,1374/09/01
7889,16.84,16.66,16.84,16.75,0.06,0.36%,1995-11-21,1374/08/30
7890,16.88,16.81,16.89,16.81,0.12,0.71%,1995-11-20,1374/08/29
7891,16.68,16.63,17.01,16.93,0.25,1.50%,1995-11-17,1374/08/26
7892,16.46,16.41,16.69,16.68,0.05,0.30%,1995-11-16,1374/08/25
7893,16.68,16.65,16.75,16.73,0.11,0.66%,1995-11-15,1374/08/24
7894,16.55,16.45,16.65,16.62,0.02,0.12%,1995-11-14,1374/08/23
7895,16.63,16.58,16.79,16.6,0.02,0.12%,1995-11-13,1374/08/22
7896,16.65,16.51,16.7,16.58,0.07,0.42%,1995-11-10,1374/08/19
7897,16.65,16.63,16.75,16.65,0.03,0.18%,1995-11-09,1374/08/18
7898,16.37,16.35,16.65,16.62,0.22,1.34%,1995-11-08,1374/08/17
7899,16.45,16.4,16.52,16.4,0.07,0.43%,1995-11-07,1374/08/16
7900,16.71,16.45,16.71,16.47,0.16,0.97%,1995-11-06,1374/08/15
7901,16.63,16.56,16.68,16.63,0.01,0.06%,1995-11-03,1374/08/12
7902,16.4,16.35,16.71,16.64,0.25,1.53%,1995-11-02,1374/08/11
7903,16.37,16.21,16.43,16.39,0.06,0.37%,1995-11-01,1374/08/10
7904,16.35,16.28,16.42,16.33,0.06,0.37%,1995-10-31,1374/08/09
7905,16.27,16.24,16.35,16.27,0.01,0.06%,1995-10-30,1374/08/08
7906,16.25,16.23,16.36,16.28,0.03,0.18%,1995-10-27,1374/08/05
7907,16.06,16.06,16.35,16.25,0.22,1.37%,1995-10-26,1374/08/04
7908,16.1,15.97,16.15,16.03,0.02,0.12%,1995-10-25,1374/08/03
7909,15.92,15.89,16.13,16.05,0.11,0.69%,1995-10-24,1374/08/02
7910,15.92,15.7,15.96,15.94,0.06,0.38%,1995-10-23,1374/08/01
7911,15.88,15.74,15.95,15.88,0.04,0.25%,1995-10-20,1374/07/28
7912,16.04,15.82,16.05,15.84,0.21,1.33%,1995-10-19,1374/07/27
7913,16.06,15.99,16.1,16.05,0.06,0.37%,1995-10-18,1374/07/26
7914,16.11,16.08,16.19,16.11,0.2,1.24%,1995-10-17,1374/07/25
7915,16.4,16.25,16.4,16.31,0.08,0.49%,1995-10-16,1374/07/24
7916,15.86,15.86,16.26,16.23,0.4,2.53%,1995-10-13,1374/07/21
7917,15.9,15.82,16.02,15.83,0.11,0.69%,1995-10-12,1374/07/20
7918,15.9,15.86,16.1,15.94,0.09,0.56%,1995-10-11,1374/07/19
7919,15.96,15.85,16.05,16.03,0.07,0.44%,1995-10-10,1374/07/18
7920,15.78,15.77,15.98,15.96,0.2,1.27%,1995-10-09,1374/07/17
7921,15.61,15.6,15.77,15.76,0.15,0.96%,1995-10-06,1374/07/14
7922,15.92,15.58,16,15.61,0.37,2.37%,1995-10-05,1374/07/13
7923,16.13,15.93,16.27,15.98,0.18,1.13%,1995-10-04,1374/07/12
7924,16.23,16.09,16.23,16.16,0.07,0.43%,1995-10-03,1374/07/11
7925,16.16,16.07,16.27,16.23,0.11,0.68%,1995-10-02,1374/07/10
7926,16.26,16.05,16.3,16.12,0.21,1.30%,1995-09-29,1374/07/07
7927,16.25,16.23,16.4,16.33,0.16,0.99%,1995-09-28,1374/07/06
7928,16.15,16.08,16.22,16.17,0.17,1.06%,1995-09-27,1374/07/05
7929,16.22,15.99,16.26,16,0.08,0.50%,1995-09-26,1374/07/04
7930,16.06,16,16.1,16.08,0.12,0.75%,1995-09-25,1374/07/03
7931,16.23,15.83,16.28,15.96,0.16,1%,1995-09-22,1374/06/31
7932,16.48,16.1,16.5,16.12,0.27,1.67%,1995-09-21,1374/06/30
7933,16.78,16.38,16.87,16.39,0.4,2.44%,1995-09-20,1374/06/29
7934,16.85,16.75,16.85,16.79,0.05,0.30%,1995-09-19,1374/06/28
7935,16.79,16.79,16.92,16.84,0.04,0.24%,1995-09-18,1374/06/27
7936,16.9,16.72,16.94,16.8,0.11,0.65%,1995-09-15,1374/06/24
7937,16.77,16.69,16.92,16.91,0.13,0.77%,1995-09-14,1374/06/23
7938,16.95,16.76,17.04,16.78,0.09,0.54%,1995-09-13,1374/06/22
7939,16.83,16.78,16.93,16.87,0.13,0.78%,1995-09-12,1374/06/21
7940,16.75,16.68,16.78,16.74,-,-,1995-09-11,1374/06/20
7941,16.68,16.67,16.89,16.74,0.12,0.72%,1995-09-08,1374/06/17
7942,16.57,16.55,16.69,16.62,0.04,0.24%,1995-09-07,1374/06/16
7943,16.78,16.66,16.8,16.66,0.19,1.14%,1995-09-06,1374/06/15
7944,16.63,16.52,16.87,16.85,0.24,1.44%,1995-09-05,1374/06/14
7945,16.45,16.45,16.64,16.61,0.18,1.10%,1995-09-04,1374/06/13
7946,16.28,16.22,16.45,16.43,0.18,1.11%,1995-09-01,1374/06/10
7947,16.13,16.05,16.3,16.25,0.05,0.31%,1995-08-31,1374/06/09
7948,16.3,16.13,16.32,16.2,0.01,0.06%,1995-08-30,1374/06/08
7949,16.17,16.15,16.26,16.19,0.02,0.12%,1995-08-29,1374/06/07
7950,16.2,16.16,16.36,16.17,0.03,0.19%,1995-08-25,1374/06/03
7951,16.2,16.18,16.33,16.2,0.06,0.37%,1995-08-24,1374/06/02
7952,16.45,16.24,16.51,16.26,0.03,0.18%,1995-08-23,1374/06/01
7953,16.34,16.22,16.35,16.29,0.03,0.18%,1995-08-22,1374/05/31
7954,16.12,16.1,16.35,16.26,0.22,1.37%,1995-08-21,1374/05/30
7955,15.92,15.88,16.08,16.04,0.08,0.50%,1995-08-18,1374/05/27
7956,15.93,15.88,16,15.96,0.12,0.76%,1995-08-17,1374/05/26
7957,15.83,15.76,15.89,15.84,0.01,0.06%,1995-08-16,1374/05/25
7958,15.9,15.84,16.03,15.85,0.11,0.69%,1995-08-15,1374/05/24
7959,16.14,15.95,16.17,15.96,0.3,1.88%,1995-08-14,1374/05/23
7960,16.32,16.25,16.38,16.26,0.05,0.31%,1995-08-11,1374/05/20
7961,16.23,16.15,16.32,16.31,0.02,0.12%,1995-08-10,1374/05/19
7962,16.24,16.24,16.38,16.29,0.1,0.62%,1995-08-09,1374/05/18
7963,16.13,16.1,16.27,16.19,0.02,0.12%,1995-08-08,1374/05/17
7964,16.21,16.09,16.22,16.17,0.06,0.37%,1995-08-07,1374/05/16
7965,16.17,16.07,16.24,16.23,-,-,1995-08-04,1374/05/13
7966,16.31,16.15,16.37,16.23,0.02,0.12%,1995-08-03,1374/05/12
7967,16.04,15.98,16.29,16.21,0.06,0.37%,1995-08-02,1374/05/11
7968,16.15,16.1,16.27,16.15,0.14,0.87%,1995-08-01,1374/05/10
7969,15.95,15.92,16.1,16.01,-,-,1995-07-31,1374/05/09
7970,16.11,16,16.15,16.01,0.1,0.62%,1995-07-28,1374/05/06
7971,16.08,16.03,16.34,16.11,-,-,1995-07-27,1374/05/05
7972,15.9,15.86,16.2,16.11,0.38,2.42%,1995-07-26,1374/05/04
7973,15.65,15.53,15.79,15.73,0.08,0.51%,1995-07-25,1374/05/03
7974,15.53,15.41,15.7,15.65,0.06,0.38%,1995-07-24,1374/05/02
7975,15.6,15.45,15.74,15.59,0.01,0.06%,1995-07-21,1374/04/30
7976,15.71,15.6,15.81,15.6,0.23,1.47%,1995-07-20,1374/04/29
7977,15.84,15.75,16,15.83,0.08,0.51%,1995-07-19,1374/04/28
7978,15.88,15.8,15.93,15.91,0.08,0.51%,1995-07-18,1374/04/27
7979,15.95,15.71,15.95,15.83,0.23,1.45%,1995-07-17,1374/04/26
7980,16.06,15.98,16.15,16.06,0.01,0.06%,1995-07-14,1374/04/23
7981,16.33,16.04,16.36,16.05,0.18,1.12%,1995-07-13,1374/04/22
7982,16.1,16.05,16.4,16.23,0.17,1.06%,1995-07-12,1374/04/21
7983,16.16,16.06,16.25,16.06,0.05,0.31%,1995-07-11,1374/04/20
7984,16.05,15.8,16.17,16.11,0.06,0.37%,1995-07-10,1374/04/19
7985,16.28,16.02,16.37,16.05,0.15,0.93%,1995-07-07,1374/04/16
7986,16.13,16.03,16.28,16.2,0.11,0.68%,1995-07-06,1374/04/15
7987,16.08,16,16.19,16.09,0.07,0.44%,1995-07-05,1374/04/14
7988,16.25,16.01,16.25,16.02,0.25,1.56%,1995-07-04,1374/04/13
7989,16.4,16.27,16.4,16.27,0.11,0.68%,1995-07-03,1374/04/12
7990,16.37,16.3,16.47,16.38,0.05,0.31%,1995-06-30,1374/04/09
7991,16.72,16.38,16.78,16.43,0.4,2.43%,1995-06-29,1374/04/08
7992,16.8,16.8,16.96,16.83,0.2,1.20%,1995-06-28,1374/04/07
7993,16.48,16.48,16.67,16.63,0.2,1.22%,1995-06-27,1374/04/06
7994,16.42,16.27,16.48,16.43,0.02,0.12%,1995-06-26,1374/04/05
7995,16.45,16.24,16.55,16.45,0.06,0.37%,1995-06-23,1374/04/02
7996,16.38,16.29,16.48,16.39,0.18,1.11%,1995-06-22,1374/04/01
7997,16.65,16.2,16.65,16.21,0.48,2.96%,1995-06-21,1374/03/31
7998,16.75,16.69,16.9,16.69,0.02,0.12%,1995-06-20,1374/03/30
7999,17.24,16.69,17.24,16.71,0.63,3.77%,1995-06-19,1374/03/29
8000,17.45,17.33,17.47,17.34,0.56,3.23%,1995-06-16,1374/03/26
8001,17.87,17.87,17.96,17.9,0.03,0.17%,1995-06-15,1374/03/25
8002,17.65,17.49,17.88,17.87,0.17,0.96%,1995-06-14,1374/03/24
8003,17.75,17.69,17.81,17.7,0.04,0.23%,1995-06-13,1374/03/23
8004,17.7,17.48,17.71,17.66,0.03,0.17%,1995-06-12,1374/03/22
8005,17.74,17.46,17.85,17.69,0.07,0.40%,1995-06-09,1374/03/19
8006,17.95,17.71,17.95,17.76,0.22,1.24%,1995-06-08,1374/03/18
8007,17.9,17.86,18.03,17.98,0.09,0.50%,1995-06-07,1374/03/17
8008,18.14,17.81,18.24,17.89,0.21,1.17%,1995-06-06,1374/03/16
8009,17.96,17.96,18.13,18.1,0.16,0.89%,1995-06-05,1374/03/15
8010,17.72,17.68,17.96,17.94,0.25,1.41%,1995-06-02,1374/03/12
8011,17.69,17.55,17.75,17.69,0.01,0.06%,1995-06-01,1374/03/11
8012,17.6,17.4,17.73,17.7,0.1,0.57%,1995-05-31,1374/03/10
8013,17.65,17.33,17.65,17.6,0.24,1.38%,1995-05-30,1374/03/09
8014,18.03,17.31,18.04,17.36,0.64,3.69%,1995-05-26,1374/03/05
8015,18.15,17.91,18.21,18,0.13,0.72%,1995-05-25,1374/03/04
8016,18.49,18.1,18.56,18.13,0.26,1.43%,1995-05-24,1374/03/03
8017,18.45,18.32,18.52,18.39,0.09,0.49%,1995-05-23,1374/03/02
8018,18.55,18.3,18.55,18.48,0.09,0.49%,1995-05-22,1374/03/01
8019,18.23,18.17,18.5,18.39,0.1,0.55%,1995-05-19,1374/02/29
8020,18.4,18.16,18.43,18.29,0.08,0.44%,1995-05-18,1374/02/28
8021,18.4,18.24,18.49,18.37,0.4,2.18%,1995-05-17,1374/02/27
8022,18.75,18.66,18.92,18.77,0.02,0.11%,1995-05-16,1374/02/26
8023,18.48,18.24,18.8,18.75,0.23,1.24%,1995-05-15,1374/02/25
8024,18.35,18.12,18.55,18.52,0.21,1.15%,1995-05-12,1374/02/22
8025,18.5,18.22,18.64,18.31,0.13,0.71%,1995-05-11,1374/02/21
8026,18.43,18.3,18.52,18.44,0.11,0.60%,1995-05-10,1374/02/20
8027,18.9,18.3,18.95,18.33,0.67,3.66%,1995-05-09,1374/02/19
8028,18.97,18.9,19.07,19,0.08,0.42%,1995-05-05,1374/02/15
8029,18.4,18.4,18.94,18.92,0.35,1.88%,1995-05-04,1374/02/14
8030,18.78,18.47,18.89,18.57,0.1,0.54%,1995-05-03,1374/02/13
8031,19.17,18.65,19.17,18.67,0.5,2.68%,1995-05-02,1374/02/12
8032,19.25,19.14,19.38,19.17,0.11,0.58%,1995-05-01,1374/02/11
8033,19.13,18.87,19.17,19.06,0.01,0.05%,1995-04-28,1374/02/08
8034,18.85,18.72,19.08,19.07,0.36,1.92%,1995-04-27,1374/02/07
8035,18.72,18.6,18.76,18.71,0.03,0.16%,1995-04-26,1374/02/06
8036,18.5,18.41,18.81,18.74,0.19,1.02%,1995-04-25,1374/02/05
8037,18.8,18.49,18.83,18.55,0.24,1.29%,1995-04-24,1374/02/04
8038,18.45,18.29,18.81,18.79,0.26,1.40%,1995-04-21,1374/02/01
8039,18.6,18.52,18.82,18.53,0.03,0.16%,1995-04-20,1374/01/31
8040,18.47,18.34,18.56,18.5,0.14,0.76%,1995-04-19,1374/01/30
8041,18.25,18.21,18.43,18.36,0.74,4.20%,1995-04-18,1374/01/29
8042,17.92,17.48,17.92,17.62,1.28,7.26%,1995-04-13,1374/01/24
8043,18.85,18.75,18.97,18.9,0.27,1.45%,1995-04-12,1374/01/23
8044,18.26,18.22,18.65,18.63,0.37,2.03%,1995-04-11,1374/01/22
8045,18.14,17.95,18.27,18.26,0.03,0.16%,1995-04-10,1374/01/21
8046,18.28,18.08,18.36,18.23,0.02,0.11%,1995-04-07,1374/01/18
8047,18,17.9,18.25,18.25,0.28,1.56%,1995-04-06,1374/01/17
8048,17.54,17.45,17.99,17.97,0.41,2.33%,1995-04-05,1374/01/16
8049,17.4,17.4,17.57,17.56,0.17,0.98%,1995-04-04,1374/01/15
8050,17.42,17.28,17.49,17.39,0.11,0.63%,1995-04-03,1374/01/14
8051,17.38,17.37,17.55,17.5,0.11,0.63%,1995-03-31,1374/01/11
8052,17.6,17.36,17.6,17.39,0.07,0.40%,1995-03-30,1374/01/10
8053,17.24,17.16,17.56,17.46,0.22,1.28%,1995-03-29,1374/01/09
8054,17.38,17.21,17.44,17.24,0.07,0.41%,1995-03-28,1374/01/08
8055,17.1,17.1,17.41,17.31,0.19,1.11%,1995-03-27,1374/01/07
8056,17.17,17.05,17.32,17.12,0.14,0.82%,1995-03-24,1374/01/04
8057,17.12,17.12,17.35,17.26,0.04,0.23%,1995-03-23,1374/01/03
8058,16.82,16.82,17.24,17.22,0.46,2.74%,1995-03-22,1374/01/02
8059,16.8,16.71,16.82,16.76,0.08,0.48%,1995-03-21,1374/01/01
8060,16.7,16.7,16.85,16.84,0.21,1.26%,1995-03-20,1373/12/29
8061,16.57,16.51,16.67,16.63,0.02,0.12%,1995-03-17,1373/12/26
8062,16.58,16.55,16.67,16.65,0.08,0.48%,1995-03-16,1373/12/25
8063,16.37,16.36,16.63,16.57,0.11,0.67%,1995-03-15,1373/12/24
8064,16.6,16.44,16.68,16.46,0.14,0.85%,1995-03-14,1373/12/23
8065,16.47,16.45,16.61,16.6,0.14,0.85%,1995-03-13,1373/12/22
8066,16.54,16.4,16.63,16.46,0.12,0.73%,1995-03-10,1373/12/19
8067,16.78,16.56,16.87,16.58,0.2,1.21%,1995-03-09,1373/12/18
8068,16.88,16.74,17.02,16.78,0.16,0.95%,1995-03-08,1373/12/17
8069,16.81,16.71,16.96,16.94,0.08,0.47%,1995-03-07,1373/12/16
8070,16.88,16.8,16.93,16.86,0.01,0.06%,1995-03-06,1373/12/15
8071,16.65,16.65,16.9,16.87,0.24,1.44%,1995-03-03,1373/12/12
8072,16.63,16.55,16.7,16.63,0.02,0.12%,1995-03-02,1373/12/11
8073,16.92,16.6,16.96,16.61,0.26,1.57%,1995-03-01,1373/12/10
8074,17.01,16.87,17.02,16.87,0.19,1.13%,1995-02-28,1373/12/09
8075,17.1,17.05,17.16,17.06,0.02,0.12%,1995-02-27,1373/12/08
8076,16.83,16.81,17.09,17.08,0.24,1.43%,1995-02-24,1373/12/05
8077,16.9,16.82,16.96,16.84,0.13,0.77%,1995-02-23,1373/12/04
8078,16.96,16.8,17.09,16.97,0.02,0.12%,1995-02-22,1373/12/03
8079,16.99,16.9,17.03,16.95,0.02,0.12%,1995-02-21,1373/12/02
8080,17.18,16.96,17.18,16.97,0.17,1%,1995-02-20,1373/12/01
8081,16.92,16.88,17.15,17.14,0.22,1.30%,1995-02-17,1373/11/28
8082,16.75,16.72,16.96,16.92,0.16,0.95%,1995-02-16,1373/11/27
8083,16.85,16.75,16.95,16.76,0.01,0.06%,1995-02-15,1373/11/26
8084,16.73,16.63,16.82,16.75,0.67,4%,1995-02-14,1373/11/25
8085,17.47,17.35,17.57,17.42,0.09,0.52%,1995-02-13,1373/11/24
8086,17,17,17.35,17.33,0.22,1.29%,1995-02-10,1373/11/21
8087,17.17,17.03,17.21,17.11,0.04,0.23%,1995-02-09,1373/11/20
8088,16.95,16.95,17.22,17.07,-,-,1995-02-08,1373/11/19
8089,17.15,17.05,17.2,17.07,0.15,0.88%,1995-02-07,1373/11/18
8090,17.28,17.02,17.35,17.22,0.02,0.12%,1995-02-06,1373/11/17
8091,16.92,16.92,17.22,17.2,0.31,1.84%,1995-02-03,1373/11/14
8092,16.7,16.58,16.95,16.89,0.01,0.06%,1995-02-02,1373/11/13
8093,16.84,16.74,16.9,16.88,0.08,0.48%,1995-02-01,1373/11/12
8094,16.6,16.53,16.81,16.8,0.23,1.39%,1995-01-31,1373/11/11
8095,16.39,16.35,16.58,16.57,0.18,1.10%,1995-01-30,1373/11/10
8096,16.56,16.33,16.58,16.39,0.28,1.71%,1995-01-27,1373/11/07
8097,16.74,16.61,16.8,16.67,0.12,0.72%,1995-01-26,1373/11/06
8098,16.98,16.6,17.08,16.79,0.07,0.42%,1995-01-25,1373/11/05
8099,16.64,16.57,16.96,16.86,0.22,1.32%,1995-01-24,1373/11/04
8100,16.85,16.6,16.91,16.64,0.23,1.38%,1995-01-23,1373/11/03
8101,16.77,16.66,16.91,16.87,0.07,0.42%,1995-01-20,1373/10/30
8102,16.9,16.76,16.95,16.8,0.13,0.77%,1995-01-19,1373/10/29
8103,16.96,16.74,16.98,16.93,0.11,0.65%,1995-01-18,1373/10/28
8104,16.48,16.4,16.85,16.82,0.45,2.75%,1995-01-17,1373/10/27
8105,16.35,16.26,16.4,16.37,0.01,0.06%,1995-01-16,1373/10/26
8106,16.54,16.26,16.58,16.38,0.25,1.53%,1995-01-13,1373/10/23
8107,16.62,16.53,16.78,16.63,-,-,1995-01-12,1373/10/22
8108,16.19,16.19,16.64,16.63,0.44,2.72%,1995-01-11,1373/10/21
8109,16.25,16.11,16.29,16.19,0.09,0.56%,1995-01-10,1373/10/20
8110,16.45,16.26,16.57,16.28,0.22,1.35%,1995-01-09,1373/10/19
8111,16.51,16.48,16.82,16.5,0.04,0.24%,1995-01-06,1373/10/16
8112,16.24,16.21,16.48,16.46,0.27,1.67%,1995-01-05,1373/10/15
8113,16.09,16.05,16.31,16.19,0.1,0.62%,1995-01-04,1373/10/14
8114,16.48,16.08,16.48,16.09,0.41,2.55%,1995-01-03,1373/10/13
8115,16.44,16.44,16.53,16.5,0.08,0.49%,1994-12-30,1373/10/09
8116,16.49,16.4,16.59,16.42,-,-,1994-12-29,1373/10/08
8117,16.25,16.2,16.6,16.42,0.5,3.14%,1994-12-28,1373/10/07
8118,15.95,15.91,15.97,15.92,0.03,0.19%,1994-12-23,1373/10/02
8119,15.95,15.9,16.02,15.95,0.03,0.19%,1994-12-22,1373/10/01
8120,16.1,15.91,16.1,15.92,0.07,0.44%,1994-12-21,1373/09/30
8121,15.86,15.86,16.1,15.99,0.13,0.82%,1994-12-20,1373/09/29
8122,15.91,15.84,15.95,15.86,0.02,0.13%,1994-12-19,1373/09/28
8123,15.65,15.6,15.96,15.88,0.01,0.06%,1994-12-16,1373/09/25
8124,16.05,15.82,16.05,15.87,0.1,0.63%,1994-12-15,1373/09/24
8125,16.15,15.96,16.17,15.97,0.01,0.06%,1994-12-14,1373/09/23
8126,15.89,15.82,16.08,15.96,0.02,0.13%,1994-12-13,1373/09/22
8127,16.2,15.88,16.35,15.94,0.32,2.01%,1994-12-12,1373/09/21
8128,16.37,16.24,16.56,16.26,0.03,0.18%,1994-12-09,1373/09/18
8129,16.1,16.08,16.37,16.29,0.23,1.43%,1994-12-08,1373/09/17
8130,16.01,15.7,16.15,16.06,0.1,0.62%,1994-12-07,1373/09/16
8131,16.15,16.05,16.25,16.16,0.02,0.12%,1994-12-06,1373/09/15
8132,16.25,15.87,16.29,16.14,0.05,0.31%,1994-12-05,1373/09/14
8133,16.78,16.07,16.82,16.19,0.68,4.20%,1994-12-02,1373/09/11
8134,17.12,16.86,17.16,16.87,0.24,1.42%,1994-12-01,1373/09/10
8135,17.11,16.91,17.15,17.11,-,-,1994-11-30,1373/09/09
8136,17.1,17.01,17.17,17.11,0.05,0.29%,1994-11-29,1373/09/08
8137,17.15,17.04,17.17,17.16,-,-,1994-11-28,1373/09/07
8138,17.2,17.14,17.25,17.16,0.01,0.06%,1994-11-25,1373/09/04
8139,17.08,17.01,17.16,17.15,0.01,0.06%,1994-11-24,1373/09/03
8140,17.13,16.92,17.15,17.14,0.04,0.23%,1994-11-23,1373/09/02
8141,17.05,16.84,17.13,17.1,0.15,0.88%,1994-11-22,1373/09/01
8142,17,16.82,17.13,16.95,0.23,1.38%,1994-11-21,1373/08/30
8143,16.66,16.62,16.78,16.72,0.09,0.54%,1994-11-18,1373/08/27
8144,16.52,16.36,16.74,16.63,0.18,1.09%,1994-11-17,1373/08/26
8145,16.73,16.34,16.78,16.45,0.91,5.53%,1994-11-16,1373/08/25
8146,17.4,17.35,17.46,17.36,0.07,0.40%,1994-11-15,1373/08/24
8147,17.33,17.18,17.65,17.29,0.17,0.98%,1994-11-14,1373/08/23
8148,17.3,17.2,17.49,17.46,0.2,1.16%,1994-11-11,1373/08/20
8149,17.15,16.85,17.42,17.26,0.07,0.41%,1994-11-10,1373/08/19
8150,17.35,17.16,17.38,17.19,0.29,1.69%,1994-11-09,1373/08/18
8151,17.3,17.09,17.5,17.48,0.1,0.58%,1994-11-08,1373/08/17
8152,17.7,17.2,17.7,17.38,0.36,2.07%,1994-11-07,1373/08/16
8153,17.69,17.52,17.94,17.74,0.07,0.40%,1994-11-04,1373/08/13
8154,17.54,17.39,17.75,17.67,0.08,0.45%,1994-11-03,1373/08/12
8155,17.35,17.24,17.64,17.59,0.26,1.50%,1994-11-02,1373/08/11
8156,16.92,16.9,17.4,17.33,0.41,2.42%,1994-11-01,1373/08/10
8157,17.08,16.74,17.08,16.92,0.09,0.53%,1994-10-31,1373/08/09
8158,16.91,16.78,17.07,17.01,0.06,0.35%,1994-10-28,1373/08/06
8159,17,16.87,17.05,16.95,0.08,0.47%,1994-10-27,1373/08/05
8160,16.62,16.59,16.88,16.87,0.33,2%,1994-10-26,1373/08/04
8161,16.44,16.28,16.58,16.54,0.14,0.85%,1994-10-25,1373/08/03
8162,16.36,16.29,16.42,16.4,0.14,0.86%,1994-10-24,1373/08/02
8163,16.5,16.21,16.63,16.26,0.16,0.98%,1994-10-21,1373/07/29
8164,16.4,16.33,16.56,16.42,0.06,0.37%,1994-10-20,1373/07/28
8165,16.28,16.18,16.45,16.36,0.2,1.24%,1994-10-19,1373/07/27
8166,16,16,16.28,16.16,0.26,1.64%,1994-10-18,1373/07/26
8167,15.78,15.76,16.03,15.9,0.09,0.57%,1994-10-17,1373/07/25
8168,15.7,15.68,15.97,15.81,0.04,0.25%,1994-10-14,1373/07/22
8169,15.95,15.62,16,15.85,0.01,0.06%,1994-10-13,1373/07/21
8170,16.5,15.83,16.61,15.84,0.6,3.79%,1994-10-12,1373/07/20
8171,16.65,16.38,16.84,16.44,0.2,1.22%,1994-10-11,1373/07/19
8172,17.25,16.63,17.25,16.64,0.29,1.74%,1994-10-10,1373/07/18
8173,17.04,16.88,17.32,16.93,0.04,0.24%,1994-10-07,1373/07/15
8174,16.83,16.78,16.98,16.97,0.2,1.19%,1994-10-06,1373/07/14
8175,16.75,16.7,16.84,16.77,0.07,0.42%,1994-10-05,1373/07/13
8176,16.98,16.82,17.05,16.84,0.12,0.71%,1994-10-04,1373/07/12
8177,17.1,16.95,17.18,16.96,0.19,1.12%,1994-10-03,1373/07/11
8178,16.85,16.85,17.2,17.15,0.41,2.45%,1994-09-30,1373/07/08
8179,16.55,16.55,16.89,16.74,0.21,1.27%,1994-09-29,1373/07/07
8180,16.29,16.2,16.55,16.53,0.16,0.98%,1994-09-28,1373/07/06
8181,16.51,16.33,16.6,16.37,0.14,0.86%,1994-09-27,1373/07/05
8182,16.65,16.4,16.8,16.51,0.15,0.91%,1994-09-26,1373/07/04
8183,16.46,16.4,16.7,16.66,0.18,1.09%,1994-09-23,1373/07/01
8184,15.96,15.88,16.57,16.48,0.47,2.94%,1994-09-22,1373/06/31
8185,16.05,15.99,16.23,16.01,0.12,0.75%,1994-09-21,1373/06/30
8186,16.18,16.05,16.34,16.13,0.09,0.56%,1994-09-20,1373/06/29
8187,15.83,15.72,16.25,16.22,0.43,2.72%,1994-09-19,1373/06/28
8188,15.73,15.7,15.91,15.79,0.26,1.67%,1994-09-16,1373/06/25
8189,15.4,15.35,15.59,15.53,0.11,0.71%,1994-09-15,1373/06/24
8190,15.7,15.38,15.74,15.42,0.43,2.79%,1994-09-14,1373/06/23
8191,16.16,15.83,16.18,15.85,0.27,1.70%,1994-09-13,1373/06/22
8192,16.34,16.09,16.35,16.12,0.1,0.62%,1994-09-12,1373/06/21
8193,16.35,16.21,16.6,16.22,0.11,0.68%,1994-09-09,1373/06/18
8194,16.62,16.31,16.69,16.33,0.2,1.22%,1994-09-08,1373/06/17
8195,16.33,16.33,16.54,16.53,0.2,1.22%,1994-09-07,1373/06/16
8196,16,15.9,16.39,16.33,0.38,2.38%,1994-09-06,1373/06/15
8197,16.15,15.85,16.15,15.95,0.37,2.32%,1994-09-05,1373/06/14
8198,16.3,16.14,16.33,16.32,0.05,0.31%,1994-09-02,1373/06/11
8199,16.4,16.22,16.58,16.27,0.03,0.18%,1994-09-01,1373/06/10
8200,16.22,16.22,16.6,16.24,-,-,1994-08-31,1373/06/09
8201,16.04,16.04,16.47,16.24,0.2,1.25%,1994-08-30,1373/06/08
8202,16.37,16.02,16.49,16.04,0.32,2%,1994-08-26,1373/06/04
8203,16.41,16.1,16.45,16.36,0.01,0.06%,1994-08-25,1373/06/03
8204,15.95,15.9,16.43,16.35,0.4,2.51%,1994-08-24,1373/06/02
8205,15.8,15.75,16.05,15.95,0.19,1.21%,1994-08-23,1373/06/01
8206,16.39,15.6,16.45,15.76,0.54,3.43%,1994-08-22,1373/05/31
8207,16.6,16.25,16.69,16.3,0.25,1.53%,1994-08-19,1373/05/28
8208,17.09,16.54,17.1,16.55,0.49,2.96%,1994-08-18,1373/05/27
8209,16.5,16.5,17.09,17.04,0.22,1.31%,1994-08-17,1373/05/26
8210,17.05,16.78,17.08,16.82,0.05,0.30%,1994-08-16,1373/05/25
8211,17,16.78,17.14,16.87,0.08,0.47%,1994-08-15,1373/05/24
8212,17.48,16.9,17.6,16.95,0.54,3.19%,1994-08-12,1373/05/21
8213,17.7,17.48,17.82,17.49,0.18,1.03%,1994-08-11,1373/05/20
8214,17.8,17.56,17.92,17.67,0.18,1.02%,1994-08-10,1373/05/19
8215,17.9,17.78,18.05,17.85,0.02,0.11%,1994-08-09,1373/05/18
8216,18.15,17.85,18.26,17.87,0.01,0.06%,1994-08-08,1373/05/17
8217,18.5,17.7,18.7,17.86,0.56,3.14%,1994-08-05,1373/05/14
8218,18.49,18.15,18.66,18.42,0.02,0.11%,1994-08-04,1373/05/13
8219,18.6,18.43,18.8,18.44,0.07,0.38%,1994-08-03,1373/05/12
8220,18.95,18.35,18.95,18.51,0.39,2.11%,1994-08-02,1373/05/11
8221,18.9,18.86,19.41,18.9,0.31,1.67%,1994-08-01,1373/05/10
8222,18.35,18.25,18.68,18.59,0.41,2.26%,1994-07-29,1373/05/07
8223,17.85,17.83,18.2,18.18,0.29,1.62%,1994-07-28,1373/05/06
8224,17.7,17.6,18,17.89,0.24,1.36%,1994-07-27,1373/05/05
8225,17.65,17.5,17.74,17.65,0.08,0.46%,1994-07-26,1373/05/04
8226,17.85,17.52,17.97,17.57,0.27,1.54%,1994-07-25,1373/05/03
8227,17.68,17.61,17.94,17.84,0.16,0.90%,1994-07-22,1373/04/31
8228,17.46,17.32,17.72,17.68,0.22,1.26%,1994-07-21,1373/04/30
8229,17.53,17.45,17.65,17.46,0.03,0.17%,1994-07-20,1373/04/29
8230,17.3,17.18,17.55,17.49,0.11,0.63%,1994-07-19,1373/04/28
8231,17.68,17.3,17.68,17.38,0.39,2.24%,1994-07-18,1373/04/27
8232,18.05,17.73,18.05,17.77,0.82,4.61%,1994-07-15,1373/04/24
8233,18.22,18.22,18.67,18.59,0.26,1.42%,1994-07-14,1373/04/23
8234,18.35,18.1,18.56,18.33,0.07,0.38%,1994-07-13,1373/04/22
8235,18.06,18.06,18.58,18.26,0.3,1.67%,1994-07-12,1373/04/21
8236,17.4,17.4,18,17.96,0.59,3.40%,1994-07-11,1373/04/20
8237,17.13,17.13,17.45,17.37,0.29,1.70%,1994-07-08,1373/04/17
8238,17.13,17.01,17.32,17.08,0.02,0.12%,1994-07-07,1373/04/16
8239,17.38,17.06,17.44,17.06,0.32,1.88%,1994-07-06,1373/04/15
8240,17.51,17.3,17.55,17.38,0.09,0.52%,1994-07-05,1373/04/14
8241,17.59,17.45,17.59,17.47,0.1,0.57%,1994-07-04,1373/04/13
8242,17.55,17.5,17.73,17.57,0.05,0.29%,1994-07-01,1373/04/10
8243,16.98,16.95,17.6,17.52,0.51,3%,1994-06-30,1373/04/09
8244,17.21,17,17.46,17.01,0.3,1.76%,1994-06-29,1373/04/08
8245,17.19,16.92,17.39,17.31,0.14,0.82%,1994-06-28,1373/04/07
8246,17.37,17.16,17.58,17.17,0.21,1.22%,1994-06-27,1373/04/06
8247,17.4,17.26,17.45,17.38,0.02,0.12%,1994-06-24,1373/04/03
8248,17.17,17.04,17.41,17.36,0.17,0.99%,1994-06-23,1373/04/02
8249,17.45,17.18,17.61,17.19,0.11,0.64%,1994-06-22,1373/04/01
8250,17.46,17.28,17.76,17.3,0.16,0.92%,1994-06-21,1373/03/31
8251,17.2,17.18,17.57,17.46,0.05,0.29%,1994-06-20,1373/03/30
8252,16.85,16.75,17.42,17.41,0.49,2.90%,1994-06-17,1373/03/27
8253,16.87,16.81,17.06,16.92,0.26,1.56%,1994-06-16,1373/03/26
8254,16.4,16.4,16.72,16.66,0.31,1.90%,1994-06-15,1373/03/25
8255,16.46,16.3,16.6,16.35,0.06,0.37%,1994-06-14,1373/03/24
8256,16.39,16.26,16.45,16.41,0.02,0.12%,1994-06-13,1373/03/23
8257,16.4,16.32,16.57,16.39,0.08,0.49%,1994-06-10,1373/03/20
8258,16.17,16,16.47,16.31,0.07,0.43%,1994-06-09,1373/03/19
8259,15.98,15.73,16.27,16.24,0.3,1.88%,1994-06-08,1373/03/18
8260,16.35,15.83,16.37,15.94,0.33,2.07%,1994-06-07,1373/03/17
8261,16.37,16.22,16.47,16.27,0.1,0.61%,1994-06-06,1373/03/16
8262,16.4,16.17,16.4,16.37,0.05,0.31%,1994-06-03,1373/03/13
8263,16.5,16.34,16.72,16.42,0.08,0.49%,1994-06-02,1373/03/12
8264,16.44,16.33,16.56,16.34,0.11,0.67%,1994-06-01,1373/03/11
8265,16.39,16.25,16.5,16.45,0.06,0.37%,1994-05-31,1373/03/10
8266,16.22,16.22,16.4,16.39,0.27,1.67%,1994-05-27,1373/03/06
8267,16.05,15.95,16.22,16.12,-,-,1994-05-26,1373/03/05
8268,16.31,16.1,16.44,16.12,0.2,1.24%,1994-05-25,1373/03/04
8269,16.36,16.28,16.5,16.32,0.09,0.55%,1994-05-24,1373/03/03
8270,16.49,16.4,16.79,16.41,0.14,0.85%,1994-05-23,1373/03/02
8271,16.37,16.26,16.58,16.55,0.21,1.29%,1994-05-20,1373/02/30
8272,16.11,16.1,16.37,16.34,0.25,1.55%,1994-05-19,1373/02/29
8273,15.8,15.7,16.14,16.09,0.27,1.71%,1994-05-18,1373/02/28
8274,16.02,15.77,16.02,15.82,0.54,3.41%,1994-05-17,1373/02/27
8275,16.4,16.3,16.4,16.36,0.23,1.41%,1994-05-16,1373/02/26
8276,16.5,16.43,16.72,16.59,0.15,0.91%,1994-05-13,1373/02/23
8277,16.06,16.06,16.5,16.44,0.35,2.18%,1994-05-12,1373/02/22
8278,15.93,15.9,16.18,16.09,0.07,0.44%,1994-05-11,1373/02/21
8279,16.18,16,16.3,16.02,0.2,1.25%,1994-05-10,1373/02/20
8280,16.32,16.08,16.33,16.22,0.06,0.37%,1994-05-09,1373/02/19
8281,15.9,15.89,16.34,16.28,0.48,3.04%,1994-05-06,1373/02/16
8282,15.55,15.5,15.86,15.8,0.32,2.07%,1994-05-05,1373/02/15
8283,15.58,15.45,15.85,15.48,0.06,0.39%,1994-05-04,1373/02/14
8284,15.85,15.45,15.85,15.54,0.15,0.97%,1994-05-03,1373/02/13
8285,15.12,15.08,15.7,15.69,0.46,3.02%,1994-04-29,1373/02/09
8286,15.26,15.2,15.46,15.23,0.11,0.72%,1994-04-28,1373/02/08
8287,15.4,15.3,15.43,15.34,0.2,1.30%,1994-04-27,1373/02/07
8288,15.75,15.44,15.87,15.54,0.29,1.87%,1994-04-26,1373/02/06
8289,15.65,15.51,15.86,15.83,0.09,0.57%,1994-04-25,1373/02/05
8290,15.27,15.26,15.75,15.74,0.51,3.35%,1994-04-22,1373/02/02
8291,14.93,14.86,15.29,15.23,0.29,1.94%,1994-04-21,1373/02/01
8292,14.7,14.7,15.05,14.94,0.12,0.81%,1994-04-20,1373/01/31
8293,14.99,14.8,15.03,14.82,0.27,1.82%,1994-04-19,1373/01/30
8294,15.1,15,15.26,15.09,0.03,0.20%,1994-04-18,1373/01/29
8295,14.83,14.63,15.16,15.12,0.11,0.73%,1994-04-15,1373/01/26
8296,14.85,14.85,15.15,15.01,0.31,2.11%,1994-04-14,1373/01/25
8297,14.6,14.53,14.87,14.7,0.14,0.96%,1994-04-13,1373/01/24
8298,14.7,14.55,14.82,14.56,0.09,0.62%,1994-04-12,1373/01/23
8299,14.35,14.35,14.73,14.65,0.29,2.02%,1994-04-11,1373/01/22
8300,14.25,14.21,14.41,14.36,0.03,0.21%,1994-04-08,1373/01/19
8301,14.5,14.29,14.66,14.39,0.06,0.42%,1994-04-07,1373/01/18
8302,14.35,14.2,14.54,14.45,0.05,0.35%,1994-04-06,1373/01/17
8303,14.2,14.05,14.48,14.4,1.15,8.68%,1994-04-05,1373/01/16
8304,13.25,13.16,13.3,13.25,-,-,1994-03-31,1373/01/11
8305,13.2,12.97,13.26,13.25,0.15,1.15%,1994-03-30,1373/01/10
8306,13.1,12.99,13.15,13.1,0.08,0.61%,1994-03-29,1373/01/09
8307,13.3,12.95,13.4,13.02,1.09,8.37%,1994-03-28,1373/01/08
8308,13.96,13.82,14.15,14.11,0.22,1.58%,1994-03-25,1373/01/05
8309,13.75,13.62,13.9,13.89,0.09,0.65%,1994-03-24,1373/01/04
8310,13.84,13.68,13.87,13.8,0.12,0.87%,1994-03-23,1373/01/03
8311,13.96,13.87,14.1,13.92,0.06,0.43%,1994-03-22,1373/01/02
8312,13.75,13.67,14,13.98,0.35,2.57%,1994-03-21,1373/01/01
8313,13.54,13.43,13.75,13.63,0.09,0.66%,1994-03-18,1372/12/27
8314,13.8,13.53,13.9,13.54,0.28,2.07%,1994-03-17,1372/12/26
8315,13.63,13.55,13.85,13.82,0.23,1.66%,1994-03-16,1372/12/25
8316,13.76,13.73,14.09,14.05,0.29,2.11%,1994-03-15,1372/12/24
8317,13.55,13.55,13.81,13.76,0.11,0.81%,1994-03-14,1372/12/23
8318,13.2,13.18,13.67,13.65,0.46,3.49%,1994-03-11,1372/12/20
8319,13.25,13.09,13.28,13.19,0.01,0.08%,1994-03-10,1372/12/19
8320,13.13,13.12,13.25,13.2,0.13,0.99%,1994-03-09,1372/12/18
8321,13.06,12.99,13.19,13.07,0.03,0.23%,1994-03-08,1372/12/17
8322,13.4,13.02,13.4,13.04,0.41,3.14%,1994-03-07,1372/12/16
8323,13.6,13.36,13.6,13.45,0.12,0.89%,1994-03-04,1372/12/13
8324,13.67,13.48,13.68,13.57,0.03,0.22%,1994-03-03,1372/12/12
8325,13.61,13.53,13.71,13.6,0.03,0.22%,1994-03-02,1372/12/11
8326,13.43,13.35,13.6,13.57,0.22,1.65%,1994-03-01,1372/12/10
8327,13.54,13.33,13.66,13.35,0.12,0.90%,1994-02-28,1372/12/09
8328,13.64,13.33,13.7,13.47,0.12,0.89%,1994-02-25,1372/12/06
8329,13.28,13.17,13.72,13.59,0.26,1.95%,1994-02-24,1372/12/05
8330,13.3,13.27,13.45,13.33,0.09,0.68%,1994-02-23,1372/12/04
8331,13.19,13.19,13.47,13.24,0.08,0.61%,1994-02-22,1372/12/03
8332,13.11,13.05,13.21,13.16,0.04,0.30%,1994-02-21,1372/12/02
8333,13.14,13.11,13.32,13.12,0.04,0.31%,1994-02-18,1372/11/29
8334,13,12.96,13.5,13.08,0.16,1.24%,1994-02-17,1372/11/28
8335,13.35,12.9,13.44,12.92,0.35,2.71%,1994-02-16,1372/11/27
8336,13.43,13.26,13.51,13.27,0.09,0.68%,1994-02-15,1372/11/26
8337,13.82,13.34,13.93,13.36,0.27,2.02%,1994-02-14,1372/11/25
8338,13.6,13.57,13.73,13.63,0.04,0.29%,1994-02-11,1372/11/22
8339,13.52,13.33,13.61,13.59,0.12,0.89%,1994-02-10,1372/11/21
8340,13.8,13.42,13.9,13.47,0.57,4.23%,1994-02-09,1372/11/20
8341,14.14,13.95,14.22,14.04,0.06,0.43%,1994-02-08,1372/11/19
8342,14.31,14.04,14.41,14.1,0.31,2.20%,1994-02-07,1372/11/18
8343,14.62,14.37,14.71,14.41,0.27,1.87%,1994-02-04,1372/11/15
8344,14.9,14.65,15.13,14.68,0.1,0.68%,1994-02-03,1372/11/14
8345,14.65,14.63,14.86,14.78,0.06,0.41%,1994-02-02,1372/11/13
8346,14.19,14.1,14.74,14.72,0.5,3.52%,1994-02-01,1372/11/12
8347,14.31,14.05,14.43,14.22,0.09,0.63%,1994-01-31,1372/11/11
8348,14.29,14,14.33,14.31,0.01,0.07%,1994-01-28,1372/11/08
8349,14.35,14.17,14.43,14.3,0.08,0.56%,1994-01-27,1372/11/07
8350,14.27,14.23,14.39,14.38,0.24,1.70%,1994-01-26,1372/11/06
8351,14.1,13.99,14.25,14.14,0.05,0.35%,1994-01-25,1372/11/05
8352,13.75,13.68,14.1,14.09,0.22,1.59%,1994-01-24,1372/11/04
8353,13.72,13.72,13.94,13.87,0.11,0.80%,1994-01-21,1372/11/01
8354,14.01,13.75,14.12,13.76,0.26,1.89%,1994-01-20,1372/10/30
8355,13.85,13.85,14.15,14.02,0.13,0.94%,1994-01-19,1372/10/29
8356,13.94,13.74,13.99,13.89,0.2,1.44%,1994-01-18,1372/10/28
8357,14.05,13.98,14.23,14.09,0.15,1.08%,1994-01-17,1372/10/27
8358,13.75,13.72,13.99,13.94,0.26,1.90%,1994-01-14,1372/10/24
8359,13.6,13.44,13.71,13.68,0.16,1.18%,1994-01-13,1372/10/23
8360,14,13.51,14,13.52,0.31,2.29%,1994-01-12,1372/10/22
8361,13.72,13.6,13.92,13.83,0.09,0.66%,1994-01-11,1372/10/21
8362,14.25,13.73,14.3,13.74,0.49,3.57%,1994-01-10,1372/10/20
8363,14.3,14.2,14.4,14.23,0.13,0.91%,1994-01-07,1372/10/17
8364,14.21,14.04,14.58,14.36,0.1,0.70%,1994-01-06,1372/10/16
8365,13.74,13.74,14.36,14.26,0.65,4.78%,1994-01-05,1372/10/15
8366,13.55,13.42,13.72,13.61,0.41,3.11%,1994-01-04,1372/10/14
8367,13.25,13.2,13.33,13.2,0.04,0.30%,1993-12-31,1372/10/10
8368,13.5,13.23,13.5,13.24,0.26,1.96%,1993-12-30,1372/10/09
8369,13.25,13.23,13.53,13.5,0.14,1.04%,1993-12-29,1372/10/08
8370,13.6,13.56,13.65,13.64,0.02,0.15%,1993-12-24,1372/10/03
8371,13.8,13.57,13.83,13.62,0.12,0.88%,1993-12-23,1372/10/02
8372,13.6,13.55,13.84,13.74,0.27,2%,1993-12-22,1372/10/01
8373,13.54,13.45,13.64,13.47,0.03,0.22%,1993-12-21,1372/09/30
8374,13.68,13.43,13.72,13.5,0.06,0.44%,1993-12-20,1372/09/29
8375,13.45,13.42,13.8,13.56,0.12,0.89%,1993-12-17,1372/09/26
8376,13.48,13.32,13.5,13.44,0.09,0.67%,1993-12-16,1372/09/25
8377,13.62,13.52,13.7,13.53,0.13,0.96%,1993-12-15,1372/09/24
8378,13.57,13.36,13.96,13.66,0.09,0.66%,1993-12-14,1372/09/23
8379,14.16,13.55,14.25,13.57,0.46,3.39%,1993-12-13,1372/09/22
8380,13.76,13.7,14.13,14.03,0.38,2.78%,1993-12-10,1372/09/19
8381,13.51,13.51,13.79,13.65,0.15,1.11%,1993-12-09,1372/09/18
8382,13.35,13.27,13.66,13.5,0.06,0.44%,1993-12-08,1372/09/17
8383,13.67,13.45,14,13.56,0.08,0.59%,1993-12-07,1372/09/16
8384,14.1,13.61,14.2,13.64,0.44,3.23%,1993-12-06,1372/09/15
8385,13.94,13.64,14.1,14.08,0.13,0.93%,1993-12-03,1372/09/12
8386,14.55,13.92,14.62,13.95,0.6,4.30%,1993-12-02,1372/09/11
8387,14.44,14.36,14.57,14.55,0.03,0.21%,1993-12-01,1372/09/10
8388,14.3,14.18,14.64,14.52,0.3,2.11%,1993-11-30,1372/09/09
8389,14.15,13.97,14.41,14.22,0.26,1.83%,1993-11-29,1372/09/08
8390,14.55,14.43,14.67,14.48,0.08,0.55%,1993-11-26,1372/09/05
8391,14.65,14.18,14.7,14.56,0.58,3.98%,1993-11-25,1372/09/04
8392,15.6,15,15.7,15.14,0.26,1.72%,1993-11-24,1372/09/03
8393,15.84,15.38,15.96,15.4,0.47,3.05%,1993-11-23,1372/09/02
8394,15.88,15.81,16.07,15.87,0.08,0.51%,1993-11-22,1372/09/01
8395,15.8,15.75,15.98,15.79,0.03,0.19%,1993-11-19,1372/08/28
8396,16.1,15.75,16.17,15.76,0.35,2.22%,1993-11-18,1372/08/27
8397,15.86,15.7,16.22,16.11,0.25,1.58%,1993-11-17,1372/08/26
8398,15.92,15.76,16.04,15.86,0.43,2.79%,1993-11-16,1372/08/25
8399,15.51,15.38,15.51,15.43,0.06,0.39%,1993-11-15,1372/08/24
8400,15.7,15.22,15.77,15.49,0.14,0.90%,1993-11-12,1372/08/21
8401,15.25,15.21,15.8,15.63,0.31,2.02%,1993-11-11,1372/08/20
8402,15.54,15.31,15.62,15.32,0.11,0.72%,1993-11-10,1372/08/19
8403,15.5,15.39,15.74,15.43,0.15,0.97%,1993-11-09,1372/08/18
8404,15.85,15.57,15.92,15.58,0.28,1.80%,1993-11-08,1372/08/17
8405,16.18,15.85,16.41,15.86,0.27,1.70%,1993-11-05,1372/08/14
8406,16.3,16.05,16.35,16.13,0.09,0.56%,1993-11-04,1372/08/13
8407,15.75,15.6,16.32,16.22,0.31,1.95%,1993-11-03,1372/08/12
8408,16.3,15.86,16.3,15.91,0.3,1.89%,1993-11-02,1372/08/11
8409,15.9,15.81,16.25,16.21,0.41,2.59%,1993-11-01,1372/08/10
8410,16.11,15.8,16.17,15.8,0.42,2.66%,1993-10-29,1372/08/07
8411,16.55,16.2,16.59,16.22,0.2,1.23%,1993-10-28,1372/08/06
8412,16.4,16.33,16.49,16.42,0.1,0.61%,1993-10-27,1372/08/05
8413,16.45,16.25,16.49,16.32,0.05,0.31%,1993-10-26,1372/08/04
8414,16.82,16.35,16.86,16.37,0.48,2.93%,1993-10-25,1372/08/03
8415,17.1,16.77,17.15,16.85,0.26,1.54%,1993-10-22,1372/07/30
8416,17.15,17.04,17.24,17.11,0.03,0.18%,1993-10-21,1372/07/29
8417,16.85,16.85,17.11,17.08,0.13,0.77%,1993-10-20,1372/07/28
8418,16.87,16.87,17.03,16.95,0.13,0.77%,1993-10-19,1372/07/27
8419,16.9,16.8,17.05,16.82,0.11,0.65%,1993-10-18,1372/07/26
8420,17.1,16.86,17.19,16.93,0.05,0.30%,1993-10-15,1372/07/23
8421,17.1,16.96,17.12,16.98,0.14,0.82%,1993-10-14,1372/07/22
8422,17.2,17.1,17.26,17.12,0.17,0.99%,1993-10-13,1372/07/21
8423,17.38,17.28,17.48,17.29,0.08,0.46%,1993-10-12,1372/07/20
8424,17.24,17.21,17.4,17.37,0.18,1.05%,1993-10-11,1372/07/19
8425,17.2,17.09,17.23,17.19,0.03,0.17%,1993-10-08,1372/07/16
8426,17.1,17.05,17.25,17.16,0.09,0.53%,1993-10-07,1372/07/15
8427,17.08,17.05,17.3,17.07,0.06,0.35%,1993-10-06,1372/07/14
8428,17.07,16.86,17.18,17.01,0.07,0.41%,1993-10-05,1372/07/13
8429,17.42,17.02,17.44,17.08,0.22,1.29%,1993-10-04,1372/07/12
8430,17.25,17.21,17.39,17.3,0.13,0.75%,1993-10-01,1372/07/09
8431,17.4,17.24,17.57,17.43,0.08,0.46%,1993-09-30,1372/07/08
8432,16.75,16.73,17.4,17.35,0.69,4.14%,1993-09-29,1372/07/07
8433,16.6,16.4,16.72,16.66,0.11,0.66%,1993-09-28,1372/07/06
8434,16.55,16.31,16.77,16.55,0.26,1.60%,1993-09-27,1372/07/05
8435,16.28,16.26,16.48,16.29,0.05,0.31%,1993-09-24,1372/07/02
8436,16.14,15.9,16.38,16.24,0.04,0.25%,1993-09-23,1372/07/01
8437,16.7,16.25,16.7,16.28,0.38,2.33%,1993-09-22,1372/06/31
8438,16.62,16.25,16.98,16.66,0.04,0.24%,1993-09-21,1372/06/30
8439,16.23,16.19,16.67,16.62,0.49,3.04%,1993-09-20,1372/06/29
8440,16,15.98,16.16,16.13,0.2,1.26%,1993-09-17,1372/06/26
8441,15.97,15.92,16.1,15.93,0.33,2.12%,1993-09-16,1372/06/25
8442,15.7,15.53,15.7,15.6,0.11,0.71%,1993-09-15,1372/06/24
8443,15.85,15.57,15.98,15.71,0.11,0.70%,1993-09-14,1372/06/23
8444,15.68,15.61,15.87,15.82,0.11,0.70%,1993-09-13,1372/06/22
8445,16.05,15.47,16.14,15.71,0.29,1.85%,1993-09-10,1372/06/19
8446,16.05,15.95,16.14,16,0.02,0.13%,1993-09-09,1372/06/18
8447,16.05,15.93,16.13,16.02,0.03,0.19%,1993-09-08,1372/06/17
8448,16.48,15.93,16.52,15.99,0.53,3.31%,1993-09-07,1372/06/16
8449,16.59,16.51,16.62,16.52,0.01,0.06%,1993-09-06,1372/06/15
8450,16.74,16.52,16.76,16.53,0.15,0.91%,1993-09-03,1372/06/12
8451,16.75,16.66,16.86,16.68,0.05,0.30%,1993-09-02,1372/06/11
8452,17.05,16.72,17.09,16.73,0.35,2.09%,1993-09-01,1372/06/10
8453,17.33,16.95,17.38,17.08,0.38,2.22%,1993-08-31,1372/06/09
8454,17.17,17.1,17.55,17.46,0.3,1.75%,1993-08-27,1372/06/05
8455,17.05,16.95,17.17,17.16,0.12,0.70%,1993-08-26,1372/06/04
8456,17.22,16.95,17.24,17.04,0.08,0.47%,1993-08-25,1372/06/03
8457,17.24,17.11,17.3,17.12,0.11,0.64%,1993-08-24,1372/06/02
8458,17.15,17.09,17.25,17.23,0.14,0.82%,1993-08-23,1372/06/01
8459,16.99,16.9,17.16,17.09,0.13,0.77%,1993-08-20,1372/05/29
8460,16.95,16.85,17.08,16.96,-,-,1993-08-19,1372/05/28
8461,17.06,16.87,17.09,16.96,0.13,0.77%,1993-08-18,1372/05/27
8462,17.04,16.96,17.21,17.09,0.13,0.77%,1993-08-17,1372/05/26
8463,17.09,16.95,17.13,16.96,0.08,0.47%,1993-08-16,1372/05/25
8464,17.02,16.98,17.17,17.04,0.02,0.12%,1993-08-13,1372/05/22
8465,16.89,16.81,17.12,17.02,0.11,0.65%,1993-08-12,1372/05/21
8466,16.66,16.6,16.92,16.91,0.35,2.11%,1993-08-11,1372/05/20
8467,16.66,16.42,16.68,16.56,0.07,0.42%,1993-08-10,1372/05/19
8468,16.4,16.25,16.72,16.63,0.23,1.40%,1993-08-09,1372/05/18
8469,16.55,16.3,16.62,16.4,0.09,0.55%,1993-08-06,1372/05/15
8470,16.7,16.45,16.73,16.49,0.17,1.03%,1993-08-05,1372/05/14
8471,16.6,16.58,16.78,16.66,0.01,0.06%,1993-08-04,1372/05/13
8472,16.75,16.55,16.75,16.67,0.12,0.72%,1993-08-03,1372/05/12
8473,16.7,16.54,16.84,16.79,0.04,0.24%,1993-08-02,1372/05/11
8474,16.9,16.68,16.95,16.75,0.14,0.84%,1993-07-30,1372/05/08
8475,17.2,16.83,17.24,16.89,0.2,1.18%,1993-07-29,1372/05/07
8476,17.25,17.05,17.26,17.09,0.15,0.88%,1993-07-28,1372/05/06
8477,17.05,17.01,17.27,17.24,0.31,1.83%,1993-07-27,1372/05/05
8478,16.77,16.7,16.94,16.93,0.24,1.44%,1993-07-26,1372/05/04
8479,16.6,16.55,16.8,16.69,0.04,0.24%,1993-07-23,1372/05/01
8480,16.85,16.47,17.03,16.65,0.16,0.96%,1993-07-22,1372/04/31
8481,16.6,16.46,16.97,16.81,0.1,0.60%,1993-07-21,1372/04/30
8482,16.98,16.54,16.98,16.71,0.34,2.03%,1993-07-20,1372/04/29
8483,16.25,15.9,17.06,17.05,0.74,4.54%,1993-07-19,1372/04/28
8484,16.73,16.3,16.8,16.31,0.07,0.43%,1993-07-16,1372/04/25
8485,16.47,16.23,16.57,16.38,0.05,0.31%,1993-07-15,1372/04/24
8486,16.89,16.4,16.91,16.43,0.53,3.23%,1993-07-14,1372/04/23
8487,16.95,16.9,17.1,16.96,0.07,0.41%,1993-07-13,1372/04/22
8488,16.85,16.81,16.95,16.89,0.24,1.44%,1993-07-12,1372/04/21
8489,16.58,16.44,16.77,16.65,0.08,0.48%,1993-07-09,1372/04/18
8490,16.98,16.5,16.98,16.57,0.34,2.05%,1993-07-08,1372/04/17
8491,17.1,16.82,17.2,16.91,0.15,0.89%,1993-07-07,1372/04/16
8492,16.98,16.95,17.2,17.06,0.13,0.77%,1993-07-06,1372/04/15
8493,16.8,16.76,17.06,16.93,0.19,1.14%,1993-07-05,1372/04/14
8494,17.13,16.65,17.13,16.74,0.4,2.39%,1993-07-02,1372/04/11
8495,17.51,17.06,17.51,17.14,0.37,2.16%,1993-07-01,1372/04/10
8496,17.68,17.5,17.78,17.51,0.15,0.86%,1993-06-30,1372/04/09
8497,17.56,17.53,17.75,17.66,0.14,0.80%,1993-06-29,1372/04/08
8498,17.6,17.51,17.6,17.52,0.07,0.40%,1993-06-28,1372/04/07
8499,17.53,17.44,17.63,17.45,0.03,0.17%,1993-06-25,1372/04/04
8500,17.62,17.45,17.73,17.48,-,-,1993-06-24,1372/04/03
8501,17.36,17.33,17.63,17.48,0.03,0.17%,1993-06-23,1372/04/02
8502,17.53,17.4,17.6,17.45,0.05,0.29%,1993-06-22,1372/04/01
8503,17.65,17.49,17.69,17.5,0.06,0.34%,1993-06-21,1372/03/31
8504,17.59,17.37,17.63,17.56,0.01,0.06%,1993-06-18,1372/03/28
8505,17.78,17.46,17.84,17.55,0.11,0.63%,1993-06-17,1372/03/27
8506,17.5,17.5,17.73,17.66,0.33,1.90%,1993-06-16,1372/03/26
8507,17.53,17.32,17.57,17.33,0.23,1.33%,1993-06-15,1372/03/25
8508,17.73,17.55,17.73,17.56,0.1,0.57%,1993-06-14,1372/03/24
8509,17.96,17.55,18,17.66,0.3,1.70%,1993-06-11,1372/03/21
8510,18.24,17.95,18.33,17.96,0.3,1.67%,1993-06-10,1372/03/20
8511,18.25,18.16,18.37,18.26,0.01,0.05%,1993-06-09,1372/03/19
8512,18.2,18.15,18.45,18.27,0.08,0.44%,1993-06-08,1372/03/18
8513,18.33,18.01,18.37,18.19,0.12,0.66%,1993-06-07,1372/03/17
8514,18.35,18.27,18.43,18.31,-,-,1993-06-04,1372/03/14
8515,18.55,18.26,18.58,18.31,0.23,1.26%,1993-06-03,1372/03/13
8516,18.74,18.53,18.75,18.54,0.18,0.97%,1993-06-02,1372/03/12
8517,18.61,18.53,18.77,18.72,0.12,0.65%,1993-06-01,1372/03/11
8518,18.62,18.6,18.73,18.6,0.01,0.05%,1993-05-28,1372/03/07
8519,18.45,18.38,18.7,18.59,0.11,0.60%,1993-05-27,1372/03/06
8520,18.45,18.35,18.49,18.48,0.01,0.05%,1993-05-26,1372/03/05
8521,18.38,18.33,18.5,18.49,0.16,0.87%,1993-05-25,1372/03/04
8522,18.43,18.31,18.48,18.33,0.1,0.55%,1993-05-24,1372/03/03
8523,18.46,18.36,18.52,18.43,0.02,0.11%,1993-05-21,1372/02/31
8524,18.2,18.1,18.48,18.45,0.25,1.37%,1993-05-20,1372/02/30
8525,18.27,18.2,18.38,18.2,0.08,0.44%,1993-05-19,1372/02/29
8526,18.45,18.27,18.49,18.28,0.13,0.71%,1993-05-18,1372/02/28
8527,18.48,18.36,18.53,18.41,0.19,1.03%,1993-05-17,1372/02/27
8528,18.73,18.51,18.78,18.6,0.1,0.54%,1993-05-14,1372/02/24
8529,18.95,18.63,19.02,18.7,0.27,1.44%,1993-05-13,1372/02/23
8530,19.1,18.96,19.14,18.97,0.1,0.53%,1993-05-12,1372/02/22
8531,19.1,19.03,19.15,19.07,0.03,0.16%,1993-05-11,1372/02/21
8532,19.25,19.1,19.27,19.1,0.09,0.47%,1993-05-10,1372/02/20
8533,19.16,19.14,19.27,19.19,0.03,0.16%,1993-05-07,1372/02/17
8534,19.16,19.15,19.3,19.16,-,-,1993-05-06,1372/02/16
8535,19.05,18.96,19.18,19.16,0.11,0.58%,1993-05-05,1372/02/15
8536,19.25,19.05,19.25,19.05,0.1,0.52%,1993-05-04,1372/02/14
8537,19.12,19.08,19.24,19.15,-,-,1993-04-30,1372/02/10
8538,18.79,18.79,19.16,19.15,0.36,1.92%,1993-04-29,1372/02/09
8539,18.77,18.72,18.8,18.79,0.03,0.16%,1993-04-28,1372/02/08
8540,18.87,18.75,18.9,18.76,0.14,0.75%,1993-04-27,1372/02/07
8541,18.98,18.88,18.98,18.9,0.01,0.05%,1993-04-26,1372/02/06
8542,18.79,18.71,18.94,18.91,0.15,0.80%,1993-04-23,1372/02/03
8543,18.9,18.72,18.92,18.76,0.12,0.64%,1993-04-22,1372/02/02
8544,18.9,18.88,18.98,18.88,0.08,0.43%,1993-04-21,1372/02/01
8545,18.75,18.72,18.85,18.8,0.08,0.43%,1993-04-20,1372/01/31
8546,18.82,18.71,18.86,18.72,0.09,0.48%,1993-04-19,1372/01/30
8547,18.91,18.79,18.94,18.81,0.04,0.21%,1993-04-16,1372/01/27
8548,18.85,18.82,18.94,18.85,0.01,0.05%,1993-04-15,1372/01/26
8549,18.85,18.73,18.96,18.86,0.05,0.27%,1993-04-14,1372/01/25
8550,18.98,18.91,19.03,18.91,0.14,0.75%,1993-04-13,1372/01/24
8551,18.88,18.68,18.96,18.77,0.09,0.48%,1993-04-08,1372/01/19
8552,18.8,18.8,18.92,18.86,0.08,0.43%,1993-04-07,1372/01/18
8553,18.95,18.72,19,18.78,0.28,1.49%,1993-04-06,1372/01/17
8554,19.07,19.03,19.23,19.06,0.05,0.26%,1993-04-05,1372/01/16
8555,19.04,18.94,19.15,19.11,0.11,0.58%,1993-04-02,1372/01/13
8556,18.93,18.87,19.15,19,0.1,0.53%,1993-04-01,1372/01/12
8557,18.7,18.66,18.92,18.9,0.24,1.29%,1993-03-31,1372/01/11
8558,18.7,18.61,18.77,18.66,0.13,0.70%,1993-03-30,1372/01/10
8559,18.82,18.63,18.89,18.79,0.04,0.21%,1993-03-29,1372/01/09
8560,18.75,18.6,18.8,18.75,0.02,0.11%,1993-03-26,1372/01/06
8561,18.7,18.59,18.79,18.77,0.14,0.75%,1993-03-25,1372/01/05
8562,18.65,18.58,18.71,18.63,0.14,0.76%,1993-03-24,1372/01/04
8563,18.35,18.26,18.5,18.49,0.22,1.20%,1993-03-23,1372/01/03
8564,18.78,18.25,18.81,18.27,0.35,1.92%,1993-03-22,1372/01/02
8565,18.9,18.6,19,18.62,0.22,1.18%,1993-03-19,1371/12/28
8566,18.74,18.73,18.89,18.84,0.13,0.69%,1993-03-18,1371/12/27
8567,18.55,18.53,18.84,18.71,0.11,0.59%,1993-03-17,1371/12/26
8568,18.73,18.52,18.75,18.6,0.09,0.48%,1993-03-16,1371/12/25
8569,19.01,18.66,19.11,18.69,0.2,1.07%,1993-03-15,1371/12/24
8570,18.66,18.62,18.9,18.89,0.34,1.83%,1993-03-12,1371/12/21
8571,18.9,18.49,18.98,18.55,0.33,1.78%,1993-03-11,1371/12/20
8572,19.25,18.85,19.35,18.88,0.17,0.90%,1993-03-10,1371/12/19
8573,19.11,19.04,19.21,19.05,-,-,1993-03-09,1371/12/18
8574,19.34,19.03,19.36,19.05,0.32,1.68%,1993-03-08,1371/12/17
8575,19.52,19.36,19.68,19.37,0.11,0.57%,1993-03-05,1371/12/14
8576,18.96,18.96,19.55,19.48,0.51,2.69%,1993-03-04,1371/12/13
8577,18.9,18.85,18.98,18.97,0.1,0.53%,1993-03-03,1371/12/12
8578,18.9,18.8,18.91,18.87,0.09,0.48%,1993-03-02,1371/12/11
8579,18.93,18.82,19.06,18.96,0.04,0.21%,1993-03-01,1371/12/10
8580,18.9,18.77,18.95,18.92,0.06,0.32%,1993-02-26,1371/12/07
8581,19.2,18.79,19.2,18.98,0.03,0.16%,1993-02-25,1371/12/06
8582,19.05,18.75,19.1,19.01,0.06,0.32%,1993-02-24,1371/12/05
8583,18.71,18.7,19.07,18.95,0.32,1.72%,1993-02-23,1371/12/04
8584,18.35,18.34,18.67,18.63,0.35,1.91%,1993-02-22,1371/12/03
8585,17.95,17.88,18.31,18.28,0.3,1.67%,1993-02-19,1371/11/30
8586,17.75,17.62,18,17.98,0.25,1.41%,1993-02-18,1371/11/29
8587,18,17.66,18.09,17.73,0.42,2.37%,1993-02-17,1371/11/28
8588,18.09,17.9,18.18,18.15,0.19,1.06%,1993-02-16,1371/11/27
8589,18.15,17.85,18.15,17.96,0.25,1.39%,1993-02-15,1371/11/26
8590,18.55,18.2,18.55,18.21,0.18,0.99%,1993-02-12,1371/11/23
8591,18.4,18.3,18.44,18.39,0.08,0.44%,1993-02-11,1371/11/22
8592,18.4,18.3,18.56,18.31,0.02,0.11%,1993-02-10,1371/11/21
8593,18.35,18.18,18.35,18.29,0.01,0.05%,1993-02-09,1371/11/20
8594,18.55,18.29,18.55,18.3,0.26,1.42%,1993-02-08,1371/11/19
8595,18.6,18.4,18.6,18.56,-,-,1993-02-05,1371/11/16
8596,18.4,18.34,18.62,18.56,0.3,1.64%,1993-02-04,1371/11/15
8597,18.25,18.17,18.38,18.26,0.01,0.05%,1993-02-03,1371/11/14
8598,18.55,18.24,18.57,18.25,0.32,1.75%,1993-02-02,1371/11/13
8599,18.45,18.43,18.7,18.57,0.1,0.54%,1993-02-01,1371/11/12
8600,18.45,18.4,18.65,18.47,0.15,0.81%,1993-01-29,1371/11/09
8601,17.95,17.9,18.69,18.62,0.59,3.27%,1993-01-28,1371/11/08
8602,18.05,17.86,18.08,18.03,-,-,1993-01-27,1371/11/07
8603,17.98,17.89,18.17,18.03,0.04,0.22%,1993-01-26,1371/11/06
8604,17.45,17.45,18.09,18.07,0.76,4.39%,1993-01-25,1371/11/05
8605,17.4,17.3,17.49,17.31,0.11,0.64%,1993-01-22,1371/11/02
8606,17,17,17.43,17.42,0.45,2.65%,1993-01-21,1371/11/01
8607,17,16.87,17.13,16.97,0.22,1.30%,1993-01-20,1371/10/30
8608,17.45,17.17,17.45,17.19,0.27,1.57%,1993-01-19,1371/10/29
8609,17.63,17.38,17.75,17.46,0.04,0.23%,1993-01-18,1371/10/28
8610,17.52,17.45,17.64,17.5,0.27,1.57%,1993-01-15,1371/10/25
8611,17.1,16.99,17.24,17.23,0.17,1%,1993-01-14,1371/10/24
8612,17,16.82,17.4,17.06,0.05,0.29%,1993-01-13,1371/10/23
8613,17.42,16.98,17.43,17.01,0.41,2.41%,1993-01-12,1371/10/22
8614,17.55,17.4,17.72,17.42,0.06,0.34%,1993-01-11,1371/10/21
8615,17.54,17.47,17.75,17.48,0.1,0.57%,1993-01-08,1371/10/18
8616,17.75,17.55,17.88,17.58,0.17,0.97%,1993-01-07,1371/10/17
8617,17.75,17.64,17.84,17.75,0.22,1.24%,1993-01-06,1371/10/16
8618,17.7,17.7,17.99,17.97,0.18,1.01%,1993-01-05,1371/10/15
8619,18.2,17.78,18.21,17.79,0.5,2.81%,1993-01-04,1371/10/14
8620,18.34,18.24,18.34,18.29,0.02,0.11%,1992-12-31,1371/10/10
8621,18.25,18.17,18.3,18.27,0.07,0.38%,1992-12-30,1371/10/09
8622,18.47,18.25,18.49,18.34,0.36,1.96%,1992-12-29,1371/10/08
8623,18.7,18.67,18.72,18.7,0.09,0.48%,1992-12-24,1371/10/03
8624,18.5,18.46,18.67,18.61,0.12,0.65%,1992-12-23,1371/10/02
8625,18.65,18.47,18.65,18.49,0.15,0.81%,1992-12-22,1371/10/01
8626,18.68,18.48,18.71,18.64,0.08,0.43%,1992-12-21,1371/09/30
8627,18.57,18.44,18.65,18.56,0.01,0.05%,1992-12-18,1371/09/27
8628,18.35,18.15,18.6,18.57,0.51,2.82%,1992-12-17,1371/09/26
8629,17.9,17.9,18.08,18.06,0.19,1.06%,1992-12-16,1371/09/25
8630,17.9,17.87,17.99,17.87,0.15,0.84%,1992-12-15,1371/09/24
8631,18.05,17.9,18.17,18.02,0.08,0.44%,1992-12-14,1371/09/23
8632,18.34,18.04,18.45,18.1,0.17,0.94%,1992-12-11,1371/09/20
8633,18,17.96,18.28,18.27,0.42,2.35%,1992-12-10,1371/09/19
8634,17.81,17.65,17.97,17.85,0.09,0.50%,1992-12-09,1371/09/18
8635,18.18,17.88,18.31,17.94,0.3,1.67%,1992-12-08,1371/09/17
8636,18.09,17.82,18.29,18.24,0.19,1.05%,1992-12-07,1371/09/16
8637,18.2,18.02,18.34,18.05,0.03,0.17%,1992-12-04,1371/09/13
8638,18.17,18.04,18.32,18.08,0.26,1.44%,1992-12-03,1371/09/12
8639,18.55,18.29,18.55,18.34,0.15,0.82%,1992-12-02,1371/09/11
8640,18.91,18.45,18.93,18.49,0.35,1.89%,1992-12-01,1371/09/10
8641,19.16,18.82,19.26,18.84,0.11,0.58%,1992-11-30,1371/09/09
8642,18.89,18.75,19.12,18.95,0.2,1.07%,1992-11-27,1371/09/06
8643,19.2,18.73,19.24,18.75,0.43,2.29%,1992-11-26,1371/09/05
8644,18.95,18.93,19.19,19.18,0.13,0.68%,1992-11-25,1371/09/04
8645,19.04,18.98,19.15,19.05,0.04,0.21%,1992-11-24,1371/09/03
8646,19.16,19,19.19,19.01,0.35,1.84%,1992-11-23,1371/09/02
8647,19.33,19.27,19.49,19.36,0.02,0.10%,1992-11-20,1371/08/29
8648,19,18.95,19.47,19.34,0.3,1.58%,1992-11-19,1371/08/28
8649,19.25,19.03,19.28,19.04,0.11,0.58%,1992-11-18,1371/08/27
8650,19.3,19.15,19.41,19.15,0.12,0.63%,1992-11-17,1371/08/26
8651,18.95,18.89,19.3,19.27,0.26,1.37%,1992-11-16,1371/08/25
8652,19.03,18.92,19.11,19.01,0.13,0.68%,1992-11-13,1371/08/22
8653,19.4,19.1,19.4,19.14,0.22,1.15%,1992-11-12,1371/08/21
8654,19.55,19.36,19.56,19.36,0.09,0.46%,1992-11-11,1371/08/20
8655,19.57,19.44,19.7,19.45,0.05,0.26%,1992-11-10,1371/08/19
8656,19.12,19.11,19.58,19.5,0.31,1.62%,1992-11-09,1371/08/18
8657,19.45,19.17,19.5,19.19,0.19,0.99%,1992-11-06,1371/08/15
8658,19.1,18.88,19.45,19.38,0.23,1.20%,1992-11-05,1371/08/14
8659,19.25,19.03,19.28,19.15,0.35,1.83%,1992-11-04,1371/08/13
8660,19.55,19.45,19.67,19.5,0.05,0.26%,1992-11-03,1371/08/12
8661,19.5,19.37,19.59,19.55,0.1,0.51%,1992-11-02,1371/08/11
8662,19.55,19.2,19.55,19.45,0.14,0.72%,1992-10-30,1371/08/08
8663,19.98,19.5,20,19.59,0.31,1.58%,1992-10-29,1371/08/07
8664,19.85,19.57,19.91,19.9,0.05,0.25%,1992-10-28,1371/08/06
8665,20.1,19.81,20.16,19.85,0.17,0.86%,1992-10-27,1371/08/05
8666,20.07,19.81,20.1,20.02,0.04,0.20%,1992-10-26,1371/08/04
8667,20.2,19.95,20.27,19.98,0.13,0.65%,1992-10-23,1371/08/01
8668,20.38,20.08,20.44,20.11,0.3,1.49%,1992-10-22,1371/07/30
8669,20.65,20.29,20.69,20.41,0.3,1.47%,1992-10-21,1371/07/29
8670,20.8,20.67,20.82,20.71,0.08,0.39%,1992-10-20,1371/07/28
8671,20.95,20.76,20.95,20.79,0.02,0.10%,1992-10-19,1371/07/27
8672,20.72,20.72,20.81,20.81,-,-,1992-10-16,1371/07/24
8673,20.72,20.72,20.81,20.81,0.17,0.82%,1992-10-15,1371/07/23
8674,20.72,20.63,20.78,20.64,0.06,0.29%,1992-10-14,1371/07/22
8675,20.83,20.69,20.93,20.7,0.13,0.63%,1992-10-13,1371/07/21
8676,20.82,20.8,20.89,20.83,0.07,0.34%,1992-10-12,1371/07/20
8677,20.65,20.57,20.93,20.9,0.35,1.70%,1992-10-09,1371/07/17
8678,20.45,20.44,20.62,20.55,0.1,0.49%,1992-10-08,1371/07/16
8679,20.39,20.39,20.47,20.45,0.1,0.49%,1992-10-07,1371/07/15
8680,20.34,20.28,20.38,20.35,0.01,0.05%,1992-10-06,1371/07/14
8681,20.43,20.31,20.48,20.36,0.14,0.69%,1992-10-05,1371/07/13
8682,20.41,20.39,20.55,20.5,0.05,0.24%,1992-10-02,1371/07/10
8683,20.36,20.36,20.47,20.45,0.11,0.54%,1992-10-01,1371/07/09
8684,20.26,20.2,20.38,20.34,0.02,0.10%,1992-09-30,1371/07/08
8685,20.35,20.28,20.4,20.32,0.08,0.39%,1992-09-29,1371/07/07
8686,20.34,20.34,20.44,20.4,0.07,0.34%,1992-09-28,1371/07/06
8687,20.32,20.32,20.49,20.33,0.14,0.69%,1992-09-25,1371/07/03
8688,20.62,20.45,20.66,20.47,0.18,0.88%,1992-09-24,1371/07/02
8689,20.38,20.38,20.7,20.65,0.23,1.13%,1992-09-23,1371/07/01
8690,20.3,20.29,20.5,20.42,0.14,0.69%,1992-09-22,1371/06/31
8691,20.25,20.21,20.32,20.28,0.03,0.15%,1992-09-21,1371/06/30
8692,20.35,20.3,20.47,20.31,0.14,0.69%,1992-09-18,1371/06/27
8693,20.61,20.35,20.72,20.45,0.18,0.88%,1992-09-17,1371/06/26
8694,20.53,20.39,20.67,20.63,0.05,0.24%,1992-09-16,1371/06/25
8695,20.76,20.55,20.76,20.58,0.09,0.44%,1992-09-15,1371/06/24
8696,20.49,20.48,20.74,20.67,0.24,1.17%,1992-09-14,1371/06/23
8697,20.35,20.25,20.48,20.43,0.05,0.25%,1992-09-11,1371/06/20
8698,20.42,20.27,20.49,20.38,0.02,0.10%,1992-09-10,1371/06/19
8699,20.35,20.29,20.43,20.4,0.03,0.15%,1992-09-09,1371/06/18
8700,20.3,20.28,20.4,20.37,0.11,0.54%,1992-09-08,1371/06/17
8701,20.19,20.19,20.34,20.26,0.07,0.35%,1992-09-07,1371/06/16
8702,20.08,20.02,20.19,20.19,0.1,0.50%,1992-09-04,1371/06/13
8703,20.09,20.04,20.13,20.09,0.04,0.20%,1992-09-03,1371/06/12
8704,20.15,20.08,20.2,20.13,-,-,1992-09-02,1371/06/11
8705,19.95,19.9,20.15,20.13,0.26,1.31%,1992-09-01,1371/06/10
8706,19.72,19.66,19.89,19.87,0.15,0.76%,1992-08-28,1371/06/06
8707,19.77,19.67,19.89,19.72,0.02,0.10%,1992-08-27,1371/06/05
8708,19.74,19.65,19.92,19.74,0.01,0.05%,1992-08-26,1371/06/04
8709,20.03,19.74,20.15,19.75,0.29,1.47%,1992-08-25,1371/06/03
8710,19.63,19.6,20.05,20.04,0.36,1.83%,1992-08-24,1371/06/02
8711,19.87,19.67,19.95,19.68,0.14,0.71%,1992-08-21,1371/05/30
8712,19.76,19.65,19.91,19.82,0.04,0.20%,1992-08-20,1371/05/29
8713,20,19.83,20.04,19.86,0.14,0.70%,1992-08-19,1371/05/28
8714,20.11,19.99,20.13,20,0.05,0.25%,1992-08-18,1371/05/27
8715,20.1,19.94,20.13,20.05,0.05,0.25%,1992-08-17,1371/05/26
8716,20.11,19.97,20.11,20,0.03,0.15%,1992-08-14,1371/05/23
8717,19.8,19.8,20.04,20.03,0.31,1.57%,1992-08-13,1371/05/22
8718,19.59,19.59,19.8,19.72,0.13,0.66%,1992-08-12,1371/05/21
8719,19.65,19.53,19.67,19.59,0.1,0.51%,1992-08-11,1371/05/20
8720,19.9,19.65,19.9,19.69,0.17,0.86%,1992-08-10,1371/05/19
8721,20.1,19.83,20.15,19.86,0.17,0.86%,1992-08-07,1371/05/16
8722,19.9,19.86,20.11,20.03,0.19,0.96%,1992-08-06,1371/05/15
8723,19.86,19.81,20,19.84,0.15,0.76%,1992-08-05,1371/05/14
8724,20.14,19.85,20.18,19.99,0.22,1.10%,1992-08-04,1371/05/13
8725,20.37,20.2,20.42,20.21,0.26,1.29%,1992-08-03,1371/05/12
8726,20.35,20.29,20.5,20.47,0.01,0.05%,1992-07-31,1371/05/09
8727,20.6,20.46,20.6,20.46,0.2,0.98%,1992-07-30,1371/05/08
8728,20.69,20.57,20.73,20.66,0.06,0.29%,1992-07-29,1371/05/07
8729,20.75,20.65,20.79,20.72,0.01,0.05%,1992-07-28,1371/05/06
8730,20.5,20.45,20.74,20.73,0.02,0.10%,1992-07-27,1371/05/05
8731,20.55,20.54,20.83,20.71,0.11,0.53%,1992-07-24,1371/05/02
8732,20.45,20.44,20.6,20.6,0.16,0.78%,1992-07-23,1371/05/01
8733,20.31,20.25,20.45,20.44,0.23,1.14%,1992-07-22,1371/04/31
8734,20.3,20.1,20.38,20.21,0.03,0.15%,1992-07-21,1371/04/30
8735,20.04,19.99,20.3,20.24,0.11,0.55%,1992-07-20,1371/04/29
8736,20.35,20.11,20.48,20.13,0.18,0.89%,1992-07-17,1371/04/26
8737,20.28,20.25,20.4,20.31,0.1,0.49%,1992-07-16,1371/04/25
8738,19.97,19.92,20.24,20.21,0.14,0.70%,1992-07-15,1371/04/24
8739,20.05,19.97,20.15,20.07,0.1,0.50%,1992-07-14,1371/04/23
8740,19.9,19.81,20.03,19.97,0.11,0.55%,1992-07-13,1371/04/22
8741,20.01,19.85,20.21,19.86,0.12,0.60%,1992-07-10,1371/04/19
8742,19.9,19.81,20.07,19.98,0.02,0.10%,1992-07-09,1371/04/18
8743,20.05,19.8,20.16,20,0.04,0.20%,1992-07-08,1371/04/17
8744,20.49,19.9,20.49,20.04,0.53,2.64%,1992-07-07,1371/04/16
8745,20.83,20.5,20.83,20.57,0.23,1.12%,1992-07-06,1371/04/15
8746,20.81,20.78,20.84,20.8,0.05,0.24%,1992-07-03,1371/04/12
8747,20.65,20.6,20.77,20.75,0.15,0.73%,1992-07-02,1371/04/11
8748,20.6,20.37,20.69,20.6,0.19,0.93%,1992-07-01,1371/04/10
8749,21.09,20.35,21.09,20.41,0.58,2.84%,1992-06-30,1371/04/09
8750,21.2,20.97,21.37,20.99,0.18,0.86%,1992-06-29,1371/04/08
8751,21.31,21.11,21.45,21.17,0.14,0.66%,1992-06-26,1371/04/05
8752,21.56,21.3,21.59,21.31,0.26,1.22%,1992-06-25,1371/04/04
8753,21.5,21.46,21.61,21.57,0.28,1.32%,1992-06-24,1371/04/03
8754,21.2,21.12,21.32,21.29,0.1,0.47%,1992-06-23,1371/04/02
8755,20.9,20.7,21.25,21.19,0.1,0.47%,1992-06-22,1371/04/01
8756,20.98,20.95,21.14,21.09,0.03,0.14%,1992-06-19,1371/03/29
8757,21.08,21.05,21.17,21.06,0.05,0.24%,1992-06-18,1371/03/28
8758,21,20.91,21.13,21.11,0.01,0.05%,1992-06-17,1371/03/27
8759,21.08,21,21.15,21.12,0.13,0.62%,1992-06-16,1371/03/26
8760,20.97,20.97,21.25,21.25,0.15,0.71%,1992-06-15,1371/03/25
8761,21.09,20.94,21.14,21.1,-,-,1992-06-12,1371/03/22
8762,21.15,21.09,21.36,21.1,0.08,0.38%,1992-06-11,1371/03/21
8763,20.86,20.75,21.21,21.18,0.15,0.71%,1992-06-10,1371/03/20
8764,21.07,20.96,21.11,21.03,0.1,0.48%,1992-06-09,1371/03/19
8765,21.3,21.05,21.32,21.13,0.17,0.80%,1992-06-08,1371/03/18
8766,21.25,21.2,21.38,21.3,0.14,0.66%,1992-06-05,1371/03/15
8767,21,20.94,21.18,21.16,0.09,0.43%,1992-06-04,1371/03/14
8768,20.94,20.9,21.21,21.07,0.25,1.20%,1992-06-03,1371/03/13
8769,20.75,20.63,20.86,20.82,0.03,0.14%,1992-06-02,1371/03/12
8770,20.8,20.69,20.96,20.79,-,-,1992-06-01,1371/03/11
8771,20.65,20.45,20.8,20.79,0.13,0.63%,1992-05-29,1371/03/08
8772,20.8,20.57,20.81,20.66,0.04,0.19%,1992-05-28,1371/03/07
8773,20.65,20.52,20.92,20.7,0.01,0.05%,1992-05-27,1371/03/06
8774,19.99,19.99,20.72,20.69,0.97,4.92%,1992-05-26,1371/03/05
8775,19.77,19.53,19.78,19.72,0.04,0.20%,1992-05-22,1371/03/01
8776,19.27,19.27,19.69,19.68,0.5,2.61%,1992-05-21,1371/02/31
8777,19.18,19.13,19.27,19.18,-,-,1992-05-20,1371/02/30
8778,19.45,19.12,19.48,19.18,0.28,1.46%,1992-05-19,1371/02/29
8779,19.59,19.45,19.62,19.46,0.13,0.67%,1992-05-18,1371/02/28
8780,19.47,19.44,19.65,19.59,0.24,1.23%,1992-05-15,1371/02/25
8781,19.9,19.82,19.95,19.83,0.14,0.71%,1992-05-14,1371/02/24
8782,19.85,19.74,20.19,19.97,0.11,0.55%,1992-05-13,1371/02/23
8783,19.89,19.75,19.93,19.86,0.03,0.15%,1992-05-12,1371/02/22
8784,19.75,19.66,19.9,19.89,0.19,0.96%,1992-05-11,1371/02/21
8785,19.58,19.53,19.75,19.7,0.14,0.72%,1992-05-08,1371/02/18
8786,19.67,19.48,19.67,19.56,0.08,0.41%,1992-05-07,1371/02/17
8787,19.7,19.55,19.85,19.64,0.05,0.25%,1992-05-06,1371/02/16
8788,19.95,19.63,19.95,19.69,0.01,0.05%,1992-05-05,1371/02/15
8789,19.57,19.57,19.77,19.7,0.04,0.20%,1992-05-01,1371/02/11
8790,19.39,19.36,19.7,19.66,0.19,0.98%,1992-04-30,1371/02/10
8791,19.03,18.92,19.5,19.47,0.36,1.88%,1992-04-29,1371/02/09
8792,18.98,18.98,19.16,19.11,0.16,0.84%,1992-04-28,1371/02/08
8793,18.89,18.86,18.97,18.95,0.09,0.48%,1992-04-27,1371/02/07
8794,18.8,18.67,18.94,18.86,0.11,0.59%,1992-04-24,1371/02/04
8795,18.87,18.55,18.87,18.75,0.01,0.05%,1992-04-23,1371/02/03
8796,18.89,18.66,18.9,18.76,0.28,1.49%,1992-04-22,1371/02/02
8797,19.06,18.91,19.06,19.04,0.05,0.26%,1992-04-21,1371/02/01
8798,18.71,18.66,19.03,18.99,0.36,1.93%,1992-04-16,1371/01/27
8799,18.59,18.57,18.75,18.63,0.04,0.22%,1992-04-15,1371/01/26
8800,18.89,18.52,19.02,18.59,0.3,1.61%,1992-04-14,1371/01/25
8801,19.1,18.8,19.25,18.89,0.2,1.06%,1992-04-13,1371/01/24
8802,19.04,18.85,19.1,19.09,0.18,0.95%,1992-04-10,1371/01/21
8803,19.22,18.84,19.29,18.91,0.27,1.43%,1992-04-09,1371/01/20
8804,18.87,18.87,19.25,19.18,0.35,1.86%,1992-04-08,1371/01/19
8805,18.92,18.8,18.94,18.83,0.14,0.74%,1992-04-07,1371/01/18
8806,18.88,18.82,19.05,18.97,0.21,1.12%,1992-04-06,1371/01/17
8807,18.37,18.37,18.77,18.76,0.43,2.35%,1992-04-03,1371/01/14
8808,18.42,18.32,18.53,18.33,0.07,0.38%,1992-04-02,1371/01/13
8809,18.2,18.15,18.41,18.4,0.26,1.43%,1992-04-01,1371/01/12
8810,18.05,17.97,18.18,18.14,0.17,0.95%,1992-03-31,1371/01/11
8811,17.91,17.9,17.98,17.97,0.06,0.34%,1992-03-30,1371/01/10
8812,18.02,17.85,18.06,17.91,0.07,0.39%,1992-03-27,1371/01/07
8813,17.97,17.96,18.06,17.98,0.07,0.39%,1992-03-26,1371/01/06
8814,17.85,17.78,17.99,17.91,0.06,0.34%,1992-03-25,1371/01/05
8815,17.85,17.75,17.87,17.85,0.05,0.28%,1992-03-24,1371/01/04
8816,17.73,17.7,17.81,17.8,0.12,0.68%,1992-03-23,1371/01/03
8817,17.9,17.67,18.1,17.68,0.3,1.70%,1992-03-20,1370/12/30
8818,17.79,17.71,17.99,17.98,0.21,1.18%,1992-03-19,1370/12/29
8819,17.88,17.76,17.9,17.77,0.09,0.51%,1992-03-18,1370/12/28
8820,17.8,17.77,17.98,17.86,0.04,0.22%,1992-03-17,1370/12/27
8821,17.9,17.79,17.94,17.82,0.05,0.28%,1992-03-16,1370/12/26
8822,17.7,17.63,17.95,17.87,0.12,0.68%,1992-03-13,1370/12/23
8823,17.42,17.37,17.76,17.75,0.36,2.07%,1992-03-12,1370/12/22
8824,17.5,17.36,17.52,17.39,0.09,0.52%,1992-03-11,1370/12/21
8825,17.5,17.4,17.61,17.48,0.04,0.23%,1992-03-10,1370/12/20
8826,17.39,17.37,17.53,17.44,0.06,0.35%,1992-03-09,1370/12/19
8827,17.45,17.32,17.61,17.38,0.03,0.17%,1992-03-06,1370/12/16
8828,17.37,17.35,17.66,17.41,0.01,0.06%,1992-03-05,1370/12/15
8829,17.42,17.34,17.46,17.42,0.01,0.06%,1992-03-04,1370/12/14
8830,17.24,17.18,17.49,17.43,0.21,1.22%,1992-03-03,1370/12/13
8831,17.5,17.21,17.5,17.22,0.33,1.92%,1992-03-02,1370/12/12
8832,17.65,17.48,17.66,17.55,0.09,0.51%,1992-02-28,1370/12/09
8833,17.29,17.26,17.65,17.64,0.29,1.67%,1992-02-27,1370/12/08
8834,17.35,17.2,17.4,17.35,0.12,0.69%,1992-02-26,1370/12/07
8835,17.38,17.13,17.47,17.47,0.04,0.23%,1992-02-25,1370/12/06
8836,17.72,17.28,17.72,17.43,0.28,1.61%,1992-02-24,1370/12/05
8837,17.8,17.69,17.87,17.71,0.13,0.73%,1992-02-21,1370/12/02
8838,17.85,17.66,17.9,17.84,0.1,0.56%,1992-02-20,1370/12/01
8839,17.4,17.28,17.75,17.74,0.14,0.80%,1992-02-19,1370/11/30
8840,17.45,17.3,17.62,17.6,0.05,0.28%,1992-02-18,1370/11/29
8841,17.8,17.49,17.8,17.55,0.95,5.41%,1992-02-17,1370/11/28
8842,18.35,18.31,18.58,18.5,0.24,1.31%,1992-02-13,1370/11/24
8843,18.52,18.03,18.57,18.26,0.12,0.66%,1992-02-12,1370/11/23
8844,18.8,18.34,18.86,18.38,0.41,2.23%,1992-02-11,1370/11/22
8845,18.8,18.78,19.04,18.79,0.07,0.37%,1992-02-10,1370/11/21
8846,18.38,18.36,18.88,18.86,0.45,2.44%,1992-02-07,1370/11/18
8847,18.5,18.38,18.61,18.41,0.11,0.60%,1992-02-06,1370/11/17
8848,18.35,18.27,18.53,18.3,-,-,1992-02-05,1370/11/16
8849,18.1,18.09,18.45,18.3,0.14,0.77%,1992-02-04,1370/11/15
8850,18.13,18.12,18.23,18.16,0.01,0.06%,1992-02-03,1370/11/14
8851,18.2,18.03,18.23,18.15,0.01,0.06%,1992-01-31,1370/11/11
8852,18.1,17.85,18.17,18.14,0.05,0.28%,1992-01-30,1370/11/10
8853,18.2,17.97,18.29,18.09,0.15,0.83%,1992-01-29,1370/11/09
8854,18.38,18.14,18.38,18.24,0.2,1.10%,1992-01-28,1370/11/08
8855,18.24,18.23,18.45,18.44,0.22,1.21%,1992-01-27,1370/11/07
8856,17.95,17.95,18.23,18.22,0.36,2.02%,1992-01-24,1370/11/04
8857,18.1,17.85,18.15,17.86,0.19,1.06%,1992-01-23,1370/11/03
8858,17.7,17.54,18.05,18.05,0.3,1.69%,1992-01-22,1370/11/02
8859,18.06,17.6,18.08,17.75,0.26,1.46%,1992-01-21,1370/11/01
8860,18.35,18,18.37,18.01,0.31,1.72%,1992-01-20,1370/10/30
8861,18.1,17.95,18.34,18.32,0.22,1.20%,1992-01-17,1370/10/27
8862,18.37,18.36,18.68,18.54,0.23,1.26%,1992-01-16,1370/10/26
8863,17.75,17.65,18.35,18.31,0.42,2.35%,1992-01-15,1370/10/25
8864,18.05,17.81,18.12,17.89,0.06,0.34%,1992-01-14,1370/10/24
8865,17.35,17.35,17.96,17.95,0.71,4.12%,1992-01-13,1370/10/23
8866,16.95,16.85,17.29,17.24,0.38,2.25%,1992-01-10,1370/10/20
8867,17.1,16.68,17.13,16.86,0.06,0.36%,1992-01-09,1370/10/19
8868,17.8,16.85,17.81,16.92,0.77,4.55%,1992-01-08,1370/10/18
8869,18.15,17.66,18.35,17.69,0.43,2.43%,1992-01-07,1370/10/17
8870,18.05,17.93,18.32,18.12,-,-,1992-01-06,1370/10/16
8871,18.34,18.11,18.68,18.12,0.24,1.32%,1992-01-03,1370/10/13
8872,18,17.93,18.39,18.36,0.75,4.26%,1992-01-02,1370/10/12
8873,17.52,17.52,17.72,17.61,0.11,0.62%,1991-12-31,1370/10/10
8874,17.85,17.62,17.94,17.72,0.04,0.23%,1991-12-30,1370/10/09
8875,17.65,17.4,17.75,17.68,0.15,0.85%,1991-12-27,1370/10/06
8876,17.75,17.73,17.88,17.83,0.18,1.02%,1991-12-24,1370/10/03
8877,17.4,17.3,17.66,17.65,0.25,1.44%,1991-12-23,1370/10/02
8878,18,17.37,18.07,17.4,0.49,2.82%,1991-12-20,1370/09/29
8879,18.02,17.85,18.25,17.89,0.13,0.73%,1991-12-19,1370/09/28
8880,17.95,17.92,18.22,18.02,0.04,0.22%,1991-12-18,1370/09/27
8881,18.45,18.04,18.47,18.06,0.52,2.88%,1991-12-17,1370/09/26
8882,18.88,18.52,18.88,18.58,0.23,1.24%,1991-12-16,1370/09/25
8883,18.8,18.8,19.15,18.81,0.23,1.24%,1991-12-13,1370/09/22
8884,18.35,18.35,18.66,18.58,0.35,1.92%,1991-12-12,1370/09/21
8885,18.05,17.71,18.57,18.23,0.07,0.39%,1991-12-11,1370/09/20
8886,18.26,17.9,18.44,18.16,0.15,0.83%,1991-12-10,1370/09/19
8887,18.78,18,18.85,18.01,0.87,4.83%,1991-12-09,1370/09/18
8888,19.14,18.86,19.35,18.88,0.25,1.32%,1991-12-06,1370/09/15
8889,19.52,19.07,19.6,19.13,0.26,1.36%,1991-12-05,1370/09/14
8890,19.32,19.12,19.48,19.39,0.17,0.88%,1991-12-04,1370/09/13
8891,19.8,19.2,19.89,19.22,0.51,2.65%,1991-12-03,1370/09/12
8892,20.25,19.72,20.27,19.73,0.4,2.03%,1991-12-02,1370/09/11
8893,20.3,20.12,20.39,20.13,0.06,0.30%,1991-11-29,1370/09/08
8894,20.15,20.14,20.25,20.19,0.22,1.10%,1991-11-28,1370/09/07
8895,19.75,19.7,20,19.97,0.34,1.73%,1991-11-27,1370/09/06
8896,20,19.58,20.13,19.63,0.42,2.14%,1991-11-26,1370/09/05
8897,20.15,19.87,20.25,20.05,0.09,0.45%,1991-11-25,1370/09/04
8898,20.49,19.95,20.6,19.96,0.58,2.91%,1991-11-22,1370/09/01
8899,20.7,20.53,20.94,20.54,0.17,0.83%,1991-11-21,1370/08/30
8900,20.7,20.52,20.81,20.71,0.14,0.68%,1991-11-20,1370/08/29
8901,21.1,20.78,21.2,20.85,0.31,1.49%,1991-11-19,1370/08/28
8902,21.8,21.01,21.81,21.16,0.43,2.03%,1991-11-18,1370/08/27
8903,21.2,21.06,21.65,21.59,0.56,2.66%,1991-11-15,1370/08/24
8904,21.19,20.95,21.22,21.03,0.25,1.19%,1991-11-14,1370/08/23
8905,21.42,21.27,21.59,21.28,0.01,0.05%,1991-11-13,1370/08/22
8906,21.55,21.21,21.58,21.27,0.21,0.99%,1991-11-12,1370/08/21
8907,21.8,21.43,21.82,21.48,0.36,1.68%,1991-11-11,1370/08/20
8908,22,21.79,22.1,21.84,0.13,0.60%,1991-11-08,1370/08/17
8909,22,21.82,22.23,21.97,0.08,0.36%,1991-11-07,1370/08/16
8910,22.37,22.02,22.37,22.05,0.36,1.63%,1991-11-06,1370/08/15
8911,21.45,22.2,22.54,22.41,0.03,0.13%,1991-11-05,1370/08/14
8912,22.6,22.28,22.66,22.38,0.13,0.58%,1991-11-04,1370/08/13
8913,21.15,22.15,22.52,22.51,0.41,1.86%,1991-11-01,1370/08/10
8914,21.75,21.75,22.1,22.1,0.34,1.56%,1991-10-31,1370/08/09
8915,21.7,21.64,21.92,21.76,0.04,0.18%,1991-10-30,1370/08/08
8916,21.76,21.62,21.82,21.72,0.07,0.32%,1991-10-29,1370/08/07
8917,21.6,21.57,21.9,21.79,-,-,1991-10-28,1370/08/06
8918,22.15,21.75,22.33,21.79,0.31,1.42%,1991-10-25,1370/08/03
8919,21.9,21.65,22.11,22.1,0.13,0.59%,1991-10-24,1370/08/02
8920,22.52,21.95,22.55,21.97,0.45,2.05%,1991-10-23,1370/08/01
8921,22.6,22.33,22.6,22.42,0.25,1.12%,1991-10-22,1370/07/30
8922,22.65,22.44,22.68,22.67,0.08,0.35%,1991-10-21,1370/07/29
8923,22.55,22.47,22.65,22.59,0.17,0.76%,1991-10-18,1370/07/26
8924,22.15,22.15,22.45,22.42,0.25,1.13%,1991-10-17,1370/07/25
8925,22.5,21.99,22.55,22.17,0.64,2.89%,1991-10-16,1370/07/24
8926,22.39,22.3,22.83,22.81,0.39,1.74%,1991-10-15,1370/07/23
8927,22.1,22.05,22.46,22.42,0.38,1.72%,1991-10-14,1370/07/22
8928,21.8,21.7,22.08,22.04,0.19,0.87%,1991-10-11,1370/07/19
8929,21.95,21.75,21.95,21.85,0.25,1.14%,1991-10-10,1370/07/18
8930,21.8,21.79,22.13,22.1,0.36,1.66%,1991-10-09,1370/07/17
8931,21.67,21.55,21.77,21.74,0.06,0.28%,1991-10-08,1370/07/16
8932,21.4,21.29,21.71,21.68,0.24,1.12%,1991-10-07,1370/07/15
8933,21.56,21.37,21.56,21.44,0.12,0.56%,1991-10-04,1370/07/12
8934,21.28,21.27,21.57,21.56,0.41,1.94%,1991-10-03,1370/07/11
8935,20.86,20.79,21.18,21.15,0.16,0.76%,1991-10-02,1370/07/10
8936,20.98,20.83,21,20.99,0.06,0.29%,1991-10-01,1370/07/09
8937,20.14,21,21.18,21.05,0.12,0.57%,1991-09-30,1370/07/08
8938,20.85,20.76,21.19,21.17,0.29,1.39%,1991-09-27,1370/07/05
8939,20.6,20.6,20.88,20.88,0.15,0.72%,1991-09-26,1370/07/04
8940,20.68,20.48,20.77,20.73,0.02,0.10%,1991-09-25,1370/07/03
8941,20.55,20.49,20.85,20.75,0.13,0.63%,1991-09-24,1370/07/02
8942,20.45,20.44,20.69,20.62,0.18,0.88%,1991-09-23,1370/07/01
8943,20.26,20.25,20.5,20.44,0.17,0.84%,1991-09-20,1370/06/29
8944,20.36,20.25,20.42,20.27,0.14,0.69%,1991-09-19,1370/06/28
8945,20.35,20.28,20.55,20.41,0.18,0.89%,1991-09-18,1370/06/27
8946,20.45,20.12,20.45,20.23,0.19,0.94%,1991-09-17,1370/06/26
8947,20.35,20.35,20.45,20.42,0.1,0.49%,1991-09-16,1370/06/25
8948,20.15,20.14,20.34,20.32,0.18,0.89%,1991-09-13,1370/06/22
8949,20.16,20.12,20.28,20.14,0.02,0.10%,1991-09-12,1370/06/21
8950,19.95,19.93,20.18,20.16,0.21,1.05%,1991-09-11,1370/06/20
8951,19.88,19.88,20.03,19.95,0.11,0.55%,1991-09-10,1370/06/19
8952,19.99,19.78,19.99,19.84,0.23,1.16%,1991-09-09,1370/06/18
8953,20.18,20.06,20.21,20.07,0.06,0.30%,1991-09-06,1370/06/15
8954,20.15,20.09,20.19,20.13,0.12,0.60%,1991-09-05,1370/06/14
8955,20.48,20.19,20.5,20.25,0.33,1.63%,1991-09-04,1370/06/13
8956,20.55,20.46,20.58,20.58,0.05,0.24%,1991-09-03,1370/06/12
8957,20.7,20.6,20.7,20.63,0.07,0.34%,1991-09-02,1370/06/11
8958,20.4,20.35,20.7,20.7,0.38,1.87%,1991-08-30,1370/06/08
8959,20.05,20.05,20.35,20.32,0.29,1.45%,1991-08-29,1370/06/07
8960,19.97,19.97,20.12,20.03,0.08,0.40%,1991-08-28,1370/06/06
8961,20.1,20,20.15,20.11,0.13,0.65%,1991-08-27,1370/06/05
8962,19.8,19.8,19.98,19.98,0.19,0.96%,1991-08-23,1370/06/01
8963,19.75,19.58,19.8,19.79,0.15,0.76%,1991-08-22,1370/05/31
8964,20.42,19.6,20.5,19.64,1.01,5.14%,1991-08-21,1370/05/30
8965,20.9,20.25,21.1,20.65,0.12,0.58%,1991-08-20,1370/05/29
8966,20.2,20.2,22.2,20.53,1.05,5.39%,1991-08-19,1370/05/28
8967,19.52,19.46,19.61,19.48,0.17,0.88%,1991-08-16,1370/05/25
8968,19.34,19.24,19.35,19.31,0.04,0.21%,1991-08-15,1370/05/24
8969,19.45,19.24,19.45,19.27,0.23,1.19%,1991-08-14,1370/05/23
8970,19.57,19.44,19.58,19.5,0.12,0.62%,1991-08-13,1370/05/22
8971,19.64,19.58,19.74,19.62,0.02,0.10%,1991-08-12,1370/05/21
8972,19.57,19.45,19.74,19.6,0.02,0.10%,1991-08-09,1370/05/18
8973,19.45,19.43,19.71,19.62,0.19,0.98%,1991-08-08,1370/05/17
8974,19.38,19.18,19.6,19.43,-,-,1991-08-07,1370/05/16
8975,19.55,19.39,19.6,19.43,0.1,0.51%,1991-08-06,1370/05/15
8976,19.45,19.45,19.64,19.53,0.03,0.15%,1991-08-05,1370/05/14
8977,19.5,19.38,19.58,19.5,0.1,0.52%,1991-08-02,1370/05/11
8978,19.76,19.38,19.86,19.4,0.34,1.75%,1991-08-01,1370/05/10
8979,19.6,19.6,19.76,19.74,0.21,1.08%,1991-07-31,1370/05/09
8980,19.55,19.37,19.58,19.53,0.04,0.20%,1991-07-30,1370/05/08
8981,19.6,19.47,19.7,19.57,0.05,0.26%,1991-07-29,1370/05/07
8982,19.55,19.53,19.7,19.62,0.07,0.36%,1991-07-26,1370/05/04
8983,19.6,19.46,19.66,19.55,0.14,0.72%,1991-07-25,1370/05/03
8984,19.45,19.3,19.7,19.69,0.19,0.97%,1991-07-24,1370/05/02
8985,19.9,19.42,19.95,19.5,0.48,2.46%,1991-07-23,1370/05/01
8986,20.18,19.92,20.19,19.98,0.23,1.15%,1991-07-22,1370/04/31
8987,19.99,19.85,20.22,20.21,0.32,1.61%,1991-07-19,1370/04/28
8988,20.1,19.84,20.2,19.89,0.32,1.61%,1991-07-18,1370/04/27
8989,19.8,19.74,20.22,20.21,0.46,2.33%,1991-07-17,1370/04/26
8990,19.6,19.6,19.83,19.75,0.22,1.13%,1991-07-16,1370/04/25
8991,19.65,19.45,19.8,19.53,0.21,1.08%,1991-07-15,1370/04/24
8992,19.35,19.35,19.91,19.74,0.49,2.55%,1991-07-12,1370/04/21
8993,19.35,19.25,19.41,19.25,0.18,0.94%,1991-07-11,1370/04/20
8994,19.3,19.26,19.44,19.43,0.18,0.94%,1991-07-10,1370/04/19
8995,19.18,19.07,19.3,19.25,0.02,0.10%,1991-07-09,1370/04/18
8996,18.95,18.9,19.24,19.23,0.31,1.64%,1991-07-08,1370/04/17
8997,18.65,18.63,18.96,18.92,0.23,1.23%,1991-07-05,1370/04/14
8998,18.61,18.61,18.75,18.69,0.02,0.11%,1991-07-04,1370/04/13
8999,18.85,18.65,18.85,18.67,0.17,0.91%,1991-07-03,1370/04/12
9000,18.8,18.75,18.87,18.84,0.03,0.16%,1991-07-02,1370/04/11
9001,18.75,18.65,18.85,18.81,0.09,0.48%,1991-07-01,1370/04/10
9002,18.45,18.45,18.82,18.72,0.16,0.86%,1991-06-28,1370/04/07
9003,18.4,18.36,18.6,18.56,0.23,1.25%,1991-06-27,1370/04/06
9004,18.23,18.19,18.38,18.33,0.08,0.44%,1991-06-26,1370/04/05
9005,18.28,18.16,18.37,18.25,0.01,0.05%,1991-06-25,1370/04/04
9006,18.5,18.25,18.5,18.26,0.28,1.53%,1991-06-24,1370/04/03
9007,18.55,18.42,18.6,18.54,0.1,0.54%,1991-06-21,1370/03/31
9008,18.25,18.16,18.48,18.44,0.26,1.43%,1991-06-20,1370/03/30
9009,18.2,18.05,18.34,18.18,0.03,0.17%,1991-06-19,1370/03/29
9010,18.35,18.2,18.44,18.21,-,-,1991-06-18,1370/03/28
9011,18.1,18.1,18.35,18.21,0.07,0.39%,1991-06-17,1370/03/27
9012,18.21,18.08,18.29,18.14,0.18,1%,1991-06-14,1370/03/24
9013,18.07,17.92,18.16,17.96,0.03,0.17%,1991-06-13,1370/03/23
9014,17.9,17.71,18.02,17.99,0.08,0.44%,1991-06-12,1370/03/22
9015,18.15,17.92,18.25,18.07,0.03,0.17%,1991-06-11,1370/03/21
9016,18.5,18.03,18.5,18.04,0.46,2.55%,1991-06-10,1370/03/20
9017,18.55,18.42,18.69,18.5,0.01,0.05%,1991-06-07,1370/03/17
9018,18.58,18.18,18.58,18.49,0.16,0.87%,1991-06-06,1370/03/16
9019,18.95,18.65,19,18.65,0.47,2.52%,1991-06-05,1370/03/15
9020,19.2,19.05,19.29,19.12,0.11,0.58%,1991-06-04,1370/03/14
9021,19.25,19.22,19.35,19.23,0.02,0.10%,1991-06-03,1370/03/13
9022,19.4,19.2,20,19.21,0.1,0.52%,1991-05-31,1370/03/10
9023,19.18,19.13,19.4,19.31,0.15,0.78%,1991-05-30,1370/03/09
9024,19.48,19.15,19.48,19.16,0.27,1.41%,1991-05-29,1370/03/08
9025,19.4,19.35,19.54,19.43,0.08,0.41%,1991-05-28,1370/03/07
9026,19.3,19.25,19.39,19.35,0.15,0.78%,1991-05-24,1370/03/03
9027,19.1,19.1,19.37,19.2,0.07,0.37%,1991-05-23,1370/03/02
9028,19.2,19.09,19.35,19.13,0.2,1.05%,1991-05-22,1370/03/01
9029,19.55,19.31,19.77,19.33,0.24,1.24%,1991-05-21,1370/02/31
9030,19.7,19.54,19.7,19.57,0.01,0.05%,1991-05-20,1370/02/30
9031,19.4,19.3,19.64,19.58,0.52,2.73%,1991-05-17,1370/02/27
9032,19.2,19.05,19.24,19.06,0.09,0.47%,1991-05-16,1370/02/26
9033,19.05,18.94,19.16,19.15,0.09,0.47%,1991-05-15,1370/02/25
9034,19.15,19.02,19.3,19.06,0.23,1.21%,1991-05-14,1370/02/24
9035,19.5,19.26,19.55,19.29,0.31,1.61%,1991-05-13,1370/02/23
9036,20,19.48,20,19.6,0.54,2.76%,1991-05-10,1370/02/20
9037,20.15,20.08,20.37,20.14,-,-,1991-05-09,1370/02/19
9038,19.95,19.77,20.15,20.14,0.15,0.75%,1991-05-08,1370/02/18
9039,19.95,19.8,20,19.99,0.33,1.68%,1991-05-07,1370/02/17
9040,19.4,19.33,19.68,19.66,0.21,1.08%,1991-05-03,1370/02/13
9041,19.5,19.43,19.59,19.45,0.12,0.62%,1991-05-02,1370/02/12
9042,19.35,19.22,19.7,19.57,0.15,0.77%,1991-05-01,1370/02/11
9043,19.74,19.35,19.74,19.42,0.19,0.98%,1991-04-30,1370/02/10
9044,19.65,19.58,19.8,19.61,-,-,1991-04-29,1370/02/09
9045,19.33,19.3,19.65,19.61,0.07,0.36%,1991-04-26,1370/02/06
9046,19.4,19.26,19.55,19.54,0.21,1.09%,1991-04-25,1370/02/05
9047,19.35,19.06,19.5,19.33,0.01,0.05%,1991-04-24,1370/02/04
9048,19.5,19.25,19.93,19.32,0.16,0.83%,1991-04-23,1370/02/03
9049,19.15,19.06,19.65,19.48,0.34,1.78%,1991-04-22,1370/02/02
9050,19.15,18.92,19.17,19.14,0.12,0.63%,1991-04-19,1370/01/30
9051,19.3,18.95,19.35,19.02,0.5,2.63%,1991-04-18,1370/01/29
9052,19.35,19.35,19.66,19.52,0.08,0.41%,1991-04-17,1370/01/28
9053,19.65,19.4,19.72,19.44,0.73,3.76%,1991-04-16,1370/01/27
9054,20.21,19.74,20.3,20.17,0.15,0.75%,1991-04-15,1370/01/26
9055,19.68,19.6,20.15,20.02,0.47,2.40%,1991-04-12,1370/01/23
9056,19.5,19.41,19.98,19.55,0.14,0.72%,1991-04-11,1370/01/22
9057,19,19,19.54,19.41,0.6,3.19%,1991-04-10,1370/01/21
9058,18.8,18.75,18.93,18.81,-,-,1991-04-09,1370/01/20
9059,18.82,18.7,19.08,18.81,0.2,1.07%,1991-04-08,1370/01/19
9060,18.65,18.48,18.75,18.61,0.12,0.64%,1991-04-05,1370/01/16
9061,18.01,18.01,18.75,18.73,0.62,3.42%,1991-04-04,1370/01/15
9062,17.9,17.88,18.2,18.11,0.12,0.67%,1991-04-03,1370/01/14
9063,17.88,17.6,18.12,17.99,0.04,0.22%,1991-04-02,1370/01/13
9064,18,17.74,18,17.95,0.09,0.50%,1991-03-28,1370/01/08
9065,18.4,17.9,18.4,18.04,0.35,1.94%,1991-03-27,1370/01/07
9066,18.2,17.92,18.42,18.39,0.14,0.77%,1991-03-26,1370/01/06
9067,18.4,18.22,18.43,18.25,0.32,1.75%,1991-03-25,1370/01/05
9068,18.7,18.51,18.75,18.57,0.13,0.70%,1991-03-22,1370/01/02
9069,18.3,18.15,18.9,18.7,0.36,1.96%,1991-03-21,1370/01/01
9070,18.39,18.15,18.57,18.34,0.04,0.22%,1991-03-20,1369/12/29
9071,17.8,17.7,18.44,18.38,0.85,4.85%,1991-03-19,1369/12/28
9072,17.4,17.4,17.7,17.53,0.2,1.14%,1991-03-18,1369/12/27
9073,18.2,17.65,18.3,17.73,2.3,12.97%,1991-03-15,1369/12/24
9074,20.1,19.79,20.1,20.03,0.78,3.89%,1991-03-14,1369/12/23
9075,19.3,19.15,20.9,20.81,1.78,9.35%,1991-03-13,1369/12/22
9076,18.35,18.05,19.05,19.03,0.66,3.59%,1991-03-12,1369/12/21
9077,18.35,18,18.52,18.37,0.44,2.40%,1991-03-11,1369/12/20
9078,18.55,18.52,18.85,18.81,0.08,0.43%,1991-03-08,1369/12/17
9079,19.1,18.7,19.25,18.89,0.33,1.75%,1991-03-07,1369/12/16
9080,19.7,19.1,19.78,19.22,0.28,1.46%,1991-03-06,1369/12/15
9081,19.75,19.15,19.75,19.5,0.13,0.67%,1991-03-05,1369/12/14
9082,18.95,18.95,19.65,19.63,0.74,3.92%,1991-03-04,1369/12/13
9083,18.5,18.35,18.9,18.89,0.21,1.12%,1991-03-01,1369/12/10
9084,18.15,18.15,18.7,18.68,0.75,4.18%,1991-02-28,1369/12/09
9085,17.5,17.5,18,17.93,0.7,4.06%,1991-02-27,1369/12/08
9086,16.6,16.5,17.25,17.23,0.34,2.01%,1991-02-26,1369/12/07
9087,16.3,16.15,16.95,16.89,0.27,1.62%,1991-02-25,1369/12/06
9088,16.5,16.45,17.1,16.62,0.23,1.38%,1991-02-22,1369/12/03
9089,17.4,16.75,17.65,16.85,0.59,3.50%,1991-02-21,1369/12/02
9090,16.7,16.65,17.55,17.44,0.65,3.87%,1991-02-20,1369/12/01
9091,16.4,16,17.05,16.79,0.29,1.76%,1991-02-19,1369/11/30
9092,17.05,16.45,17.35,16.5,0.54,3.27%,1991-02-18,1369/11/29
9093,18.5,16.3,18.7,17.04,1.75,10.27%,1991-02-15,1369/11/26
9094,19.05,18.78,19.16,18.79,1.3,6.92%,1991-02-14,1369/11/25
9095,20.3,20,20.4,20.09,0.52,2.59%,1991-02-13,1369/11/24
9096,20.7,20.25,20.9,20.61,0.1,0.49%,1991-02-12,1369/11/23
9097,20.4,19.25,20.67,20.51,0.53,2.65%,1991-02-11,1369/11/22
9098,20.25,19.9,20.25,19.98,0.2,1%,1991-02-08,1369/11/19
9099,20.35,19.85,20.6,20.18,0.02,0.10%,1991-02-07,1369/11/18
9100,19.9,19.75,20.25,20.16,0.47,2.39%,1991-02-06,1369/11/17
9101,20,19.5,20.1,19.69,0.08,0.41%,1991-02-05,1369/11/16
9102,20,19.55,20.12,19.77,0.05,0.25%,1991-02-04,1369/11/15
9103,20.1,19.8,20.45,19.82,0.24,1.21%,1991-02-01,1369/11/12
9104,20.15,19.95,20.35,20.06,0.45,2.29%,1991-01-31,1369/11/11
9105,20.35,19.6,20.9,19.61,0.86,4.39%,1991-01-30,1369/11/10
9106,19.65,19.47,20.5,20.47,0.6,3.02%,1991-01-29,1369/11/09
9107,19.85,19.55,19.95,19.87,0.13,0.65%,1991-01-28,1369/11/08
9108,20.2,19.95,20.5,20,0.37,1.85%,1991-01-25,1369/11/05
9109,19.85,19.6,20.65,20.37,0.19,0.93%,1991-01-24,1369/11/04
9110,21.5,20.3,21.8,20.56,0.06,0.29%,1991-01-23,1369/11/03
9111,20,20,20.7,20.5,1.53,8.07%,1991-01-22,1369/11/02
9112,19.05,18.9,19.35,18.97,0.77,4.23%,1991-01-21,1369/11/01
9113,20.5,17.9,20.7,18.2,1.5,8.24%,1991-01-18,1369/10/28
9114,23,19.55,24.2,19.7,10.5,53.30%,1991-01-17,1369/10/27
9115,30,29.65,30.5,30.2,2.01,7.13%,1991-01-16,1369/10/26
9116,30.1,28.15,30.25,28.19,0.98,3.48%,1991-01-15,1369/10/25
9117,28.6,28.2,31.2,29.17,3.5,13.63%,1991-01-14,1369/10/24
9118,25.51,25.25,26.35,25.67,0.58,2.26%,1991-01-11,1369/10/21
9119,27,25.9,27,26.25,0.1,0.38%,1991-01-10,1369/10/20
9120,26.7,22.05,28,26.15,0.09,0.34%,1991-01-09,1369/10/19
9121,26.7,25.5,26.85,26.24,0.55,2.10%,1991-01-08,1369/10/18
9122,25.7,24.9,26.85,26.79,3.23,13.71%,1991-01-07,1369/10/17
9123,25.3,23.3,25.45,23.56,1.33,5.65%,1991-01-04,1369/10/14
9124,26.5,24.6,26.6,24.89,1.55,6.23%,1991-01-03,1369/10/13
9125,28.1,26,28.1,26.44,1.83,6.92%,1991-01-02,1369/10/12
9126,27.35,27.35,28.35,28.27,1.23,4.55%,1990-12-31,1369/10/10
9127,26.5,26.45,27.1,27.04,0.55,2.08%,1990-12-28,1369/10/07
9128,26.5,26.3,26.8,26.49,0.28,1.06%,1990-12-27,1369/10/06
9129,26.5,26.4,26.8,26.77,0.99,3.84%,1990-12-24,1369/10/03
9130,25.9,25.45,26.15,25.78,0.3,1.16%,1990-12-21,1369/09/30
9131,26.3,25.8,26.5,26.08,0.43,1.65%,1990-12-20,1369/09/29
9132,26.35,26.15,26.7,26.51,0.43,1.65%,1990-12-19,1369/09/28
9133,26.15,25.65,26.3,26.08,0.41,1.60%,1990-12-18,1369/09/27
9134,26,25.55,26.65,25.67,2.03,7.91%,1990-12-17,1369/09/26
9135,27.6,27.2,28.25,27.7,0.31,1.13%,1990-12-14,1369/09/23
9136,25.55,25.5,27.4,27.39,1.48,5.71%,1990-12-13,1369/09/22
9137,27.1,25.8,27.1,25.91,1.11,4.28%,1990-12-12,1369/09/21
9138,27.75,26.45,27.9,27.02,0.71,2.63%,1990-12-11,1369/09/20
9139,27.55,27.4,28.3,27.73,0.55,2.02%,1990-12-10,1369/09/19
9140,26.55,26.55,27.5,27.18,0.38,1.42%,1990-12-07,1369/09/16
9141,27.3,25.45,28,26.8,0.53,1.98%,1990-12-06,1369/09/15
9142,29.6,27.3,30.3,27.33,3.37,12.33%,1990-12-05,1369/09/14
9143,29.6,29.5,30.7,30.7,0.98,3.30%,1990-12-04,1369/09/13
9144,29,28.5,30.35,29.72,0.52,1.78%,1990-12-03,1369/09/12
9145,32.05,29.05,32.45,29.2,3.19,10.92%,1990-11-30,1369/09/09
9146,33,32.35,33.25,32.39,0.59,1.82%,1990-11-29,1369/09/08
9147,32.4,31.7,33.1,32.98,0.09,0.27%,1990-11-28,1369/09/07
9148,33.5,32.3,33.6,32.89,0.07,0.21%,1990-11-27,1369/09/06
9149,33,32.6,33.5,32.82,1.82,5.87%,1990-11-26,1369/09/05
9150,30.12,30.12,31.2,31,1.01,3.37%,1990-11-23,1369/09/02
9151,29,29,30,29.99,1.05,3.63%,1990-11-22,1369/09/01
9152,28.65,28.65,29.36,28.94,0.61,2.15%,1990-11-21,1369/08/30
9153,29.5,28.3,29.85,28.33,1.49,5.26%,1990-11-20,1369/08/29
9154,28.1,27.95,30.25,29.82,0.82,2.83%,1990-11-19,1369/08/28
9155,30.1,28.7,30.15,29,3.06,10.55%,1990-11-16,1369/08/25
9156,31.65,31.45,32.45,32.06,0.57,1.81%,1990-11-15,1369/08/24
9157,32.9,31.35,32.9,31.49,1.28,4.06%,1990-11-14,1369/08/23
9158,32,31.9,33.3,32.77,0.67,2.09%,1990-11-13,1369/08/22
9159,32.4,31.5,32.99,32.1,1.4,4.36%,1990-11-12,1369/08/21
9160,34.2,33.5,34.55,33.5,1.39,4.15%,1990-11-09,1369/08/18
9161,34.7,33.6,35,34.89,0.06,0.17%,1990-11-08,1369/08/17
9162,31.95,31.65,34.93,34.83,2.58,8%,1990-11-07,1369/08/16
9163,31.3,31.1,32.45,32.25,0.39,1.22%,1990-11-06,1369/08/15
9164,33.2,31.6,33.2,31.86,1.69,5.30%,1990-11-05,1369/08/14
9165,34.35,33.5,34.35,33.55,1.02,3.04%,1990-11-02,1369/08/11
9166,34.6,34,35.18,34.57,0.16,0.46%,1990-11-01,1369/08/10
9167,34,33.1,34.5,34.41,0.16,0.47%,1990-10-31,1369/08/09
9168,34.85,33.85,35,34.25,0.32,0.94%,1990-10-30,1369/08/08
9169,33.85,33.25,34.04,33.93,1.88,5.87%,1990-10-29,1369/08/07
9170,35.2,31.9,35.7,32.05,1.15,3.59%,1990-10-26,1369/08/04
9171,30.65,30.4,33.25,33.2,3.24,10.81%,1990-10-25,1369/08/03
9172,28.4,28.4,30.3,29.96,1.65,5.83%,1990-10-24,1369/08/02
9173,27.8,27.35,29.2,28.31,1.49,5.56%,1990-10-23,1369/08/01
9174,29.1,26.05,29.4,26.82,4.19,15.62%,1990-10-22,1369/07/30
9175,31.5,30.75,32.5,31.01,3.1,10%,1990-10-19,1369/07/27
9176,34.55,32.4,34.6,34.11,0.08,0.24%,1990-10-18,1369/07/26
9177,36.9,34,37.1,34.03,3.93,11.55%,1990-10-17,1369/07/25
9178,37.45,37.05,38.55,37.96,0.18,0.47%,1990-10-16,1369/07/24
9179,38.9,37.5,38.9,38.14,1.35,3.54%,1990-10-15,1369/07/23
9180,39.6,38.8,40.2,39.49,0.24,0.61%,1990-10-12,1369/07/20
9181,40,39.4,40.3,39.73,0.79,2.03%,1990-10-11,1369/07/19
9182,40.15,38,40.95,38.94,1.21,3.11%,1990-10-10,1369/07/18
9183,39,38.78,40.2,40.15,1.83,4.78%,1990-10-09,1369/07/17
9184,37,36.75,38.6,38.32,0.97,2.60%,1990-10-08,1369/07/16
9185,36.6,36.5,37.6,37.35,1.43,3.98%,1990-10-05,1369/07/13
9186,36,35.8,37.35,35.92,0.7,1.95%,1990-10-04,1369/07/12
9187,34.85,34.25,36.7,36.62,2.79,8.25%,1990-10-03,1369/07/11
9188,35.8,33.75,36.15,33.83,3.22,9.52%,1990-10-02,1369/07/10
9189,38.2,36.05,38.7,37.05,2.05,5.53%,1990-10-01,1369/07/09
9190,38.15,38.15,39.15,39.1,0.63,1.64%,1990-09-28,1369/07/06
9191,36.98,36.4,39,38.47,0.52,1.37%,1990-09-27,1369/07/05
9192,37.1,35.5,38.2,37.95,0.85,2.29%,1990-09-26,1369/07/04
9193,38,36.5,38.3,37.1,0.58,1.56%,1990-09-25,1369/07/03
9194,35.5,35.4,38.2,37.68,2.92,8.40%,1990-09-24,1369/07/02
9195,33.7,33.5,34.8,34.76,1.61,4.86%,1990-09-21,1369/06/30
9196,33.15,32.55,33.29,33.15,0.15,0.45%,1990-09-20,1369/06/29
9197,32.65,31.4,33.05,33,0.35,1.07%,1990-09-19,1369/06/28
9198,33.4,32.1,33.9,32.65,0.35,1.07%,1990-09-18,1369/06/27
9199,31,30.95,33,33,2.28,7.42%,1990-09-17,1369/06/26
9200,28.8,28.8,30.75,30.72,0.48,1.56%,1990-09-14,1369/06/23
9201,30.85,30.84,31.5,31.2,0.57,1.86%,1990-09-13,1369/06/22
9202,30.05,30.05,30.9,30.63,-,-,1990-09-12,1369/06/21
9203,29.5,29.5,31.14,30.63,0.27,0.88%,1990-09-11,1369/06/20
9204,29.5,28.35,31.1,30.9,0.65,2.15%,1990-09-10,1369/06/19
9205,30.6,29.5,30.65,30.25,0.68,2.25%,1990-09-07,1369/06/16
9206,30.1,30,31,30.93,1.04,3.48%,1990-09-06,1369/06/15
9207,30,28.25,30,29.89,0.69,2.36%,1990-09-05,1369/06/14
9208,28.8,27.8,29.2,29.2,0.65,2.28%,1990-09-04,1369/06/13
9209,27.6,27.6,28.55,28.55,1.8,6.73%,1990-09-03,1369/06/12
9210,26.2,26.2,26.77,26.75,0.85,3.28%,1990-08-31,1369/06/09
9211,25.2,25.2,26.18,25.9,1.1,4.44%,1990-08-30,1369/06/08
9212,26.53,24.2,26.53,24.8,1.88,7.58%,1990-08-29,1369/06/07
9213,25.5,24.9,26.7,26.68,3.42,12.82%,1990-08-28,1369/06/06
9214,30.55,29.5,30.55,30.1,0.75,2.49%,1990-08-24,1369/06/02
9215,30.9,29.7,31.1,30.85,0.66,2.19%,1990-08-23,1369/06/01
9216,28,27.8,30.2,30.19,2.56,9.27%,1990-08-22,1369/05/31
9217,27.8,27,28.07,27.63,0.25,0.91%,1990-08-21,1369/05/30
9218,27,26.85,27.6,27.38,0.26,0.96%,1990-08-20,1369/05/29
9219,26.1,25.97,27.12,27.12,0.2,0.74%,1990-08-17,1369/05/26
9220,26.6,26.55,26.95,26.92,0.62,2.36%,1990-08-16,1369/05/25
9221,26.45,25.57,26.45,26.3,0.47,1.79%,1990-08-15,1369/05/24
9222,26.97,26,26.97,26.77,0.27,1.02%,1990-08-14,1369/05/23
9223,25.7,25.6,26.5,26.5,1.03,4.04%,1990-08-13,1369/05/22
9224,24.9,24.85,25.65,25.47,0.72,2.91%,1990-08-10,1369/05/19
9225,24.1,24.1,25.15,24.75,0.23,0.93%,1990-08-09,1369/05/18
9226,26.75,24,26.75,24.98,2.42,9.69%,1990-08-08,1369/05/17
9227,27.9,25.6,28.65,27.4,0.62,2.32%,1990-08-07,1369/05/16
9228,26.5,25.7,26.8,26.78,3.3,14.05%,1990-08-06,1369/05/15
9229,22.8,22.4,24.2,23.48,1.53,6.97%,1990-08-03,1369/05/12
9230,23.8,21.42,24,21.95,1.15,5.53%,1990-08-02,1369/05/11
9231,19.86,19.79,20.8,20.8,0.96,4.84%,1990-08-01,1369/05/10
9232,19.62,19.62,19.85,19.84,0.34,1.74%,1990-07-31,1369/05/09
9233,19.3,19.3,19.51,19.5,0.28,1.46%,1990-07-30,1369/05/08
9234,19.45,19.18,19.7,19.22,0.04,0.21%,1990-07-27,1369/05/05
9235,19.15,18.91,19.47,19.26,0.08,0.42%,1990-07-26,1369/05/04
9236,19.55,19.15,19.55,19.18,0.24,1.25%,1990-07-25,1369/05/03
9237,19.55,19.4,19.74,19.42,0.2,1.04%,1990-07-24,1369/05/02
9238,18.85,18.85,19.35,19.22,0.47,2.51%,1990-07-23,1369/05/01
9239,18.5,18.47,18.79,18.75,0.16,0.86%,1990-07-20,1369/04/29
9240,18.4,18.35,18.9,18.59,0.23,1.25%,1990-07-19,1369/04/28
9241,18.1,18.1,18.7,18.36,0.17,0.93%,1990-07-18,1369/04/27
9242,18.28,18.07,18.41,18.19,0.35,1.96%,1990-07-17,1369/04/26
9243,17.9,17.7,17.97,17.84,0.41,2.35%,1990-07-16,1369/04/25
9244,17.25,17.2,17.78,17.43,0.07,0.40%,1990-07-13,1369/04/22
9245,16.35,16.35,17.5,17.5,1.13,6.90%,1990-07-12,1369/04/21
9246,16.21,15.98,16.44,16.37,0.3,1.87%,1990-07-11,1369/04/20
9247,15.95,15.86,16.15,16.07,0.17,1.07%,1990-07-10,1369/04/19
9248,15.8,15.53,15.9,15.9,0.04,0.25%,1990-07-09,1369/04/18
9249,15.89,15.8,16.18,15.86,0.04,0.25%,1990-07-06,1369/04/15
9250,16.1,15.68,16.12,15.9,0.08,0.50%,1990-07-05,1369/04/14
9251,16,15.95,16.01,15.98,0.01,0.06%,1990-07-04,1369/04/13
9252,15.97,15.93,16.1,15.97,0.1,0.63%,1990-07-03,1369/04/12
9253,16.83,15.78,16.83,15.87,0.27,1.70%,1990-07-02,1369/04/11
9254,16.2,16.11,16.33,16.14,0.07,0.43%,1990-06-29,1369/04/08
9255,16.28,15.7,16.28,16.21,0.5,3.18%,1990-06-28,1369/04/07
9256,15.97,15.7,16.01,15.71,0.31,1.97%,1990-06-27,1369/04/06
9257,16.25,16.01,16.25,16.02,0.18,1.12%,1990-06-26,1369/04/05
9258,16.25,16.02,16.35,16.2,0.03,0.19%,1990-06-25,1369/04/04
9259,15.95,15.86,16.2,16.17,0.34,2.15%,1990-06-22,1369/04/01
9260,15.75,15.5,15.91,15.83,0.22,1.41%,1990-06-21,1369/03/31
9261,15.53,15.44,15.75,15.61,0.02,0.13%,1990-06-20,1369/03/30
9262,15.7,15.59,15.92,15.63,0.04,0.26%,1990-06-19,1369/03/29
9263,16.17,15.67,16.2,15.67,0.44,2.81%,1990-06-18,1369/03/28
9264,16.4,16.1,16.4,16.11,0.02,0.12%,1990-06-15,1369/03/25
9265,16.1,15.99,16.3,16.09,0.11,0.69%,1990-06-14,1369/03/24
9266,15.9,15.7,16.04,15.98,0.01,0.06%,1990-06-13,1369/03/23
9267,15.62,15.62,15.99,15.97,0.42,2.70%,1990-06-12,1369/03/22
9268,15.55,15.5,15.58,15.55,0.1,0.64%,1990-06-11,1369/03/21
9269,15.5,15.44,15.66,15.65,0.04,0.26%,1990-06-08,1369/03/18
9270,15.79,15.52,15.97,15.61,-,-,1990-06-07,1369/03/17
9271,15.35,15.33,15.78,15.61,0.15,0.96%,1990-06-06,1369/03/16
9272,15.7,15.58,15.84,15.76,0.34,2.16%,1990-06-05,1369/03/15
9273,16.4,16.08,16.46,16.1,0.27,1.68%,1990-06-04,1369/03/14
9274,16.31,16.22,16.45,16.37,0.13,0.80%,1990-06-01,1369/03/11
9275,16.5,16.1,16.54,16.24,0.51,3.14%,1990-05-31,1369/03/10
9276,16.75,16.73,17.05,16.75,0.1,0.60%,1990-05-30,1369/03/09
9277,16.61,16.32,16.7,16.65,0.13,0.79%,1990-05-29,1369/03/08
9278,16.6,16.45,16.87,16.52,0.09,0.54%,1990-05-25,1369/03/04
9279,16.69,16.59,16.85,16.61,0.14,0.84%,1990-05-24,1369/03/03
9280,17.1,16.54,17.1,16.75,0.48,2.87%,1990-05-23,1369/03/02
9281,17.37,17.17,17.42,17.23,0.18,1.04%,1990-05-22,1369/03/01
9282,17.65,17.4,17.75,17.41,0.28,1.61%,1990-05-21,1369/02/31
9283,17.89,17.67,17.9,17.69,0.08,0.45%,1990-05-18,1369/02/28
9284,17.83,17.67,17.85,17.77,0.01,0.06%,1990-05-17,1369/02/27
9285,17.88,17.75,18.06,17.76,0.15,0.84%,1990-05-16,1369/02/26
9286,18.12,17.9,18.13,17.91,0.19,1.06%,1990-05-15,1369/02/25
9287,17.78,17.72,18.16,18.1,0.5,2.84%,1990-05-14,1369/02/24
9288,17.7,17.57,17.77,17.6,0.27,1.56%,1990-05-11,1369/02/21
9289,17.33,17.15,17.34,17.33,-,-,1990-05-10,1369/02/20
9290,17.02,16.9,17.34,17.33,0.63,3.77%,1990-05-09,1369/02/19
9291,16.7,16.7,17,16.7,0.37,2.27%,1990-05-08,1369/02/18
9292,16.42,16.3,16.6,16.33,0.21,1.29%,1990-05-04,1369/02/14
9293,17.25,16.47,17.55,16.54,0.65,3.93%,1990-05-03,1369/02/13
9294,17.3,17.15,17.5,17.19,0.06,0.35%,1990-05-02,1369/02/12
9295,17.2,17.07,17.36,17.25,0.13,0.76%,1990-05-01,1369/02/11
9296,17.2,17.11,17.32,17.12,0.04,0.23%,1990-04-30,1369/02/10
9297,17.1,16.97,17.26,17.08,-,-,1990-04-27,1369/02/07
9298,17.32,17.06,17.37,17.08,0.13,0.76%,1990-04-26,1369/02/06
9299,17.44,17.1,17.44,17.21,0.27,1.57%,1990-04-25,1369/02/05
9300,17.7,17.41,17.89,17.48,0.07,0.40%,1990-04-24,1369/02/04
9301,17.41,17.37,17.79,17.55,0.34,1.98%,1990-04-23,1369/02/03
9302,17.05,17.02,17.37,17.21,0.2,1.18%,1990-04-20,1369/01/31
9303,16.6,16.54,17.28,17.01,0.61,3.72%,1990-04-19,1369/01/30
9304,16.57,16.2,16.65,16.4,0.3,1.83%,1990-04-18,1369/01/29
9305,17.1,16.65,17.25,16.7,0.12,0.72%,1990-04-17,1369/01/28
9306,17.1,16.75,17.45,16.82,0.02,0.12%,1990-04-12,1369/01/23
9307,17.05,15.94,17.05,16.84,0.19,1.14%,1990-04-11,1369/01/22
9308,16.28,16.21,16.75,16.65,0.65,3.90%,1990-04-10,1369/01/21
9309,17.3,16.79,17.33,17.3,0.5,2.89%,1990-04-09,1369/01/20
9310,17.8,17.4,17.91,17.8,0.15,0.85%,1990-04-06,1369/01/17
9311,18.15,17.65,18.2,17.65,0.44,2.49%,1990-04-05,1369/01/16
9312,18.4,18.08,18.46,18.09,0.39,2.16%,1990-04-04,1369/01/15
9313,18.62,18.45,18.65,18.48,0.14,0.76%,1990-04-03,1369/01/14
9314,18.49,18.4,18.65,18.62,0.24,1.31%,1990-04-02,1369/01/13
9315,18.3,18.28,18.39,18.38,0.05,0.27%,1990-03-30,1369/01/10
9316,18.2,18.18,18.37,18.33,0.01,0.05%,1990-03-29,1369/01/09
9317,18.41,18.28,18.47,18.32,0.14,0.76%,1990-03-28,1369/01/08
9318,18.49,18.33,18.53,18.46,-,-,1990-03-27,1369/01/07
9319,18.34,18.34,18.6,18.46,0.06,0.33%,1990-03-26,1369/01/06
9320,18.2,18.2,18.41,18.4,0.24,1.32%,1990-03-23,1369/01/03
9321,18.25,18.15,18.3,18.16,0.01,0.06%,1990-03-22,1369/01/02
9322,18.18,18.1,18.25,18.17,0.12,0.66%,1990-03-21,1369/01/01
9323,18.27,18,18.33,18.05,0.15,0.83%,1990-03-20,1368/12/29
9324,18.4,18.15,18.4,18.2,0.36,1.98%,1990-03-19,1368/12/28
9325,18.75,18.53,18.75,18.56,0.18,0.97%,1990-03-16,1368/12/25
9326,18.57,18.57,18.82,18.74,0.22,1.19%,1990-03-15,1368/12/24
9327,18.6,18.48,18.68,18.52,0.08,0.43%,1990-03-14,1368/12/23
9328,18.75,18.58,18.81,18.6,0.02,0.11%,1990-03-13,1368/12/22
9329,18.7,18.55,18.74,18.62,0.26,1.40%,1990-03-12,1368/12/21
9330,19,18.86,19.04,18.88,0.02,0.11%,1990-03-09,1368/12/18
9331,19.08,18.82,19.08,18.86,0.27,1.43%,1990-03-08,1368/12/17
9332,19.26,19.12,19.26,19.13,0.2,1.05%,1990-03-07,1368/12/16
9333,19.35,19.32,19.48,19.33,0.1,0.52%,1990-03-06,1368/12/15
9334,19.3,19.21,19.52,19.43,0.15,0.78%,1990-03-05,1368/12/14
9335,19.34,19.18,19.34,19.28,0.04,0.21%,1990-03-02,1368/12/11
9336,19.48,19.24,19.68,19.24,0.24,1.25%,1990-03-01,1368/12/10
9337,19.45,19.33,19.58,19.48,0.07,0.36%,1990-02-28,1368/12/09
9338,19.55,19.4,19.67,19.41,0.17,0.88%,1990-02-27,1368/12/08
9339,19.12,19.12,19.6,19.58,0.39,2.03%,1990-02-26,1368/12/07
9340,19.2,19.16,19.29,19.19,0.09,0.47%,1990-02-23,1368/12/04
9341,19.45,19.27,19.5,19.28,0.11,0.57%,1990-02-22,1368/12/03
9342,19.53,19.39,19.59,19.39,0.2,1.03%,1990-02-21,1368/12/02
9343,19.61,19.5,19.61,19.59,0.01,0.05%,1990-02-20,1368/12/01
9344,19.7,19.54,19.7,19.58,0.1,0.51%,1990-02-19,1368/11/30
9345,19.88,19.55,19.9,19.68,0.16,0.81%,1990-02-16,1368/11/27
9346,19.6,19.51,19.87,19.84,0.35,1.80%,1990-02-15,1368/11/26
9347,19.34,19.26,19.5,19.49,0.09,0.46%,1990-02-14,1368/11/25
9348,19.4,19.38,19.67,19.4,0.07,0.36%,1990-02-13,1368/11/24
9349,19.28,19.19,19.35,19.33,0.27,1.40%,1990-02-12,1368/11/23
9350,19.4,19.4,19.61,19.6,0.12,0.62%,1990-02-09,1368/11/20
9351,19.69,19.42,19.8,19.48,0.21,1.08%,1990-02-08,1368/11/19
9352,19.65,19.59,19.73,19.69,0.19,0.96%,1990-02-07,1368/11/18
9353,19.85,19.77,19.96,19.88,0.1,0.51%,1990-02-06,1368/11/17
9354,20.15,19.75,20.2,19.78,0.41,2.07%,1990-02-05,1368/11/16
9355,19.8,19.75,20.2,20.19,0.26,1.30%,1990-02-02,1368/11/13
9356,19.9,19.77,20.05,19.93,0.13,0.65%,1990-02-01,1368/11/12
9357,19.6,19.55,20.15,20.06,0.24,1.21%,1990-01-31,1368/11/11
9358,20.1,19.82,20.19,19.82,0.23,1.16%,1990-01-30,1368/11/10
9359,19.78,19.73,20.05,20.05,0.19,0.96%,1990-01-29,1368/11/09
9360,19.6,19.5,19.9,19.86,0.13,0.66%,1990-01-26,1368/11/06
9361,19.4,19.4,19.75,19.73,0.46,2.39%,1990-01-25,1368/11/05
9362,19.08,19.02,19.49,19.27,0.06,0.31%,1990-01-24,1368/11/04
9363,19.46,19.2,19.47,19.21,0.45,2.34%,1990-01-23,1368/11/03
9364,20.04,19.5,20.04,19.66,0.26,1.32%,1990-01-22,1368/11/02
9365,19.65,19.65,19.97,19.92,0.45,2.31%,1990-01-19,1368/10/29
9366,19.35,19.35,19.58,19.47,0.27,1.41%,1990-01-18,1368/10/28
9367,19.1,19.05,19.33,19.2,0.38,1.98%,1990-01-17,1368/10/27
9368,19.35,19.15,19.7,19.58,0.05,0.26%,1990-01-16,1368/10/26
9369,19.9,19.5,19.94,19.53,0.52,2.66%,1990-01-15,1368/10/25
9370,20.3,20.01,20.35,20.05,0.22,1.10%,1990-01-12,1368/10/22
9371,20.15,19.78,20.28,20.27,0.46,2.27%,1990-01-11,1368/10/21
9372,20.6,20.4,20.85,20.73,0.59,2.93%,1990-01-10,1368/10/20
9373,19.6,19.35,20.2,20.14,0.38,1.89%,1990-01-09,1368/10/19
9374,21.4,20.44,21.41,20.52,1.48,7.21%,1990-01-08,1368/10/18
9375,21.55,21.4,22.1,22,0.49,2.28%,1990-01-05,1368/10/15
9376,22.24,21.51,22.28,21.51,0.18,0.84%,1990-01-04,1368/10/14
9377,21.15,21.15,21.72,21.69,1.18,5.75%,1990-01-03,1368/10/13
9378,20.2,20.15,20.55,20.51,0.23,1.13%,1990-01-02,1368/10/12
9379,20.2,20.12,20.28,20.28,0.24,1.20%,1989-12-29,1368/10/08
9380,20.14,19.93,20.21,20.04,0.06,0.30%,1989-12-28,1368/10/07
9381,20.2,20.1,20.3,20.1,0.34,1.72%,1989-12-27,1368/10/06
9382,19.77,19.71,19.77,19.76,0.27,1.39%,1989-12-22,1368/10/01
9383,19.45,19.35,19.51,19.49,0.01,0.05%,1989-12-21,1368/09/30
9384,19.64,19.48,19.82,19.5,0.04,0.21%,1989-12-20,1368/09/29
9385,19.65,19.46,19.7,19.54,0.17,0.88%,1989-12-19,1368/09/28
9386,19.34,19.34,19.45,19.37,0.24,1.25%,1989-12-18,1368/09/27
9387,19.01,18.99,19.13,19.13,0.11,0.58%,1989-12-15,1368/09/24
9388,19.08,18.99,19.17,19.02,0.2,1.05%,1989-12-14,1368/09/23
9389,19.18,19.18,19.28,19.22,0.12,0.63%,1989-12-13,1368/09/22
9390,19.01,18.92,19.11,19.1,0.01,0.05%,1989-12-12,1368/09/21
9391,19.07,19,19.15,19.11,0.01,0.05%,1989-12-11,1368/09/20
9392,19.15,19.04,19.17,19.12,0.13,0.68%,1989-12-08,1368/09/17
9393,19.22,19.22,19.41,19.25,0.1,0.52%,1989-12-07,1368/09/16
9394,19,18.97,19.2,19.15,0.11,0.58%,1989-12-06,1368/09/15
9395,19.05,19.03,19.26,19.04,0.12,0.63%,1989-12-05,1368/09/14
9396,19.05,19,19.29,19.16,0.5,2.68%,1989-12-04,1368/09/13
9397,18.54,18.5,18.7,18.66,0.17,0.92%,1989-12-01,1368/09/10
9398,18.24,18.24,18.5,18.49,0.41,2.27%,1989-11-30,1368/09/09
9399,18.15,18.07,18.24,18.08,0.21,1.16%,1989-11-29,1368/09/08
9400,18.3,18.26,18.47,18.29,0.15,0.82%,1989-11-28,1368/09/07
9401,18.47,18.41,18.49,18.44,-,-,1989-11-27,1368/09/06
9402,18.38,18.38,18.48,18.44,0.09,0.49%,1989-11-24,1368/09/03
9403,18.49,18.34,18.49,18.35,0.16,0.87%,1989-11-23,1368/09/02
9404,18.6,18.49,18.6,18.51,0.07,0.38%,1989-11-22,1368/09/01
9405,18.64,18.58,18.69,18.58,0.05,0.27%,1989-11-21,1368/08/30
9406,18.56,18.54,18.66,18.63,0.08,0.43%,1989-11-20,1368/08/29
9407,18.58,18.51,18.61,18.55,0.11,0.60%,1989-11-17,1368/08/26
9408,18.4,18.4,18.5,18.44,0.09,0.49%,1989-11-16,1368/08/25
9409,18.36,18.33,18.44,18.35,0.12,0.65%,1989-11-15,1368/08/24
9410,18.4,18.35,18.5,18.47,0.02,0.11%,1989-11-14,1368/08/23
9411,18.55,18.48,18.56,18.49,0.62,3.35%,1989-11-13,1368/08/22
9412,19.07,19.05,19.15,19.11,0.11,0.58%,1989-11-10,1368/08/19
9413,18.92,18.92,19.01,19,0.23,1.23%,1989-11-09,1368/08/18
9414,18.84,18.73,18.89,18.77,0.16,0.85%,1989-11-08,1368/08/17
9415,18.9,18.82,18.95,18.93,0.04,0.21%,1989-11-07,1368/08/16
9416,18.99,18.95,19.13,18.97,0.12,0.64%,1989-11-06,1368/08/15
9417,18.8,18.72,18.91,18.85,0.19,1.01%,1989-11-03,1368/08/12
9418,19.1,19.02,19.15,19.04,0.05,0.26%,1989-11-02,1368/08/11
9419,18.82,18.78,19.1,19.09,0.46,2.47%,1989-11-01,1368/08/10
9420,18.68,18.56,18.73,18.63,0.05,0.27%,1989-10-31,1368/08/09
9421,18.58,18.55,18.73,18.68,0.3,1.63%,1989-10-30,1368/08/08
9422,18.33,18.25,18.39,18.38,0.2,1.10%,1989-10-27,1368/08/05
9423,18.3,18.13,18.3,18.18,0.33,1.82%,1989-10-26,1368/08/04
9424,18.56,18.46,18.58,18.51,0.15,0.82%,1989-10-25,1368/08/03
9425,18.4,18.32,18.44,18.36,0.11,0.60%,1989-10-24,1368/08/02
9426,18.74,18.46,18.74,18.47,0.27,1.46%,1989-10-23,1368/08/01
9427,18.8,18.7,18.87,18.74,0.07,0.37%,1989-10-20,1368/07/28
9428,18.93,18.65,18.93,18.81,0.17,0.90%,1989-10-19,1368/07/27
9429,19.15,18.95,19.2,18.98,0.01,0.05%,1989-10-18,1368/07/26
9430,18.9,18.89,19.03,18.97,0.16,0.85%,1989-10-17,1368/07/25
9431,18.81,18.55,18.81,18.81,0.09,0.48%,1989-10-16,1368/07/24
9432,18.9,18.81,18.97,18.9,0.28,1.50%,1989-10-13,1368/07/21
9433,18.38,18.38,18.69,18.62,0.2,1.09%,1989-10-12,1368/07/20
9434,18.27,18.27,18.44,18.42,0.03,0.16%,1989-10-11,1368/07/19
9435,18.25,18.23,18.4,18.39,0.27,1.49%,1989-10-10,1368/07/18
9436,18.15,18.11,18.18,18.12,0.1,0.55%,1989-10-09,1368/07/17
9437,18.3,18.15,18.34,18.22,0.03,0.16%,1989-10-06,1368/07/14
9438,18.35,18.18,18.35,18.19,0.32,1.76%,1989-10-05,1368/07/13
9439,18.45,18.36,18.52,18.51,0.07,0.38%,1989-10-04,1368/07/12
9440,18.35,18.3,18.47,18.44,0.07,0.38%,1989-10-03,1368/07/11
9441,18.33,18.3,18.45,18.37,0.21,1.16%,1989-10-02,1368/07/10
9442,18.1,18.08,18.2,18.16,0.27,1.51%,1989-09-29,1368/07/07
9443,17.75,17.65,17.89,17.89,0.39,2.23%,1989-09-28,1368/07/06
9444,17.68,17.42,17.9,17.5,-,-,1989-09-27,1368/07/05
9445,17.37,17.3,17.55,17.5,0.01,0.06%,1989-09-26,1368/07/04
9446,17.4,17.18,17.5,17.49,0.11,0.63%,1989-09-25,1368/07/03
9447,17.65,17.54,17.72,17.6,0.15,0.85%,1989-09-22,1368/06/31
9448,17.83,17.74,17.9,17.75,0.07,0.40%,1989-09-21,1368/06/30
9449,17.64,17.62,17.74,17.68,0.03,0.17%,1989-09-20,1368/06/29
9450,17.7,17.57,17.71,17.71,0.07,0.40%,1989-09-19,1368/06/28
9451,17.8,17.77,17.86,17.78,0.2,1.14%,1989-09-18,1368/06/27
9452,17.62,17.5,17.63,17.58,0.07,0.40%,1989-09-15,1368/06/24
9453,17.7,17.62,17.84,17.65,0.12,0.68%,1989-09-14,1368/06/23
9454,17.65,17.62,17.79,17.77,0.11,0.62%,1989-09-13,1368/06/22
9455,17.7,17.59,17.7,17.66,0.06,0.34%,1989-09-12,1368/06/21
9456,17.74,17.57,17.75,17.72,-,-,1989-09-11,1368/06/20
9457,17.71,17.63,17.72,17.72,0.04,0.23%,1989-09-08,1368/06/17
9458,17.84,17.67,17.86,17.76,0.02,0.11%,1989-09-07,1368/06/16
9459,17.5,17.5,17.79,17.74,0.32,1.84%,1989-09-06,1368/06/15
9460,17.3,17.28,17.43,17.42,0.06,0.35%,1989-09-05,1368/06/14
9461,17.22,17.22,17.36,17.36,0.16,0.93%,1989-09-04,1368/06/13
9462,17.17,17.11,17.23,17.2,0.04,0.23%,1989-09-01,1368/06/10
9463,17.11,17.11,17.3,17.24,0.24,1.41%,1989-08-31,1368/06/09
9464,16.94,16.94,17,17,0.01,0.06%,1989-08-30,1368/06/08
9465,16.95,16.94,17.01,16.99,0.14,0.83%,1989-08-29,1368/06/07
9466,16.86,16.8,16.87,16.85,0.11,0.65%,1989-08-25,1368/06/03
9467,16.95,16.85,16.97,16.96,0.01,0.06%,1989-08-24,1368/06/02
9468,16.96,16.92,17,16.95,0.06,0.35%,1989-08-23,1368/06/01
9469,17,16.94,17.05,17.01,0.18,1.07%,1989-08-22,1368/05/31
9470,16.9,16.82,16.99,16.83,0.02,0.12%,1989-08-21,1368/05/30
9471,16.85,16.82,16.89,16.85,0.04,0.24%,1989-08-18,1368/05/27
9472,16.98,16.88,17.02,16.89,0.07,0.41%,1989-08-17,1368/05/26
9473,16.91,16.91,17.07,16.96,0.09,0.53%,1989-08-16,1368/05/25
9474,16.9,16.82,16.96,16.87,0.08,0.48%,1989-08-15,1368/05/24
9475,16.84,16.68,16.84,16.79,0.12,0.71%,1989-08-14,1368/05/23
9476,17.03,16.91,17.15,16.91,0.06,0.35%,1989-08-11,1368/05/20
9477,16.7,16.7,16.99,16.97,0.45,2.72%,1989-08-10,1368/05/19
9478,16.52,16.47,16.64,16.52,0.2,1.23%,1989-08-09,1368/05/18
9479,16.32,16.32,16.55,16.32,0.08,0.49%,1989-08-08,1368/05/17
9480,16.4,16.28,16.43,16.4,-,-,1989-08-07,1368/05/16
9481,16.4,16.4,16.56,16.4,0.18,1.10%,1989-08-04,1368/05/13
9482,16.58,16.55,16.72,16.58,0.21,1.28%,1989-08-03,1368/05/12
9483,16.37,16.31,16.51,16.37,0.35,2.14%,1989-08-02,1368/05/11
9484,16.72,16.4,16.82,16.72,0.2,1.21%,1989-08-01,1368/05/10
9485,16.4,16.4,16.7,16.52,0.13,0.79%,1989-07-31,1368/05/09
9486,16.65,16.57,16.75,16.65,0.09,0.54%,1989-07-28,1368/05/06
9487,16.56,16.56,16.81,16.56,0.16,0.97%,1989-07-27,1368/05/05
9488,16.72,16.5,16.75,16.72,0.13,0.78%,1989-07-26,1368/05/04
9489,16.85,16.81,17,16.85,0.46,2.73%,1989-07-25,1368/05/03
9490,17.31,16.97,17.31,17.31,0.21,1.21%,1989-07-24,1368/05/02
9491,17.52,17.4,17.62,17.52,0.22,1.27%,1989-07-21,1368/04/30
9492,17.3,17.3,17.55,17.3,0.05,0.29%,1989-07-20,1368/04/29
9493,17.35,17.27,17.41,17.35,0.2,1.15%,1989-07-19,1368/04/28
9494,17.55,17.53,17.67,17.55,0.28,1.62%,1989-07-18,1368/04/27
9495,17.27,17.25,17.45,17.27,0.02,0.12%,1989-07-17,1368/04/26
9496,17.25,17.23,17.4,17.25,0.25,1.47%,1989-07-14,1368/04/23
9497,17,16.97,17.14,17,0.16,0.94%,1989-07-13,1368/04/22
9498,17.25,17.15,17.26,17.16,0.03,0.18%,1989-07-12,1368/04/21
9499,17.13,17.02,17.2,17.13,0.47,2.74%,1989-07-11,1368/04/20
9500,17.6,17.45,17.6,17.6,0.1,0.57%,1989-07-10,1368/04/19
9501,17.5,17.5,17.65,17.5,0.7,4%,1989-07-07,1368/04/16
9502,18.2,17.56,18.27,18.2,0.13,0.72%,1989-07-06,1368/04/15
9503,18.07,17.94,18.23,18.07,0.21,1.18%,1989-07-05,1368/04/14
9504,17.86,17.86,18.22,17.86,0.28,1.59%,1989-07-04,1368/04/13
9505,17.58,17.58,17.84,17.58,0.09,0.51%,1989-07-03,1368/04/12
9506,17.49,17.48,17.61,17.49,0.24,1.39%,1989-06-30,1368/04/09
9507,17.25,17.25,17.61,17.25,0.15,0.87%,1989-06-29,1368/04/08
9508,17.4,17.3,17.46,17.4,0.1,0.57%,1989-06-28,1368/04/07
9509,17.5,17.35,17.55,17.5,0.15,0.86%,1989-06-27,1368/04/06
9510,17.35,17.31,17.47,17.35,0.45,2.66%,1989-06-26,1368/04/05
9511,16.9,16.9,17.37,16.9,0.28,1.68%,1989-06-23,1368/04/02
9512,16.62,16.53,16.9,16.62,0.3,1.84%,1989-06-22,1368/04/01
9513,16.32,16.28,16.51,16.32,-,-,1989-06-21,1368/03/31
9514,16.32,16.25,16.45,16.32,0.22,1.37%,1989-06-20,1368/03/30
9515,16.1,16.03,16.22,16.1,0.1,0.62%,1989-06-19,1368/03/29
9516,16.2,16.06,16.23,16.2,0.18,1.11%,1989-06-16,1368/03/26
9517,16.38,16.09,16.4,16.38,0.13,0.80%,1989-06-15,1368/03/25
9518,16.25,16,16.41,16.25,0.11,0.68%,1989-06-14,1368/03/24
9519,16.36,16.22,16.48,16.36,0.64,3.91%,1989-06-13,1368/03/23
9520,17,16.6,17,17,0.56,3.29%,1989-06-12,1368/03/22
9521,17.56,17.56,17.68,17.56,0.26,1.50%,1989-06-09,1368/03/19
9522,17.3,17.23,17.44,17.3,0.5,2.89%,1989-06-08,1368/03/18
9523,17.95,17.77,18.03,17.8,0.2,1.12%,1989-06-07,1368/03/17
9524,18,17.94,18.07,18,0.02,0.11%,1989-06-06,1368/03/16
9525,18.02,17.92,18.1,18.02,0.52,2.97%,1989-06-05,1368/03/15
9526,17.5,17.34,17.55,17.5,0.11,0.63%,1989-06-02,1368/03/12
9527,17.65,17.54,17.7,17.61,0.14,0.79%,1989-06-01,1368/03/11
9528,17.7,17.58,17.84,17.75,0.36,2.07%,1989-05-31,1368/03/10
9529,17.38,17.37,17.55,17.39,-,-,1989-05-30,1368/03/09
9530,17.45,17.2,17.44,17.39,0.16,0.92%,1989-05-26,1368/03/05
9531,17.6,17.42,17.75,17.55,0.25,1.45%,1989-05-25,1368/03/04
9532,17.32,17.24,17.54,17.3,0.38,2.25%,1989-05-24,1368/03/03
9533,16.9,16.9,17.27,16.92,0.08,0.47%,1989-05-23,1368/03/02
9534,17.01,16.68,17,17,0.34,2%,1989-05-22,1368/03/01
9535,17.3,17.22,17.51,17.34,0.06,0.35%,1989-05-19,1368/02/29
9536,17.3,17.13,17.4,17.4,0.28,1.61%,1989-05-18,1368/02/28
9537,17.63,17.2,17.68,17.68,0.08,0.45%,1989-05-17,1368/02/27
9538,17.6,17.6,17.95,17.6,0.24,1.38%,1989-05-16,1368/02/26
9539,17.38,17.35,17.43,17.36,0.02,0.12%,1989-05-15,1368/02/25
9540,17.41,17.25,17.5,17.34,0.12,0.70%,1989-05-12,1368/02/22
9541,17.25,17.2,17.5,17.22,0.6,3.48%,1989-05-11,1368/02/21
9542,17.86,17.81,18.05,17.82,0.07,0.39%,1989-05-10,1368/02/20
9543,17.65,17.65,18.09,17.75,0.42,2.37%,1989-05-09,1368/02/19
9544,18.21,17.78,18.25,18.17,0.53,2.92%,1989-05-08,1368/02/18
9545,18.8,18.44,18.7,18.7,0.18,0.97%,1989-05-05,1368/02/15
9546,18.45,18.45,18.8,18.52,0.74,4.16%,1989-05-04,1368/02/14
9547,17.72,17.7,17.95,17.78,0.97,5.46%,1989-05-03,1368/02/13
9548,18.75,18.25,18.9,18.75,0.19,1.01%,1989-05-02,1368/02/12
9549,18.8,18.53,18.95,18.94,0.25,1.32%,1989-04-28,1368/02/08
9550,19.15,18.93,19.2,19.19,0.41,2.14%,1989-04-27,1368/02/07
9551,19.45,19.28,19.63,19.6,0.42,2.19%,1989-04-26,1368/02/06
9552,19.14,19.06,19.4,19.18,0.67,3.49%,1989-04-25,1368/02/05
9553,19.9,19.55,19.85,19.85,0.42,2.12%,1989-04-24,1368/02/04
9554,20.35,19.67,20.27,20.27,0.13,0.65%,1989-04-21,1368/02/01
9555,19.95,19.95,20.45,20.14,0.49,2.49%,1989-04-20,1368/01/31
9556,19.8,19.6,20.2,19.65,0.75,3.97%,1989-04-19,1368/01/30
9557,18.85,18.81,19.05,18.9,0.27,1.45%,1989-04-18,1368/01/29
9558,18.63,18.54,18.7,18.63,0.36,1.97%,1989-04-17,1368/01/28
9559,18.3,18.15,18.37,18.27,0.32,1.75%,1989-04-14,1368/01/25
9560,18.6,18.42,18.7,18.59,0.32,1.75%,1989-04-13,1368/01/24
9561,18.33,18.16,18.4,18.27,0.19,1.04%,1989-04-12,1368/01/23
9562,18.4,18.39,18.55,18.46,0.24,1.30%,1989-04-11,1368/01/22
9563,18.64,18.52,18.75,18.7,0.2,1.08%,1989-04-10,1368/01/21
9564,18.5,18.37,18.65,18.5,0.09,0.49%,1989-04-07,1368/01/18
9565,18.65,18.29,18.59,18.59,0.66,3.55%,1989-04-06,1368/01/17
9566,19.27,18.85,19.25,19.25,0.34,1.80%,1989-04-05,1368/01/16
9567,18.95,18.74,19.08,18.91,0.19,1%,1989-04-04,1368/01/15
9568,18.9,18.85,19.3,19.1,0.45,2.36%,1989-04-03,1368/01/14
9569,19.5,19.47,19.75,19.55,0.58,3.06%,1989-03-31,1368/01/11
9570,18.88,18.88,19.3,18.97,0.21,1.12%,1989-03-30,1368/01/10
9571,18.8,18.5,18.82,18.76,0.43,2.29%,1989-03-29,1368/01/09
9572,19.2,18.5,19.19,19.19,0.55,2.95%,1989-03-28,1368/01/08
9573,18.6,18.59,18.95,18.64,0.13,0.70%,1989-03-23,1368/01/03
9574,18.45,18.39,18.6,18.51,0.43,2.38%,1989-03-22,1368/01/02
9575,18.01,17.98,18.37,18.08,0.08,0.44%,1989-03-21,1368/01/01
9576,18.02,17.8,18.12,18,0.24,1.35%,1989-03-20,1367/12/29
9577,17.75,17.73,17.95,17.76,-,-,1989-03-17,1367/12/26
9578,17.8,17.54,17.76,17.76,0.16,0.91%,1989-03-16,1367/12/25
9579,17.52,17.48,17.7,17.6,0.36,2.09%,1989-03-15,1367/12/24
9580,17.15,17.12,17.33,17.24,0.58,3.48%,1989-03-14,1367/12/23
9581,16.64,16.63,16.91,16.66,0.45,2.70%,1989-03-13,1367/12/22
9582,17.05,17,17.15,17.11,0.15,0.88%,1989-03-10,1367/12/19
9583,17,17,17.26,17.26,0.42,2.49%,1989-03-09,1367/12/18
9584,16.7,16.66,16.86,16.84,0.12,0.71%,1989-03-08,1367/12/17
9585,16.95,16.91,17.02,16.96,0.09,0.53%,1989-03-07,1367/12/16
9586,16.98,16.95,17.07,17.05,0.1,0.59%,1989-03-06,1367/12/15
9587,16.87,16.8,17.05,16.95,0.23,1.38%,1989-03-03,1367/12/12
9588,16.51,16.5,16.72,16.72,0.14,0.84%,1989-03-02,1367/12/11
9589,16.62,16.5,16.64,16.58,0.18,1.10%,1989-03-01,1367/12/10
9590,16.4,16.32,16.5,16.4,0.2,1.22%,1989-02-28,1367/12/09
9591,16.4,16.36,16.61,16.6,0.45,2.79%,1989-02-27,1367/12/08
9592,16.25,16.06,16.25,16.15,0.13,0.80%,1989-02-24,1367/12/05
9593,16.26,16.25,16.33,16.28,0.15,0.93%,1989-02-23,1367/12/04
9594,16.15,16.02,16.15,16.13,0.12,0.74%,1989-02-22,1367/12/03
9595,16.26,16.2,16.38,16.25,0.01,0.06%,1989-02-21,1367/12/02
9596,16.12,16.12,16.32,16.24,0.23,1.44%,1989-02-20,1367/12/01
9597,15.95,15.92,16.06,16.01,0.21,1.33%,1989-02-17,1367/11/28
9598,15.8,15.77,15.96,15.8,0.2,1.28%,1989-02-16,1367/11/27
9599,15.52,15.45,15.61,15.6,0.07,0.45%,1989-02-15,1367/11/26
9600,15.55,15.55,15.68,15.67,0.24,1.56%,1989-02-14,1367/11/25
9601,15.25,15.23,15.43,15.43,0.39,2.53%,1989-02-13,1367/11/24
9602,15.95,15.82,16.03,15.82,0.23,1.45%,1989-02-10,1367/11/21
9603,16.05,15.89,16.06,16.05,0.13,0.81%,1989-02-09,1367/11/20
9604,16,16,16.22,16.18,0.19,1.19%,1989-02-08,1367/11/19
9605,15.93,15.73,16,15.99,-,-,1989-02-07,1367/11/18
9606,16.1,15.85,16.1,15.99,0.18,1.13%,1989-02-06,1367/11/17
9607,16,15.16,16.31,16.17,0.05,0.31%,1989-02-03,1367/11/14
9608,15.95,15.95,16.2,16.12,0.32,2.03%,1989-02-02,1367/11/13
9609,15.69,15.55,15.84,15.8,0.11,0.70%,1989-02-01,1367/11/12
9610,15.9,15.59,16.11,15.91,0.06,0.38%,1989-01-31,1367/11/11
9611,16.35,15.9,16.35,15.97,0.33,2.07%,1989-01-30,1367/11/10
9612,16.25,16.2,16.45,16.3,0.46,2.82%,1989-01-27,1367/11/07
9613,16.7,16.62,16.9,16.76,0.21,1.27%,1989-01-26,1367/11/06
9614,16.17,16.17,16.57,16.55,0.54,3.37%,1989-01-25,1367/11/05
9615,15.75,15.7,16.01,16.01,0.19,1.19%,1989-01-24,1367/11/04
9616,16.6,16.15,16.6,16.2,0.8,4.94%,1989-01-23,1367/11/03
9617,17.02,16.79,17.25,17,0.09,0.53%,1989-01-20,1367/10/30
9618,17.07,16.87,17.2,17.09,0.35,2.09%,1989-01-19,1367/10/29
9619,16.52,16.52,16.74,16.74,0.31,1.89%,1989-01-18,1367/10/28
9620,16.36,16.29,16.43,16.43,0.15,0.92%,1989-01-17,1367/10/27
9621,16.14,16.05,16.28,16.28,0.16,0.99%,1989-01-16,1367/10/26
9622,16,15.83,16.18,16.12,0.37,2.35%,1989-01-13,1367/10/23
9623,15.92,15.75,15.99,15.75,0.05,0.32%,1989-01-12,1367/10/22
9624,15.84,15.72,15.95,15.8,0.4,2.53%,1989-01-11,1367/10/21
9625,16.23,16.17,16.3,16.2,0.14,0.86%,1989-01-10,1367/10/20
9626,16.16,16.16,16.35,16.34,0.09,0.55%,1989-01-09,1367/10/19
9627,16.07,16.07,16.35,16.25,0.34,2.14%,1989-01-06,1367/10/16
9628,15.78,15.75,15.98,15.91,0.05,0.31%,1989-01-05,1367/10/15
9629,15.8,15.78,16,15.96,0.24,1.53%,1989-01-04,1367/10/14
9630,15.63,15.63,15.76,15.72,0.2,1.29%,1989-01-03,1367/10/13
9631,15.3,15.3,15.52,15.52,0.22,1.44%,1988-12-30,1367/10/09
9632,15.5,15.28,15.5,15.3,0.25,1.63%,1988-12-29,1367/10/08
9633,15.51,15.44,15.6,15.55,0.47,3.12%,1988-12-28,1367/10/07
9634,15.08,15.03,15.1,15.08,0.09,0.60%,1988-12-23,1367/10/02
9635,14.9,14.9,15.02,14.99,0.03,0.20%,1988-12-22,1367/10/01
9636,15.05,14.94,15.08,14.96,0.14,0.94%,1988-12-21,1367/09/30
9637,14.55,14.45,14.82,14.82,0.15,1.02%,1988-12-20,1367/09/29
9638,14.93,14.67,14.93,14.67,0.14,0.95%,1988-12-19,1367/09/28
9639,14.79,14.68,14.85,14.81,0.06,0.41%,1988-12-16,1367/09/25
9640,14.9,14.75,15.02,14.75,0.15,1.03%,1988-12-15,1367/09/24
9641,14.4,14.38,14.63,14.6,0.07,0.48%,1988-12-14,1367/09/23
9642,14.7,14.53,14.72,14.53,-,-,1988-12-13,1367/09/22
9643,14.6,14.51,14.68,14.53,0.06,0.41%,1988-12-12,1367/09/21
9644,14.36,14.36,14.52,14.47,0.23,1.59%,1988-12-09,1367/09/18
9645,14.58,14.58,14.75,14.7,0.41,2.87%,1988-12-08,1367/09/17
9646,14.26,14.21,14.38,14.29,0.19,1.35%,1988-12-07,1367/09/16
9647,14.1,14.03,14.2,14.1,0.24,1.70%,1988-12-06,1367/09/15
9648,14.45,14.27,14.45,14.34,0.16,1.12%,1988-12-05,1367/09/14
9649,14.52,14.27,14.52,14.5,0.01,0.07%,1988-12-02,1367/09/11
9650,14.35,14.35,14.59,14.49,0.44,3.13%,1988-12-01,1367/09/10
9651,14.05,14,14.06,14.05,0.1,0.72%,1988-11-30,1367/09/09
9652,14.25,13.95,14.25,13.95,0.63,4.52%,1988-11-29,1367/09/08
9653,14.15,13.95,15,14.58,0.1,0.69%,1988-11-28,1367/09/07
9654,14.35,13.85,14.5,14.48,1.71,13.39%,1988-11-25,1367/09/04
9655,12.73,12.5,12.88,12.77,0.43,3.37%,1988-11-24,1367/09/03
9656,13,12.98,13.55,13.2,0.4,3.12%,1988-11-23,1367/09/02
9657,12.1,12.1,12.9,12.8,0.77,6.40%,1988-11-22,1367/09/01
9658,11.9,11.75,12.05,12.03,0.01,0.08%,1988-11-21,1367/08/30
9659,11.85,11.7,12.15,12.04,0.22,1.83%,1988-11-18,1367/08/27
9660,12.5,12.26,12.5,12.26,0.52,4.24%,1988-11-17,1367/08/26
9661,13.05,12.73,13.05,12.78,0.33,2.58%,1988-11-16,1367/08/25
9662,13.2,13.05,13.24,13.11,0.14,1.07%,1988-11-15,1367/08/24
9663,13.32,13.25,13.3,13.25,0.01,0.08%,1988-11-14,1367/08/23
9664,13.26,13.25,13.26,13.26,0.31,2.39%,1988-11-11,1367/08/20
9665,12.97,12.9,13.01,12.95,0.15,1.17%,1988-11-10,1367/08/19
9666,12.7,12.65,12.8,12.8,0.02,0.16%,1988-11-09,1367/08/18
9667,12.98,12.8,12.98,12.82,0.14,1.09%,1988-11-08,1367/08/17
9668,13.1,12.9,13.13,12.96,0.01,0.08%,1988-11-07,1367/08/16
9669,12.83,12.83,13,12.95,0.2,1.57%,1988-11-04,1367/08/13
9670,12.77,12.67,12.8,12.75,0.19,1.51%,1988-11-03,1367/08/12
9671,12.55,12.46,12.62,12.56,0.12,0.96%,1988-11-02,1367/08/11
9672,12.45,12.4,12.52,12.44,0.3,2.41%,1988-11-01,1367/08/10
9673,12.78,12.73,12.85,12.74,0.08,0.63%,1988-10-31,1367/08/09
9674,12.72,12.65,12.86,12.82,0.32,2.56%,1988-10-28,1367/08/06
9675,12.4,12.2,12.5,12.5,0.17,1.38%,1988-10-27,1367/08/05
9676,12.5,12.25,12.63,12.33,0.03,0.24%,1988-10-26,1367/08/04
9677,12.14,12.09,12.35,12.3,0.1,0.81%,1988-10-25,1367/08/03
9678,12.6,12.36,12.6,12.4,1.15,9.27%,1988-10-24,1367/08/02
9679,13.6,13.47,13.85,13.55,0.19,1.40%,1988-10-21,1367/07/29
9680,13.5,13.37,13.75,13.74,0.25,1.85%,1988-10-20,1367/07/28
9681,12.73,12.6,13.49,13.49,0.26,1.97%,1988-10-19,1367/07/27
9682,13.45,13.11,13.5,13.23,0.47,3.55%,1988-10-18,1367/07/26
9683,13.7,13.54,13.95,13.7,0.59,4.50%,1988-10-17,1367/07/25
9684,12.75,12.7,13.15,13.11,0.4,3.15%,1988-10-14,1367/07/22
9685,12.6,12.55,12.72,12.71,0.19,1.52%,1988-10-13,1367/07/21
9686,12.5,12.48,12.52,12.52,0.06,0.48%,1988-10-12,1367/07/20
9687,12.76,12.57,12.81,12.58,0.58,4.83%,1988-10-11,1367/07/19
9688,11.8,11.8,12,12,0.51,4.44%,1988-10-10,1367/07/18
9689,11.5,11.48,11.59,11.49,0.02,0.17%,1988-10-07,1367/07/15
9690,11.37,11.37,11.64,11.47,0.12,1.06%,1988-10-06,1367/07/14
9691,11.38,11.3,11.5,11.35,0.43,3.79%,1988-10-05,1367/07/13
9692,11.4,11.4,11.78,11.78,0.07,0.59%,1988-10-04,1367/07/12
9693,11.83,11.55,11.85,11.85,0.39,3.29%,1988-10-03,1367/07/11
9694,12.7,12.03,12.7,12.24,0.49,4%,1988-09-30,1367/07/08
9695,12.7,12.65,12.75,12.73,0.24,1.89%,1988-09-29,1367/07/07
9696,12.95,12.9,13.05,12.97,0.01,0.08%,1988-09-28,1367/07/06
9697,13,12.84,13.03,12.98,0.45,3.47%,1988-09-27,1367/07/05
9698,13.36,13.35,13.54,13.43,0.09,0.67%,1988-09-26,1367/07/04
9699,13.65,13.49,13.7,13.52,0.06,0.44%,1988-09-23,1367/07/01
9700,13.51,13.5,13.6,13.58,0.06,0.44%,1988-09-22,1367/06/31
9701,13.52,13.47,13.63,13.52,0.08,0.59%,1988-09-21,1367/06/30
9702,13.52,13.52,13.7,13.6,0.14,1.04%,1988-09-20,1367/06/29
9703,13.39,13.23,13.45,13.46,0.28,2.08%,1988-09-19,1367/06/28
9704,13.7,13.69,13.87,13.74,0.21,1.53%,1988-09-16,1367/06/25
9705,14.22,13.9,14.25,13.95,0.45,3.23%,1988-09-15,1367/06/24
9706,13.97,13.97,14.44,14.4,0.8,5.88%,1988-09-14,1367/06/23
9707,13.36,13.35,13.75,13.6,0.61,4.70%,1988-09-13,1367/06/22
9708,13.15,12.98,13.2,12.99,0.73,5.62%,1988-09-12,1367/06/21
9709,13.63,13.63,13.75,13.72,0.13,0.96%,1988-09-09,1367/06/18
9710,13.56,13.44,13.6,13.59,0.09,0.67%,1988-09-08,1367/06/17
9711,13.25,13.22,13.53,13.5,0.28,2.07%,1988-09-07,1367/06/16
9712,13.92,13.73,13.92,13.78,0.21,1.52%,1988-09-06,1367/06/15
9713,13.91,13.91,13.99,13.99,0.22,1.57%,1988-09-05,1367/06/14
9714,14.35,14.16,14.36,14.21,0.19,1.34%,1988-09-02,1367/06/11
9715,14.5,14.39,14.5,14.4,0.2,1.39%,1988-09-01,1367/06/10
9716,14.8,14.6,14.8,14.6,0.05,0.34%,1988-08-31,1367/06/09
9717,14.58,14.53,14.65,14.65,0.05,0.34%,1988-08-30,1367/06/08
9718,14.78,14.65,14.8,14.7,0.18,1.22%,1988-08-26,1367/06/04
9719,15,14.88,15.01,14.88,0.21,1.41%,1988-08-25,1367/06/03
9720,15.1,15.02,15.12,15.09,0.1,0.67%,1988-08-24,1367/06/02
9721,15.15,14.99,15.19,14.99,0.21,1.40%,1988-08-23,1367/06/01
9722,15.14,15.14,15.28,15.2,0.1,0.66%,1988-08-22,1367/05/31
9723,15.08,15.08,15.18,15.1,0.07,0.47%,1988-08-19,1367/05/28
9724,14.93,14.92,15.09,15.03,0.08,0.54%,1988-08-18,1367/05/27
9725,15,14.91,15,14.95,0.07,0.47%,1988-08-17,1367/05/26
9726,15.1,14.95,15.15,15.02,0.09,0.60%,1988-08-16,1367/05/25
9727,15,14.92,15,14.93,0.27,1.81%,1988-08-15,1367/05/24
9728,15.17,15.15,15.25,15.2,0.11,0.73%,1988-08-12,1367/05/21
9729,15.1,15.05,15.15,15.09,0.01,0.07%,1988-08-11,1367/05/20
9730,15.08,15,15.08,15.08,0.26,1.72%,1988-08-10,1367/05/19
9731,15.45,15.27,15.45,15.34,0.04,0.26%,1988-08-09,1367/05/18
9732,15.2,15.2,15.35,15.3,0.67,4.58%,1988-08-08,1367/05/17
9733,14.75,14.63,14.75,14.63,0.15,1.04%,1988-08-05,1367/05/14
9734,14.58,14.48,14.6,14.48,0.52,3.59%,1988-08-04,1367/05/13
9735,15,14.96,15.25,15,0.38,2.53%,1988-08-03,1367/05/12
9736,15.35,15.35,15.42,15.38,0.18,1.17%,1988-08-02,1367/05/11
9737,15.64,15.55,15.64,15.56,0.14,0.90%,1988-08-01,1367/05/10
9738,15.6,15.6,15.7,15.7,0.03,0.19%,1988-07-29,1367/05/07
9739,15.5,15.5,15.71,15.67,0.25,1.62%,1988-07-28,1367/05/06
9740,15.25,15.22,15.44,15.42,0.1,0.65%,1988-07-27,1367/05/05
9741,15.52,15.29,15.52,15.32,0.37,2.42%,1988-07-26,1367/05/04
9742,15.7,15.68,15.9,15.69,0.02,0.13%,1988-07-25,1367/05/03
9743,15.6,15.45,15.71,15.71,0.26,1.68%,1988-07-22,1367/04/31
9744,15.35,15.3,15.62,15.45,0.32,2.12%,1988-07-21,1367/04/30
9745,14.8,14.8,15.13,15.13,0.05,0.33%,1988-07-20,1367/04/29
9746,15.15,14.88,15.25,15.08,0.28,1.89%,1988-07-19,1367/04/28
9747,14.25,14.2,14.85,14.8,0.62,4.37%,1988-07-18,1367/04/27
9748,14.3,14.18,14.4,14.18,0.12,0.85%,1988-07-15,1367/04/24
9749,13.85,13.79,14.06,14.06,0.11,0.78%,1988-07-14,1367/04/23
9750,14.05,13.9,14.17,14.17,0.07,0.50%,1988-07-13,1367/04/22
9751,15.12,15,15.12,14.1,0.4,2.84%,1988-07-12,1367/04/21
9752,14.7,14.5,14.7,14.5,0.55,3.79%,1988-07-11,1367/04/20
9753,15.12,15,15.12,15.05,0.4,2.66%,1988-07-08,1367/04/17
9754,14.95,14.9,15.45,15.45,0.77,5.25%,1988-07-07,1367/04/16
9755,14.6,14.49,14.68,14.68,0.38,2.66%,1988-07-06,1367/04/15
9756,14.45,14.3,14.58,14.3,0.05,0.35%,1988-07-05,1367/04/14
9757,14.5,14.3,14.5,14.35,0.25,1.74%,1988-07-04,1367/04/13
9758,14.6,14.6,14.6,14.6,0.25,1.71%,1988-07-01,1367/04/10
9759,14.8,14.8,14.9,14.85,0.62,4.18%,1988-06-30,1367/04/09
9760,15.47,15.47,15.47,15.47,0.2,1.31%,1988-06-29,1367/04/08
9761,15.34,15.27,15.36,15.27,0.17,1.13%,1988-06-28,1367/04/07
9762,15.1,15.1,15.1,15.1,0.55,3.64%,1988-06-27,1367/04/06
9763,15.64,15.56,15.66,15.65,0.55,3.64%,1988-06-24,1367/04/03
