,Open,Low,High,Close,Change,ChangePercent,Date_Gregorian,Date_Jalali
0,"1,000,000","1,000,000","1,000,000","1,000,000",30000,3%,2013/07/22,1392/04/31
1,"1,030,000","1,030,000","1,030,000","1,030,000",10000,0.98%,2013/07/23,1392/05/01
2,"1,020,000","1,020,000","1,020,000","1,020,000",5000,0.49%,2013/07/24,1392/05/02
3,"1,040,000","1,040,000","1,040,000","1,040,000",10000,0.97%,2013/07/27,1392/05/05
4,"1,030,000","1,030,000","1,030,000","1,030,000",-,-,2013/07/28,1392/05/06
5,"1,030,000","1,030,000","1,030,000","1,030,000",16000,1.55%,2013/07/31,1392/05/09
6,"1,040,000","1,040,000","1,040,000","1,040,000",10000,0.97%,2013/08/03,1392/05/12
7,"1,030,000","1,030,000","1,030,000","1,030,000",10000,0.98%,2013/08/04,1392/05/13
8,"1,020,000","1,020,000","1,020,000","1,020,000",-,-,2013/08/05,1392/05/14
9,"1,020,000","1,020,000","1,020,000","1,020,000",10000,0.98%,2013/08/06,1392/05/15
10,"1,030,000","1,030,000","1,030,000","1,030,000",3000,0.29%,2013/08/07,1392/05/16
11,"1,050,000","1,050,000","1,050,000","1,050,000",10000,0.96%,2013/08/11,1392/05/20
12,"1,040,000","1,040,000","1,040,000","1,040,000",-,-,2013/08/12,1392/05/21
13,"1,040,000","1,040,000","1,040,000","1,040,000",-,-,2013/08/13,1392/05/22
14,"1,040,000","1,040,000","1,040,000","1,040,000",13000,1.25%,2013/08/14,1392/05/23
15,"1,060,000","1,060,000","1,060,000","1,060,000",-,-,2013/08/17,1392/05/26
16,"1,060,000","1,060,000","1,060,000","1,060,000",20000,1.92%,2013/08/18,1392/05/27
17,"1,060,000","1,040,000","1,060,000","1,040,000",10000,0.97%,2013/08/19,1392/05/28
18,"1,040,000","1,030,000","1,040,000","1,030,000",10000,0.97%,2013/08/20,1392/05/29
19,"1,040,000","1,040,000","1,040,000","1,040,000",2000,0.19%,2013/08/21,1392/05/30
20,"1,050,000","1,050,000","1,060,000","1,060,000",-,-,2013/08/24,1392/06/02
21,"1,060,000","1,050,000","1,060,000","1,060,000",20000,1.89%,2013/08/25,1392/06/03
22,"1,060,000","1,060,000","1,080,000","1,080,000",60000,5.56%,2013/08/26,1392/06/04
23,"1,130,000","1,120,000","1,150,000","1,140,000",20000,1.79%,2013/08/27,1392/06/05
24,"1,100,000","1,100,000","1,120,000","1,120,000",-,-,2013/08/28,1392/06/06
25,"1,120,000","1,110,000","1,120,000","1,110,000",-,-,2013/08/31,1392/06/09
26,"1,110,000","1,110,000","1,110,000","1,110,000",30000,2.7%,2013/09/01,1392/06/10
27,"1,140,000","1,130,000","1,140,000","1,140,000",-,-,2013/09/03,1392/06/12
28,"1,130,000","1,130,000","1,140,000","1,140,000",-,-,2013/09/04,1392/06/13
29,"1,140,000","1,140,000","1,140,000","1,140,000",20000,1.79%,2013/09/05,1392/06/14
30,"1,110,000","1,110,000","1,120,000","1,120,000",10000,0.9%,2013/09/07,1392/06/16
31,"1,120,000","1,110,000","1,130,000","1,110,000",40000,3.74%,2013/09/08,1392/06/17
32,"1,100,000","1,070,000","1,100,000","1,070,000",15000,1.42%,2013/09/09,1392/06/18
33,"1,070,000","1,055,000","1,070,000","1,055,000",15000,1.44%,2013/09/10,1392/06/19
34,"1,050,000","1,040,000","1,050,000","1,040,000",-,-,2013/09/11,1392/06/20
35,"1,040,000","1,040,000","1,040,000","1,040,000",20000,1.96%,2013/09/12,1392/06/21
36,"1,010,000","1,010,000","1,020,000","1,020,000",30000,3.03%,2013/09/14,1392/06/23
37,"1,020,000","980,000","1,020,000","990,000",10000,1.02%,2013/09/15,1392/06/24
38,"983,000","980,000","983,000","980,000",-,-,2013/09/16,1392/06/25
39,"980,000","980,000","980,000","980,000",40000,4.08%,2013/09/17,1392/06/26
40,"1,020,000","1,020,000","1,030,000","1,020,000",23000,2.31%,2013/09/18,1392/06/27
41,"950,000","940,000","960,000","950,000",10000,1.05%,2013/09/21,1392/06/30
42,"950,000","950,000","960,000","960,000",10000,1.05%,2013/09/22,1392/06/31
43,"940,000","940,000","950,000","950,000",40000,4.21%,2013/09/23,1392/07/01
44,"990,000","990,000","990,000","990,000",-,-,2013/09/24,1392/07/02
45,"990,000","990,000","1,000,000","990,000",-,-,2013/09/25,1392/07/03
46,"990,000","990,000","990,000","990,000",20000,2.02%,2013/09/26,1392/07/04
47,"990,000","990,000","1,010,000","1,010,000",20000,2.02%,2013/09/28,1392/07/06
48,"1,000,000","990,000","1,000,000","990,000",10000,1.02%,2013/09/29,1392/07/07
49,"990,000","980,000","1,000,000","980,000",-,-,2013/09/30,1392/07/08
50,"970,000","970,000","980,000","980,000",-,-,2013/10/01,1392/07/09
51,"980,000","980,000","980,000","980,000",-,-,2013/10/02,1392/07/10
52,"990,000","990,000","990,000","990,000",10000,1.02%,2013/10/05,1392/07/13
53,"980,000","980,000","980,000","980,000",10000,1.02%,2013/10/06,1392/07/14
54,"990,000","980,000","990,000","990,000",10000,1.02%,2013/10/07,1392/07/15
55,"980,000","980,000","980,000","980,000",-,-,2013/10/08,1392/07/16
56,"980,000","970,000","980,000","980,000",11000,1.14%,2013/10/09,1392/07/17
57,"950,000","950,000","950,000","950,000",10000,1.05%,2013/10/12,1392/07/20
58,"950,000","950,000","960,000","960,000",10000,1.05%,2013/10/13,1392/07/21
59,"960,000","950,000","960,000","950,000",-,-,2013/10/14,1392/07/22
60,"950,000","950,000","950,000","950,000",20000,2.11%,2013/10/15,1392/07/23
61,"970,000","970,000","970,000","970,000",-,-,2013/10/17,1392/07/25
62,"980,000","970,000","980,000","970,000",-,-,2013/10/19,1392/07/27
63,"970,000","960,000","970,000","970,000",13000,1.34%,2013/10/20,1392/07/28
64,"972,000","951,000","981,000","971,000",6000,0.62%,2013/10/21,1392/07/29
65,"988,000","971,000","995,000","977,000",13000,1.33%,2013/10/22,1392/07/30
66,"990,000","990,000","990,000","990,000",-,-,2013/10/26,1392/08/04
67,"990,000","990,000","990,000","990,000",-,-,2013/10/27,1392/08/05
68,"990,000","990,000","990,000","990,000",-,-,2013/10/28,1392/08/06
69,"990,000","990,000","990,000","990,000",10000,1.02%,2013/10/29,1392/08/07
70,"990,000","980,000","990,000","980,000",-,-,2013/10/30,1392/08/08
71,"980,000","980,000","980,000","980,000",-,-,2013/10/31,1392/08/09
72,"970,000","970,000","980,000","980,000",10000,1.03%,2013/11/02,1392/08/11
73,"980,000","970,000","980,000","970,000",-,-,2013/11/03,1392/08/12
74,"970,000","970,000","970,000","970,000",-,-,2013/11/04,1392/08/13
75,"970,000","970,000","970,000","970,000",-,-,2013/11/05,1392/08/14
76,"970,000","970,000","970,000","970,000",-,-,2013/11/06,1392/08/15
77,"970,000","970,000","970,000","970,000",20000,2.11%,2013/11/07,1392/08/16
78,"950,000","950,000","950,000","950,000",-,-,2013/11/09,1392/08/18
79,"950,000","950,000","950,000","950,000",-,-,2013/11/10,1392/08/19
80,"950,000","950,000","950,000","950,000",-,-,2013/11/11,1392/08/20
81,"950,000","950,000","950,000","950,000",-,-,2013/11/12,1392/08/21
82,"950,000","950,000","950,000","950,000",10000,1.06%,2013/11/16,1392/08/25
83,"940,000","940,000","940,000","940,000",-,-,2013/11/17,1392/08/26
84,"930,000","930,000","940,000","940,000",10000,1.08%,2013/11/18,1392/08/27
85,"940,000","930,000","940,000","930,000",10000,1.09%,2013/11/19,1392/08/28
86,"920,000","920,000","920,000","920,000",-,-,2013/11/20,1392/08/29
87,"920,000","920,000","920,000","920,000",60000,6.98%,2013/11/21,1392/08/30
88,"910,000","860,000","910,000","860,000",-,-,2013/11/23,1392/09/02
89,"850,000","850,000","860,000","860,000",30000,3.49%,2013/11/24,1392/09/03
90,"880,000","880,000","890,000","890,000",-,-,2013/11/25,1392/09/04
91,"880,000","880,000","900,000","890,000",10000,1.14%,2013/11/26,1392/09/05
92,"890,000","880,000","890,000","880,000",-,-,2013/11/27,1392/09/06
93,"880,000","880,000","880,000","880,000",10000,1.14%,2013/11/28,1392/09/07
94,"900,000","890,000","900,000","890,000",-,-,2013/11/30,1392/09/09
95,"890,000","890,000","890,000","890,000",10000,1.14%,2013/12/01,1392/09/10
96,"880,000","870,000","880,000","880,000",-,-,2013/12/02,1392/09/11
97,"880,000","880,000","880,000","880,000",10000,1.14%,2013/12/03,1392/09/12
98,"890,000","880,000","890,000","890,000",-,-,2013/12/04,1392/09/13
99,"890,000","890,000","890,000","890,000",-,-,2013/12/05,1392/09/14
100,"880,000","880,000","890,000","890,000",-,-,2013/12/07,1392/09/16
101,"890,000","890,000","890,000","890,000",10000,1.12%,2013/12/08,1392/09/17
102,"890,000","890,000","900,000","900,000",-,-,2013/12/09,1392/09/18
103,"900,000","900,000","900,000","900,000",10000,1.12%,2013/12/10,1392/09/19
104,"900,000","890,000","900,000","890,000",-,-,2013/12/11,1392/09/20
105,"900,000","900,000","900,000","900,000",10000,1.12%,2013/12/14,1392/09/23
106,"890,000","890,000","890,000","890,000",-,-,2013/12/15,1392/09/24
107,"890,000","890,000","890,000","890,000",-,-,2013/12/16,1392/09/25
108,"890,000","890,000","890,000","890,000",10000,1.14%,2013/12/17,1392/09/26
109,"890,000","880,000","890,000","880,000",-,-,2013/12/18,1392/09/27
110,"880,000","880,000","880,000","880,000",10000,1.15%,2013/12/19,1392/09/28
111,"870,000","870,000","870,000","870,000",10000,1.15%,2013/12/21,1392/09/30
112,"880,000","880,000","880,000","880,000",10000,1.15%,2013/12/22,1392/10/01
113,"880,000","870,000","880,000","870,000",9000,1.03%,2013/12/24,1392/10/03
114,"880,000","880,000","880,000","880,000",20000,2.27%,2013/12/26,1392/10/05
115,"890,000","890,000","900,000","900,000",10000,1.12%,2013/12/28,1392/10/07
116,"890,000","890,000","890,000","890,000",-,-,2013/12/29,1392/10/08
117,"890,000","890,000","890,000","890,000",9000,1.01%,2013/12/30,1392/10/09
118,"892,000","884,000","915,000","899,000",1000,0.11%,2013/12/31,1392/10/10
119,"900,000","900,000","900,000","900,000",-,-,2014/01/04,1392/10/14
120,"900,000","900,000","900,000","900,000",-,-,2014/01/05,1392/10/15
121,"900,000","900,000","900,000","900,000",-,-,2014/01/06,1392/10/16
122,"900,000","900,000","900,000","900,000",-,-,2014/01/07,1392/10/17
123,"900,000","900,000","900,000","900,000",-,-,2014/01/08,1392/10/18
124,"900,000","900,000","900,000","900,000",10000,1.11%,2014/01/09,1392/10/19
125,"910,000","910,000","910,000","910,000",20000,2.25%,2014/01/11,1392/10/21
126,"890,000","890,000","890,000","890,000",-,-,2014/01/12,1392/10/22
127,"900,000","890,000","900,000","890,000",-,-,2014/01/13,1392/10/23
128,"890,000","890,000","890,000","890,000",-,-,2014/01/14,1392/10/24
129,"890,000","890,000","890,000","890,000",-,-,2014/01/15,1392/10/25
130,"890,000","890,000","890,000","890,000",-,-,2014/01/16,1392/10/26
131,"890,000","890,000","890,000","890,000",12000,1.37%,2014/01/18,1392/10/28
132,"878,000","878,000","878,000","878,000",4000,0.46%,2014/01/20,1392/10/30
133,"878,000","878,000","882,000","882,000",-,-,2014/01/21,1392/11/01
134,"882,000","882,000","882,000","882,000",-,-,2014/01/22,1392/11/02
135,"882,000","882,000","882,000","882,000",-,-,2014/01/23,1392/11/03
136,"882,000","882,000","882,000","882,000",7400,0.84%,2014/01/25,1392/11/05
137,"888,500","870,800","899,200","884,700",500,0.06%,2014/01/26,1392/11/06
138,"883,400","875,400","896,700","884,200",3400,0.38%,2014/01/27,1392/11/07
139,"884,400","876,600","901,000","887,600",2600,0.29%,2014/01/28,1392/11/08
140,"886,800","881,400","903,600","890,200",2040,0.23%,2014/01/29,1392/11/09
141,"890,620","890,620","894,550","892,240",5310,0.6%,2014/02/01,1392/11/12
142,"892,240","892,240","898,700","897,550",1620,0.18%,2014/02/02,1392/11/13
143,"897,550","895,470","898,010","895,930",2540,0.28%,2014/02/03,1392/11/14
144,"895,930","895,930","902,630","898,470",460,0.05%,2014/02/04,1392/11/15
145,"898,470","897,550","901,930","898,930",-,-,2014/02/05,1392/11/16
146,"898,930","898,930","898,930","898,930",3230,0.36%,2014/02/06,1392/11/17
147,"906,320","900,780","906,320","902,160",5550,0.62%,2014/02/08,1392/11/19
148,"902,160","902,160","911,860","907,710",10610,1.17%,2014/02/09,1392/11/20
149,"907,710","907,710","918,320","918,320",14550,1.58%,2014/02/10,1392/11/21
150,"928,940","923,400","934,480","932,870",-,-,2014/02/12,1392/11/23
151,"932,870","932,870","932,870","932,870",20540,2.2%,2014/02/13,1392/11/24
152,"955,720","952,490","958,030","953,410",6930,0.73%,2014/02/15,1392/11/26
153,"953,410","953,410","961,490","960,340",5540,0.58%,2014/02/16,1392/11/27
154,"960,340","950,640","960,340","954,800",920,0.1%,2014/02/17,1392/11/28
155,"954,800","951,110","955,720","955,720",4610,0.48%,2014/02/18,1392/11/29
156,"955,720","948,800","955,720","951,110",-,-,2014/02/19,1392/11/30
157,"951,110","951,110","951,110","951,110",6690,0.7%,2014/02/20,1392/12/01
158,"958,030","957,800","959,190","957,800",17310,1.81%,2014/02/22,1392/12/03
159,"957,800","957,800","976,500","975,110",6470,0.66%,2014/02/23,1392/12/04
160,"975,110","974,190","992,660","981,580",12010,1.24%,2014/02/24,1392/12/05
161,"982,730","968,650","985,730","969,570",5310,0.55%,2014/02/25,1392/12/06
162,"969,570","966,110","977,190","974,880",-,-,2014/02/26,1392/12/07
163,"974,880","974,880","974,880","974,880",8310,0.85%,2014/02/27,1392/12/08
164,"978,350","978,350","985,730","983,190",29110,2.96%,2014/03/01,1392/12/10
165,"983,190","983,190","1,016,900","1,012,300",22410,2.26%,2014/03/02,1392/12/11
166,"1,012,300","984,580","1,012,300","989,890",3230,0.33%,2014/03/03,1392/12/12
167,"989,890","986,890","994,970","993,120",4620,0.47%,2014/03/04,1392/12/13
168,"993,120","984,350","997,970","997,740",-,-,2014/03/05,1392/12/14
169,"997,740","997,740","997,740","997,740",9240,0.93%,2014/03/06,1392/12/15
170,"985,730","975,810","992,660","988,500",5310,0.54%,2014/03/08,1392/12/17
171,"988,500","982,960","994,740","993,810",3460,0.35%,2014/03/09,1392/12/18
172,"993,810","985,730","1,005,600","990,350",3460,0.35%,2014/03/10,1392/12/19
173,"990,350","990,120","1,003,000","993,810",5770,0.58%,2014/03/11,1392/12/20
174,"993,810","993,810","1,001,900","999,580",-,-,2014/03/12,1392/12/21
175,"999,580","999,580","999,580","999,580",420,0.04%,2014/03/13,1392/12/22
176,"1,000,700","991,500","1,004,200","1,000,000",11500,1.16%,2014/03/15,1392/12/24
177,"1,000,000","988,040","1,000,000","988,500",11770,1.21%,2014/03/16,1392/12/25
178,"988,500","975,810","988,500","976,730",6000,0.62%,2014/03/17,1392/12/26
179,"976,730","970,730","977,650","970,730",5770,0.59%,2014/03/18,1392/12/27
180,"970,730","969,570","978,810","976,500",4620,0.48%,2014/03/19,1392/12/28
181,"970,730","970,730","976,500","971,880",2310,0.24%,2014/03/25,1393/01/05
182,"971,880","969,570","971,880","969,570",-,-,2014/03/26,1393/01/06
183,"969,570","969,570","969,570","969,570",4150,0.43%,2014/03/27,1393/01/07
184,"965,420","964,490","966,800","965,420",1380,0.14%,2014/03/29,1393/01/09
185,"965,420","964,960","968,420","966,800",1840,0.19%,2014/03/30,1393/01/10
186,"966,800","964,960","966,800","964,960",3920,0.41%,2014/03/31,1393/01/11
187,"970,730","966,110","970,730","968,880",1390,0.14%,2014/04/05,1393/01/16
188,"968,880","964,960","970,730","970,270",12230,1.26%,2014/04/06,1393/01/17
189,"970,270","970,270","984,580","982,500",230,0.02%,2014/04/07,1393/01/18
190,"988,040","980,890","992,660","982,730",7620,0.78%,2014/04/08,1393/01/19
191,"982,730","982,730","990,350","990,350",-,-,2014/04/09,1393/01/20
192,"990,350","990,350","990,350","990,350",9230,0.93%,2014/04/10,1393/01/21
193,"992,660","992,660","1,000,700","999,580",8120,0.81%,2014/04/12,1393/01/23
194,"999,580","999,580","1,008,800","1,007,700",5800,0.58%,2014/04/13,1393/01/24
195,"1,007,700","999,580","1,007,700","1,001,900",2300,0.23%,2014/04/14,1393/01/25
196,"1,001,900","1,001,900","1,007,700","1,004,200",3500,0.35%,2014/04/15,1393/01/26
197,"1,004,200","1,000,700","1,004,200","1,000,700",-,-,2014/04/16,1393/01/27
198,"1,000,700","1,000,700","1,000,700","1,000,700",3500,0.35%,2014/04/17,1393/01/28
199,"1,001,900","1,001,900","1,005,400","1,004,200",3500,0.35%,2014/04/19,1393/01/30
200,"1,004,200","999,580","1,007,700","1,007,700",9200,0.91%,2014/04/20,1393/01/31
201,"1,007,700","1,007,700","1,022,700","1,016,900",1800,0.18%,2014/04/21,1393/02/01
202,"1,028,400","997,280","1,029,600","1,018,700",10,-,2014/04/22,1393/02/02
203,"1,027,430","1,009,950","1,035,540","1,025,750",33350,3.25%,2014/04/23,1393/02/03
204,"1,032,800","1,032,800","1,063,800","1,059,100",20300,1.95%,2014/04/26,1393/02/06
205,"1,057,300","1,038,100","1,063,800","1,038,800",1360,0.13%,2014/04/27,1393/02/07
206,"1,039,290","1,030,520","1,048,060","1,037,440",2070,0.2%,2014/04/28,1393/02/08
207,"1,036,520","1,031,900","1,041,140","1,035,370",-,-,2014/04/29,1393/02/09
208,"1,033,410","1,031,440","1,035,370","1,035,370",-,-,2014/04/30,1393/02/10
209,"1,035,370","1,035,370","1,035,370","1,035,370",2310,0.22%,2014/05/01,1393/02/11
210,"1,043,220","1,037,210","1,049,220","1,037,680",5770,0.56%,2014/05/03,1393/02/13
211,"1,040,330","1,035,370","1,045,290","1,043,450",6930,0.67%,2014/05/04,1393/02/14
212,"1,041,720","1,036,520","1,046,910","1,036,520",7390,0.72%,2014/05/05,1393/02/15
213,"1,032,950","1,028,210","1,037,680","1,029,130",12920,1.27%,2014/05/06,1393/02/16
214,"1,021,860","1,014,590","1,029,130","1,016,210",-,-,2014/05/07,1393/02/17
215,"1,016,210","1,016,210","1,016,210","1,016,210",23090,2.32%,2014/05/08,1393/02/18
216,"994,510","988,740","1,000,280","993,120",12240,1.23%,2014/05/10,1393/02/20
217,"999,820","990,350","1,009,280","1,005,360",-,-,2014/05/11,1393/02/21
218,"1,005,360","1,005,360","1,005,360","1,005,360",2070,0.21%,2014/05/12,1393/02/22
219,"1,008,470","1,004,200","1,012,740","1,007,430",-,-,2014/05/14,1393/02/24
220,"1,007,430","1,007,430","1,007,430","1,007,430",1160,0.12%,2014/05/15,1393/02/25
221,"1,012,280","1,006,510","1,018,050","1,008,590",4380,0.43%,2014/05/17,1393/02/27
222,"1,013,780","1,012,970","1,014,590","1,012,970",6460,0.64%,2014/05/18,1393/02/28
223,"1,005,820","1,001,660","1,009,970","1,006,510",2310,0.23%,2014/05/19,1393/02/29
224,"1,009,510","1,007,660","1,011,360","1,008,820",1380,0.14%,2014/05/20,1393/02/30
225,"1,007,780","1,005,360","1,010,200","1,010,200",460,0.05%,2014/05/21,1393/02/31
226,"1,006,276","1,000,439","1,012,076","1,006,340",630,0.06%,2014/05/23,1393/03/02
227,"1,006,280","1,004,660","1,007,900","1,006,970",4904,0.49%,2014/05/25,1393/03/04
228,"978,350","973,040","983,660","982,730",3532,0.36%,2014/05/28,1393/03/07
229,"978,930","978,120","979,730","979,730",920,0.09%,2014/05/31,1393/03/10
230,"977,190","974,420","979,960","978,810",-,-,2014/06/01,1393/03/11
231,"980,080","978,810","981,350","978,810",4621,0.47%,2014/06/02,1393/03/12
232,"964,850","962,190","967,500","966,110",2310,0.24%,2014/06/07,1393/03/17
233,"967,150","963,800","970,500","963,800",2310,0.24%,2014/06/08,1393/03/18
234,"959,530","957,570","961,490","961,490",10620,1.1%,2014/06/09,1393/03/19
235,"972,000","969,110","974,880","972,110",3240,0.33%,2014/06/10,1393/03/20
236,"972,580","969,810","975,350","975,350",102,0.01%,2014/06/11,1393/03/21
237,"976,620","973,270","979,960","978,120",6240,0.64%,2014/06/14,1393/03/24
238,"975,460","971,650","979,270","971,880",3460,0.36%,2014/06/15,1393/03/25
239,"965,420","958,490","972,340","968,420",690,0.07%,2014/06/16,1393/03/26
240,"969,920","966,800","973,040","969,110",3930,0.41%,2014/06/17,1393/03/27
241,"970,500","967,960","973,040","973,040",22589,2.32%,2014/06/18,1393/03/28
242,"994,860","992,430","997,280","993,810",5770,0.58%,2014/06/21,1393/03/31
243,"991,510","988,040","994,970","988,040",3930,0.4%,2014/06/22,1393/04/01
244,"988,620","982,960","994,280","991,970",3470,0.35%,2014/06/23,1393/04/02
245,"987,240","984,580","989,890","988,500",2540,0.26%,2014/06/24,1393/04/03
246,"986,550","983,430","989,660","985,960",4518,0.46%,2014/06/25,1393/04/04
247,"980,567","968,950","995,177","978,145",140,0.01%,2014/06/27,1393/04/06
248,"981,587","971,354","990,519","978,005",6567,0.67%,2014/06/28,1393/04/07
249,"984,842","978,172","1,004,538","984,572",6344,0.65%,2014/06/29,1393/04/08
250,"979,887","966,391","996,839","978,228",5993,0.61%,2014/06/30,1393/04/09
251,"979,006","974,013","993,669","984,221",9484,0.97%,2014/07/01,1393/04/10
252,"985,432","960,993","999,917","974,737",5627,0.58%,2014/07/02,1393/04/11
253,"969,230","965,650","972,810","969,110",1150,0.12%,2014/07/05,1393/04/14
254,"967,610","965,880","969,340","967,960",5310,0.55%,2014/07/06,1393/04/15
255,"973,850","968,420","979,270","973,270",2080,0.21%,2014/07/07,1393/04/16
256,"975,120","973,270","976,960","975,350",9230,0.95%,2014/07/08,1393/04/17
257,"980,660","974,880","986,430","984,580",-,-,2014/07/09,1393/04/18
258,"985,730","982,960","988,500","986,660",12470,1.28%,2014/07/12,1393/04/21
259,"978,700","972,810","984,580","974,190",4150,0.43%,2014/07/13,1393/04/22
260,"971,190","968,880","973,500","970,040",690,0.07%,2014/07/14,1393/04/23
261,"967,850","964,960","970,730","970,730",1620,0.17%,2014/07/15,1393/04/24
262,"973,500","972,340","974,650","972,350",298,0.03%,2014/07/16,1393/04/25
263,"971,890","970,730","973,040","971,650",920,0.09%,2014/07/20,1393/04/29
264,"968,770","966,800","970,730","970,730",690,0.07%,2014/07/21,1393/04/30
265,"969,810","967,270","972,340","971,420",920,0.09%,2014/07/22,1393/04/31
266,"968,080","965,420","970,730","970,500",1800,0.19%,2014/07/23,1393/05/01
267,"975,120","974,190","976,040","974,880",2300,0.24%,2014/07/26,1393/05/04
268,"973,270","972,340","974,190","972,580",-,-,2014/07/27,1393/05/05
269,"969,504","949,532","984,206","971,288",1982,0.2%,2014/07/30,1393/05/08
270,"972,460","970,270","974,650","973,270",690,0.07%,2014/08/02,1393/05/11
271,"974,540","973,040","976,040","973,960",3690,0.38%,2014/08/03,1393/05/12
272,"971,890","970,270","973,500","970,270",5310,0.55%,2014/08/04,1393/05/13
273,"972,930","970,270","975,580","975,580",1850,0.19%,2014/08/05,1393/05/14
274,"973,850","973,040","974,650","973,730",43,-,2014/08/06,1393/05/15
275,"979,040","976,730","981,340","977,880",2300,0.24%,2014/08/09,1393/05/18
276,"975,580","974,430","976,730","975,580",1150,0.12%,2014/08/10,1393/05/19
277,"976,640","975,580","977,700","976,730",-,-,2014/08/11,1393/05/20
278,"975,580","974,430","976,730","976,730",-,-,2014/08/12,1393/05/21
279,"976,640","975,580","977,700","976,730",5391,0.56%,2014/08/13,1393/05/22
280,"969,820","968,660","970,970","968,660",1150,0.12%,2014/08/16,1393/05/25
281,"967,510","966,350","968,660","967,510",1150,0.12%,2014/08/17,1393/05/26
282,"968,090","967,510","968,660","968,660",4610,0.48%,2014/08/18,1393/05/27
283,"965,780","964,050","967,510","964,050",6920,0.72%,2014/08/19,1393/05/28
284,"956,550","954,820","958,280","957,130",1667,0.17%,2014/08/20,1393/05/29
285,"963,470","961,740","965,200","964,050",-,-,2014/08/23,1393/06/01
286,"962,900","960,590","965,200","964,050",3460,0.36%,2014/08/24,1393/06/02
287,"967,510","965,200","969,810","967,510",1160,0.12%,2014/08/25,1393/06/03
288,"965,780","965,200","966,350","966,350",3460,0.36%,2014/08/26,1393/06/04
289,"968,660","966,350","970,970","969,810",1749,0.18%,2014/08/27,1393/06/05
290,"973,280","972,120","974,430","972,120",1150,0.12%,2014/08/30,1393/06/08
291,"971,550","970,970","972,120","970,970",2310,0.24%,2014/08/31,1393/06/09
292,"968,660","967,510","969,810","968,660",-,-,2014/09/01,1393/06/10
293,"968,660","967,510","969,810","968,660",1150,0.12%,2014/09/02,1393/06/11
294,"968,660","967,510","969,810","969,810",1234,0.13%,2014/09/03,1393/06/12
295,"965,200","964,050","966,350","966,350",-,-,2014/09/06,1393/06/15
296,"966,930","966,350","967,510","966,350",2300,0.24%,2014/09/07,1393/06/16
297,"964,630","964,050","965,200","964,050",1160,0.12%,2014/09/08,1393/06/17
298,"962,900","961,740","964,050","962,890",2300,0.24%,2014/09/09,1393/06/18
299,"961,170","960,590","961,740","960,590",1683,0.18%,2014/09/10,1393/06/19
300,"945,600","943,290","947,900","946,750",5760,0.61%,2014/09/13,1393/06/22
301,"950,790","947,900","953,670","952,510",2310,0.24%,2014/09/14,1393/06/23
302,"956,550","953,670","959,430","954,820",2604,0.27%,2014/09/15,1393/06/24
303,"956,550","951,360","961,740","951,360",7772,0.82%,2014/09/17,1393/06/26
304,"938,100","935,220","940,980","938,680",1160,0.12%,2014/09/20,1393/06/29
305,"937,530","936,370","938,680","937,520",9230,0.98%,2014/09/21,1393/06/30
306,"945,020","938,680","951,360","946,750",1150,0.12%,2014/09/22,1393/06/31
307,"949,630","947,900","951,360","947,900",4610,0.49%,2014/09/23,1393/07/01
308,"943,290","943,290","943,290","943,290",6669,0.71%,2014/09/24,1393/07/02
309,"962,320","960,590","964,050","964,050",3460,0.36%,2014/09/27,1393/07/05
310,"961,740","960,590","962,890","960,590",4620,0.48%,2014/09/28,1393/07/06
311,"955,400","952,510","958,280","955,970",-,-,2014/09/29,1393/07/07
312,"955,400","953,670","957,130","955,970",186,0.02%,2014/09/30,1393/07/08
313,"952,506","937,265","961,469","954,786",4606,0.48%,2014/10/01,1393/07/09
314,"947,790","940,870","965,950","950,180",5790,0.61%,2014/10/03,1393/07/11
315,"955,400","953,670","957,130","955,970",2310,0.24%,2014/10/06,1393/07/14
316,"960,590","958,280","962,890","958,280",9230,0.96%,2014/10/07,1393/07/15
317,"968,080","966,350","969,810","967,510",961,0.1%,2014/10/08,1393/07/16
318,"961,160","959,430","962,890","962,890",-,-,2014/10/11,1393/07/19
319,"961,170","957,130","965,200","964,050",-,-,2014/10/14,1393/07/22
320,"964,050","962,890","965,200","964,050",1809,0.19%,2014/10/15,1393/07/23
321,"961,740","960,590","962,890","962,890",3460,0.36%,2014/10/18,1393/07/26
322,"960,590","959,430","961,740","959,430",1160,0.12%,2014/10/19,1393/07/27
323,"961,740","960,590","962,890","960,590",1160,0.12%,2014/10/20,1393/07/28
324,"960,010","959,430","960,590","959,430",2300,0.24%,2014/10/21,1393/07/29
325,"957,710","957,130","958,280","957,130",414,0.04%,2014/10/22,1393/07/30
326,"950,210","949,060","951,360","951,360",-,-,2014/10/25,1393/08/03
327,"951,360","950,210","952,510","951,360",-,-,2014/10/26,1393/08/04
328,"951,360","950,210","952,510","951,360",-,-,2014/10/27,1393/08/05
329,"950,790","950,210","951,360","951,360",5760,0.61%,2014/10/28,1393/08/06
330,"946,170","944,440","947,900","945,600",1640,0.17%,2014/10/29,1393/08/07
331,"924,121","908,162","937,613","923,399",2433,0.26%,2014/10/31,1393/08/09
332,"922,891","915,624","940,795","920,966",4196,0.46%,2014/11/01,1393/08/10
333,"916,770","916,770","916,770","916,770",1722,0.19%,2014/11/05,1393/08/14
334,"928,880","928,300","929,450","929,450",6920,0.75%,2014/11/08,1393/08/17
335,"925,990","922,530","929,450","922,530",1150,0.12%,2014/11/09,1393/08/18
336,"919,070","915,610","922,530","921,380",3460,0.38%,2014/11/10,1393/08/19
337,"924,840","923,690","925,990","924,840",1150,0.12%,2014/11/11,1393/08/20
338,"922,540","920,230","924,840","923,690",2714,0.29%,2014/11/12,1393/08/21
339,"935,220","934,060","936,370","936,370",1150,0.12%,2014/11/15,1393/08/24
340,"935,220","934,060","936,370","935,220",3460,0.37%,2014/11/16,1393/08/25
341,"937,520","934,060","940,980","938,680",1150,0.12%,2014/11/17,1393/08/26
342,"939,830","939,830","939,830","939,830",3460,0.37%,2014/11/18,1393/08/27
343,"935,800","935,220","936,370","936,370",-,-,2014/11/19,1393/08/28
344,"936,370","934,060","938,680","936,370",8070,0.86%,2014/11/22,1393/09/01
345,"940,990","935,220","946,750","944,440",3460,0.37%,2014/11/23,1393/09/02
346,"946,750","942,140","951,360","947,900",10380,1.1%,2014/11/24,1393/09/03
347,"954,250","950,210","958,280","958,280",2310,0.24%,2014/11/25,1393/09/04
348,"960,590","959,430","961,740","960,590",5598,0.58%,2014/11/26,1393/09/05
349,"975,580","967,510","983,650","976,730",4610,0.47%,2014/11/29,1393/09/08
350,"969,820","965,200","974,430","972,120",5760,0.59%,2014/11/30,1393/09/09
351,"979,620","976,730","982,500","977,880",1150,0.12%,2014/12/01,1393/09/10
352,"977,890","975,580","980,190","976,730",-,-,2014/12/02,1393/09/11
353,"977,310","976,730","977,880","976,730",3932,0.4%,2014/12/03,1393/09/12
354,"977,310","973,270","981,340","979,040",4610,0.47%,2014/12/06,1393/09/15
355,"987,690","983,650","991,720","983,650",8070,0.82%,2014/12/07,1393/09/16
356,"988,260","984,800","991,720","991,720",9230,0.93%,2014/12/08,1393/09/17
357,"997,490","994,030","1,000,950","1,000,950",-,-,2014/12/09,1393/09/18
358,"1,001,520","999,790","1,003,250","1,000,950",2860,0.29%,2014/12/10,1393/09/19
359,"1,022,860","1,013,630","1,032,080","1,014,790",-,-,2014/12/14,1393/09/23
360,"1,009,020","1,000,950","1,017,090","1,014,790",4620,0.46%,2014/12/15,1393/09/24
361,"1,011,900","1,010,170","1,013,630","1,010,170",9230,0.91%,2014/12/16,1393/09/25
362,"1,015,360","1,010,170","1,020,550","1,019,400",6120,0.6%,2014/12/17,1393/09/26
363,"1,011,225","999,255","1,020,528","1,010,983",813,0.08%,2014/12/19,1393/09/28
364,"1,010,861","1,001,583","1,019,756","1,010,170",-,-,2014/12/21,1393/09/30
365,"1,011,900","1,010,170","1,013,630","1,010,170",1666,0.16%,2014/12/24,1393/10/03
366,"1,018,820","1,017,090","1,020,550","1,017,090",4610,0.46%,2014/12/27,1393/10/06
367,"1,015,370","1,012,480","1,018,250","1,012,480",5770,0.57%,2014/12/28,1393/10/07
368,"1,006,140","1,000,950","1,011,330","1,006,710",1150,0.11%,2014/12/29,1393/10/08
369,"1,006,140","1,003,250","1,009,020","1,005,560",6773,0.68%,2014/12/30,1393/10/09
370,"998,149","977,986","1,017,164","998,787",5623,0.56%,2014/12/31,1393/10/10
371,"1,004,990","1,002,100","1,007,870","1,004,410",1160,0.12%,2015/01/03,1393/10/13
372,"1,004,410","1,000,950","1,007,870","1,003,250",9230,0.92%,2015/01/04,1393/10/14
373,"1,010,170","1,006,710","1,013,630","1,012,480",2310,0.23%,2015/01/05,1393/10/15
374,"1,016,520","1,014,790","1,018,250","1,014,790",4620,0.46%,2015/01/06,1393/10/16
375,"1,011,330","1,009,020","1,013,630","1,010,170",5489,0.54%,2015/01/07,1393/10/17
376,"1,013,640","1,011,330","1,015,940","1,012,480",2310,0.23%,2015/01/10,1393/10/20
377,"1,011,330","1,007,870","1,014,790","1,010,170",1160,0.11%,2015/01/11,1393/10/21
378,"1,013,060","1,009,020","1,017,090","1,011,330",-,-,2015/01/12,1393/10/22
379,"1,007,870","1,003,250","1,012,480","1,011,330",-,-,2015/01/13,1393/10/23
380,"1,009,020","1,006,710","1,011,330","1,011,330",22750,2.25%,2015/01/14,1393/10/24
381,"1,041,310","1,036,700","1,045,920","1,044,770",10380,0.99%,2015/01/17,1393/10/27
382,"1,049,390","1,043,620","1,055,150","1,055,150",1150,0.11%,2015/01/18,1393/10/28
383,"1,051,690","1,047,070","1,056,300","1,056,300",10380,0.98%,2015/01/19,1393/10/29
384,"1,063,220","1,059,760","1,066,680","1,066,680",8070,0.76%,2015/01/20,1393/10/30
385,"1,059,760","1,057,450","1,062,070","1,058,610",3603,0.34%,2015/01/21,1393/11/01
386,"1,056,300","1,052,840","1,059,760","1,059,760",2310,0.22%,2015/01/24,1393/11/04
387,"1,056,880","1,055,150","1,058,610","1,057,450",2300,0.22%,2015/01/25,1393/11/05
388,"1,055,150","1,053,990","1,056,300","1,055,150",1150,0.11%,2015/01/26,1393/11/06
389,"1,056,300","1,053,990","1,058,610","1,056,300",5770,0.55%,2015/01/27,1393/11/07
390,"1,052,260","1,050,530","1,053,990","1,050,530",58,0.01%,2015/01/28,1393/11/08
391,"1,047,080","1,045,920","1,048,230","1,047,070",9220,0.89%,2015/01/31,1393/11/11
392,"1,041,890","1,037,850","1,045,920","1,037,850",3460,0.33%,2015/02/01,1393/11/12
393,"1,042,470","1,040,160","1,044,770","1,041,310",9230,0.89%,2015/02/02,1393/11/13
394,"1,035,540","1,032,080","1,039,000","1,032,080",4610,0.45%,2015/02/03,1393/11/14
395,"1,028,630","1,026,320","1,030,930","1,027,470",20311,2.02%,2015/02/04,1393/11/15
396,"994,610","988,260","1,000,950","1,000,950",11530,1.15%,2015/02/07,1393/11/18
397,"1,009,020","1,002,100","1,015,940","1,012,480",2310,0.23%,2015/02/08,1393/11/19
398,"1,013,060","1,009,020","1,017,090","1,010,170",267,0.03%,2015/02/09,1393/11/20
399,"1,012,716","997,018","1,028,109","1,012,916",714,0.07%,2015/02/11,1393/11/22
400,"1,012,480","1,010,170","1,014,790","1,013,630",3460,0.34%,2015/02/14,1393/11/25
401,"1,011,330","1,010,170","1,012,480","1,010,170",16140,1.62%,2015/02/15,1393/11/26
402,"1,008,450","994,030","1,022,860","994,030",2310,0.23%,2015/02/16,1393/11/27
403,"994,610","992,880","996,340","996,340",8070,0.81%,2015/02/17,1393/11/28
404,"1,002,100","997,490","1,006,710","1,004,410",13846,1.4%,2015/02/18,1393/11/29
405,"993,460","990,570","996,340","995,180",1150,0.12%,2015/02/21,1393/12/02
406,"994,030","990,570","997,490","994,030",2310,0.23%,2015/02/22,1393/12/03
407,"995,190","992,880","997,490","996,340",10370,1.04%,2015/02/23,1393/12/04
408,"1,004,990","1,000,950","1,009,020","1,006,710",2310,0.23%,2015/02/24,1393/12/05
409,"1,011,330","1,009,020","1,013,630","1,009,020",1038,0.1%,2015/02/25,1393/12/06
410,"1,007,290","1,005,560","1,009,020","1,006,710",1160,0.12%,2015/02/28,1393/12/09
411,"1,009,020","1,007,870","1,010,170","1,007,870",5770,0.58%,2015/03/01,1393/12/10
412,"1,003,830","1,002,100","1,005,560","1,002,100",-,-,2015/03/02,1393/12/11
413,"1,002,680","1,002,100","1,003,250","1,002,100",2310,0.23%,2015/03/03,1393/12/12
414,"999,800","998,640","1,000,950","999,790",16115,1.64%,2015/03/04,1393/12/13
415,"976,160","973,270","979,040","976,730",-,-,2015/03/07,1393/12/16
416,"977,890","975,580","980,190","976,730",9220,0.95%,2015/03/08,1393/12/17
417,"967,510","962,890","972,120","967,510",18450,1.94%,2015/03/09,1393/12/18
418,"957,130","949,060","965,200","949,060",1150,0.12%,2015/03/10,1393/12/19
419,"948,480","940,980","955,970","950,210",18016,1.93%,2015/03/11,1393/12/20
420,"919,650","906,390","932,910","924,840",11530,1.25%,2015/03/14,1393/12/23
421,"934,640","931,760","937,520","936,370",9230,0.99%,2015/03/15,1393/12/24
422,"946,170","937,520","954,820","945,600",2300,0.24%,2015/03/16,1393/12/25
423,"951,370","945,600","957,130","947,900",16150,1.7%,2015/03/17,1393/12/26
424,"961,740","959,430","964,050","964,050",8230,0.85%,2015/03/18,1393/12/27
425,"976,730","976,730","976,730","976,730",1900,0.19%,2015/03/25,1394/01/05
426,"950,790","945,600","955,970","955,970",5770,0.6%,2015/03/28,1394/01/08
427,"961,740","961,740","961,740","961,740",1121,0.12%,2015/03/29,1394/01/09
428,"959,294","949,605","972,394","962,100",18090,1.88%,2015/03/30,1394/01/10
429,"979,040","973,270","984,800","980,190",2310,0.24%,2015/04/04,1394/01/15
430,"985,380","979,040","991,720","982,500",2310,0.24%,2015/04/05,1394/01/16
431,"978,460","975,580","981,340","980,190",2310,0.24%,2015/04/06,1394/01/17
432,"979,620","976,730","982,500","977,880",4610,0.47%,2015/04/07,1394/01/18
433,"970,970","968,660","973,270","973,270",1962,0.2%,2015/04/08,1394/01/19
434,"1,002,680","998,640","1,006,710","999,790",9220,0.93%,2015/04/11,1394/01/22
435,"991,150","985,960","996,340","990,570",5770,0.59%,2015/04/12,1394/01/23
436,"982,500","979,040","985,960","984,800",3460,0.35%,2015/04/13,1394/01/24
437,"987,110","984,800","989,420","988,260",2310,0.23%,2015/04/14,1394/01/25
438,"991,730","989,420","994,030","990,570",2936,0.3%,2015/04/15,1394/01/26
439,"989,420","987,110","991,720","990,570",4610,0.47%,2015/04/18,1394/01/29
440,"988,260","984,800","991,720","985,960",2310,0.23%,2015/04/19,1394/01/30
441,"984,230","982,500","985,960","983,650",1150,0.12%,2015/04/20,1394/01/31
442,"985,380","984,800","985,960","984,800",8070,0.83%,2015/04/21,1394/02/01
443,"975,580","974,430","976,730","976,730",6466,0.67%,2015/04/22,1394/02/02
444,"970,970","969,810","972,120","972,120",-,-,2015/04/25,1394/02/05
445,"971,540","969,810","973,270","972,120",3460,0.36%,2015/04/26,1394/02/06
446,"977,890","975,580","980,190","975,580",3460,0.35%,2015/04/27,1394/02/07
447,"979,040","976,730","981,340","979,040",1160,0.12%,2015/04/28,1394/02/08
448,"977,890","976,730","979,040","977,880",85,0.01%,2015/04/29,1394/02/09
449,"968,090","964,050","972,120","967,510",2310,0.24%,2015/05/03,1394/02/13
450,"964,050","961,740","966,350","965,200",-,-,2015/05/04,1394/02/14
451,"963,470","961,740","965,200","965,200",3460,0.36%,2015/05/05,1394/02/15
452,"961,740","961,740","961,740","961,740",1074,0.11%,2015/05/06,1394/02/16
453,"960,010","957,130","962,890","957,130",1160,0.12%,2015/05/09,1394/02/19
454,"954,820","953,670","955,970","955,970",5760,0.61%,2015/05/10,1394/02/20
455,"950,210","946,750","953,670","950,210",9220,0.97%,2015/05/11,1394/02/21
456,"955,980","951,360","960,590","959,430",6920,0.72%,2015/05/12,1394/02/22
457,"964,050","961,740","966,350","966,350",2848,0.29%,2015/05/13,1394/02/23
458,"970,970","967,510","974,430","968,660",9230,0.96%,2015/05/17,1394/02/27
459,"961,740","958,280","965,200","959,430",-,-,2015/05/18,1394/02/28
460,"958,280","955,970","960,590","959,430",3460,0.36%,2015/05/19,1394/02/29
461,"956,550","954,820","958,280","955,970",446,0.05%,2015/05/20,1394/02/30
462,"953,670","952,510","954,820","954,820",1150,0.12%,2015/05/23,1394/03/02
463,"955,970","952,510","959,430","953,670",3460,0.36%,2015/05/24,1394/03/03
464,"951,370","949,060","953,670","950,210",2310,0.24%,2015/05/25,1394/03/04
465,"949,630","947,900","951,360","947,900",3460,0.37%,2015/05/26,1394/03/05
466,"950,210","947,900","952,510","951,360",-,-,2015/05/27,1394/03/06
467,"951,940","950,210","953,670","952,510",1150,0.12%,2015/05/30,1394/03/09
468,"949,630","947,900","951,360","951,360",1150,0.12%,2015/05/31,1394/03/10
469,"951,940","950,210","953,670","950,210",8388,0.89%,2015/06/01,1394/03/11
470,"936,370","934,060","938,680","934,060",1160,0.12%,2015/06/06,1394/03/16
471,"935,790","934,060","937,520","935,220",4610,0.49%,2015/06/07,1394/03/17
472,"938,100","936,370","939,830","939,830",3460,0.37%,2015/06/08,1394/03/18
473,"940,990","938,680","943,290","943,290",5770,0.62%,2015/06/09,1394/03/19
474,"939,830","937,520","942,140","937,520",2783,0.3%,2015/06/10,1394/03/20
475,"929,450","928,300","930,600","930,600",6910,0.75%,2015/06/13,1394/03/23
476,"924,840","920,230","929,450","923,690",2310,0.25%,2015/06/14,1394/03/24
477,"923,110","920,230","925,990","921,380",1150,0.12%,2015/06/15,1394/03/25
478,"921,960","920,230","923,690","920,230",5760,0.63%,2015/06/16,1394/03/26
479,"922,530","919,070","925,990","925,990",1707,0.18%,2015/06/17,1394/03/27
480,"928,300","925,990","930,600","925,990",5300,0.58%,2015/06/20,1394/03/30
481,"923,920","920,690","927,150","920,690",1850,0.2%,2015/06/21,1394/03/31
482,"919,770","917,460","922,070","918,840",3690,0.4%,2015/06/22,1394/04/01
483,"921,730","919,300","924,150","922,530",1620,0.18%,2015/06/23,1394/04/02
484,"925,420","923,920","926,910","924,150",21,-,2015/06/24,1394/04/03
485,"930,150","927,610","932,680","928,760",1380,0.15%,2015/06/27,1394/04/06
486,"930,720","927,380","934,060","927,380",3920,0.42%,2015/06/28,1394/04/07
487,"924,030","921,610","926,450","923,460",470,0.05%,2015/06/29,1394/04/08
488,"925,070","922,760","927,380","922,990",5070,0.55%,2015/06/30,1394/04/09
489,"916,080","913,310","918,840","917,920",4519,0.49%,2015/07/01,1394/04/10
490,"909,850","907,540","912,150","908,690",12680,1.42%,2015/07/04,1394/04/13
491,"902,120","893,010","911,230","896,010",3230,0.36%,2015/07/05,1394/04/14
492,"894,400","889,090","899,700","892,780",1150,0.13%,2015/07/06,1394/04/15
493,"892,670","891,170","894,160","893,930",9185,1.03%,2015/07/07,1394/04/16
494,"893,598","878,764","907,901","903,115",17025,1.92%,2015/07/08,1394/04/17
495,"891,170","883,320","899,010","886,090",5770,0.65%,2015/07/11,1394/04/20
496,"888,750","882,630","894,860","891,860",14530,1.63%,2015/07/12,1394/04/21
497,"896,240","884,710","907,770","906,390",920,0.1%,2015/07/13,1394/04/22
498,"910,430","901,080","919,770","905,470",8540,0.95%,2015/07/14,1394/04/23
499,"901,430","895,550","907,310","896,930",1555,0.17%,2015/07/15,1394/04/24
500,"878,830","870,640","887,020","886,320",8990,1.02%,2015/07/20,1394/04/29
501,"878,600","874,560","882,630","877,330",4840,0.55%,2015/07/21,1394/04/30
502,"882,290","879,170","885,400","882,170",7473,0.85%,2015/07/22,1394/04/31
503,"893,710","891,860","895,550","893,930",460,0.05%,2015/07/25,1394/05/03
504,"893,010","890,010","896,010","893,470",460,0.05%,2015/07/26,1394/05/04
505,"893,250","891,170","895,320","893,010",1850,0.21%,2015/07/27,1394/05/05
506,"894,510","892,320","896,700","894,860",2770,0.31%,2015/07/28,1394/05/06
507,"891,290","887,250","895,320","892,090",2466,0.28%,2015/07/29,1394/05/07
508,"896,240","893,700","898,780","894,630",2310,0.26%,2015/08/01,1394/05/10
509,"892,900","890,940","894,860","892,320",920,0.1%,2015/08/02,1394/05/11
510,"892,090","890,470","893,700","893,240",2530,0.28%,2015/08/03,1394/05/12
511,"891,510","890,470","892,550","890,710",1380,0.15%,2015/08/04,1394/05/13
512,"890,590","889,090","892,090","892,090",3380,0.38%,2015/08/05,1394/05/14
513,"896,130","893,700","898,550","893,700",5540,0.62%,2015/08/08,1394/05/17
514,"896,010","892,780","899,240","899,240",13755,1.53%,2015/08/09,1394/05/18
515,"910,540","907,080","914,000","907,080",768,0.08%,2015/08/12,1394/05/21
516,"909,160","906,850","911,460","911,230",2770,0.3%,2015/08/15,1394/05/24
517,"913,080","911,000","915,150","914,000",-,-,2015/08/16,1394/05/25
518,"915,380","912,150","918,610","914,000",7380,0.81%,2015/08/17,1394/05/26
519,"917,690","912,620","922,760","921,380",10610,1.15%,2015/08/18,1394/05/27
520,"929,450","926,910","931,990","931,990",6102,0.65%,2015/08/19,1394/05/28
521,"959,550","956,210","962,890","958,050",230,0.02%,2015/08/22,1394/05/31
522,"956,320","952,510","960,130","958,280",12220,1.29%,2015/08/23,1394/06/01
523,"949,980","946,060","953,900","946,060",11300,1.21%,2015/08/24,1394/06/02
524,"940,760","930,840","950,670","934,760",3460,0.37%,2015/08/25,1394/06/03
525,"933,260","929,910","936,600","931,300",320,0.03%,2015/08/26,1394/06/04
526,"937,060","932,680","941,440","940,980",460,0.05%,2015/08/29,1394/06/07
527,"942,260","938,450","946,060","940,520",7150,0.76%,2015/08/30,1394/06/08
528,"946,870","943,980","949,750","947,670",6230,0.66%,2015/08/31,1394/06/09
529,"944,900","940,980","948,820","941,440",4380,0.47%,2015/09/01,1394/06/10
530,"938,220","936,370","940,060","937,060",2094,0.22%,2015/09/02,1394/06/11
531,"942,020","939,600","944,440","940,980",3920,0.42%,2015/09/05,1394/06/14
532,"939,260","936,370","942,140","937,060",4620,0.49%,2015/09/06,1394/06/15
533,"939,320","936,950","941,680","941,680",7620,0.82%,2015/09/07,1394/06/16
534,"936,950","933,600","940,290","934,060",230,0.02%,2015/09/08,1394/06/17
535,"931,760","929,220","934,290","933,830",589,0.06%,2015/09/09,1394/06/18
536,"932,680","931,530","933,830","932,450",460,0.05%,2015/09/12,1394/06/21
537,"933,260","931,530","934,990","932,910",2070,0.22%,2015/09/13,1394/06/22
538,"931,410","929,680","933,140","930,840",2070,0.22%,2015/09/14,1394/06/23
539,"930,610","928,300","932,910","932,910",1840,0.2%,2015/09/15,1394/06/24
540,"930,490","929,680","931,300","931,070",2468,0.27%,2015/09/16,1394/06/25
541,"940,410","937,520","943,290","937,990",2770,0.3%,2015/09/19,1394/06/28
542,"935,800","933,370","938,220","935,220",3920,0.42%,2015/09/20,1394/06/29
543,"933,370","930,140","936,600","931,300",1150,0.12%,2015/09/21,1394/06/30
544,"930,260","925,990","934,530","932,450",11070,1.19%,2015/09/22,1394/06/31
545,"938,790","933,140","944,440","943,520",460,0.05%,2015/09/23,1394/07/01
546,"943,990","942,600","945,370","943,060",2310,0.25%,2015/09/26,1394/07/04
547,"941,330","938,910","943,750","940,750",3000,0.32%,2015/09/27,1394/07/05
548,"941,450","938,450","944,440","943,750",6690,0.71%,2015/09/28,1394/07/06
549,"939,950","936,370","943,520","937,060",460,0.05%,2015/09/29,1394/07/07
550,"936,840","934,990","938,680","936,600",4060,0.43%,2015/09/30,1394/07/08
551,"943,180","941,680","944,670","944,670",920,0.1%,2015/10/03,1394/07/11
552,"943,410","941,680","945,130","943,750",6230,0.66%,2015/10/04,1394/07/12
553,"948,020","945,130","950,900","949,980",6230,0.66%,2015/10/05,1394/07/13
554,"954,710","951,820","957,590","956,210",1620,0.17%,2015/10/06,1394/07/14
555,"954,820","952,280","957,360","954,590",4253,0.45%,2015/10/07,1394/07/15
556,"962,200","959,200","965,200","964,510",1850,0.19%,2015/10/10,1394/07/18
557,"965,660","961,970","969,350","962,660",1610,0.17%,2015/10/11,1394/07/19
558,"958,860","956,210","961,510","961,050",7610,0.79%,2015/10/12,1394/07/20
559,"966,350","963,120","969,580","968,660",5530,0.57%,2015/10/13,1394/07/21
560,"972,470","970,040","974,890","974,190",4825,0.5%,2015/10/14,1394/07/22
561,"961,860","959,900","963,820","961,280",7150,0.75%,2015/10/17,1394/07/25
562,"956,210","952,050","960,360","954,130",5770,0.6%,2015/10/18,1394/07/26
563,"956,900","951,820","961,970","959,900",3230,0.34%,2015/10/19,1394/07/27
564,"958,740","955,740","961,740","956,670",2070,0.22%,2015/10/20,1394/07/28
565,"958,520","956,900","960,130","958,740",143,0.01%,2015/10/21,1394/07/29
566,"958,860","957,130","960,590","960,130",2300,0.24%,2015/10/25,1394/08/03
567,"960,990","959,090","962,890","962,430",6230,0.65%,2015/10/26,1394/08/04
568,"966,590","963,590","969,580","968,660",9920,1.03%,2015/10/27,1394/08/05
569,"960,240","958,280","962,200","958,740",2260,0.24%,2015/10/28,1394/08/06
570,"955,860","954,590","957,130","955,500",3400,0.36%,2015/10/31,1394/08/09
571,"953,550","951,400","955,700","952,100",2300,0.24%,2015/11/01,1394/08/10
572,"951,300","949,800","952,800","949,800",8400,0.89%,2015/11/02,1394/08/11
573,"944,900","941,400","948,400","941,400",2500,0.27%,2015/11/03,1394/08/12
574,"938,800","936,800","940,800","938,900",8960,0.96%,2015/11/04,1394/08/13
575,"929,780","928,760","930,800","929,500",5300,0.57%,2015/11/07,1394/08/16
576,"933,250","930,800","935,700","934,800",1000,0.11%,2015/11/08,1394/08/17
577,"935,200","930,600","939,800","933,800",2700,0.29%,2015/11/09,1394/08/18
578,"931,950","930,100","933,800","931,100",1000,0.11%,2015/11/10,1394/08/19
579,"930,500","927,600","933,400","930,100",2810,0.3%,2015/11/11,1394/08/20
580,"932,910","932,910","932,910","932,910",10,-,2015/11/12,1394/08/21
581,"934,100","932,500","935,700","932,900",1400,0.15%,2015/11/14,1394/08/23
582,"934,050","930,600","937,500","931,500",9700,1.05%,2015/11/15,1394/08/24
583,"925,200","921,400","929,000","921,800",600,0.07%,2015/11/16,1394/08/25
584,"920,900","919,300","922,500","921,200",6000,0.65%,2015/11/17,1394/08/26
585,"924,650","922,100","927,200","927,200",1620,0.18%,2015/11/18,1394/08/27
586,"921,500","919,500","923,500","922,300",2300,0.25%,2015/11/21,1394/08/30
587,"919,450","917,500","921,400","920,000",3200,0.35%,2015/11/22,1394/09/01
588,"922,550","919,800","925,300","923,200",3000,0.32%,2015/11/23,1394/09/02
589,"925,800","924,400","927,200","926,200",1000,0.11%,2015/11/24,1394/09/03
590,"927,500","926,000","929,000","927,200",1180,0.13%,2015/11/25,1394/09/04
591,"927,000","925,500","928,500","927,600",400,0.04%,2015/11/28,1394/09/07
592,"926,200","924,800","927,600","927,200",6200,0.67%,2015/11/29,1394/09/08
593,"931,800","928,800","934,800","933,400",2280,0.24%,2015/11/30,1394/09/09
594,"929,180","921,930","948,850","934,920",6080,0.65%,2015/12/02,1394/09/11
595,"939,100","936,800","941,400","941,000",500,0.05%,2015/12/05,1394/09/14
596,"941,000","939,600","942,400","940,500",1800,0.19%,2015/12/06,1394/09/15
597,"938,600","937,100","940,100","938,700",700,0.07%,2015/12/07,1394/09/16
598,"939,250","937,100","941,400","938,000",500,0.05%,2015/12/08,1394/09/17
599,"937,150","936,100","938,200","937,500",2500,0.27%,2015/12/09,1394/09/18
600,"938,400","933,700","943,100","935,000",7200,0.78%,2015/12/13,1394/09/22
601,"929,350","927,400","931,300","927,800",7200,0.78%,2015/12/14,1394/09/23
602,"932,800","929,900","935,700","935,000",4600,0.49%,2015/12/15,1394/09/24
603,"932,000","928,300","935,700","930,400",2130,0.23%,2015/12/16,1394/09/25
604,"935,700","934,800","936,600","935,000",8300,0.89%,2015/12/19,1394/09/28
605,"943,550","941,000","946,100","943,300",4600,0.49%,2015/12/21,1394/09/30
606,"945,100","941,400","948,800","947,900",6000,0.63%,2015/12/22,1394/10/01
607,"952,150","949,500","954,800","953,900",4130,0.43%,2015/12/23,1394/10/02
608,"961,850","959,900","963,800","961,100",8100,0.85%,2015/12/26,1394/10/05
609,"957,150","953,000","961,300","953,000",1600,0.17%,2015/12/27,1394/10/06
610,"953,900","953,200","954,600","954,600",700,0.07%,2015/12/28,1394/10/07
611,"953,800","953,000","954,600","953,900",110,0.01%,2015/12/30,1394/10/09
612,"953,800","952,500","955,100","953,600",7700,0.81%,2016/01/02,1394/10/12
613,"960,750","956,300","965,200","961,300",700,0.07%,2016/01/03,1394/10/13
614,"961,400","959,700","963,100","960,600",6700,0.7%,2016/01/04,1394/10/14
615,"966,750","964,100","969,400","967,300",6000,0.62%,2016/01/05,1394/10/15
616,"970,500","967,000","974,000","973,300",9940,1.02%,2016/01/06,1394/10/16
617,"982,400","980,000","984,800","981,300",13800,1.43%,2016/01/09,1394/10/19
618,"972,000","965,000","979,000","967,500",12900,1.35%,2016/01/10,1394/10/20
619,"957,600","954,100","961,100","954,600",-,-,2016/01/11,1394/10/21
620,"951,000","946,500","955,500","954,600",9900,1.05%,2016/01/12,1394/10/22
621,"948,850","943,300","954,400","944,700",7120,0.76%,2016/01/13,1394/10/23
622,"940,500","933,600","947,400","945,100",7100,0.76%,2016/01/16,1394/10/26
623,"936,700","930,600","942,800","938,000",4400,0.47%,2016/01/17,1394/10/27
624,"934,750","932,000","937,500","933,600",8500,0.91%,2016/01/18,1394/10/28
625,"937,950","933,800","942,100","942,100",2600,0.28%,2016/01/19,1394/10/29
626,"945,150","942,600","947,700","944,700",4310,0.46%,2016/01/20,1394/10/30
627,"950,800","948,400","953,200","948,800",7900,0.83%,2016/01/23,1394/11/03
628,"953,750","949,200","958,300","956,700",15700,1.64%,2016/01/24,1394/11/04
629,"964,950","957,100","972,800","972,400",7000,0.73%,2016/01/25,1394/11/05
630,"970,250","964,700","975,800","965,400",3700,0.38%,2016/01/26,1394/11/06
631,"965,700","961,100","970,300","961,700",270,0.03%,2016/01/27,1394/11/07
632,"963,800","961,500","966,100","965,900",5100,0.53%,2016/01/30,1394/11/10
633,"969,600","966,600","972,600","971,000",1200,0.12%,2016/01/31,1394/11/11
634,"970,350","967,700","973,000","969,800",4900,0.51%,2016/02/01,1394/11/12
635,"972,000","968,200","975,800","974,700",5000,0.51%,2016/02/02,1394/11/13
636,"978,250","974,700","981,800","979,700",2340,0.24%,2016/02/03,1394/11/14
637,"982,040","982,040","982,040","982,040",6960,0.71%,2016/02/04,1394/11/15
638,"991,800","984,300","999,300","989,000",8300,0.84%,2016/02/06,1394/11/17
639,"988,050","978,100","998,000","997,300",4900,0.49%,2016/02/07,1394/11/18
640,"992,100","989,200","995,000","992,400",1600,0.16%,2016/02/08,1394/11/19
641,"989,850","988,000","991,700","990,800",10840,1.09%,2016/02/09,1394/11/20
642,"1,017,900","1,013,400","1,022,400","1,014,800",20800,2.09%,2016/02/13,1394/11/24
643,"997,350","989,400","1,005,300","994,000",200,0.02%,2016/02/14,1394/11/25
644,"991,150","981,300","1,001,000","993,800",7200,0.72%,2016/02/15,1394/11/26
645,"992,800","984,600","1,001,000","1,001,000",900,0.09%,2016/02/16,1394/11/27
646,"997,850","993,800","1,001,900","1,001,900",-,-,2016/02/17,1394/11/28
647,"1,004,050","1,000,500","1,007,600","1,006,700",9000,0.9%,2016/02/20,1394/12/01
648,"998,400","993,300","1,003,500","997,700",12000,1.2%,2016/02/21,1394/12/02
649,"1,005,800","999,800","1,011,800","1,009,700",16600,1.64%,2016/02/22,1394/12/03
650,"1,019,750","1,009,900","1,029,600","1,026,300",5700,0.56%,2016/02/23,1394/12/04
651,"1,021,100","1,017,300","1,024,900","1,020,600",750,0.07%,2016/02/24,1394/12/05
652,"1,016,850","1,012,000","1,021,700","1,013,600",6500,0.64%,2016/02/27,1394/12/08
653,"1,016,950","1,012,900","1,021,000","1,020,100",1100,0.11%,2016/02/28,1394/12/09
654,"1,023,300","1,020,300","1,026,300","1,021,200",3000,0.29%,2016/02/29,1394/12/10
655,"1,022,500","1,019,400","1,025,600","1,024,200",3700,0.36%,2016/03/01,1394/12/11
656,"1,025,500","1,021,900","1,029,100","1,027,900",4160,0.4%,2016/03/02,1394/12/12
657,"1,032,200","1,030,700","1,033,700","1,033,000",900,0.09%,2016/03/05,1394/12/15
658,"1,034,150","1,032,500","1,035,800","1,033,900",700,0.07%,2016/03/06,1394/12/16
659,"1,034,050","1,032,300","1,035,800","1,033,200",1100,0.11%,2016/03/07,1394/12/17
660,"1,030,250","1,027,700","1,032,800","1,032,100",-,-,2016/03/08,1394/12/18
661,"1,028,750","1,025,400","1,032,100","1,032,100",1550,0.15%,2016/03/09,1394/12/19
662,"1,031,940","1,010,780","1,043,510","1,033,900",11700,1.14%,2016/03/11,1394/12/21
663,"1,027,800","1,021,200","1,034,400","1,022,200",-,-,2016/03/14,1394/12/24
664,"1,023,300","1,021,000","1,025,600","1,022,200",12700,1.24%,2016/03/15,1394/12/25
665,"1,031,850","1,027,900","1,035,800","1,034,900",80,0.01%,2016/03/16,1394/12/26
666,"1,030,386","1,012,533","1,043,162","1,030,149",2449,0.24%,2016/03/23,1395/01/04
667,"1,027,500","1,026,100","1,028,900","1,027,700",4200,0.41%,2016/03/26,1395/01/07
668,"1,029,350","1,026,800","1,031,900","1,031,900",4600,0.45%,2016/03/27,1395/01/08
669,"1,034,300","1,031,400","1,037,200","1,036,500",5000,0.48%,2016/03/28,1395/01/09
670,"1,041,750","1,038,500","1,045,000","1,041,500",400,0.04%,2016/03/29,1395/01/10
671,"1,042,450","1,039,900","1,045,000","1,041,100",1100,0.11%,2016/03/30,1395/01/11
672,"1,044,200","1,040,200","1,048,200","1,042,200",2000,0.19%,2016/04/02,1395/01/14
673,"1,037,950","1,033,900","1,042,000","1,040,200",9400,0.9%,2016/04/03,1395/01/15
674,"1,046,950","1,042,000","1,051,900","1,049,600",6000,0.57%,2016/04/04,1395/01/16
675,"1,044,200","1,038,300","1,050,100","1,043,600",8600,0.82%,2016/04/05,1395/01/17
676,"1,048,700","1,043,400","1,054,000","1,052,200",2430,0.23%,2016/04/06,1395/01/18
677,"1,057,350","1,056,100","1,058,600","1,056,800",8000,0.76%,2016/04/09,1395/01/21
678,"1,062,900","1,060,500","1,065,300","1,064,800",2300,0.22%,2016/04/10,1395/01/22
679,"1,065,900","1,062,300","1,069,500","1,062,500",5700,0.54%,2016/04/11,1395/01/23
680,"1,059,150","1,053,500","1,064,800","1,056,800",11600,1.11%,2016/04/12,1395/01/24
681,"1,049,850","1,045,000","1,054,700","1,045,200",3700,0.35%,2016/04/13,1395/01/25
682,"1,049,150","1,047,500","1,050,800","1,048,700",5300,0.51%,2016/04/16,1395/01/28
683,"1,046,500","1,042,200","1,050,800","1,043,400",7400,0.71%,2016/04/17,1395/01/29
684,"1,047,050","1,042,200","1,051,900","1,050,800",2100,0.2%,2016/04/18,1395/01/30
685,"1,047,400","1,044,300","1,050,500","1,048,700",700,0.07%,2016/04/19,1395/01/31
686,"1,050,550","1,045,900","1,055,200","1,049,400",6500,0.62%,2016/04/20,1395/02/01
687,"1,042,550","1,041,500","1,043,600","1,042,900",200,0.02%,2016/04/23,1395/02/04
688,"1,042,350","1,040,400","1,044,300","1,042,700",1600,0.15%,2016/04/24,1395/02/05
689,"1,043,050","1,041,100","1,045,000","1,044,300",2500,0.24%,2016/04/25,1395/02/06
690,"1,046,850","1,044,300","1,049,400","1,046,800",5400,0.52%,2016/04/26,1395/02/07
691,"1,049,200","1,046,200","1,052,200","1,052,200",2800,0.27%,2016/04/27,1395/02/08
692,"1,070,700","1,067,800","1,073,600","1,070,100",1300,0.12%,2016/04/30,1395/02/11
693,"1,070,250","1,067,100","1,073,400","1,068,800",6000,0.56%,2016/05/01,1395/02/12
694,"1,066,100","1,060,200","1,072,000","1,062,800",4900,0.46%,2016/05/02,1395/02/13
695,"1,058,600","1,054,900","1,062,300","1,057,900",700,0.07%,2016/05/03,1395/02/14
696,"1,057,800","1,055,400","1,060,200","1,057,200",3900,0.37%,2016/05/04,1395/02/15
697,"1,061,300","1,059,100","1,063,500","1,061,100",4340,0.41%,2016/05/07,1395/02/18
698,"1,059,185","1,056,760","1,061,610","1,056,760",1160,0.11%,2016/05/08,1395/02/19
699,"1,057,800","1,054,500","1,061,100","1,055,600",3400,0.32%,2016/05/09,1395/02/20
700,"1,053,550","1,050,800","1,056,300","1,052,200",300,0.03%,2016/05/10,1395/02/21
701,"1,052,750","1,051,500","1,054,000","1,051,900",200,0.02%,2016/05/11,1395/02/22
702,"1,051,700","1,051,700","1,051,700","1,051,700",4400,0.42%,2016/05/12,1395/02/23
703,"1,047,050","1,045,200","1,048,900","1,047,300",4400,0.42%,2016/05/14,1395/02/25
704,"1,050,050","1,046,600","1,053,500","1,051,700",5800,0.55%,2016/05/15,1395/02/26
705,"1,044,100","1,041,800","1,046,400","1,045,900",2700,0.26%,2016/05/16,1395/02/27
706,"1,043,500","1,041,300","1,045,700","1,043,200",12500,1.21%,2016/05/17,1395/02/28
707,"1,029,900","1,025,400","1,034,400","1,030,700",440,0.04%,2016/05/18,1395/02/29
708,"1,030,600","1,029,800","1,031,400","1,030,000",7800,0.76%,2016/05/21,1395/03/01
709,"1,026,300","1,021,900","1,030,700","1,022,200",7400,0.73%,2016/05/23,1395/03/03
710,"1,016,500","1,012,900","1,020,100","1,014,800",7800,0.77%,2016/05/24,1395/03/04
711,"1,025,650","1,017,800","1,033,500","1,022,600",2850,0.28%,2016/05/25,1395/03/05
712,"1,017,790","1,015,020","1,020,550","1,015,940",3460,0.34%,2016/05/28,1395/03/08
713,"1,010,980","1,007,870","1,014,090","1,012,480",460,0.05%,2016/05/29,1395/03/09
714,"1,013,060","1,011,100","1,015,020","1,012,940",2770,0.27%,2016/05/30,1395/03/10
715,"1,014,900","1,012,020","1,017,780","1,015,710",2300,0.23%,2016/05/31,1395/03/11
716,"1,016,050","1,014,090","1,018,010","1,018,010",8094,0.8%,2016/06/01,1395/03/12
717,"1,025,980","1,022,170","1,029,780","1,024,240",2300,0.23%,2016/06/05,1395/03/16
718,"1,021,940","1,019,630","1,024,240","1,021,940",9680,0.95%,2016/06/06,1395/03/17
719,"1,028,340","1,024,590","1,032,080","1,031,620",3920,0.38%,2016/06/07,1395/03/18
720,"1,033,410","1,030,930","1,035,890","1,035,540",4402,0.43%,2016/06/08,1395/03/19
721,"1,041,310","1,039,230","1,043,380","1,041,080",5530,0.53%,2016/06/11,1395/03/22
722,"1,044,430","1,041,310","1,047,540","1,046,610",230,0.02%,2016/06/12,1395/03/23
723,"1,045,690","1,042,460","1,048,920","1,046,840",470,0.04%,2016/06/13,1395/03/24
724,"1,049,040","1,046,380","1,051,690","1,047,310",16140,1.54%,2016/06/14,1395/03/25
725,"1,062,530","1,056,300","1,068,750","1,063,450",2112,0.2%,2016/06/15,1395/03/26
726,"1,057,280","1,054,340","1,060,220","1,057,910",7840,0.75%,2016/06/18,1395/03/29
727,"1,049,730","1,047,770","1,051,690","1,050,070",3920,0.37%,2016/06/19,1395/03/30
728,"1,048,000","1,043,620","1,052,380","1,046,150",1840,0.18%,2016/06/20,1395/03/31
729,"1,044,600","1,042,690","1,046,500","1,044,310",920,0.09%,2016/06/21,1395/04/01
730,"1,044,880","1,042,920","1,046,840","1,045,230",19883,1.9%,2016/06/22,1395/04/02
731,"1,084,440","1,077,980","1,090,890","1,090,200",8080,0.74%,2016/06/25,1395/04/05
732,"1,098,510","1,089,740","1,107,270","1,098,280",5300,0.48%,2016/06/26,1395/04/06
733,"1,096,200","1,088,820","1,103,580","1,103,580",4150,0.38%,2016/06/28,1395/04/08
734,"1,101,160","1,096,890","1,105,420","1,099,430",18486,1.68%,2016/06/29,1395/04/09
735,"1,116,840","1,114,880","1,118,800","1,117,880",1840,0.16%,2016/07/02,1395/04/12
736,"1,119,610","1,115,800","1,123,410","1,119,720",-,-,2016/07/03,1395/04/13
737,"1,117,820","1,114,530","1,121,110","1,119,720",15000,1.34%,2016/07/04,1395/04/14
738,"1,131,030","1,122,490","1,139,560","1,134,720",6220,0.55%,2016/07/05,1395/04/15
739,"1,140,370","1,137,710","1,143,020","1,140,940",3690,0.32%,2016/07/09,1395/04/19
740,"1,137,710","1,133,790","1,141,630","1,137,250",13610,1.21%,2016/07/10,1395/04/20
741,"1,131,030","1,122,950","1,139,100","1,123,640",2990,0.27%,2016/07/11,1395/04/21
742,"1,121,230","1,117,190","1,125,260","1,120,650",10150,0.91%,2016/07/12,1395/04/22
743,"1,114,650","1,107,040","1,122,260","1,110,500",380,0.03%,2016/07/13,1395/04/23
744,"1,107,970","1,106,120","1,109,810","1,107,040",2540,0.23%,2016/07/16,1395/04/26
745,"1,101,850","1,099,200","1,104,500","1,104,500",4610,0.42%,2016/07/17,1395/04/27
746,"1,107,040","1,104,960","1,109,110","1,109,110",5990,0.54%,2016/07/18,1395/04/28
747,"1,105,200","1,101,040","1,109,350","1,103,120",4610,0.42%,2016/07/19,1395/04/29
748,"1,103,350","1,098,970","1,107,730","1,107,730",854,0.08%,2016/07/20,1395/04/30
749,"1,107,950","1,106,120","1,109,780","1,107,270",3460,0.31%,2016/07/23,1395/05/02
750,"1,107,390","1,103,120","1,111,650","1,110,730",1840,0.17%,2016/07/24,1395/05/03
751,"1,111,880","1,108,880","1,114,880","1,112,570",5770,0.52%,2016/07/25,1395/05/04
752,"1,115,340","1,111,420","1,119,260","1,118,340",7150,0.64%,2016/07/26,1395/05/05
753,"1,129,530","1,125,260","1,133,790","1,125,490",11715,1.04%,2016/07/27,1395/05/06
754,"1,137,600","1,134,020","1,141,170","1,140,250",9920,0.87%,2016/07/31,1395/05/10
755,"1,145,790","1,140,020","1,151,550","1,150,170",6000,0.52%,2016/08/01,1395/05/11
756,"1,148,100","1,142,330","1,153,860","1,144,170",690,0.06%,2016/08/02,1395/05/12
757,"1,141,870","1,137,020","1,146,710","1,143,480",10880,0.96%,2016/08/03,1395/05/13
758,"1,130,160","1,128,830","1,131,490","1,130,100",230,0.02%,2016/08/06,1395/05/16
759,"1,129,070","1,127,100","1,131,030","1,129,870",4850,0.43%,2016/08/07,1395/05/17
760,"1,131,430","1,127,570","1,135,290","1,134,720",5650,0.5%,2016/08/08,1395/05/18
761,"1,143,250","1,139,330","1,147,170","1,140,370",120,0.01%,2016/08/09,1395/05/19
762,"1,141,060","1,138,170","1,143,940","1,140,250",7117,0.63%,2016/08/10,1395/05/20
763,"1,131,370","1,130,100","1,132,640","1,131,030",3920,0.35%,2016/08/13,1395/05/23
764,"1,132,870","1,129,180","1,136,560","1,134,950",3460,0.3%,2016/08/14,1395/05/24
765,"1,138,410","1,134,250","1,142,560","1,138,410",700,0.06%,2016/08/15,1395/05/25
766,"1,137,490","1,135,410","1,139,560","1,137,710",930,0.08%,2016/08/16,1395/05/26
767,"1,137,720","1,132,870","1,142,560","1,138,640",2312,0.2%,2016/08/17,1395/05/27
768,"1,131,830","1,130,560","1,133,100","1,131,830",340,0.03%,2016/08/20,1395/05/30
769,"1,129,530","1,127,330","1,131,720","1,131,490",1840,0.16%,2016/08/21,1395/05/31
770,"1,132,870","1,130,560","1,135,180","1,133,330",4610,0.41%,2016/08/22,1395/06/01
771,"1,131,030","1,127,570","1,134,480","1,128,720",460,0.04%,2016/08/23,1395/06/02
772,"1,129,180","1,126,870","1,131,490","1,129,180",400,0.04%,2016/08/24,1395/06/03
773,"1,130,680","1,128,950","1,132,410","1,131,490",2070,0.18%,2016/08/27,1395/06/06
774,"1,131,720","1,128,490","1,134,950","1,133,560",2770,0.24%,2016/08/28,1395/06/07
775,"1,131,720","1,128,490","1,134,950","1,130,790",2760,0.24%,2016/08/29,1395/06/08
776,"1,128,720","1,126,870","1,130,560","1,128,030",1840,0.16%,2016/08/30,1395/06/09
777,"1,128,840","1,126,640","1,131,030","1,129,870",6023,0.53%,2016/08/31,1395/06/10
778,"1,137,370","1,135,870","1,138,870","1,138,640",1160,0.1%,2016/09/03,1395/06/13
779,"1,138,640","1,136,790","1,140,480","1,137,480",7150,0.63%,2016/09/04,1395/06/14
780,"1,140,830","1,137,020","1,144,630","1,144,630",3920,0.34%,2016/09/05,1395/06/15
781,"1,146,140","1,139,330","1,152,940","1,140,710",4150,0.37%,2016/09/06,1395/06/16
782,"1,139,910","1,135,410","1,144,400","1,136,560",721,0.06%,2016/09/07,1395/06/17
783,"1,135,810","1,134,250","1,137,370","1,136,560",2080,0.18%,2016/09/10,1395/06/20
784,"1,135,750","1,134,250","1,137,250","1,134,480",4160,0.37%,2016/09/11,1395/06/21
785,"1,138,290","1,136,330","1,140,250","1,138,640",700,0.06%,2016/09/13,1395/06/23
786,"1,138,640","1,134,950","1,142,330","1,137,940",2799,0.25%,2016/09/14,1395/06/24
787,"1,134,890","1,134,250","1,135,520","1,135,290",3340,0.3%,2016/09/17,1395/06/27
788,"1,134,950","1,131,490","1,138,410","1,131,950",460,0.04%,2016/09/18,1395/06/28
789,"1,132,530","1,131,720","1,133,330","1,132,410",8070,0.71%,2016/09/19,1395/06/29
790,"1,140,600","1,137,710","1,143,480","1,140,480",557,0.05%,2016/09/21,1395/06/31
791,"1,140,020","1,139,330","1,140,710","1,140,250",1610,0.14%,2016/09/24,1395/07/03
792,"1,140,250","1,137,710","1,142,790","1,141,860",4840,0.43%,2016/09/25,1395/07/04
793,"1,138,520","1,135,640","1,141,400","1,137,020",460,0.04%,2016/09/26,1395/07/05
794,"1,136,570","1,134,720","1,138,410","1,136,560",460,0.04%,2016/09/27,1395/07/06
795,"1,135,870","1,134,480","1,137,250","1,137,020",3692,0.33%,2016/09/28,1395/07/07
796,"1,133,450","1,132,180","1,134,720","1,134,250",2990,0.26%,2016/10/01,1395/07/10
797,"1,132,580","1,130,330","1,134,830","1,131,260",21680,1.95%,2016/10/02,1395/07/11
798,"1,119,090","1,107,270","1,130,910","1,109,580",3230,0.29%,2016/10/03,1395/07/12
799,"1,106,350","1,101,040","1,111,650","1,106,350",9460,0.86%,2016/10/04,1395/07/13
800,"1,100,700","1,095,740","1,105,660","1,096,890",421,0.04%,2016/10/05,1395/07/14
801,"1,100,700","1,099,890","1,101,500","1,101,500",1620,0.15%,2016/10/08,1395/07/17
802,"1,103,580","1,102,200","1,104,960","1,103,120",230,0.02%,2016/10/09,1395/07/18
803,"1,103,350","1,103,350","1,103,350","1,103,350",1799,0.16%,2016/10/10,1395/07/19
804,"1,102,040","1,084,917","1,124,852","1,101,551",6501,0.59%,2016/10/12,1395/07/21
805,"1,095,390","1,094,350","1,096,430","1,095,050",2070,0.19%,2016/10/15,1395/07/24
806,"1,096,200","1,095,050","1,097,350","1,097,120",2310,0.21%,2016/10/16,1395/07/25
807,"1,098,740","1,096,660","1,100,810","1,099,430",2770,0.25%,2016/10/17,1395/07/26
808,"1,102,890","1,099,890","1,105,890","1,102,200",1390,0.13%,2016/10/18,1395/07/27
809,"1,101,510","1,099,660","1,103,350","1,100,810",65,0.01%,2016/10/19,1395/07/28
810,"1,102,200","1,100,120","1,104,270","1,103,810",810,0.07%,2016/10/22,1395/08/01
811,"1,106,240","1,103,120","1,109,350","1,104,620",6220,0.56%,2016/10/23,1395/08/02
812,"1,108,250","1,105,660","1,110,840","1,110,840",110,0.01%,2016/10/24,1395/08/03
813,"1,111,940","1,109,580","1,114,300","1,110,730",1150,0.1%,2016/10/25,1395/08/04
814,"1,109,920","1,108,190","1,111,650","1,109,580",3050,0.27%,2016/10/26,1395/08/05
815,"1,119,550","1,116,030","1,123,070","1,122,490",1730,0.15%,2016/10/29,1395/08/08
816,"1,120,530","1,117,650","1,123,410","1,120,760",8420,0.75%,2016/10/30,1395/08/09
817,"1,126,300","1,122,030","1,130,560","1,129,180",8990,0.8%,2016/10/31,1395/08/10
818,"1,134,950","1,129,640","1,140,250","1,138,170",3920,0.35%,2016/11/01,1395/08/11
819,"1,132,530","1,127,570","1,137,480","1,134,250",982,0.09%,2016/11/02,1395/08/12
820,"1,143,140","1,140,480","1,145,790","1,143,250",17530,1.56%,2016/11/05,1395/08/15
821,"1,128,950","1,124,570","1,133,330","1,125,720",-,-,2016/11/06,1395/08/16
822,"1,128,150","1,123,880","1,132,410","1,125,720",6460,0.57%,2016/11/07,1395/08/17
823,"1,143,940","1,131,950","1,155,930","1,132,180",2080,0.18%,2016/11/08,1395/08/18
824,"1,132,640","1,127,800","1,137,480","1,130,100",25990,2.35%,2016/11/09,1395/08/19
825,"1,105,310","1,101,730","1,108,880","1,108,420",3000,0.27%,2016/11/12,1395/08/22
826,"1,105,080","1,098,280","1,111,880","1,111,420",3110,0.28%,2016/11/13,1395/08/23
827,"1,110,330","1,104,730","1,115,920","1,108,310",120,0.01%,2016/11/14,1395/08/24
828,"1,107,730","1,104,960","1,110,500","1,108,190",3920,0.35%,2016/11/15,1395/08/25
829,"1,107,270","1,103,810","1,110,730","1,104,270",4474,0.41%,2016/11/16,1395/08/26
830,"1,098,365","1,082,658","1,123,008","1,099,910",5980,0.54%,2016/11/18,1395/08/28
831,"1,104,620","1,101,730","1,107,500","1,105,890",1390,0.13%,2016/11/21,1395/09/01
832,"1,106,810","1,102,200","1,111,420","1,104,500",4380,0.4%,2016/11/22,1395/09/02
833,"1,100,470","1,097,350","1,103,580","1,100,120",3081,0.28%,2016/11/23,1395/09/03
834,"1,111,310","1,104,040","1,118,570","1,117,650",6460,0.58%,2016/11/26,1395/09/06
835,"1,121,460","1,117,420","1,125,490","1,124,110",4336,0.39%,2016/11/27,1395/09/07
836,"1,115,730","1,107,696","1,137,699","1,128,446",5976,0.53%,2016/11/28,1395/09/08
837,"1,114,370","1,092,410","1,134,810","1,122,470",8560,0.76%,2016/11/30,1395/09/10
838,"1,131,150","1,127,570","1,134,720","1,131,030",-,-,2016/12/03,1395/09/13
839,"1,128,490","1,122,260","1,134,720","1,131,030",9000,0.8%,2016/12/04,1395/09/14
840,"1,125,380","1,121,110","1,129,640","1,122,030",2080,0.19%,2016/12/05,1395/09/15
841,"1,123,180","1,119,950","1,126,410","1,124,110",230,0.02%,2016/12/06,1395/09/16
842,"1,124,910","1,123,180","1,126,640","1,124,340",1730,0.15%,2016/12/07,1395/09/17
843,"1,123,880","1,121,340","1,126,410","1,126,070",2880,0.26%,2016/12/10,1395/09/20
844,"1,126,070","1,122,720","1,129,410","1,128,950",690,0.06%,2016/12/11,1395/09/21
845,"1,129,530","1,127,100","1,131,950","1,129,640",3230,0.29%,2016/12/12,1395/09/22
846,"1,132,060","1,129,870","1,134,250","1,132,870",9690,0.86%,2016/12/13,1395/09/23
847,"1,125,610","1,123,180","1,128,030","1,123,180",738,0.07%,2016/12/14,1395/09/24
848,"1,123,990","1,122,490","1,125,490","1,124,340",2070,0.18%,2016/12/18,1395/09/28
849,"1,125,030","1,123,640","1,126,410","1,126,410",1160,0.1%,2016/12/19,1395/09/29
850,"1,128,490","1,125,950","1,131,030","1,127,570",230,0.02%,2016/12/20,1395/09/30
851,"1,127,910","1,126,640","1,129,180","1,127,800",3840,0.34%,2016/12/21,1395/10/01
852,"1,138,120","1,134,830","1,141,400","1,140,940",9460,0.83%,2016/12/24,1395/10/04
853,"1,149,020","1,139,100","1,158,930","1,150,400",8530,0.74%,2016/12/25,1395/10/05
854,"1,161,240","1,154,320","1,168,160","1,158,930",11530,1%,2016/12/26,1395/10/06
855,"1,149,250","1,135,180","1,163,310","1,147,400",920,0.08%,2016/12/27,1395/10/07
856,"1,146,480","1,143,020","1,149,940","1,146,480",1615,0.14%,2016/12/28,1395/10/08
857,"1,117,190","1,107,270","1,127,100","1,125,030",5530,0.49%,2016/12/31,1395/10/11
858,"1,127,450","1,122,950","1,131,950","1,130,560",1160,0.1%,2017/01/01,1395/10/12
859,"1,131,370","1,125,950","1,136,790","1,131,720",1610,0.14%,2017/01/02,1395/10/13
860,"1,132,640","1,129,640","1,135,640","1,133,330",7610,0.67%,2017/01/03,1395/10/14
861,"1,137,250","1,133,100","1,141,400","1,140,940",1906,0.17%,2017/01/04,1395/10/15
862,"1,146,250","1,143,020","1,148,780","1,147,170",1150,0.1%,2017/01/07,1395/10/18
863,"1,147,630","1,145,550","1,148,780","1,148,320",690,0.06%,2017/01/08,1395/10/19
864,"1,149,010","1,147,400","1,151,550","1,149,010",3000,0.26%,2017/01/09,1395/10/20
865,"1,148,320","1,147,400","1,153,860","1,152,010",7150,0.62%,2017/01/10,1395/10/21
866,"1,153,400","1,153,400","1,164,240","1,159,160",8987,0.78%,2017/01/11,1395/10/22
867,"1,148,090","1,145,090","1,154,090","1,153,400",2540,0.22%,2017/01/14,1395/10/25
868,"1,156,390","1,149,940","1,158,240","1,150,860",1380,0.12%,2017/01/15,1395/10/26
869,"1,150,630","1,150,400","1,156,160","1,152,240",1380,0.12%,2017/01/16,1395/10/27
870,"1,154,090","1,149,480","1,154,090","1,150,860",4150,0.36%,2017/01/17,1395/10/28
871,"1,149,010","1,145,320","1,149,010","1,146,710",1534,0.13%,2017/01/18,1395/10/29
872,"1,141,060","1,140,250","1,146,250","1,146,020",1840,0.16%,2017/01/21,1395/11/02
873,"1,146,130","1,146,020","1,149,010","1,147,860",-,-,2017/01/22,1395/11/03
874,"1,147,630","1,147,400","1,150,400","1,147,860",3460,0.3%,2017/01/23,1395/11/04
875,"1,146,480","1,142,560","1,146,480","1,144,400",1840,0.16%,2017/01/24,1395/11/05
876,"1,144,860","1,141,860","1,145,320","1,142,560",2441,0.21%,2017/01/25,1395/11/06
877,"1,139,100","1,138,170","1,142,090","1,139,900",9120,0.81%,2017/01/28,1395/11/09
878,"1,139,670","1,127,550","1,139,670","1,130,780",7160,0.63%,2017/01/29,1395/11/10
879,"1,129,740","1,129,740","1,139,780","1,137,940",1620,0.14%,2017/01/30,1395/11/11
880,"1,138,860","1,134,010","1,142,320","1,136,320",4160,0.37%,2017/01/31,1395/11/12
881,"1,137,710","1,137,710","1,144,400","1,140,480",4937,0.43%,2017/02/01,1395/11/13
882,"1,149,940","1,145,330","1,154,330","1,150,870",4610,0.4%,2017/02/04,1395/11/16
883,"1,152,020","1,150,640","1,156,410","1,155,480",3920,0.34%,2017/02/05,1395/11/17
884,"1,157,790","1,150,400","1,157,790","1,151,560",3230,0.28%,2017/02/06,1395/11/18
885,"1,149,710","1,147,860","1,158,020","1,154,790",920,0.08%,2017/02/07,1395/11/19
886,"1,154,560","1,153,170","1,157,330","1,153,870",99,0.01%,2017/02/08,1395/11/20
887,"1,154,100","1,151,100","1,157,100","1,155,020",7160,0.62%,2017/02/11,1395/11/23
888,"1,154,100","1,146,480","1,154,100","1,147,860",2070,0.18%,2017/02/12,1395/11/24
889,"1,148,100","1,145,330","1,150,400","1,145,790",3460,0.3%,2017/02/13,1395/11/25
890,"1,147,860","1,144,860","1,150,400","1,149,250",920,0.08%,2017/02/14,1395/11/26
891,"1,150,400","1,149,250","1,152,250","1,150,170",433,0.04%,2017/02/15,1395/11/27
892,"1,149,710","1,147,630","1,151,100","1,148,330",2310,0.2%,2017/02/18,1395/11/30
893,"1,148,100","1,145,090","1,149,020","1,146,020",3000,0.26%,2017/02/19,1395/12/01
894,"1,145,090","1,144,400","1,149,250","1,149,020",810,0.07%,2017/02/20,1395/12/02
895,"1,148,330","1,147,630","1,151,100","1,149,830",3110,0.27%,2017/02/21,1395/12/03
896,"1,151,330","1,149,480","1,153,410","1,152,940",230,0.02%,2017/02/22,1395/12/04
897,"1,153,170","1,153,170","1,153,170","1,153,170",9700,0.84%,2017/02/23,1395/12/05
898,"1,160,790","1,160,330","1,164,260","1,162,870",2540,0.22%,2017/02/25,1395/12/07
899,"1,163,330","1,157,790","1,164,030","1,160,330",460,0.04%,2017/02/26,1395/12/08
900,"1,157,100","1,156,410","1,161,020","1,160,790",700,0.06%,2017/02/27,1395/12/09
901,"1,159,870","1,157,100","1,162,640","1,161,490",3699,0.32%,2017/02/28,1395/12/10
902,"1,153,640","1,151,560","1,153,870","1,152,020",7390,0.65%,2017/03/04,1395/12/14
903,"1,152,480","1,144,170","1,152,480","1,144,630",10850,0.96%,2017/03/05,1395/12/15
904,"1,144,860","1,133,320","1,144,860","1,133,780",6000,0.53%,2017/03/06,1395/12/16
905,"1,133,320","1,124,550","1,133,320","1,127,780",8080,0.72%,2017/03/07,1395/12/17
906,"1,129,400","1,128,470","1,137,010","1,135,860",5146,0.46%,2017/03/08,1395/12/18
907,"1,124,780","1,123,620","1,129,400","1,128,930",1620,0.14%,2017/03/11,1395/12/21
908,"1,129,160","1,128,930","1,132,860","1,130,550",2310,0.2%,2017/03/12,1395/12/22
909,"1,130,090","1,127,320","1,131,240","1,128,240",1150,0.1%,2017/03/13,1395/12/23
910,"1,126,390","1,126,390","1,129,400","1,127,090",11540,1.02%,2017/03/14,1395/12/24
911,"1,134,240","1,134,240","1,142,090","1,138,630",281,0.02%,2017/03/15,1395/12/25
912,"1,152,480","1,151,790","1,153,870","1,153,640",12000,1.04%,2017/03/18,1395/12/28
913,"1,156,870","1,156,870","1,172,800","1,165,640",4850,0.42%,2017/03/25,1396/01/05
914,"1,165,870","1,165,870","1,173,490","1,170,490",-,-,2017/03/26,1396/01/06
915,"1,170,260","1,169,100","1,172,110","1,170,490",3460,0.3%,2017/03/27,1396/01/07
916,"1,168,640","1,166,100","1,168,870","1,167,030",930,0.08%,2017/03/28,1396/01/08
917,"1,167,490","1,164,490","1,167,490","1,166,100",100,0.01%,2017/03/29,1396/01/09
918,"1,162,410","1,162,410","1,167,030","1,164,950",3000,0.26%,2017/04/03,1396/01/14
919,"1,165,180","1,161,720","1,167,950","1,161,950",1380,0.12%,2017/04/04,1396/01/15
920,"1,165,180","1,162,640","1,165,180","1,163,330",1934,0.17%,2017/04/05,1396/01/16
921,"1,165,870","1,165,870","1,168,410","1,167,950",920,0.08%,2017/04/08,1396/01/19
922,"1,167,490","1,165,180","1,168,640","1,167,030",1840,0.16%,2017/04/09,1396/01/20
923,"1,166,910","1,166,910","1,169,680","1,168,870",1740,0.15%,2017/04/10,1396/01/21
924,"1,170,720","1,169,800","1,174,410","1,170,610",7759,0.66%,2017/04/12,1396/01/23
925,"1,189,650","1,188,270","1,190,340","1,189,070",340,0.03%,2017/04/15,1396/01/26
926,"1,188,500","1,186,880","1,189,650","1,188,730",1270,0.11%,2017/04/16,1396/01/27
927,"1,186,880","1,185,150","1,188,270","1,187,460",9120,0.77%,2017/04/17,1396/01/28
928,"1,188,040","1,176,950","1,188,040","1,178,340",120,0.01%,2017/04/18,1396/01/29
929,"1,177,420","1,176,720","1,179,380","1,178,220",1610,0.14%,2017/04/19,1396/01/30
930,"1,181,570","1,181,230","1,182,730","1,181,570",3810,0.32%,2017/04/22,1396/02/02
931,"1,180,300","1,174,760","1,180,300","1,177,760",1500,0.13%,2017/04/23,1396/02/03
932,"1,177,990","1,175,800","1,177,990","1,176,260",5190,0.44%,2017/04/24,1396/02/04
933,"1,171,880","1,170,140","1,172,110","1,171,070",44,-,2017/04/26,1396/02/06
934,"1,172,800","1,172,800","1,177,070","1,174,990",8890,0.76%,2017/04/29,1396/02/09
935,"1,175,450","1,165,300","1,175,450","1,166,100",4040,0.35%,2017/04/30,1396/02/10
936,"1,164,140","1,160,220","1,164,370","1,162,060",230,0.02%,2017/05/01,1396/02/11
937,"1,162,760","1,159,750","1,163,910","1,161,830",11890,1.03%,2017/05/02,1396/02/12
938,"1,158,600","1,147,630","1,158,600","1,149,940",11859,1.04%,2017/05/03,1396/02/13
939,"1,129,160","1,128,360","1,139,210","1,137,590",3120,0.27%,2017/05/06,1396/02/16
940,"1,135,510","1,135,510","1,142,210","1,140,710",6700,0.59%,2017/05/07,1396/02/17
941,"1,141,170","1,133,780","1,141,170","1,134,010",810,0.07%,2017/05/08,1396/02/18
942,"1,133,780","1,133,670","1,137,820","1,134,820",2190,0.19%,2017/05/09,1396/02/19
943,"1,134,130","1,133,670","1,138,280","1,137,010",32,-,2017/05/10,1396/02/20
944,"1,140,020","1,138,510","1,140,940","1,140,590",1730,0.15%,2017/05/13,1396/02/23
945,"1,140,710","1,135,980","1,141,290","1,138,860",7040,0.62%,2017/05/14,1396/02/24
946,"1,138,280","1,138,280","1,147,400","1,145,900",12700,1.11%,2017/05/15,1396/02/25
947,"1,152,140","1,150,980","1,160,680","1,158,600",5890,0.51%,2017/05/16,1396/02/26
948,"1,160,100","1,151,910","1,160,450","1,152,710",138,0.01%,2017/05/17,1396/02/27
949,"1,148,900","1,147,860","1,151,100","1,150,750",1040,0.09%,2017/05/20,1396/02/30
950,"1,150,400","1,146,600","1,153,520","1,151,790",2540,0.22%,2017/05/21,1396/02/31
951,"1,153,290","1,148,560","1,153,870","1,149,250",2310,0.2%,2017/05/22,1396/03/01
952,"1,148,330","1,146,130","1,149,130","1,146,940",1270,0.11%,2017/05/23,1396/03/02
953,"1,149,130","1,147,290","1,149,710","1,148,210",722,0.06%,2017/05/24,1396/03/03
954,"1,146,940","1,145,670","1,149,250","1,148,900",3340,0.29%,2017/05/27,1396/03/06
955,"1,149,130","1,141,860","1,149,370","1,145,560",5080,0.45%,2017/05/28,1396/03/07
956,"1,145,210","1,139,780","1,146,830","1,140,480",1970,0.17%,2017/05/29,1396/03/08
957,"1,140,710","1,137,070","1,140,710","1,138,510",920,0.08%,2017/05/30,1396/03/09
958,"1,140,130","1,137,130","1,140,130","1,137,590",1733,0.15%,2017/05/31,1396/03/10
959,"1,142,560","1,142,440","1,143,130","1,142,790",7960,0.7%,2017/06/03,1396/03/13
960,"1,152,250","1,149,940","1,158,480","1,150,750",4150,0.36%,2017/06/06,1396/03/16
961,"1,150,640","1,145,440","1,150,980","1,146,600",3010,0.26%,2017/06/07,1396/03/17
962,"1,142,320","1,142,320","1,144,520","1,143,940",2770,0.24%,2017/06/10,1396/03/20
963,"1,143,250","1,140,480","1,144,170","1,141,170",920,0.08%,2017/06/11,1396/03/21
964,"1,142,560","1,136,550","1,142,560","1,142,090",2770,0.24%,2017/06/12,1396/03/22
965,"1,143,020","1,138,170","1,153,640","1,144,860",7500,0.66%,2017/06/13,1396/03/23
966,"1,137,820","1,137,360","1,142,090","1,137,360",2773,0.24%,2017/06/14,1396/03/24
967,"1,142,210","1,141,980","1,146,830","1,145,560",5430,0.48%,2017/06/17,1396/03/27
968,"1,145,670","1,139,670","1,145,790","1,140,130",1150,0.1%,2017/06/18,1396/03/28
969,"1,138,980","1,137,820","1,140,820","1,138,980",920,0.08%,2017/06/19,1396/03/29
970,"1,139,210","1,139,090","1,141,630","1,139,900",5890,0.52%,2017/06/20,1396/03/30
971,"1,140,130","1,140,130","1,146,710","1,145,790",988,0.09%,2017/06/21,1396/03/31
972,"1,153,170","1,153,170","1,156,640","1,156,290",4040,0.35%,2017/06/24,1396/04/03
973,"1,156,410","1,151,100","1,156,410","1,152,250",4970,0.43%,2017/06/25,1396/04/04
974,"1,156,640","1,155,710","1,158,250","1,157,220",2771,0.24%,2017/06/28,1396/04/07
975,"1,160,910","1,159,290","1,161,140","1,159,520",10620,0.92%,2017/07/01,1396/04/10
976,"1,159,870","1,148,900","1,159,870","1,148,900",2190,0.19%,2017/07/02,1396/04/11
977,"1,149,940","1,146,250","1,150,870","1,146,710",1150,0.1%,2017/07/03,1396/04/12
978,"1,146,830","1,143,710","1,147,630","1,145,560",1270,0.11%,2017/07/04,1396/04/13
979,"1,146,360","1,146,080","1,147,980","1,146,830",7628,0.67%,2017/07/05,1396/04/14
980,"1,135,980","1,135,510","1,137,360","1,137,010",1270,0.11%,2017/07/08,1396/04/17
981,"1,137,130","1,131,820","1,137,130","1,135,740",1610,0.14%,2017/07/09,1396/04/18
982,"1,137,360","1,131,590","1,137,360","1,134,130",3000,0.26%,2017/07/10,1396/04/19
983,"1,134,710","1,134,710","1,138,750","1,137,130",3690,0.33%,2017/07/11,1396/04/20
984,"1,137,480","1,133,440","1,137,480","1,133,440",461,0.04%,2017/07/12,1396/04/21
985,"1,137,250","1,134,360","1,137,480","1,137,010",810,0.07%,2017/07/15,1396/04/24
986,"1,137,130","1,136,490","1,138,630","1,137,820",690,0.06%,2017/07/16,1396/04/25
987,"1,138,170","1,136,320","1,140,360","1,138,510",580,0.05%,2017/07/17,1396/04/26
988,"1,138,280","1,136,210","1,139,090","1,139,090",690,0.06%,2017/07/18,1396/04/27
989,"1,138,280","1,138,170","1,140,250","1,139,780",6700,0.59%,2017/07/19,1396/04/28
990,"1,145,440","1,144,290","1,147,060","1,146,480",4270,0.37%,2017/07/22,1396/04/31
991,"1,146,020","1,146,020","1,151,330","1,150,750",2190,0.19%,2017/07/23,1396/05/01
992,"1,150,400","1,147,860","1,151,670","1,148,560",6230,0.54%,2017/07/24,1396/05/02
993,"1,148,330","1,147,400","1,156,520","1,154,790",6700,0.58%,2017/07/25,1396/05/03
994,"1,160,910","1,156,750","1,164,950","1,161,490",961,0.08%,2017/07/26,1396/05/04
995,"1,176,950","1,176,840","1,184,690","1,179,380",3350,0.28%,2017/07/29,1396/05/07
996,"1,179,260","1,171,880","1,179,260","1,176,030",3580,0.3%,2017/07/30,1396/05/08
997,"1,177,070","1,174,990","1,180,300","1,179,610",1730,0.15%,2017/07/31,1396/05/09
998,"1,179,030","1,176,490","1,181,800","1,181,340",-,-,2017/08/01,1396/05/10
999,"1,179,380","1,178,110","1,183,190","1,181,340",552,0.05%,2017/08/02,1396/05/11
1000,"1,178,450","1,172,910","1,179,610","1,174,070",1040,0.09%,2017/08/05,1396/05/14
1001,"1,172,220","1,171,410","1,173,490","1,173,030",2190,0.19%,2017/08/06,1396/05/15
1002,"1,171,880","1,171,820","1,177,420","1,175,220",3350,0.29%,2017/08/07,1396/05/16
1003,"1,175,920","1,175,920","1,179,720","1,178,570",1620,0.14%,2017/08/08,1396/05/17
1004,"1,180,300","1,179,610","1,181,230","1,180,190",1318,0.11%,2017/08/09,1396/05/18
1005,"1,190,920","1,189,650","1,192,310","1,191,730",9000,0.76%,2017/08/12,1396/05/21
1006,"1,191,500","1,180,070","1,191,500","1,182,730",4620,0.39%,2017/08/13,1396/05/22
1007,"1,179,490","1,175,800","1,179,960","1,178,110",230,0.02%,2017/08/14,1396/05/23
1008,"1,177,650","1,175,800","1,178,340","1,178,340",6230,0.53%,2017/08/15,1396/05/24
1009,"1,182,730","1,181,340","1,187,340","1,184,570",361,0.03%,2017/08/16,1396/05/25
1010,"1,182,260","1,182,260","1,185,960","1,185,730",1150,0.1%,2017/08/19,1396/05/28
1011,"1,185,960","1,184,800","1,189,420","1,186,880",-,-,2017/08/20,1396/05/29
1012,"1,183,420","1,183,190","1,188,730","1,186,880",4620,0.39%,2017/08/21,1396/05/30
1013,"1,186,650","1,186,650","1,192,420","1,191,500",1850,0.16%,2017/08/22,1396/05/31
1014,"1,192,650","1,189,650","1,196,580","1,193,350",8751,0.73%,2017/08/23,1396/06/01
1015,"1,208,120","1,208,120","1,214,820","1,212,280",6230,0.51%,2017/08/26,1396/06/04
1016,"1,212,740","1,209,510","1,219,430","1,218,510",5310,0.44%,2017/08/27,1396/06/05
1017,"1,220,590","1,220,590","1,232,820","1,223,820",1620,0.13%,2017/08/28,1396/06/06
1018,"1,221,970","1,218,280","1,226,820","1,225,440",10380,0.85%,2017/08/29,1396/06/07
1019,"1,223,820","1,221,050","1,237,440","1,235,820",2525,0.2%,2017/08/30,1396/06/08
1020,"1,255,680","1,255,680","1,266,070","1,264,910",8080,0.64%,2017/09/02,1396/06/11
1021,"1,267,220","1,256,140","1,268,610","1,256,830",1840,0.15%,2017/09/03,1396/06/12
1022,"1,255,450","1,247,370","1,258,220","1,254,990",230,0.02%,2017/09/04,1396/06/13
1023,"1,256,140","1,253,830","1,262,370","1,255,220",8770,0.7%,2017/09/05,1396/06/14
1024,"1,252,680","1,252,680","1,266,300","1,263,990",517,0.04%,2017/09/06,1396/06/15
1025,"1,261,220","1,253,600","1,261,220","1,255,450",-,-,2017/09/10,1396/06/19
1026,"1,251,990","1,251,990","1,256,830","1,255,450",6470,0.52%,2017/09/11,1396/06/20
1027,"1,259,830","1,248,750","1,261,220","1,248,980",2070,0.17%,2017/09/12,1396/06/21
1028,"1,247,830","1,243,210","1,252,680","1,246,910",6747,0.54%,2017/09/13,1396/06/22
1029,"1,237,670","1,229,820","1,239,290","1,231,440",12010,0.98%,2017/09/16,1396/06/25
1030,"1,229,590","1,217,120","1,230,280","1,219,430",6920,0.57%,2017/09/17,1396/06/26
1031,"1,222,200","1,209,970","1,223,820","1,212,510",6000,0.49%,2017/09/18,1396/06/27
1032,"1,217,820","1,214,120","1,224,280","1,218,510",19160,1.6%,2017/09/19,1396/06/28
1033,"1,208,350","1,195,650","1,208,350","1,199,350",1122,0.09%,2017/09/20,1396/06/29
1034,"1,205,580","1,204,660","1,216,430","1,215,970",11540,0.95%,2017/09/23,1396/07/01
1035,"1,214,120","1,209,740","1,228,900","1,227,510",8770,0.72%,2017/09/24,1396/07/02
1036,"1,230,510","1,212,510","1,230,750","1,218,740",7850,0.65%,2017/09/25,1396/07/03
1037,"1,212,970","1,206,740","1,212,970","1,210,890",2540,0.21%,2017/09/26,1396/07/04
1038,"1,210,660","1,209,740","1,213,890","1,213,430",316,0.03%,2017/09/27,1396/07/05
1039,"1,205,580","1,204,200","1,211,120","1,207,430",8540,0.71%,2017/10/02,1396/07/10
1040,"1,208,350","1,208,350","1,219,900","1,215,970",2770,0.23%,2017/10/03,1396/07/11
1041,"1,216,430","1,212,510","1,219,900","1,213,200",3570,0.29%,2017/10/04,1396/07/12
1042,"1,227,280","1,223,350","1,240,670","1,240,440",15000,1.21%,2017/10/07,1396/07/15
1043,"1,237,670","1,236,510","1,258,440","1,255,440",9000,0.72%,2017/10/08,1396/07/16
1044,"1,253,600","1,242,050","1,256,140","1,246,440",4850,0.39%,2017/10/09,1396/07/17
1045,"1,243,210","1,240,670","1,248,060","1,241,590",10160,0.82%,2017/10/10,1396/07/18
1046,"1,247,590","1,246,210","1,254,290","1,251,750",7206,0.58%,2017/10/11,1396/07/19
1047,"1,245,050","1,238,360","1,247,360","1,244,590",3460,0.28%,2017/10/14,1396/07/22
1048,"1,244,130","1,239,980","1,246,900","1,241,130",8310,0.67%,2017/10/15,1396/07/23
1049,"1,235,590","1,221,740","1,235,590","1,232,820",1390,0.11%,2017/10/16,1396/07/24
1050,"1,233,050","1,224,740","1,234,900","1,231,430",460,0.04%,2017/10/17,1396/07/25
1051,"1,230,970","1,230,050","1,233,970","1,230,970",6498,0.53%,2017/10/18,1396/07/26
1052,"1,220,810","1,216,430","1,222,660","1,216,890",9460,0.78%,2017/10/21,1396/07/29
1053,"1,214,350","1,212,960","1,227,510","1,226,350",230,0.02%,2017/10/22,1396/07/30
1054,"1,229,120","1,224,510","1,229,360","1,226,120",470,0.04%,2017/10/23,1396/08/01
1055,"1,225,660","1,219,890","1,230,280","1,226,590",3470,0.28%,2017/10/24,1396/08/02
1056,"1,227,280","1,222,660","1,231,430","1,223,120",11911,0.97%,2017/10/25,1396/08/03
1057,"1,242,050","1,235,360","1,242,510","1,241,130",1390,0.11%,2017/10/28,1396/08/06
1058,"1,239,510","1,235,360","1,242,280","1,239,740",4150,0.34%,2017/10/29,1396/08/07
1059,"1,239,980","1,233,510","1,241,360","1,235,590",6230,0.5%,2017/10/30,1396/08/08
1060,"1,236,970","1,236,970","1,243,670","1,241,820",-,-,2017/10/31,1396/08/09
1061,"1,240,210","1,239,740","1,246,440","1,241,820",3811,0.31%,2017/11/01,1396/08/10
1062,"1,238,130","1,237,090","1,243,900","1,243,440",5540,0.45%,2017/11/04,1396/08/13
1063,"1,243,900","1,242,280","1,249,670","1,248,980",6470,0.52%,2017/11/05,1396/08/14
1064,"1,249,670","1,240,670","1,249,670","1,242,510",9010,0.73%,2017/11/06,1396/08/15
1065,"1,243,900","1,242,750","1,254,520","1,251,520",2540,0.2%,2017/11/07,1396/08/16
1066,"1,249,440","1,249,440","1,254,980","1,254,060",5310,0.42%,2017/11/08,1396/08/17
1067,"1,243,900","1,243,440","1,260,290","1,259,370",1610,0.13%,2017/11/11,1396/08/20
1068,"1,257,980","1,257,980","1,266,290","1,260,980",460,0.04%,2017/11/12,1396/08/21
1069,"1,262,140","1,251,290","1,262,140","1,260,520",6460,0.52%,2017/11/13,1396/08/22
1070,"1,260,060","1,251,750","1,261,680","1,254,060",2310,0.18%,2017/11/14,1396/08/23
1071,"1,253,600","1,251,980","1,257,750","1,256,370",6131,0.49%,2017/11/15,1396/08/24
1072,"1,266,520","1,265,140","1,266,990","1,265,370",-,-,2017/11/18,1396/08/27
1073,"1,254,290","1,253,130","1,266,520","1,265,370",3690,0.29%,2017/11/20,1396/08/29
1074,"1,262,830","1,262,830","1,270,450","1,269,060",1390,0.11%,2017/11/21,1396/08/30
1075,"1,268,600","1,266,760","1,271,140","1,270,450",339,0.03%,2017/11/22,1396/09/01
1076,"1,273,450","1,270,220","1,281,300","1,278,760",5310,0.42%,2017/11/25,1396/09/04
1077,"1,279,220","1,279,220","1,285,690","1,284,070",10850,0.84%,2017/11/26,1396/09/05
1078,"1,288,690","1,288,690","1,301,390","1,294,920",4150,0.32%,2017/11/28,1396/09/07
1079,"1,296,540","1,288,000","1,297,230","1,290,770",8544,0.66%,2017/11/29,1396/09/08
1080,"1,300,920","1,299,770","1,304,390","1,301,390",10850,0.83%,2017/12/02,1396/09/11
1081,"1,300,460","1,299,540","1,312,930","1,312,240",4620,0.35%,2017/12/03,1396/09/12
1082,"1,312,930","1,305,770","1,316,160","1,307,620",3000,0.23%,2017/12/04,1396/09/13
1083,"1,308,310","1,302,080","1,309,930","1,304,620",13865,1.07%,2017/12/05,1396/09/14
1084,"1,289,430","1,272,538","1,300,951","1,290,755",5525,0.43%,2017/12/06,1396/09/15
1085,"1,285,230","1,281,990","1,290,070","1,285,230",930,0.07%,2017/12/09,1396/09/18
1086,"1,285,460","1,282,690","1,291,460","1,284,300",5770,0.45%,2017/12/10,1396/09/19
1087,"1,281,530","1,276,680","1,284,990","1,278,530",690,0.05%,2017/12/11,1396/09/20
1088,"1,281,990","1,277,380","1,283,610","1,277,840",4610,0.36%,2017/12/12,1396/09/21
1089,"1,283,840","1,279,220","1,285,690","1,282,450",407,0.03%,2017/12/13,1396/09/22
1090,"1,280,610","1,277,610","1,282,220","1,279,680",1850,0.14%,2017/12/16,1396/09/25
1091,"1,280,150","1,278,530","1,282,450","1,281,530",3700,0.29%,2017/12/17,1396/09/26
1092,"1,281,300","1,281,300","1,289,840","1,285,230",1610,0.13%,2017/12/18,1396/09/27
1093,"1,287,530","1,283,840","1,290,540","1,286,840",-,-,2017/12/19,1396/09/28
1094,"1,285,920","1,284,300","1,287,760","1,286,840",4313,0.34%,2017/12/20,1396/09/29
1095,"1,295,610","1,293,070","1,300,690","1,296,540",1610,0.12%,2017/12/23,1396/10/02
1096,"1,297,000","1,295,150","1,298,850","1,298,150",4620,0.36%,2017/12/24,1396/10/03
1097,"1,298,620","1,298,620","1,303,460","1,302,770",7850,0.6%,2017/12/25,1396/10/04
1098,"1,303,930","1,303,930","1,312,470","1,310,620",7160,0.55%,2017/12/26,1396/10/05
1099,"1,311,310","1,311,310","1,318,700","1,317,780",18882,1.43%,2017/12/27,1396/10/06
1100,"1,345,940","1,333,710","1,355,410","1,347,560",22390,1.66%,2017/12/30,1396/10/09
1101,"1,347,100","1,346,870","1,371,570","1,369,950",13390,0.98%,2017/12/31,1396/10/10
1102,"1,369,720","1,369,720","1,386,110","1,383,340",17090,1.24%,2018/01/01,1396/10/11
1103,"1,391,190","1,383,110","1,402,970","1,400,430",36250,2.66%,2018/01/02,1396/10/12
1104,"1,397,200","1,355,180","1,397,200","1,364,180",536,0.04%,2018/01/03,1396/10/13
1105,"1,359,560","1,358,870","1,372,720","1,372,030",230,0.02%,2018/01/06,1396/10/16
1106,"1,370,880","1,363,260","1,380,110","1,372,260",2770,0.2%,2018/01/07,1396/10/17
1107,"1,374,110","1,365,340","1,374,110","1,369,490",14780,1.08%,2018/01/08,1396/10/18
1108,"1,370,410","1,367,880","1,384,500","1,384,270",1610,0.12%,2018/01/09,1396/10/19
1109,"1,382,420","1,381,270","1,387,500","1,385,880",2793,0.2%,2018/01/10,1396/10/20
1110,"1,413,360","1,391,890","1,421,440","1,393,270",9230,0.66%,2018/01/13,1396/10/23
1111,"1,394,420","1,394,190","1,404,580","1,402,500",460,0.03%,2018/01/14,1396/10/24
1112,"1,402,740","1,398,580","1,405,970","1,402,040",11780,0.84%,2018/01/15,1396/10/25
1113,"1,406,200","1,402,740","1,414,510","1,413,820",9930,0.71%,2018/01/16,1396/10/26
1114,"1,413,360","1,399,970","1,413,360","1,403,890",7885,0.56%,2018/01/17,1396/10/27
1115,"1,422,590","1,422,130","1,445,220","1,441,750",230,0.02%,2018/01/20,1396/10/30
1116,"1,442,680","1,433,210","1,454,680","1,441,520",1160,0.08%,2018/01/21,1396/11/01
1117,"1,444,290","1,438,750","1,449,830","1,442,680",5770,0.4%,2018/01/22,1396/11/02
1118,"1,446,370","1,443,600","1,455,600","1,448,450",6000,0.41%,2018/01/23,1396/11/03
1119,"1,451,680","1,450,060","1,456,070","1,454,450",6412,0.44%,2018/01/24,1396/11/04
1120,"1,439,210","1,439,210","1,448,450","1,447,290",6690,0.46%,2018/01/27,1396/11/07
1121,"1,448,450","1,438,060","1,450,990","1,440,600",2080,0.14%,2018/01/28,1396/11/08
1122,"1,440,370","1,436,900","1,444,290","1,442,680",12460,0.86%,2018/01/29,1396/11/09
1123,"1,443,600","1,442,910","1,457,220","1,455,140",2770,0.19%,2018/01/30,1396/11/10
1124,"1,461,380","1,453,990","1,462,990","1,457,910",11023,0.76%,2018/01/31,1396/11/11
1125,"1,473,610","1,472,230","1,483,770","1,478,690",4620,0.31%,2018/02/03,1396/11/14
1126,"1,478,230","1,477,540","1,489,310","1,483,310",3000,0.2%,2018/02/04,1396/11/15
1127,"1,484,460","1,479,380","1,512,170","1,480,310",5540,0.38%,2018/02/05,1396/11/16
1128,"1,478,690","1,472,230","1,493,930","1,474,770",2300,0.16%,2018/02/06,1396/11/17
1129,"1,475,920","1,467,150","1,477,770","1,477,070",7518,0.51%,2018/02/07,1396/11/18
1130,"1,492,080","1,490,230","1,493,240","1,490,460",29320,1.97%,2018/02/10,1396/11/21
1131,"1,528,560","1,515,860","1,549,100","1,519,780",23310,1.56%,2018/02/12,1396/11/23
1132,"1,517,010","1,496,240","1,517,480","1,496,470",9470,0.64%,2018/02/13,1396/11/24
1133,"1,496,930","1,483,770","1,511,940","1,487,000",14200,0.96%,2018/02/14,1396/11/25
1134,"1,442,910","1,417,970","1,456,070","1,456,070",12700,0.88%,2018/02/17,1396/11/28
1135,"1,440,600","1,426,520","1,448,220","1,443,370",11022,0.77%,2018/02/18,1396/11/29
1136,"1,427,900","1,423,280","1,438,980","1,438,750",460,0.03%,2018/02/21,1396/12/02
1137,"1,438,520","1,437,830","1,438,980","1,438,290",27010,1.88%,2018/02/22,1396/12/03
1138,"1,451,680","1,451,680","1,465,300","1,465,300",28860,1.97%,2018/02/24,1396/12/05
1139,"1,469,460","1,469,460","1,499,470","1,494,160",24700,1.68%,2018/02/25,1396/12/06
1140,"1,495,540","1,469,460","1,496,470","1,469,460",4610,0.31%,2018/02/26,1396/12/07
1141,"1,470,610","1,463,220","1,482,620","1,474,070",220,0.01%,2018/02/27,1396/12/08
1142,"1,473,840","1,468,070","1,477,540","1,473,850",12230,0.83%,2018/02/28,1396/12/09
1143,"1,479,610","1,478,920","1,486,540","1,486,080",4150,0.28%,2018/03/01,1396/12/10
1144,"1,491,860","1,485,850","1,492,090","1,490,230",4840,0.33%,2018/03/03,1396/12/12
1145,"1,493,000","1,485,390","1,496,470","1,485,390",12920,0.87%,2018/03/04,1396/12/13
1146,"1,487,460","1,484,460","1,498,310","1,498,310",1380,0.09%,2018/03/05,1396/12/14
1147,"1,504,090","1,496,010","1,505,010","1,496,930",1620,0.11%,2018/03/06,1396/12/15
1148,"1,497,620","1,494,850","1,501,080","1,498,550",2070,0.14%,2018/03/07,1396/12/16
1149,"1,497,390","1,496,470","1,501,550","1,500,620",8780,0.59%,2018/03/08,1396/12/17
1150,"1,514,470","1,509,400","1,517,940","1,509,400",10150,0.67%,2018/03/10,1396/12/19
1151,"1,509,630","1,508,010","1,519,550","1,519,550",14090,0.93%,2018/03/11,1396/12/20
1152,"1,518,400","1,517,010","1,533,870","1,533,640",3000,0.2%,2018/03/12,1396/12/21
1153,"1,533,410","1,530,640","1,538,480","1,530,640",10860,0.71%,2018/03/13,1396/12/22
1154,"1,530,870","1,512,860","1,531,100","1,519,780",1150,0.08%,2018/03/14,1396/12/23
1155,"1,520,710","1,517,250","1,522,560","1,518,630",4160,0.27%,2018/03/15,1396/12/24
1156,"1,512,860","1,512,860","1,532,710","1,522,790",10850,0.71%,2018/03/17,1396/12/26
1157,"1,524,860","1,523,020","1,535,480","1,533,640",230,0.01%,2018/03/18,1396/12/27
1158,"1,532,480","1,528,330","1,534,790","1,533,410",87260,5.69%,2018/03/19,1396/12/28
1159,"1,599,430","1,597,820","1,623,210","1,620,670",24930,1.56%,2018/03/25,1397/01/05
1160,"1,619,750","1,594,820","1,621,600","1,595,740",21470,1.36%,2018/03/26,1397/01/06
1161,"1,595,970","1,574,270","1,595,970","1,574,270",14310,0.91%,2018/03/27,1397/01/07
1162,"1,578,890","1,576,580","1,589,740","1,588,580",3230,0.2%,2018/03/28,1397/01/08
1163,"1,589,740","1,589,740","1,591,810","1,591,810",10160,0.64%,2018/03/29,1397/01/09
1164,"1,600,820","1,600,360","1,608,210","1,601,970",4390,0.27%,2018/04/03,1397/01/14
1165,"1,599,200","1,595,280","1,608,670","1,606,360",460,0.03%,2018/04/04,1397/01/15
1166,"1,606,820","1,606,820","1,606,820","1,606,820",90040,5.6%,2018/04/05,1397/01/16
1167,"1,671,460","1,671,460","1,739,570","1,696,860",16160,0.95%,2018/04/07,1397/01/18
1168,"1,707,940","1,699,170","1,785,970","1,713,020",134360,8.51%,2018/04/08,1397/01/19
1169,"1,601,050","1,562,260","1,653,230","1,578,660",83800,5.31%,2018/04/09,1397/01/20
1170,"1,575,650","1,575,420","1,671,460","1,662,460",27240,1.67%,2018/04/10,1397/01/21
1171,"1,654,150","1,633,600","1,664,540","1,635,220",18700,1.14%,2018/04/11,1397/01/22
1172,"1,641,450","1,640,070","1,655,300","1,653,920",51020,3.08%,2018/04/12,1397/01/23
1173,"1,699,860","1,697,550","1,726,870","1,704,940",16620,0.98%,2018/04/15,1397/01/26
1174,"1,699,630","1,683,930","1,714,870","1,688,320",3000,0.18%,2018/04/16,1397/01/27
1175,"1,688,090","1,686,930","1,701,940","1,691,320",9460,0.56%,2018/04/17,1397/01/28
1176,"1,688,550","1,688,090","1,704,480","1,700,780",2070,0.12%,2018/04/18,1397/01/29
1177,"1,698,710","1,695,940","1,700,090","1,698,710",4160,0.25%,2018/04/19,1397/01/30
1178,"1,713,020","1,694,550","1,713,020","1,694,550",2310,0.14%,2018/04/21,1397/02/01
1179,"1,698,710","1,687,390","1,699,170","1,692,240",21010,1.24%,2018/04/22,1397/02/02
1180,"1,695,010","1,693,170","1,714,170","1,713,250",690,0.04%,2018/04/23,1397/02/03
1181,"1,711,400","1,710,250","1,716,480","1,712,560",12000,0.7%,2018/04/24,1397/02/04
1182,"1,713,250","1,713,250","1,725,720","1,724,560",2540,0.15%,2018/04/25,1397/02/05
1183,"1,723,410","1,722,720","1,727,100","1,727,100",29780,1.72%,2018/04/26,1397/02/06
1184,"1,736,110","1,734,950","1,770,740","1,756,880",40410,2.3%,2018/04/28,1397/02/08
1185,"1,762,890","1,760,810","1,798,900","1,797,290",14770,0.82%,2018/04/29,1397/02/09
1186,"1,798,670","1,798,210","1,843,460","1,812,060",55640,3.07%,2018/04/30,1397/02/10
1187,"1,821,760","1,821,060","1,867,700","1,867,700",17310,0.93%,2018/05/01,1397/02/11
1188,"1,882,480","1,865,390","1,885,940","1,885,010",80810,4.29%,2018/05/03,1397/02/13
1189,"2,006,220","1,954,270","2,084,710","1,965,820",99970,5.36%,2018/05/05,1397/02/15
1190,"1,966,050","1,821,530","1,966,280","1,865,850",26090,1.4%,2018/05/06,1397/02/16
1191,"1,868,160","1,842,070","1,941,580","1,891,940",47560,2.51%,2018/05/07,1397/02/17
1192,"1,960,740","1,926,110","2,031,380","1,939,500",55640,2.87%,2018/05/08,1397/02/18
1193,"1,943,420","1,942,040","1,996,980","1,995,140",21240,1.06%,2018/05/09,1397/02/19
1194,"2,009,910","2,006,220","2,041,080","2,016,380",102510,5.36%,2018/05/10,1397/02/20
1195,"1,963,510","1,904,640","1,963,510","1,913,870",74570,4.05%,2018/05/12,1397/02/22
1196,"1,907,180","1,830,760","1,909,260","1,839,300",16200,0.88%,2018/05/13,1397/02/23
1197,"1,841,380","1,826,200","1,868,900","1,855,500",2100,0.11%,2018/05/14,1397/02/24
1198,"1,857,600","1,838,900","1,867,700","1,853,400",11100,0.6%,2018/05/15,1397/02/25
1199,"1,851,300","1,842,300","1,864,500","1,864,500",12700,0.69%,2018/05/16,1397/02/26
1200,"1,856,400","1,847,400","1,857,300","1,851,800",21000,1.15%,2018/05/17,1397/02/27
1201,"1,820,400","1,793,800","1,849,200","1,830,800",62800,3.43%,2018/05/19,1397/02/29
1202,"1,836,800","1,825,900","1,904,600","1,893,600",21300,1.14%,2018/05/20,1397/02/30
1203,"1,888,500","1,850,400","1,896,100","1,872,300",1200,0.06%,2018/05/21,1397/02/31
1204,"1,867,700","1,858,500","1,886,200","1,873,500",32300,1.72%,2018/05/22,1397/03/01
1205,"1,880,600","1,879,300","1,907,200","1,905,800",7200,0.38%,2018/05/23,1397/03/02
1206,"1,911,600","1,896,100","1,912,500","1,898,600",11800,0.62%,2018/05/24,1397/03/03
1207,"1,890,800","1,888,500","1,910,400","1,910,400",19600,1.03%,2018/05/26,1397/03/05
1208,"1,903,500","1,902,100","1,938,100","1,930,000",50800,2.63%,2018/05/27,1397/03/06
1209,"1,947,400","1,947,100","1,980,800","1,980,800",11700,0.59%,2018/05/28,1397/03/07
1210,"1,994,900","1,954,100","2,008,800","1,969,100",-,-,2018/05/29,1397/03/08
1211,"1,967,700","1,961,200","1,973,900","1,969,100",11400,0.58%,2018/05/30,1397/03/09
1212,"1,968,100","1,957,700","1,968,800","1,957,700",12700,0.65%,2018/05/31,1397/03/10
1213,"1,946,200","1,941,600","1,976,200","1,970,400",19700,1%,2018/06/02,1397/03/12
1214,"1,969,500","1,969,100","1,990,100","1,990,100",8100,0.41%,2018/06/03,1397/03/13
1215,"1,991,200","1,976,000","1,994,000","1,982,000",53100,2.68%,2018/06/07,1397/03/17
1216,"2,014,300","2,014,300","2,051,200","2,035,100",11500,0.57%,2018/06/09,1397/03/19
1217,"2,027,000","2,025,900","2,069,300","2,046,600",56400,2.76%,2018/06/10,1397/03/20
1218,"2,053,300","2,052,900","2,111,300","2,103,000",16800,0.8%,2018/06/11,1397/03/21
1219,"2,107,300","2,100,700","2,178,200","2,119,800",28400,1.36%,2018/06/12,1397/03/22
1220,"2,120,500","2,076,600","2,125,100","2,091,400",27900,1.35%,2018/06/13,1397/03/23
1221,"2,091,000","2,062,800","2,091,000","2,063,500",56300,2.73%,2018/06/14,1397/03/24
1222,"2,114,500","2,106,700","2,145,000","2,119,800",53600,2.53%,2018/06/17,1397/03/27
1223,"2,120,000","2,118,200","2,173,600","2,173,400",23300,1.07%,2018/06/18,1397/03/28
1224,"2,179,100","2,166,700","2,209,400","2,196,700",12700,0.58%,2018/06/19,1397/03/29
1225,"2,199,000","2,197,600","2,228,100","2,209,400",30900,1.4%,2018/06/20,1397/03/30
1226,"2,197,800","2,197,800","2,241,300","2,240,300",338500,15.11%,2018/06/21,1397/03/31
1227,"2,428,700","2,413,700","2,740,400","2,578,800",218400,9.25%,2018/06/23,1397/04/02
1228,"2,576,700","2,331,700","2,592,600","2,360,400",31400,1.33%,2018/06/24,1397/04/03
1229,"2,359,000","2,308,400","2,432,200","2,391,800",1100,0.05%,2018/06/25,1397/04/04
1230,"2,390,200","2,302,900","2,394,100","2,392,900",39300,1.64%,2018/06/26,1397/04/05
1231,"2,398,900","2,398,000","2,537,200","2,432,200",15200,0.62%,2018/06/27,1397/04/06
1232,"2,434,000","2,412,600","2,451,100","2,447,400",900,0.04%,2018/06/28,1397/04/07
1233,"2,359,500","2,359,500","2,457,600","2,448,300",8500,0.35%,2018/06/30,1397/04/09
1234,"2,447,400","2,425,300","2,495,700","2,439,800",37600,1.57%,2018/07/01,1397/04/10
1235,"2,437,900","2,386,900","2,440,500","2,402,200",65800,2.82%,2018/07/02,1397/04/11
1236,"2,408,200","2,322,500","2,409,300","2,336,400",57700,2.53%,2018/07/03,1397/04/12
1237,"2,335,400","2,271,700","2,336,800","2,278,700",95500,4.19%,2018/07/04,1397/04/13
1238,"2,278,000","2,277,000","2,395,200","2,374,200",22800,0.97%,2018/07/05,1397/04/14
1239,"2,336,400","2,331,700","2,375,600","2,351,400",10400,0.44%,2018/07/07,1397/04/16
1240,"2,353,700","2,336,400","2,354,800","2,341,000",81300,3.6%,2018/07/08,1397/04/17
1241,"2,287,000","2,250,900","2,298,300","2,259,700",32800,1.45%,2018/07/10,1397/04/19
1242,"2,260,200","2,259,300","2,300,600","2,292,500",10200,0.45%,2018/07/11,1397/04/20
1243,"2,291,300","2,276,300","2,292,000","2,282,300",69100,3.03%,2018/07/12,1397/04/21
1244,"2,384,800","2,350,200","2,414,900","2,351,400",44600,1.93%,2018/07/14,1397/04/23
1245,"2,352,800","2,292,500","2,368,700","2,306,800",58700,2.54%,2018/07/15,1397/04/24
1246,"2,307,300","2,287,900","2,368,700","2,365,500",11500,0.49%,2018/07/16,1397/04/25
1247,"2,364,100","2,359,500","2,400,800","2,377,000",51700,2.18%,2018/07/17,1397/04/26
1248,"2,374,900","2,370,300","2,435,600","2,428,700",23100,0.96%,2018/07/18,1397/04/27
1249,"2,425,900","2,405,400","2,435,400","2,405,600",273600,11.37%,2018/07/19,1397/04/28
1250,"2,613,400","2,609,900","2,689,600","2,679,200",75300,2.81%,2018/07/21,1397/04/30
1251,"2,679,000","2,679,000","2,791,400","2,754,500",61400,2.28%,2018/07/22,1397/04/31
1252,"2,693,100","2,674,600","2,795,800","2,693,100",5800,0.22%,2018/07/23,1397/05/01
1253,"2,668,800","2,635,300","2,742,700","2,687,300",84200,3.13%,2018/07/24,1397/05/02
1254,"2,698,800","2,681,500","2,775,000","2,771,500",1200,0.04%,2018/07/25,1397/05/03
1255,"2,775,000","2,750,800","2,800,400","2,772,700",424800,15.32%,2018/07/26,1397/05/04
1256,"2,919,300","2,919,300","3,232,100","3,197,500",90000,2.81%,2018/07/28,1397/05/06
1257,"3,129,400","3,070,500","3,329,100","3,287,500",302400,10.13%,2018/07/29,1397/05/07
1258,"3,117,800","2,892,800","3,266,800","2,985,100",30000,1.02%,2018/07/30,1397/05/08
1259,"2,982,800","2,934,300","3,084,400","2,955,100",69200,2.34%,2018/07/31,1397/05/09
1260,"3,001,300","2,980,500","3,049,700","3,024,300",26100,0.87%,2018/08/01,1397/05/10
1261,"3,049,700","2,979,700","3,061,300","2,998,200",197800,7.06%,2018/08/02,1397/05/11
1262,"2,885,800","2,719,600","2,885,800","2,800,400",41500,1.5%,2018/08/04,1397/05/13
1263,"2,862,700","2,698,800","2,862,700","2,758,900",164000,6.32%,2018/08/05,1397/05/14
1264,"2,631,900","2,581,100","2,731,100","2,594,900",288600,11.12%,2018/08/06,1397/05/15
1265,"2,583,400","2,581,100","2,885,800","2,883,500",62400,2.16%,2018/08/07,1397/05/16
1266,"2,920,500","2,881,200","3,045,100","2,945,900",108500,3.68%,2018/08/08,1397/05/17
1267,"2,957,400","2,943,500","3,070,500","3,054,400",97150,3.29%,2018/08/09,1397/05/18
1268,"3,033,420","2,902,830","3,074,670","2,957,250",13950,0.47%,2018/08/11,1397/05/20
1269,"2,938,900","2,928,500","2,975,900","2,971,200",11500,0.39%,2018/08/12,1397/05/21
1270,"3,024,300","2,952,800","3,031,300","2,959,700",58900,2.03%,2018/08/13,1397/05/22
1271,"2,936,600","2,884,700","2,966,600","2,900,800",56600,1.95%,2018/08/14,1397/05/23
1272,"2,913,500","2,885,800","2,968,900","2,957,400",26600,0.91%,2018/08/15,1397/05/24
1273,"2,955,100","2,927,400","2,980,500","2,930,800",20200,0.69%,2018/08/16,1397/05/25
1274,"2,900,830","2,881,200","2,947,000","2,910,600",2900,0.1%,2018/08/18,1397/05/27
1275,"2,914,700","2,898,500","2,934,300","2,913,500",39300,1.35%,2018/08/19,1397/05/28
1276,"2,923,900","2,919,300","2,966,600","2,952,800",3400,0.12%,2018/08/20,1397/05/29
1277,"2,958,600","2,956,200","2,962,000","2,956,200",17300,0.59%,2018/08/21,1397/05/30
1278,"2,940,100","2,935,500","2,944,700","2,938,900",19700,0.67%,2018/08/23,1397/06/01
1279,"2,934,900","2,934,300","2,962,000","2,958,600",77900,2.63%,2018/08/25,1397/06/03
1280,"2,955,100","2,955,100","3,054,900","3,036,500",40900,1.35%,2018/08/26,1397/06/04
1281,"3,041,700","3,041,700","3,105,700","3,077,400",28900,0.94%,2018/08/27,1397/06/05
1282,"3,047,400","3,047,400","3,107,500","3,106,300",6900,0.22%,2018/08/28,1397/06/06
1283,"3,116,700","3,100,500","3,128,200","3,113,200",197400,6.34%,2018/08/29,1397/06/07
1284,"3,128,200","3,128,200","3,331,400","3,310,600",143200,4.33%,2018/09/01,1397/06/10
1285,"3,344,100","3,324,500","3,557,600","3,453,800",147700,4.28%,2018/09/02,1397/06/11
1286,"3,511,500","3,354,500","3,654,600","3,601,500",113100,3.14%,2018/09/03,1397/06/12
1287,"3,735,400","3,571,500","3,809,300","3,714,600",131600,3.67%,2018/09/04,1397/06/13
1288,"3,647,700","3,566,900","3,693,900","3,583,000",39200,1.11%,2018/09/05,1397/06/14
1289,"3,550,700","3,476,800","3,560,000","3,543,800",101600,2.95%,2018/09/06,1397/06/15
1290,"3,428,400","3,342,900","3,474,500","3,442,200",230900,6.71%,2018/09/08,1397/06/17
1291,"3,497,600","3,497,600","3,705,400","3,673,100",55400,1.51%,2018/09/09,1397/06/18
1292,"3,765,400","3,590,000","3,906,300","3,728,500",11600,0.31%,2018/09/10,1397/06/19
1293,"3,670,800","3,599,200","3,748,100","3,716,900",30100,0.81%,2018/09/11,1397/06/20
1294,"3,777,000","3,730,800","3,802,400","3,747,000",5700,0.15%,2018/09/12,1397/06/21
1295,"3,751,600","3,747,000","3,765,400","3,752,700",165100,4.4%,2018/09/13,1397/06/22
1296,"3,924,700","3,837,000","3,977,800","3,917,800",25400,0.65%,2018/09/15,1397/06/24
1297,"3,924,700","3,894,700","3,947,800","3,943,200",78500,1.99%,2018/09/16,1397/06/25
1298,"4,007,800","4,003,200","4,024,000","4,021,700",2910,0.07%,2018/09/17,1397/06/26
1299,"4,018,790","4,018,790","4,018,790","4,018,790",177210,4.41%,2018/09/18,1397/06/27
1300,"4,007,800","3,991,700","4,231,800","4,196,000",326700,7.79%,2018/09/22,1397/06/31
1301,"4,273,300","4,254,900","4,591,900","4,522,700",376300,8.32%,2018/09/23,1397/07/01
1302,"4,485,700","4,363,400","4,903,600","4,899,000",591000,12.06%,2018/09/24,1397/07/02
1303,"4,795,100","4,795,100","5,577,700","5,490,000",600300,12.28%,2018/09/25,1397/07/03
1304,"5,217,600","4,656,600","5,309,900","4,889,700",3730,0.08%,2018/09/26,1397/07/04
1305,"4,885,970","4,885,970","4,885,970","4,885,970",70070,1.45%,2018/09/27,1397/07/05
1306,"4,882,810","4,755,800","4,990,200","4,815,900",556400,13.06%,2018/09/29,1397/07/07
1307,"4,778,900","4,259,500","4,848,200","4,259,500",634900,17.52%,2018/09/30,1397/07/08
1308,"3,624,600","3,624,600","3,624,600","3,624,600",406300,11.21%,2018/10/01,1397/07/09
1309,"4,074,800","4,030,900","4,088,600","4,030,900",258890,6.86%,2018/10/02,1397/07/10
1310,"3,818,140","3,691,290","3,864,270","3,772,010",3632,0.1%,2018/10/03,1397/07/11
1311,"3,534,600","3,509,200","3,779,300","3,779,300",283900,7.51%,2018/10/06,1397/07/14
1312,"4,086,300","3,901,600","4,097,900","4,063,200",173200,4.26%,2018/10/07,1397/07/15
1313,"4,109,400","4,109,400","4,363,400","4,236,400",4600,0.11%,2018/10/08,1397/07/16
1314,"4,305,700","4,167,100","4,414,200","4,241,000",14640,0.35%,2018/10/09,1397/07/17
1315,"4,237,895","4,164,090","4,249,430","4,226,360",-,-,2018/10/10,1397/07/18
1316,"4,226,360","4,226,360","4,226,360","4,226,360",115310,2.8%,2018/10/11,1397/07/19
1317,"4,111,050","4,111,050","4,111,050","4,111,050",14831,0.36%,2018/10/13,1397/07/21
1318,"4,105,928","4,024,441","4,166,695","4,097,792",229,0.01%,2018/10/14,1397/07/22
1319,"4,106,093","4,057,040","4,145,100","4,098,021",10041,0.25%,2018/10/15,1397/07/23
1320,"4,105,280","4,053,390","4,122,580","4,087,980",-,-,2018/10/17,1397/07/25
1321,"4,087,980","4,087,980","4,087,980","4,087,980",154520,3.93%,2018/10/18,1397/07/26
1322,"3,933,460","3,933,460","3,933,460","3,933,460",140680,3.58%,2018/10/20,1397/07/28
1323,"4,096,050","4,058,000","4,117,960","4,074,140",23060,0.57%,2018/10/21,1397/07/29
1324,"4,064,920","4,021,100","4,078,760","4,051,080",41510,1.04%,2018/10/22,1397/07/30
1325,"4,031,480","4,002,650","4,053,390","4,009,570",25370,0.63%,2018/10/23,1397/08/01
1326,"4,038,400","4,009,570","4,041,860","4,034,940",170517,4.23%,2018/10/24,1397/08/02
1327,"4,081,419","4,007,953","4,152,905","4,081,480",98036,2.4%,2018/10/26,1397/08/04
1328,"4,113,343","4,045,472","4,225,072","4,179,516",97778,2.4%,2018/10/27,1397/08/05
1329,"4,138,750","4,054,798","4,166,893","4,081,738",77862,1.91%,2018/10/28,1397/08/06
1330,"4,183,786","4,115,508","4,270,390","4,159,600",91168,2.24%,2018/10/30,1397/08/08
1331,"4,187,711","4,037,918","4,240,894","4,068,432",8112,0.2%,2018/10/31,1397/08/09
1332,"4,140,676","4,047,600","4,208,583","4,076,544",134054,3.29%,2018/11/02,1397/08/11
1333,"4,070,494","4,049,327","4,260,704","4,210,598",94753,2.3%,2018/11/03,1397/08/12
1334,"4,044,109","3,989,917","4,144,244","4,115,845",2793,0.07%,2018/11/04,1397/08/13
1335,"4,085,270","4,026,033","4,198,192","4,113,052",31352,0.77%,2018/11/05,1397/08/14
1336,"4,104,800","4,081,700","4,118,700","4,081,700",97000,2.43%,2018/11/10,1397/08/19
1337,"4,040,200","3,984,700","4,079,400","3,984,700",124600,3.23%,2018/11/11,1397/08/20
1338,"3,994,000","3,848,500","3,994,000","3,860,100",221600,6.09%,2018/11/12,1397/08/21
1339,"3,855,500","3,636,100","3,855,500","3,638,500",198600,5.77%,2018/11/13,1397/08/22
1340,"3,590,000","3,370,600","3,590,000","3,439,900",290210,8.44%,2018/11/14,1397/08/23
1341,"3,548,360","3,482,710","3,722,940","3,695,230",43920,1.19%,2018/11/16,1397/08/25
1342,"3,581,790","3,552,410","3,762,700","3,739,150",58360,1.59%,2018/11/17,1397/08/26
1343,"3,583,510","3,515,420","3,756,980","3,680,790",47500,1.29%,2018/11/18,1397/08/27
1344,"3,601,470","3,568,690","3,802,850","3,728,290",11750,0.32%,2018/11/19,1397/08/28
1345,"3,585,780","3,563,180","3,786,780","3,716,540",31850,0.86%,2018/11/20,1397/08/29
1346,"3,544,860","3,499,130","3,707,160","3,684,690",36890,1.01%,2018/11/21,1397/08/30
1347,"3,578,150","3,551,670","3,680,260","3,647,800",129400,3.68%,2018/11/23,1397/09/02
1348,"3,548,400","3,513,200","3,569,200","3,518,400",193900,5.83%,2018/11/26,1397/09/05
1349,"3,453,800","3,312,900","3,453,800","3,324,500",1400,0.04%,2018/11/27,1397/09/06
1350,"3,276,000","3,195,200","3,416,800","3,323,100",13550,0.41%,2018/11/28,1397/09/07
1351,"3,490,500","3,421,200","3,569,200","3,569,200",166200,4.88%,2018/12/01,1397/09/10
1352,"3,555,300","3,373,000","3,555,300","3,403,000",7000,0.21%,2018/12/02,1397/09/11
1353,"3,405,300","3,336,000","3,423,700","3,396,000",9200,0.27%,2018/12/03,1397/09/12
1354,"3,391,400","3,363,700","3,391,400","3,386,800",2300,0.07%,2018/12/04,1397/09/13
1355,"3,384,500","3,384,500","3,384,500","3,384,500",2640,0.08%,2018/12/05,1397/09/14
1356,"3,458,400","3,375,300","3,458,400","3,384,500",140800,4.34%,2018/12/08,1397/09/17
1357,"3,301,400","3,222,900","3,349,900","3,243,700",70480,2.22%,2018/12/09,1397/09/18
1358,"3,169,800","3,169,800","3,169,800","3,169,800",18500,0.59%,2018/12/11,1397/09/20
1359,"3,220,600","3,132,900","3,250,600","3,151,300",54070,1.75%,2018/12/12,1397/09/21
1360,"3,024,300","2,987,400","3,056,700","3,035,900",25400,0.84%,2018/12/15,1397/09/24
1361,"3,089,000","3,008,200","3,095,900","3,010,500",48500,1.61%,2018/12/16,1397/09/25
1362,"3,008,200","2,992,000","3,059,000","3,059,000",11600,0.38%,2018/12/17,1397/09/26
1363,"3,079,800","3,019,700","3,079,800","3,047,400",20700,0.68%,2018/12/18,1397/09/27
1364,"3,019,700","3,017,400","3,031,300","3,026,700",4120,0.14%,2018/12/19,1397/09/28
1365,"3,052,100","3,049,700","3,086,700","3,063,600",76200,2.49%,2018/12/22,1397/10/01
1366,"3,086,700","3,086,700","3,139,800","3,139,800",247000,7.87%,2018/12/23,1397/10/02
1367,"3,213,700","3,213,700","3,386,800","3,386,800",11600,0.34%,2018/12/24,1397/10/03
1368,"3,617,700","3,289,800","3,640,800","3,398,400",108600,3.3%,2018/12/25,1397/10/04
1369,"3,306,000","3,282,900","3,312,900","3,289,800",70330,2.18%,2018/12/26,1397/10/05
1370,"3,222,900","3,222,900","3,382,200","3,354,500",36900,1.1%,2018/12/29,1397/10/08
1371,"3,396,000","3,356,800","3,416,800","3,391,400",73900,2.23%,2018/12/30,1397/10/09
1372,"3,393,700","3,296,800","3,396,000","3,317,500",4600,0.14%,2018/12/31,1397/10/10
1373,"3,301,400","3,280,600","3,328,400","3,312,900",36700,1.11%,2019/01/01,1397/10/11
1374,"3,370,600","3,349,600","3,377,600","3,349,600",19290,0.58%,2019/01/02,1397/10/12
1375,"3,310,000","3,310,000","3,370,600","3,370,600",76200,2.26%,2019/01/05,1397/10/15
1376,"3,377,600","3,377,600","3,449,100","3,446,800",23100,0.67%,2019/01/06,1397/10/16
1377,"3,412,200","3,398,400","3,446,800","3,423,700",20800,0.61%,2019/01/07,1397/10/17
1378,"3,420,000","3,400,700","3,444,500","3,444,500",53100,1.54%,2019/01/08,1397/10/18
1379,"3,479,200","3,479,200","3,516,100","3,497,600",40910,1.17%,2019/01/09,1397/10/19
1380,"3,608,400","3,476,800","3,647,700","3,497,600",34700,0.99%,2019/01/12,1397/10/22
1381,"3,456,100","3,456,100","3,555,300","3,532,300",40700,1.15%,2019/01/13,1397/10/23
1382,"3,566,900","3,472,700","3,580,000","3,573,000",37700,1.06%,2019/01/14,1397/10/24
1383,"3,568,000","3,555,300","3,613,100","3,610,700",4660,0.13%,2019/01/15,1397/10/25
1384,"3,615,360","3,615,360","3,615,360","3,615,360",2291,0.06%,2019/01/16,1397/10/26
1385,"3,610,000","3,610,000","3,617,700","3,617,700",78500,2.17%,2019/01/19,1397/10/29
1386,"3,682,300","3,670,800","3,723,900","3,696,200",37000,1.01%,2019/01/20,1397/10/30
1387,"3,684,600","3,560,000","3,733,100","3,659,200",20800,0.57%,2019/01/21,1397/11/01
1388,"3,682,300","3,638,400","3,696,200","3,638,400",18500,0.51%,2019/01/22,1397/11/02
1389,"3,640,800","3,640,800","3,668,500","3,656,900",42250,1.16%,2019/01/23,1397/11/03
1390,"3,735,400","3,721,600","3,735,400","3,733,100",4600,0.12%,2019/01/26,1397/11/06
1391,"3,700,800","3,700,800","3,733,100","3,728,500",43800,1.17%,2019/01/27,1397/11/07
1392,"3,758,500","3,758,500","3,790,800","3,772,300",13800,0.37%,2019/01/28,1397/11/08
1393,"3,790,800","3,756,200","3,795,400","3,758,500",27700,0.74%,2019/01/29,1397/11/09
1394,"3,763,100","3,728,500","3,763,100","3,730,800",32920,0.89%,2019/01/30,1397/11/10
1395,"3,539,200","3,539,200","3,636,100","3,636,100",11600,0.32%,2019/02/02,1397/11/13
1396,"3,647,700","3,636,100","3,659,200","3,647,700",69200,1.9%,2019/02/03,1397/11/14
1397,"3,640,800","3,640,800","3,721,600","3,716,900",11500,0.31%,2019/02/04,1397/11/15
1398,"3,715,000","3,705,400","3,730,000","3,705,400",30000,0.82%,2019/02/05,1397/11/16
1399,"3,716,900","3,668,500","3,716,900","3,675,400",31250,0.85%,2019/02/06,1397/11/17
1400,"3,725,420","3,705,300","3,836,200","3,776,910",41590,1.1%,2019/02/09,1397/11/20
1401,"3,830,100","3,802,400","3,832,400","3,818,500",32300,0.85%,2019/02/12,1397/11/23
1402,"3,827,800","3,786,200","3,827,800","3,786,200",63500,1.68%,2019/02/13,1397/11/24
1403,"3,917,800","3,917,800","3,961,700","3,940,900",210100,5.33%,2019/02/16,1397/11/27
1404,"3,994,000","3,994,000","4,183,300","4,151,000",70400,1.7%,2019/02/17,1397/11/28
1405,"4,146,400","4,089,800","4,266,400","4,221,400",168500,3.99%,2019/02/18,1397/11/29
1406,"4,232,900","4,232,900","4,401,500","4,389,900",151200,3.57%,2019/02/19,1397/11/30
1407,"4,371,400","4,182,100","4,387,600","4,238,700",47060,1.11%,2019/02/20,1397/12/01
1408,"4,448,800","4,231,800","4,485,700","4,368,000",140800,3.33%,2019/02/23,1397/12/04
1409,"4,328,700","4,217,900","4,418,800","4,227,200",99200,2.35%,2019/02/24,1397/12/05
1410,"4,321,800","4,236,400","4,358,700","4,326,400",41500,0.97%,2019/02/25,1397/12/06
1411,"4,310,300","4,271,000","4,312,600","4,284,900",16200,0.38%,2019/02/26,1397/12/07
1412,"4,271,000","4,229,500","4,282,600","4,268,700",3700,0.09%,2019/02/27,1397/12/08
1413,"4,243,300","4,065,500","4,243,300","4,097,900",80800,2.01%,2019/03/02,1397/12/11
1414,"4,084,000","3,970,900","4,084,000","4,017,100",159300,3.97%,2019/03/03,1397/12/12
1415,"4,012,400","4,012,400","4,197,100","4,176,400",46200,1.12%,2019/03/04,1397/12/13
1416,"4,222,500","4,104,800","4,287,200","4,130,200",13900,0.34%,2019/03/05,1397/12/14
1417,"4,114,000","4,095,600","4,153,300","4,116,300",42830,1.04%,2019/03/06,1397/12/15
1418,"4,199,500","4,155,600","4,201,800","4,178,000",70900,1.73%,2019/03/09,1397/12/18
1419,"4,171,700","4,088,600","4,171,700","4,107,100",20800,0.51%,2019/03/10,1397/12/19
1420,"4,093,300","4,065,500","4,111,700","4,086,300",127000,3.11%,2019/03/11,1397/12/20
1421,"4,081,700","4,081,700","4,220,200","4,213,300",11500,0.27%,2019/03/12,1397/12/21
1422,"4,211,000","4,178,700","4,231,800","4,201,800",27860,0.67%,2019/03/13,1397/12/22
1423,"4,163,100","4,137,700","4,167,700","4,151,600",8600,0.21%,2019/03/16,1397/12/25
1424,"4,140,000","4,135,400","4,181,000","4,160,200",138500,3.33%,2019/03/17,1397/12/26
1425,"4,153,300","4,151,000","4,298,700","4,298,700",10400,0.24%,2019/03/18,1397/12/27
1426,"4,283,000","4,276,000","4,289,000","4,280,000",51000,1.19%,2019/03/25,1398/01/05
1427,"4,289,000","4,276,000","4,336,000","4,331,000",2000,0.05%,2019/03/26,1398/01/06
1428,"4,315,000","4,306,000","4,343,000","4,329,000",700,0.02%,2019/03/27,1398/01/07
1429,"4,280,000","4,278,000","4,317,000","4,285,000",1800,0.04%,2019/03/30,1398/01/10
1430,"4,283,200","4,250,200","4,383,000","4,315,300",64700,1.5%,2019/04/03,1398/01/14
1431,"4,340,000","4,308,000","4,389,000","4,380,000",138000,3.15%,2019/04/06,1398/01/17
1432,"4,389,000","4,253,000","4,569,000","4,518,000",49000,1.08%,2019/04/07,1398/01/18
1433,"4,523,000","4,446,000","4,839,000","4,567,000",148000,3.35%,2019/04/08,1398/01/19
1434,"4,569,000","4,317,000","4,573,000","4,419,000",4000,0.09%,2019/04/09,1398/01/20
1435,"4,428,000","4,356,000","4,488,000","4,423,000",51400,1.18%,2019/04/10,1398/01/21
1436,"4,356,000","4,280,000","4,382,000","4,356,000",47000,1.08%,2019/04/13,1398/01/24
1437,"4,361,000","4,359,000","4,453,000","4,403,000",160000,3.77%,2019/04/14,1398/01/25
1438,"4,412,000","4,213,000","4,412,000","4,243,000",58000,1.37%,2019/04/15,1398/01/26
1439,"4,241,000","4,241,000","4,340,000","4,301,000",14000,0.33%,2019/04/16,1398/01/27
1440,"4,292,000","4,269,000","4,308,000","4,287,000",200,-,2019/04/17,1398/01/28
1441,"4,299,000","4,261,500","4,421,600","4,376,100",5900,0.13%,2019/04/19,1398/01/30
1442,"4,373,000","4,320,000","4,391,000","4,382,000",11000,0.25%,2019/04/22,1398/02/02
1443,"4,343,000","4,324,000","4,405,000","4,393,000",2000,0.05%,2019/04/23,1398/02/03
1444,"4,405,000","4,366,000","4,405,000","4,391,000",5200,0.12%,2019/04/24,1398/02/04
1445,"4,456,000","4,440,000","4,490,000","4,460,000",14000,0.31%,2019/04/27,1398/02/07
1446,"4,456,000","4,444,000","4,481,000","4,446,000",11000,0.25%,2019/04/28,1398/02/08
1447,"4,440,000","4,426,000","4,470,000","4,435,000",74000,1.67%,2019/04/29,1398/02/09
1448,"4,490,000","4,426,000","4,527,000","4,509,000",34000,0.75%,2019/04/30,1398/02/10
1449,"4,504,000","4,504,000","4,543,000","4,543,000",7200,0.16%,2019/05/01,1398/02/11
1450,"4,576,000","4,541,000","4,694,000","4,567,000",94000,2.06%,2019/05/04,1398/02/14
1451,"4,562,000","4,560,000","4,661,000","4,661,000",11000,0.24%,2019/05/05,1398/02/15
1452,"4,682,000","4,633,000","4,710,000","4,650,000",53000,1.14%,2019/05/06,1398/02/16
1453,"4,659,000","4,647,000","4,742,000","4,703,000",18000,0.38%,2019/05/07,1398/02/17
1454,"4,712,000","4,659,000","4,760,000","4,721,000",12500,0.27%,2019/05/08,1398/02/18
1455,"4,592,000","4,493,000","4,597,000","4,523,000",62000,1.37%,2019/05/11,1398/02/21
1456,"4,527,000","4,527,000","4,613,000","4,585,000",62000,1.35%,2019/05/12,1398/02/22
1457,"4,599,000","4,594,000","4,647,000","4,647,000",69000,1.51%,2019/05/13,1398/02/23
1458,"4,643,000","4,543,000","4,643,000","4,578,000",60000,1.33%,2019/05/14,1398/02/24
1459,"4,527,000","4,493,000","4,548,000","4,518,000",22300,0.5%,2019/05/15,1398/02/25
1460,"4,444,000","4,310,000","4,470,000","4,338,000",157000,3.76%,2019/05/18,1398/02/28
1461,"4,345,000","4,091,000","4,356,000","4,181,000",65000,1.55%,2019/05/19,1398/02/29
1462,"4,144,000","4,105,000","4,294,000","4,246,000",157000,3.7%,2019/05/20,1398/02/30
1463,"4,241,000","4,241,000","4,403,000","4,403,000",125000,2.92%,2019/05/21,1398/02/31
1464,"4,361,000","4,255,000","4,382,000","4,278,000",2900,0.07%,2019/05/22,1398/03/01
1465,"4,308,000","4,269,000","4,340,000","4,331,000",40200,0.94%,2019/05/25,1398/03/04
1466,"4,199,000","4,056,000","4,202,000","4,190,000",3000,0.07%,2019/05/28,1398/03/07
1467,"4,186,000","4,174,000","4,227,000","4,193,000",5200,0.12%,2019/05/29,1398/03/08
1468,"4,176,000","4,082,000","4,384,000","4,119,000",3000,0.07%,2019/06/01,1398/03/11
1469,"4,114,000","4,089,000","4,139,000","4,116,000",900,0.02%,2019/06/02,1398/03/12
1470,"4,126,000","4,054,000","4,126,000","4,093,000",58000,1.42%,2019/06/08,1398/03/18
1471,"4,084,000","4,066,000","4,158,000","4,151,000",30000,0.73%,2019/06/09,1398/03/19
1472,"4,139,000","4,086,000","4,146,000","4,121,000",21000,0.51%,2019/06/10,1398/03/20
1473,"4,116,000","4,096,000","4,153,000","4,142,000",34000,0.82%,2019/06/11,1398/03/21
1474,"4,135,000","4,135,000","4,181,000","4,176,000",70100,1.68%,2019/06/12,1398/03/22
1475,"4,320,000","4,320,000","4,389,000","4,352,000",63000,1.47%,2019/06/15,1398/03/25
1476,"4,340,000","4,283,000","4,345,000","4,289,000",39000,0.92%,2019/06/16,1398/03/26
1477,"4,285,000","4,232,000","4,317,000","4,250,000",35000,0.82%,2019/06/17,1398/03/27
1478,"4,257,000","4,229,000","4,299,000","4,285,000",76000,1.77%,2019/06/18,1398/03/28
1479,"4,283,000","4,276,000","4,361,000","4,361,000",12500,0.29%,2019/06/19,1398/03/29
1480,"4,306,000","4,271,000","4,393,000","4,382,000",14000,0.32%,2019/06/22,1398/04/01
1481,"4,412,000","4,380,000","4,423,000","4,396,000",2000,0.05%,2019/06/23,1398/04/02
1482,"4,407,000","4,389,000","4,423,000","4,398,000",28000,0.64%,2019/06/24,1398/04/03
1483,"4,400,000","4,345,000","4,400,000","4,370,000",7000,0.16%,2019/06/25,1398/04/04
1484,"4,366,000","4,340,000","4,373,000","4,363,000",25100,0.58%,2019/06/26,1398/04/05
1485,"4,292,000","4,241,000","4,301,000","4,283,000",14000,0.33%,2019/06/30,1398/04/09
1486,"4,273,000","4,239,000","4,289,000","4,269,000",60000,1.41%,2019/07/01,1398/04/10
1487,"4,264,000","4,264,000","4,347,000","4,329,000",46000,1.06%,2019/07/02,1398/04/11
1488,"4,322,000","4,313,000","4,375,000","4,375,000",900,0.02%,2019/07/03,1398/04/12
1489,"4,375,000","4,303,000","4,380,000","4,331,000",32000,0.74%,2019/07/06,1398/04/15
1490,"4,326,000","4,289,000","4,331,000","4,299,000",14000,0.33%,2019/07/07,1398/04/16
1491,"4,292,000","4,271,000","4,313,000","4,285,000",16000,0.37%,2019/07/08,1398/04/17
1492,"4,287,000","4,287,000","4,313,000","4,301,000",2000,0.05%,2019/07/09,1398/04/18
1493,"4,296,000","4,296,000","4,315,000","4,299,000",6900,0.16%,2019/07/10,1398/04/19
1494,"4,211,000","4,163,000","4,223,000","4,176,000",78000,1.9%,2019/07/13,1398/04/22
1495,"4,183,000","4,084,000","4,331,000","4,098,000",150000,3.8%,2019/07/14,1398/04/23
1496,"4,093,000","3,915,000","4,278,000","3,948,000",4000,0.1%,2019/07/15,1398/04/24
1497,"3,943,000","3,715,000","4,010,000","3,952,000",20000,0.51%,2019/07/16,1398/04/25
1498,"3,948,000","3,922,000","4,024,000","3,932,000",5400,0.14%,2019/07/17,1398/04/26
1499,"3,989,000","3,989,000","4,121,000","4,026,000",58000,1.44%,2019/07/20,1398/04/29
1500,"4,024,000","4,003,000","4,269,000","4,084,000",88000,2.15%,2019/07/21,1398/04/30
1501,"4,075,000","4,075,000","4,220,000","4,172,000",139000,3.45%,2019/07/22,1398/04/31
1502,"4,169,000","4,017,000","4,169,000","4,033,000",64000,1.61%,2019/07/23,1398/05/01
1503,"4,026,000","3,943,000","4,026,000","3,969,000",106500,2.68%,2019/07/24,1398/05/02
1504,"4,139,000","4,022,000","4,186,000","4,047,000",35000,0.86%,2019/07/27,1398/05/05
1505,"4,054,000","4,031,000","4,105,000","4,082,000",2000,0.05%,2019/07/28,1398/05/06
1506,"4,084,000","4,066,000","4,112,000","4,084,000",53000,1.31%,2019/07/29,1398/05/07
1507,"4,089,000","4,015,000","4,089,000","4,031,000",18000,0.45%,2019/07/30,1398/05/08
1508,"4,026,000","4,008,000","4,054,000","4,049,000",9400,0.23%,2019/07/31,1398/05/09
1509,"4,049,000","4,040,000","4,089,000","4,075,000",67000,1.64%,2019/08/03,1398/05/12
1510,"4,079,000","4,079,000","4,169,000","4,142,000",2000,0.05%,2019/08/04,1398/05/13
1511,"4,144,000","4,123,000","4,165,000","4,144,000",67000,1.62%,2019/08/05,1398/05/14
1512,"4,139,000","4,139,000","4,218,000","4,211,000",30000,0.72%,2019/08/06,1398/05/15
1513,"4,209,000","4,174,000","4,209,000","4,181,000",34300,0.83%,2019/08/07,1398/05/16
1514,"4,130,000","4,084,000","4,135,000","4,105,000",55000,1.34%,2019/08/10,1398/05/19
1515,"4,160,000","4,105,000","4,356,000","4,156,000",4000,0.1%,2019/08/13,1398/05/22
1516,"4,151,000","4,144,000","4,167,000","4,160,000",7000,0.17%,2019/08/14,1398/05/23
1517,"4,202,000","4,167,000","4,202,000","4,172,000",28000,0.68%,2019/08/17,1398/05/26
1518,"4,174,000","4,135,000","4,179,000","4,144,000",5000,0.12%,2019/08/18,1398/05/27
1519,"4,160,000","4,130,000","4,160,000","4,135,000",33600,0.81%,2019/08/21,1398/05/30
1520,"4,174,000","4,100,000","4,181,000","4,119,000",83000,2.06%,2019/08/24,1398/06/02
1521,"4,151,000","4,036,000","4,158,000","4,036,000",43000,1.07%,2019/08/25,1398/06/03
1522,"4,040,000","4,008,000","4,241,000","4,079,000",2000,0.05%,2019/08/26,1398/06/04
1523,"4,084,000","4,052,000","4,096,000","4,077,000",14000,0.34%,2019/08/27,1398/06/05
1524,"4,072,000","4,072,000","4,102,000","4,091,000",26800,0.66%,2019/08/28,1398/06/06
1525,"4,128,000","4,086,000","4,139,000","4,112,000",7000,0.17%,2019/08/31,1398/06/09
1526,"4,107,000","4,079,000","4,123,000","4,119,000",16000,0.39%,2019/09/01,1398/06/10
1527,"4,114,000","4,102,000","4,144,000","4,135,000",7000,0.17%,2019/09/02,1398/06/11
1528,"4,126,000","4,116,000","4,139,000","4,128,000",14000,0.34%,2019/09/03,1398/06/12
1529,"4,163,000","4,142,000","4,163,000","4,142,000",3900,0.09%,2019/09/04,1398/06/13
1530,"4,132,000","4,132,000","4,151,000","4,146,000",14400,0.35%,2019/09/07,1398/06/16
1531,"4,102,000","4,091,000","4,114,000","4,109,000",46300,1.14%,2019/09/11,1398/06/20
1532,"4,047,000","4,012,000","4,063,000","4,040,000",39000,0.97%,2019/09/14,1398/06/23
1533,"4,070,000","4,056,000","4,091,000","4,079,000",4000,0.1%,2019/09/15,1398/06/24
1534,"4,070,000","4,045,000","4,075,000","4,075,000",21000,0.52%,2019/09/16,1398/06/25
1535,"4,068,000","4,066,000","4,105,000","4,096,000",-,-,2019/09/17,1398/06/26
1536,"4,100,000","4,077,000","4,100,000","4,096,000",1300,0.03%,2019/09/18,1398/06/27
1537,"4,112,000","4,079,000","4,112,000","4,089,000",12000,0.29%,2019/09/21,1398/06/30
1538,"4,070,000","4,054,000","4,086,000","4,077,000",16000,0.39%,2019/09/22,1398/06/31
1539,"4,072,000","4,072,000","4,114,000","4,093,000",4000,0.1%,2019/09/23,1398/07/01
1540,"4,091,000","4,084,000","4,121,000","4,089,000",5000,0.12%,2019/09/24,1398/07/02
1541,"4,084,000","4,084,000","4,098,000","4,084,000",4600,0.11%,2019/09/25,1398/07/03
1542,"4,072,000","4,070,000","4,098,000","4,098,000",16000,0.39%,2019/09/28,1398/07/06
1543,"4,096,000","4,072,000","4,114,000","4,082,000",26000,0.64%,2019/09/29,1398/07/07
1544,"4,077,000","3,585,000","4,077,000","4,056,000",28000,0.69%,2019/09/30,1398/07/08
1545,"4,059,000","4,052,000","4,096,000","4,084,000",9000,0.22%,2019/10/01,1398/07/09
1546,"4,079,000","4,079,000","4,100,000","4,093,000",800,0.02%,2019/10/02,1398/07/10
1547,"4,082,000","4,066,000","4,082,000","4,075,000",2000,0.05%,2019/10/05,1398/07/13
1548,"4,079,000","4,068,000","4,084,000","4,077,000",7000,0.17%,2019/10/06,1398/07/14
1549,"4,075,000","4,068,000","4,091,000","4,084,000",2000,0.05%,2019/10/07,1398/07/15
1550,"4,079,000","4,072,000","4,093,000","4,082,000",4000,0.1%,2019/10/08,1398/07/16
1551,"4,079,000","4,079,000","4,089,000","4,086,000",23100,0.57%,2019/10/09,1398/07/17
1552,"4,063,000","4,026,000","4,063,000","4,049,000",3000,0.07%,2019/10/12,1398/07/20
1553,"4,052,000","4,045,000","4,056,000","4,052,000",9000,0.22%,2019/10/13,1398/07/21
1554,"4,049,000","4,049,000","4,066,000","4,061,000",12000,0.3%,2019/10/14,1398/07/22
1555,"4,066,000","4,045,000","4,066,000","4,049,000",-,-,2019/10/15,1398/07/23
1556,"4,045,000","4,045,000","4,049,000","4,049,000",11300,0.28%,2019/10/16,1398/07/24
1557,"4,040,000","4,029,000","4,042,000","4,031,000",21000,0.52%,2019/10/20,1398/07/28
1558,"4,024,000","4,006,000","4,031,000","4,010,000",51000,1.29%,2019/10/21,1398/07/29
1559,"4,006,000","3,952,000","4,010,000","3,959,000",25000,0.64%,2019/10/22,1398/07/30
1560,"3,948,000","3,927,000","3,948,000","3,934,000",9600,0.24%,2019/10/23,1398/08/01
1561,"3,982,600","3,900,500","4,044,200","3,995,500",100,-,2019/10/25,1398/08/03
1562,"3,989,100","3,929,600","4,076,900","3,995,400",28600,0.72%,2019/10/27,1398/08/05
1563,"3,987,000","3,976,000","4,026,000","4,024,000",8300,0.21%,2019/10/30,1398/08/08
1564,"4,119,000","4,059,000","4,121,000","4,070,000",4000,0.1%,2019/11/02,1398/08/11
1565,"4,068,000","4,054,000","4,084,000","4,066,000",16000,0.39%,2019/11/03,1398/08/12
1566,"4,077,000","4,072,000","4,098,000","4,082,000",1700,0.04%,2019/11/04,1398/08/13
1567,"4,035,200","3,958,100","4,087,400","4,047,800",20200,0.5%,2019/11/06,1398/08/15
1568,"4,040,000","4,033,000","4,077,000","4,068,000",5000,0.12%,2019/11/09,1398/08/18
1569,"4,082,000","4,049,000","4,093,000","4,063,000",7000,0.17%,2019/11/10,1398/08/19
1570,"4,059,000","4,047,000","4,077,000","4,070,000",49000,1.2%,2019/11/11,1398/08/20
1571,"4,102,000","4,084,000","4,123,000","4,119,000",3000,0.07%,2019/11/12,1398/08/21
1572,"4,116,000","4,096,000","4,123,000","4,116,000",24800,0.6%,2019/11/13,1398/08/22
1573,"4,259,000","4,259,000","4,264,000","4,259,000",5000,0.12%,2019/11/16,1398/08/25
1574,"4,264,000","4,259,000","4,264,000","4,264,000",39000,0.92%,2019/11/17,1398/08/26
1575,"4,259,000","4,225,000","4,264,000","4,225,000",9000,0.21%,2019/11/18,1398/08/27
1576,"4,229,000","4,225,000","4,241,000","4,234,000",5000,0.12%,2019/11/19,1398/08/28
1577,"4,229,000","4,229,000","4,243,000","4,239,000",8900,0.21%,2019/11/20,1398/08/29
1578,"4,213,000","4,213,000","4,283,000","4,236,000",51000,1.2%,2019/11/23,1398/09/02
1579,"4,241,000","4,241,000","4,303,000","4,287,000",30000,0.7%,2019/11/24,1398/09/03
1580,"4,289,000","4,241,000","4,296,000","4,257,000",56000,1.32%,2019/11/25,1398/09/04
1581,"4,262,000","4,241,000","4,324,000","4,313,000",39000,0.9%,2019/11/26,1398/09/05
1582,"4,336,000","4,326,000","4,361,000","4,352,000",1800,0.04%,2019/11/27,1398/09/06
1583,"4,350,000","4,345,000","4,458,000","4,428,000",14000,0.32%,2019/11/30,1398/09/09
1584,"4,426,000","4,386,000","4,467,000","4,414,000",39000,0.88%,2019/12/01,1398/09/10
1585,"4,426,000","4,389,000","4,460,000","4,453,000",47000,1.06%,2019/12/02,1398/09/11
1586,"4,458,000","4,458,000","4,518,000","4,500,000",48000,1.07%,2019/12/03,1398/09/12
1587,"4,497,000","4,493,000","4,555,000","4,548,000",31500,0.69%,2019/12/04,1398/09/13
1588,"4,608,000","4,608,000","4,687,000","4,668,000",97000,2.08%,2019/12/07,1398/09/16
1589,"4,698,000","4,661,000","4,777,000","4,765,000",127000,2.74%,2019/12/08,1398/09/17
1590,"4,772,000","4,631,000","4,885,000","4,638,000",62000,1.35%,2019/12/09,1398/09/18
1591,"4,633,000","4,555,000","4,684,000","4,576,000",81000,1.8%,2019/12/10,1398/09/19
1592,"4,564,000","4,463,000","4,564,000","4,495,000",104800,2.39%,2019/12/11,1398/09/20
1593,"4,373,000","4,345,000","4,495,000","4,474,000",58000,1.3%,2019/12/14,1398/09/23
1594,"4,476,000","4,419,000","4,557,000","4,532,000",53000,1.17%,2019/12/15,1398/09/24
1595,"4,486,000","4,476,000","4,585,000","4,585,000",74000,1.64%,2019/12/16,1398/09/25
1596,"4,590,000","4,486,000","4,594,000","4,511,000",53000,1.17%,2019/12/17,1398/09/26
1597,"4,509,000","4,507,000","4,567,000","4,564,000",66900,1.47%,2019/12/18,1398/09/27
1598,"4,645,000","4,583,000","4,700,000","4,613,000",25000,0.54%,2019/12/21,1398/09/30
1599,"4,610,000","4,564,000","4,659,000","4,638,000",-,-,2019/12/22,1398/10/01
1600,"4,640,000","4,599,000","4,684,000","4,638,000",44000,0.95%,2019/12/23,1398/10/02
1601,"4,645,000","4,622,000","4,687,000","4,682,000",23000,0.49%,2019/12/24,1398/10/03
1602,"4,691,000","4,673,000","4,710,000","4,705,000",5700,0.12%,2019/12/25,1398/10/04
1603,"4,705,000","4,657,000","4,714,000","4,663,000",31000,0.66%,2019/12/28,1398/10/07
1604,"4,677,000","4,659,000","4,694,000","4,694,000",78000,1.66%,2019/12/29,1398/10/08
1605,"4,689,000","4,689,000","4,788,000","4,772,000",18000,0.38%,2019/12/30,1398/10/09
1606,"4,786,000","4,726,000","4,786,000","4,754,000",30000,0.63%,2019/12/31,1398/10/10
1607,"4,737,000","4,737,000","4,790,000","4,784,000",49700,1.04%,2020/01/01,1398/10/11
1608,"4,931,000","4,929,000","5,114,000","5,019,000",16000,0.32%,2020/01/04,1398/10/14
1609,"5,012,000","5,012,000","5,169,000","5,035,000",30000,0.6%,2020/01/05,1398/10/15
1610,"5,040,000","4,989,000","5,111,000","5,065,000",30000,0.6%,2020/01/06,1398/10/16
1611,"5,063,000","5,003,000","5,162,000","5,035,000",221000,4.59%,2020/01/07,1398/10/17
1612,"5,042,000","4,740,000","5,042,000","4,814,000",4200,0.09%,2020/01/08,1398/10/18
1613,"4,814,000","4,807,000","4,901,000","4,892,000",16000,0.33%,2020/01/11,1398/10/21
1614,"4,890,000","4,876,000","4,938,000","4,908,000",14000,0.29%,2020/01/12,1398/10/22
1615,"4,915,000","4,832,000","4,945,000","4,922,000",37000,0.75%,2020/01/13,1398/10/23
1616,"4,931,000","4,931,000","4,991,000","4,959,000",28000,0.56%,2020/01/14,1398/10/24
1617,"4,950,000","4,947,000","4,991,000","4,987,000",50600,1.03%,2020/01/15,1398/10/25
1618,"4,927,000","4,920,000","4,982,000","4,975,000",2000,0.04%,2020/01/18,1398/10/28
1619,"4,973,000","4,947,000","4,998,000","4,977,000",43000,0.87%,2020/01/19,1398/10/29
1620,"4,975,000","4,915,000","4,991,000","4,934,000",37000,0.75%,2020/01/20,1398/10/30
1621,"4,931,000","4,929,000","4,994,000","4,971,000",27000,0.54%,2020/01/21,1398/11/01
1622,"4,975,000","4,975,000","5,007,000","4,998,000",9700,0.19%,2020/01/22,1398/11/02
1623,"5,033,000","5,028,000","5,068,000","5,056,000",55000,1.09%,2020/01/25,1398/11/05
1624,"5,065,000","5,058,000","5,114,000","5,111,000",5000,0.1%,2020/01/26,1398/11/06
1625,"5,104,000","5,100,000","5,139,000","5,116,000",-,-,2020/01/27,1398/11/07
1626,"5,116,000","5,116,000","5,116,000","5,116,000",28000,0.55%,2020/01/28,1398/11/08
1627,"5,144,000","5,144,000","5,144,000","5,144,000",46000,0.9%,2020/01/30,1398/11/10
1628,"5,047,000","5,019,000","5,104,000","5,098,000",2000,0.04%,2020/02/01,1398/11/12
1629,"5,102,000","5,065,000","5,123,000","5,100,000",60000,1.19%,2020/02/02,1398/11/13
1630,"5,107,000","5,033,000","5,118,000","5,040,000",30000,0.6%,2020/02/03,1398/11/14
1631,"5,037,000","5,028,000","5,074,000","5,070,000",7000,0.14%,2020/02/04,1398/11/15
1632,"5,079,000","5,063,000","5,088,000","5,077,000",-,-,2020/02/05,1398/11/16
1633,"5,077,000","5,077,000","5,077,000","5,077,000",92000,1.81%,2020/02/06,1398/11/17
1634,"5,160,000","5,151,000","5,185,000","5,169,000",23000,0.44%,2020/02/08,1398/11/19
1635,"5,171,000","5,171,000","5,204,000","5,192,000",-,-,2020/02/09,1398/11/20
1636,"5,192,000","5,192,000","5,192,000","5,192,000",18000,0.35%,2020/02/10,1398/11/21
1637,"5,222,000","5,171,000","5,234,000","5,174,000",-,-,2020/02/12,1398/11/23
1638,"5,174,000","5,174,000","5,174,000","5,174,000",159000,3.07%,2020/02/13,1398/11/24
1639,"5,308,000","5,250,000","5,342,000","5,333,000",32000,0.6%,2020/02/15,1398/11/26
1640,"5,328,000","5,287,000","5,377,000","5,365,000",44000,0.82%,2020/02/16,1398/11/27
1641,"5,354,000","5,347,000","5,414,000","5,409,000",74000,1.37%,2020/02/17,1398/11/28
1642,"5,416,000","5,370,000","5,490,000","5,483,000",2000,0.04%,2020/02/18,1398/11/29
1643,"5,478,000","5,455,000","5,504,000","5,485,000",-,-,2020/02/19,1398/11/30
1644,"5,485,000","5,485,000","5,485,000","5,485,000",501000,9.13%,2020/02/20,1398/12/01
1645,"5,977,000","5,912,000","6,224,000","5,986,000",300000,5.01%,2020/02/22,1398/12/03
1646,"5,991,000","5,991,000","6,319,000","6,286,000",3000,0.05%,2020/02/23,1398/12/04
1647,"6,243,000","6,162,000","6,365,000","6,289,000",39000,0.62%,2020/02/24,1398/12/05
1648,"6,284,000","6,178,000","6,305,000","6,250,000",42000,0.68%,2020/02/25,1398/12/06
1649,"6,245,000","6,155,000","6,326,000","6,208,000",-,-,2020/02/26,1398/12/07
1650,"6,208,000","6,208,000","6,208,000","6,208,000",215000,3.59%,2020/02/27,1398/12/08
1651,"5,769,000","5,746,000","6,021,000","5,993,000",64000,1.08%,2020/02/29,1398/12/10
1652,"6,060,000","5,841,000","6,097,000","5,929,000",60000,1.01%,2020/03/01,1398/12/11
1653,"5,922,000","5,864,000","5,998,000","5,989,000",7000,0.12%,2020/03/02,1398/12/12
1654,"5,984,000","5,919,000","6,028,000","5,982,000",7000,0.12%,2020/03/03,1398/12/13
1655,"5,977,000","5,852,000","5,991,000","5,989,000",-,-,2020/03/04,1398/12/14
1656,"5,989,000","5,989,000","5,989,000","5,989,000",41000,0.68%,2020/03/05,1398/12/15
1657,"6,030,000","6,030,000","6,030,000","6,030,000",49000,0.81%,2020/03/07,1398/12/17
1658,"6,053,000","6,030,000","6,123,000","6,079,000",150000,2.53%,2020/03/09,1398/12/19
1659,"6,074,000","5,929,000","6,079,000","5,929,000",14000,0.24%,2020/03/10,1398/12/20
1660,"5,931,000","5,852,000","5,961,000","5,915,000",-,-,2020/03/11,1398/12/21
1661,"5,915,000","5,915,000","5,915,000","5,915,000",60000,1.01%,2020/03/12,1398/12/22
1662,"5,820,000","5,804,000","6,007,000","5,975,000",86000,1.46%,2020/03/14,1398/12/24
1663,"5,989,000","5,882,000","6,171,000","5,889,000",206000,3.5%,2020/03/15,1398/12/25
1664,"5,899,000","5,882,000","6,153,000","6,095,000",69000,1.15%,2020/03/16,1398/12/26
1665,"6,083,000","6,014,000","6,127,000","6,026,000",-,-,2020/03/17,1398/12/27
1666,"6,026,000","6,026,000","6,026,000","6,026,000",152000,2.52%,2020/03/18,1398/12/28
1667,"6,192,000","6,146,000","6,203,000","6,178,000",2000,0.03%,2020/03/24,1399/01/05
1668,"6,139,000","6,123,000","6,187,000","6,176,000",-,-,2020/03/25,1399/01/06
1669,"6,176,000","6,176,000","6,176,000","6,176,000",198000,3.21%,2020/03/26,1399/01/07
1670,"6,259,000","6,252,000","6,386,000","6,374,000",14000,0.22%,2020/03/28,1399/01/09
1671,"6,367,000","6,240,000","6,469,000","6,388,000",2000,0.03%,2020/03/29,1399/01/10
1672,"6,381,000","6,344,000","6,473,000","6,390,000",18000,0.28%,2020/03/30,1399/01/11
1673,"6,372,000","6,372,000","6,372,000","6,372,000",171000,2.68%,2020/04/02,1399/01/14
1674,"6,540,000","6,508,000","6,603,000","6,543,000",9000,0.14%,2020/04/04,1399/01/16
1675,"6,554,000","6,527,000","6,598,000","6,534,000",51000,0.79%,2020/04/05,1399/01/17
1676,"6,561,000","6,448,000","6,591,000","6,483,000",157000,2.48%,2020/04/06,1399/01/18
1677,"6,487,000","6,319,000","6,487,000","6,326,000",-,-,2020/04/07,1399/01/19
1678,"6,339,500","6,326,000","6,353,000","6,326,000",111000,1.75%,2020/04/08,1399/01/20
1679,"6,490,000","6,427,000","6,520,000","6,437,000",26000,0.41%,2020/04/11,1399/01/23
1680,"6,434,000","6,367,000","6,448,000","6,411,000",11000,0.17%,2020/04/12,1399/01/24
1681,"6,409,000","6,370,000","6,446,000","6,400,000",37000,0.58%,2020/04/13,1399/01/25
1682,"6,402,000","6,353,000","6,411,000","6,363,000",72000,1.14%,2020/04/14,1399/01/26
1683,"6,365,000","6,263,000","6,365,000","6,291,000",-,-,2020/04/15,1399/01/27
1684,"6,291,000","6,291,000","6,291,000","6,291,000",187000,3.06%,2020/04/16,1399/01/28
1685,"5,996,000","5,880,000","6,109,000","6,104,000",12000,0.2%,2020/04/18,1399/01/30
1686,"6,099,000","6,056,000","6,143,000","6,116,000",152000,2.49%,2020/04/19,1399/01/31
1687,"6,118,000","6,118,000","6,289,000","6,268,000",277000,4.42%,2020/04/20,1399/02/01
1688,"6,307,000","6,307,000","6,547,000","6,545,000",88000,1.36%,2020/04/21,1399/02/02
1689,"6,540,000","6,393,000","6,575,000","6,457,000",-,-,2020/04/22,1399/02/03
1690,"6,457,000","6,457,000","6,457,000","6,457,000",87000,1.37%,2020/04/23,1399/02/04
1691,"6,524,000","6,356,000","6,575,000","6,370,000",9000,0.14%,2020/04/25,1399/02/06
1692,"6,360,000","6,305,000","6,383,000","6,379,000",4000,0.06%,2020/04/26,1399/02/07
1693,"6,377,000","6,351,000","6,416,000","6,383,000",24000,0.38%,2020/04/27,1399/02/08
1694,"6,423,000","6,388,000","6,467,000","6,407,000",7000,0.11%,2020/04/28,1399/02/09
1695,"6,457,000","6,400,000","6,480,000","6,400,000",-,-,2020/04/29,1399/02/10
1696,"6,400,000","6,400,000","6,400,000","6,400,000",7000,0.11%,2020/04/30,1399/02/11
1697,"6,347,000","6,333,000","6,409,000","6,393,000",67000,1.05%,2020/05/02,1399/02/13
1698,"6,402,000","6,400,000","6,480,000","6,460,000",7000,0.11%,2020/05/03,1399/02/14
1699,"6,457,000","6,416,000","6,476,000","6,453,000",27000,0.42%,2020/05/04,1399/02/15
1700,"6,499,000","6,469,000","6,529,000","6,480,000",37000,0.57%,2020/05/05,1399/02/16
1701,"6,487,000","6,487,000","6,529,000","6,517,000",-,-,2020/05/06,1399/02/17
1702,"6,517,000","6,517,000","6,517,000","6,517,000",148000,2.27%,2020/05/07,1399/02/18
1703,"6,637,000","6,624,000","6,679,000","6,665,000",88000,1.32%,2020/05/09,1399/02/20
1704,"6,672,000","6,660,000","6,757,000","6,753,000",120000,1.78%,2020/05/10,1399/02/21
1705,"6,757,000","6,757,000","6,917,000","6,873,000",28000,0.41%,2020/05/11,1399/02/22
1706,"6,866,000","6,866,000","7,023,000","6,901,000",58000,0.85%,2020/05/12,1399/02/23
1707,"6,880,000","6,838,000","6,894,000","6,843,000",-,-,2020/05/13,1399/02/24
1708,"6,843,000","6,843,000","6,843,000","6,843,000",309000,4.52%,2020/05/14,1399/02/25
1709,"7,071,000","7,071,000","7,219,000","7,152,000",58000,0.81%,2020/05/16,1399/02/27
1710,"7,159,000","7,159,000","7,436,000","7,210,000",198000,2.75%,2020/05/17,1399/02/28
1711,"7,205,000","7,173,000","7,434,000","7,408,000",17000,0.23%,2020/05/18,1399/02/29
1712,"7,413,000","7,395,000","7,441,000","7,425,000",58000,0.79%,2020/05/19,1399/02/30
1713,"7,376,000","7,360,000","7,455,000","7,367,000",-,-,2020/05/20,1399/02/31
1714,"7,367,000","7,367,000","7,367,000","7,367,000",74000,1.01%,2020/05/21,1399/03/01
1715,"7,293,000","7,293,000","7,293,000","7,293,000",319000,4.57%,2020/05/23,1399/03/03
1716,"7,104,000","6,921,000","7,138,000","6,974,000",222000,3.18%,2020/05/26,1399/03/06
1717,"7,101,000","7,048,000","7,205,000","7,196,000",-,-,2020/05/27,1399/03/07
1718,"7,196,000","7,196,000","7,196,000","7,196,000",2000,0.03%,2020/05/28,1399/03/08
1719,"7,335,000","7,185,000","7,335,000","7,194,000",71000,0.99%,2020/05/30,1399/03/10
1720,"7,198,000","7,198,000","7,314,000","7,265,000",63000,0.87%,2020/05/31,1399/03/11
1721,"7,272,000","7,233,000","7,335,000","7,328,000",101600,1.41%,2020/06/01,1399/03/12
1722,"7,118,000","7,090,000","7,173,000","7,127,000",28000,0.39%,2020/06/06,1399/03/17
1723,"7,120,000","7,058,000","7,120,000","7,099,000",183000,2.58%,2020/06/07,1399/03/18
1724,"7,168,000","7,150,000","7,288,000","7,282,000",64000,0.88%,2020/06/08,1399/03/19
1725,"7,263,000","7,263,000","7,390,000","7,346,000",58000,0.79%,2020/06/09,1399/03/20
1726,"7,434,000","7,404,000","7,466,000","7,404,000",-,-,2020/06/10,1399/03/21
1727,"7,404,000","7,404,000","7,404,000","7,404,000",14000,0.19%,2020/06/11,1399/03/22
1728,"7,328,000","7,328,000","7,438,000","7,418,000",16000,0.22%,2020/06/13,1399/03/24
1729,"7,425,000","7,395,000","7,459,000","7,402,000",161000,2.18%,2020/06/14,1399/03/25
1730,"7,408,000","7,408,000","7,570,000","7,563,000",-,-,2020/06/15,1399/03/26
1731,"7,563,000","7,563,000","7,563,000","7,563,000",95000,1.26%,2020/06/16,1399/03/27
1732,"7,658,000","7,658,000","7,658,000","7,658,000",369000,4.82%,2020/06/18,1399/03/29
1733,"7,875,000","7,875,000","8,027,000","8,027,000",187000,2.33%,2020/06/20,1399/03/31
1734,"8,177,000","8,152,000","8,214,000","8,214,000",231000,2.81%,2020/06/21,1399/04/01
1735,"8,210,000","8,210,000","8,447,000","8,445,000",90000,1.08%,2020/06/22,1399/04/02
1736,"8,440,000","8,337,000","8,496,000","8,355,000",231000,2.84%,2020/06/23,1399/04/03
1737,"8,360,000","8,124,000","8,360,000","8,124,000",-,-,2020/06/24,1399/04/04
1738,"8,124,000","8,124,000","8,124,000","8,124,000",432000,5.32%,2020/06/25,1399/04/05
1739,"8,556,000","8,547,000","8,556,000","8,556,000",14000,0.16%,2020/06/27,1399/04/07
1740,"8,637,000","8,561,000","8,637,000","8,570,000",171000,2%,2020/06/28,1399/04/08
1741,"8,717,000","8,662,000","8,741,000","8,741,000",86000,0.99%,2020/06/29,1399/04/09
1742,"8,604,000","8,537,000","8,671,000","8,655,000",236000,2.73%,2020/06/30,1399/04/10
1743,"8,660,000","8,655,000","8,893,000","8,891,000",142800,1.61%,2020/07/01,1399/04/11
1744,"9,071,000","9,071,000","9,304,000","9,297,000",5000,0.05%,2020/07/04,1399/04/14
1745,"9,302,000","9,253,000","9,380,000","9,292,000",93000,1%,2020/07/05,1399/04/15
1746,"9,299,000","9,269,000","9,385,000","9,385,000",205000,2.18%,2020/07/06,1399/04/16
1747,"9,574,000","9,553,000","9,590,000","9,590,000",74000,0.77%,2020/07/07,1399/04/17
1748,"9,586,000","9,586,000","9,766,000","9,664,000",-,-,2020/07/08,1399/04/18
1749,"9,664,000","9,664,000","9,664,000","9,664,000",-,-,2020/07/09,1399/04/19
1750,"9,646,000","9,636,000","9,743,000","9,664,000",203000,2.1%,2020/07/11,1399/04/21
1751,"9,659,000","9,659,000","9,872,000","9,867,000",88000,0.89%,2020/07/12,1399/04/22
1752,"9,957,000","9,826,000","9,960,000","9,955,000",228000,2.29%,2020/07/13,1399/04/23
1753,"9,960,000","9,955,000","10,188,000","10,183,000",187000,1.84%,2020/07/14,1399/04/24
1754,"10,188,000","10,183,000","10,377,000","10,370,000",-,-,2020/07/15,1399/04/25
1755,"10,370,000","10,370,000","10,370,000","10,370,000",215000,2.07%,2020/07/16,1399/04/26
1756,"11,144,000","10,514,000","11,151,000","10,585,000",789000,8.05%,2020/07/18,1399/04/28
1757,"10,583,000","9,779,000","10,585,000","9,796,000",296000,3.12%,2020/07/19,1399/04/29
1758,"9,807,000","9,018,000","9,918,000","9,500,000",164000,1.73%,2020/07/20,1399/04/30
1759,"9,496,000","9,313,000","9,860,000","9,664,000",141000,1.48%,2020/07/21,1399/04/31
1760,"9,690,000","9,523,000","9,690,000","9,523,000",-,-,2020/07/22,1399/05/01
1761,"9,523,000","9,523,000","9,523,000","9,523,000",647000,6.79%,2020/07/23,1399/05/02
1762,"10,414,000","10,091,000","10,800,000","10,170,000",461000,4.53%,2020/07/25,1399/05/04
1763,"10,160,000","10,156,000","10,738,000","10,631,000",19000,0.18%,2020/07/26,1399/05/05
1764,"10,636,000","10,551,000","10,721,000","10,650,000",97000,0.91%,2020/07/27,1399/05/06
1765,"10,645,000","10,597,000","10,772,000","10,747,000",97000,0.9%,2020/07/28,1399/05/07
1766,"10,744,000","10,742,000","10,883,000","10,844,000",-,-,2020/07/29,1399/05/08
1767,"10,844,000","10,844,000","10,844,000","10,844,000",155000,1.45%,2020/07/30,1399/05/09
1768,"10,514,000","10,310,000","10,763,000","10,689,000",67000,0.63%,2020/08/01,1399/05/11
1769,"10,714,000","10,698,000","10,869,000","10,756,000",32000,0.3%,2020/08/02,1399/05/12
1770,"10,731,000","10,726,000","10,830,000","10,788,000",312000,2.89%,2020/08/03,1399/05/13
1771,"10,793,000","10,788,000","11,407,000","11,100,000",187000,1.68%,2020/08/04,1399/05/14
1772,"11,105,000","11,100,000","11,315,000","11,287,000",-,-,2020/08/05,1399/05/15
1773,"11,287,000","11,287,000","11,287,000","11,287,000",935000,9.03%,2020/08/06,1399/05/16
1774,"10,096,000","9,999,000","10,456,000","10,352,000",35000,0.34%,2020/08/09,1399/05/19
1775,"10,347,000","10,223,000","10,652,000","10,317,000",180000,1.78%,2020/08/10,1399/05/20
1776,"10,322,000","10,103,000","10,322,000","10,137,000",113000,1.11%,2020/08/11,1399/05/21
1777,"10,142,000","10,135,000","10,310,000","10,250,000",-,-,2020/08/12,1399/05/22
1778,"10,250,000","10,250,000","10,250,000","10,250,000",137000,1.34%,2020/08/13,1399/05/23
1779,"9,994,000","9,946,000","10,403,000","10,387,000",297000,2.86%,2020/08/15,1399/05/25
1780,"10,382,000","10,382,000","10,708,000","10,684,000",90000,0.85%,2020/08/16,1399/05/26
1781,"10,661,000","10,592,000","10,830,000","10,594,000",115000,1.1%,2020/08/17,1399/05/27
1782,"10,597,000","10,454,000","10,675,000","10,479,000",42000,0.4%,2020/08/18,1399/05/28
1783,"10,474,000","10,410,000","10,622,000","10,521,000",-,-,2020/08/19,1399/05/29
1784,"10,521,000","10,521,000","10,521,000","10,521,000",116000,1.11%,2020/08/20,1399/05/30
1785,"10,497,000","10,403,000","10,618,000","10,405,000",95000,0.91%,2020/08/22,1399/06/01
1786,"10,412,000","10,380,000","10,599,000","10,500,000",30000,0.29%,2020/08/23,1399/06/02
1787,"10,576,000","10,507,000","10,588,000","10,530,000",67000,0.64%,2020/08/24,1399/06/03
1788,"10,521,000","10,407,000","10,754,000","10,597,000",16000,0.15%,2020/08/25,1399/06/04
1789,"10,592,000","10,588,000","10,714,000","10,613,000",-,-,2020/08/26,1399/06/05
1790,"10,613,000","10,613,000","10,613,000","10,613,000",549000,5.17%,2020/08/27,1399/06/06
1791,"10,936,000","10,931,000","11,206,000","11,162,000",97000,0.88%,2020/08/31,1399/06/10
1792,"11,278,000","11,061,000","11,338,000","11,065,000",4000,0.04%,2020/09/01,1399/06/11
1793,"11,061,000","11,061,000","11,065,000","11,061,000",-,-,2020/09/02,1399/06/12
1794,"11,061,000","11,061,000","11,061,000","11,061,000",86000,0.78%,2020/09/03,1399/06/13
1795,"11,012,000","10,871,000","11,118,000","10,975,000",30000,0.27%,2020/09/05,1399/06/15
1796,"10,968,000","10,920,000","11,026,000","11,005,000",217000,1.97%,2020/09/06,1399/06/16
1797,"11,010,000","11,005,000","11,250,000","11,222,000",220000,1.96%,2020/09/07,1399/06/17
1798,"11,227,000","11,222,000","11,453,000","11,442,000",99000,0.87%,2020/09/08,1399/06/18
1799,"11,437,000","11,437,000","11,589,000","11,541,000",-,-,2020/09/09,1399/06/19
1800,"11,541,000","11,541,000","11,541,000","11,541,000",436000,3.78%,2020/09/10,1399/06/20
1801,"11,707,000","11,703,000","11,998,000","11,977,000",191000,1.62%,2020/09/12,1399/06/22
1802,"11,973,000","11,710,000","12,210,000","11,786,000",408000,3.46%,2020/09/13,1399/06/23
1803,"11,788,000","11,788,000","12,231,000","12,194,000",90000,0.74%,2020/09/14,1399/06/24
1804,"12,190,000","12,190,000","12,492,000","12,284,000",131000,1.08%,2020/09/15,1399/06/25
1805,"12,280,000","12,054,000","12,305,000","12,153,000",-,-,2020/09/16,1399/06/26
1806,"12,153,000","12,153,000","12,153,000","12,153,000",335000,2.76%,2020/09/17,1399/06/27
1807,"12,054,000","12,054,000","12,492,000","12,488,000",231000,1.88%,2020/09/19,1399/06/29
1808,"12,492,000","12,238,000","12,538,000","12,257,000",99000,0.81%,2020/09/20,1399/06/30
1809,"12,261,000","12,102,000","12,397,000","12,356,000",108000,0.87%,2020/09/21,1399/06/31
1810,"12,361,000","12,337,000","12,492,000","12,464,000",5000,0.04%,2020/09/22,1399/07/01
1811,"12,469,000","12,464,000","12,469,000","12,469,000",-,-,2020/09/23,1399/07/02
1812,"12,469,000","12,469,000","12,469,000","12,469,000",99000,0.79%,2020/09/24,1399/07/03
1813,"12,494,000","12,494,000","12,594,000","12,568,000",81000,0.64%,2020/09/26,1399/07/05
1814,"12,564,000","12,564,000","12,654,000","12,649,000",277000,2.19%,2020/09/27,1399/07/06
1815,"12,654,000","12,649,000","12,935,000","12,926,000",314000,2.43%,2020/09/28,1399/07/07
1816,"12,931,000","12,926,000","13,245,000","13,240,000",275000,2.08%,2020/09/29,1399/07/08
1817,"13,245,000","13,240,000","13,566,000","13,515,000",-,-,2020/09/30,1399/07/09
1818,"13,515,000","13,515,000","13,515,000","13,515,000",503000,3.87%,2020/10/01,1399/07/10
1819,"13,388,000","13,000,000","13,393,000","13,012,000",371000,2.85%,2020/10/03,1399/07/12
1820,"13,007,000","13,007,000","13,420,000","13,383,000",270000,2.02%,2020/10/04,1399/07/13
1821,"13,388,000","13,383,000","13,658,000","13,653,000",92000,0.68%,2020/10/05,1399/07/14
1822,"13,658,000","13,429,000","13,658,000","13,561,000",-,-,2020/10/06,1399/07/15
1823,"13,563,500","13,561,000","13,566,000","13,561,000",928000,6.84%,2020/10/07,1399/07/16
1824,"14,201,000","14,201,000","14,692,000","14,489,000",249000,1.72%,2020/10/10,1399/07/19
1825,"14,485,000","14,231,000","14,743,000","14,738,000",17000,0.12%,2020/10/11,1399/07/20
1826,"14,743,000","14,727,000","14,974,000","14,755,000",111000,0.76%,2020/10/12,1399/07/21
1827,"14,750,000","14,547,000","14,870,000","14,644,000",300000,2.05%,2020/10/13,1399/07/22
1828,"14,648,000","14,644,000","14,958,000","14,944,000",174900,1.18%,2020/10/14,1399/07/23
1829,"14,708,000","14,034,000","14,720,000","14,062,000",1132000,8.75%,2020/10/18,1399/07/27
1830,"14,057,000","12,137,000","14,062,000","12,930,000",55000,0.43%,2020/10/19,1399/07/28
1831,"12,171,000","12,049,000","13,233,000","12,875,000",693000,5.38%,2020/10/20,1399/07/29
1832,"12,885,000","12,875,000","13,700,000","13,568,000",-,-,2020/10/21,1399/07/30
1833,"13,568,000","13,568,000","13,568,000","13,568,000",413000,3.14%,2020/10/22,1399/08/01
1834,"13,155,000","13,155,000","13,155,000","13,155,000",337000,2.63%,2020/10/24,1399/08/03
1835,"12,638,000","12,635,000","12,945,000","12,818,000",284000,2.27%,2020/10/26,1399/08/05
1836,"12,822,000","12,460,000","12,829,000","12,534,000",116000,0.93%,2020/10/27,1399/08/06
1837,"12,529,000","12,391,000","12,596,000","12,418,000",-,-,2020/10/28,1399/08/07
1838,"12,418,000","12,418,000","12,418,000","12,418,000",53000,0.43%,2020/10/29,1399/08/08
1839,"11,746,000","11,740,000","12,367,000","12,365,000",787000,6.36%,2020/10/31,1399/08/10
1840,"12,367,000","12,120,000","13,339,000","13,152,000",-,-,2020/11/01,1399/08/11
1841,"13,152,000","13,152,000","13,152,000","13,152,000",918000,7.5%,2020/11/02,1399/08/12
1842,"13,016,000","11,765,000","13,025,000","12,234,000",160600,1.33%,2020/11/04,1399/08/14
1843,"11,407,000","10,839,000","11,776,000","11,663,000",568000,4.87%,2020/11/07,1399/08/17
1844,"11,654,000","11,647,000","13,215,000","12,231,000",2000,0.02%,2020/11/08,1399/08/18
1845,"12,467,000","12,224,000","12,633,000","12,229,000",37000,0.3%,2020/11/09,1399/08/19
1846,"12,241,000","11,901,000","12,471,000","12,192,000",58000,0.48%,2020/11/10,1399/08/20
1847,"12,187,000","12,120,000","12,192,000","12,134,000",-,-,2020/11/11,1399/08/21
1848,"12,134,000","12,134,000","12,134,000","12,134,000",517000,4.45%,2020/11/12,1399/08/22
1849,"12,054,000","10,899,000","12,056,000","11,617,000",93000,0.8%,2020/11/14,1399/08/24
1850,"11,615,000","11,603,000","11,710,000","11,710,000",107000,0.92%,2020/11/15,1399/08/25
1851,"11,698,000","11,532,000","11,710,000","11,603,000",378000,3.37%,2020/11/16,1399/08/26
1852,"11,606,000","11,197,000","11,606,000","11,225,000",95000,0.85%,2020/11/17,1399/08/27
1853,"11,209,000","11,047,000","11,209,000","11,130,000",-,-,2020/11/18,1399/08/28
1854,"11,130,000","11,130,000","11,130,000","11,130,000",169000,1.52%,2020/11/19,1399/08/29
1855,"11,398,000","11,107,000","11,398,000","11,299,000",171000,1.54%,2020/11/21,1399/09/01
1856,"11,303,000","11,105,000","11,372,000","11,128,000",494000,4.65%,2020/11/22,1399/09/02
1857,"10,689,000","10,608,000","10,784,000","10,634,000",72000,0.68%,2020/11/23,1399/09/03
1858,"10,648,000","10,391,000","10,728,000","10,562,000",101000,0.97%,2020/11/24,1399/09/04
1859,"10,576,000","10,380,000","10,576,000","10,461,000",-,-,2020/11/25,1399/09/05
1860,"10,461,000","10,461,000","10,461,000","10,461,000",69000,0.66%,2020/11/26,1399/09/06
1861,"10,340,000","10,232,000","10,555,000","10,530,000",25000,0.24%,2020/11/28,1399/09/08
1862,"10,532,000","10,447,000","10,622,000","10,555,000",524000,4.96%,2020/11/29,1399/09/09
1863,"10,553,000","10,553,000","11,179,000","11,079,000",9000,0.08%,2020/11/30,1399/09/10
1864,"11,068,000","10,948,000","11,248,000","11,070,000",212000,1.92%,2020/12/01,1399/09/11
1865,"11,155,000","11,139,000","11,329,000","11,282,000",153100,1.38%,2020/12/02,1399/09/12
1866,"11,118,000","11,047,000","11,296,000","11,275,000",26000,0.23%,2020/12/05,1399/09/15
1867,"11,262,000","11,075,000","11,329,000","11,301,000",141000,1.25%,2020/12/06,1399/09/16
1868,"11,303,000","11,303,000","11,460,000","11,442,000",83000,0.73%,2020/12/07,1399/09/17
1869,"11,456,000","11,456,000","11,670,000","11,525,000",5000,0.04%,2020/12/08,1399/09/18
1870,"11,523,000","11,310,000","11,523,000","11,520,000",-,-,2020/12/09,1399/09/19
1871,"11,520,000","11,520,000","11,520,000","11,520,000",226000,2%,2020/12/10,1399/09/20
1872,"11,363,000","11,185,000","11,490,000","11,294,000",23000,0.2%,2020/12/12,1399/09/22
1873,"11,176,000","11,142,000","11,292,000","11,271,000",108000,0.96%,2020/12/13,1399/09/23
1874,"11,255,000","11,229,000","11,402,000","11,379,000",80000,0.71%,2020/12/14,1399/09/24
1875,"11,453,000","11,296,000","11,456,000","11,299,000",73000,0.65%,2020/12/15,1399/09/25
1876,"11,372,000","11,354,000","11,421,000","11,372,000",-,-,2020/12/16,1399/09/26
1877,"11,372,000","11,372,000","11,372,000","11,372,000",2000,0.02%,2020/12/17,1399/09/27
1878,"11,322,000","11,255,000","11,370,000","11,370,000",42000,0.37%,2020/12/19,1399/09/29
1879,"11,428,000","11,312,000","11,435,000","11,412,000",9000,0.08%,2020/12/20,1399/09/30
1880,"11,421,000","11,280,000","11,428,000","11,421,000",69000,0.6%,2020/12/21,1399/10/01
1881,"11,446,000","11,435,000","11,518,000","11,490,000",49000,0.43%,2020/12/22,1399/10/02
1882,"11,495,000","11,453,000","11,548,000","11,539,000",-,-,2020/12/23,1399/10/03
1883,"11,539,000","11,539,000","11,539,000","11,539,000",74000,0.65%,2020/12/24,1399/10/04
1884,"11,384,000","11,382,000","11,509,000","11,465,000",28000,0.24%,2020/12/26,1399/10/06
1885,"11,462,000","11,416,000","11,499,000","11,493,000",56000,0.49%,2020/12/27,1399/10/07
1886,"11,465,000","11,412,000","11,502,000","11,437,000",32000,0.28%,2020/12/28,1399/10/08
1887,"11,439,000","11,428,000","11,509,000","11,469,000",79000,0.69%,2020/12/29,1399/10/09
1888,"11,476,000","11,446,000","11,553,000","11,548,000",68400,0.6%,2020/12/30,1399/10/10
1889,"11,467,000","11,456,000","11,583,000","11,580,000",303000,2.62%,2021/01/02,1399/10/13
1890,"11,583,000","11,573,000","11,906,000","11,883,000",182000,1.53%,2021/01/03,1399/10/14
1891,"11,890,000","11,890,000","12,123,000","12,065,000",397000,3.4%,2021/01/04,1399/10/15
1892,"12,067,000","11,622,000","12,079,000","11,668,000",95000,0.82%,2021/01/05,1399/10/16
1893,"11,663,000","11,541,000","11,696,000","11,573,000",-,-,2021/01/06,1399/10/17
1894,"11,573,000","11,573,000","11,573,000","11,573,000",487000,4.39%,2021/01/07,1399/10/18
1895,"10,964,000","10,962,000","11,130,000","11,086,000",71000,0.64%,2021/01/09,1399/10/20
1896,"11,077,000","10,962,000","11,206,000","11,015,000",46000,0.42%,2021/01/10,1399/10/21
1897,"11,010,000","10,934,000","11,077,000","11,061,000",233000,2.15%,2021/01/11,1399/10/22
1898,"11,056,000","10,772,000","11,056,000","10,828,000",437000,4.21%,2021/01/12,1399/10/23
1899,"10,835,000","10,347,000","10,835,000","10,391,000",-,-,2021/01/13,1399/10/24
1900,"10,391,000","10,391,000","10,391,000","10,391,000",392000,3.92%,2021/01/14,1399/10/25
1901,"9,999,000","9,932,000","9,999,000","9,999,000",377000,3.92%,2021/01/16,1399/10/27
1902,"9,205,000","9,172,000","9,900,000","9,622,000",301000,3.13%,2021/01/18,1399/10/29
1903,"9,629,000","9,622,000","10,461,000","9,923,000",429000,4.32%,2021/01/19,1399/10/30
1904,"10,112,000","10,112,000","10,539,000","10,352,000",-,-,2021/01/20,1399/11/01
1905,"10,352,000","10,352,000","10,352,000","10,352,000",194000,1.87%,2021/01/21,1399/11/02
1906,"10,401,000","10,327,000","10,855,000","10,546,000",104000,0.99%,2021/01/23,1399/11/04
1907,"10,548,000","10,548,000","10,682,000","10,650,000",185000,1.77%,2021/01/24,1399/11/05
1908,"10,516,000","10,280,000","10,516,000","10,465,000",92000,0.88%,2021/01/25,1399/11/06
1909,"10,585,000","10,442,000","10,929,000","10,557,000",174000,1.65%,2021/01/26,1399/11/07
1910,"10,560,000","10,557,000","10,786,000","10,731,000",-,-,2021/01/27,1399/11/08
1911,"10,731,000","10,731,000","10,731,000","10,731,000",346000,3.22%,2021/01/28,1399/11/09
1912,"10,881,000","10,881,000","11,266,000","11,077,000",136000,1.24%,2021/01/30,1399/11/11
1913,"11,079,000","10,851,000","11,109,000","10,941,000",14000,0.13%,2021/01/31,1399/11/12
1914,"10,938,000","10,915,000","11,086,000","10,955,000",72000,0.66%,2021/02/01,1399/11/13
1915,"10,964,000","10,823,000","11,003,000","10,883,000",139000,1.29%,2021/02/02,1399/11/14
1916,"10,781,000","10,638,000","10,911,000","10,744,000",-,-,2021/02/03,1399/11/15
1917,"10,744,000","10,744,000","10,744,000","10,744,000",132000,1.23%,2021/02/04,1399/11/16
1918,"10,899,000","10,858,000","10,971,000","10,876,000",434000,3.99%,2021/02/06,1399/11/18
1919,"11,079,000","11,031,000","11,317,000","11,310,000",88000,0.78%,2021/02/07,1399/11/19
1920,"11,308,000","11,285,000","11,513,000","11,398,000",-,-,2021/02/08,1399/11/20
1921,"11,398,000","11,398,000","11,398,000","11,398,000",251000,2.2%,2021/02/09,1399/11/21
1922,"11,649,000","11,649,000","11,649,000","11,649,000",120000,1.04%,2021/02/11,1399/11/23
1923,"11,820,000","11,446,000","11,827,000","11,529,000",184000,1.62%,2021/02/13,1399/11/25
1924,"11,416,000","11,262,000","11,513,000","11,345,000",189000,1.67%,2021/02/14,1399/11/26
1925,"11,336,000","11,329,000","11,583,000","11,534,000",185000,1.63%,2021/02/15,1399/11/27
1926,"11,518,000","11,315,000","11,527,000","11,349,000",60000,0.53%,2021/02/16,1399/11/28
1927,"11,458,000","11,389,000","11,490,000","11,409,000",-,-,2021/02/17,1399/11/29
1928,"11,409,000","11,409,000","11,409,000","11,409,000",584000,5.39%,2021/02/18,1399/11/30
1929,"11,015,000","10,805,000","11,098,000","10,825,000",104000,0.97%,2021/02/20,1399/12/02
1930,"10,830,000","10,661,000","10,936,000","10,721,000",194000,1.81%,2021/02/21,1399/12/03
1931,"10,719,000","10,696,000","10,959,000","10,915,000",104000,0.95%,2021/02/22,1399/12/04
1932,"10,908,000","10,828,000","11,075,000","11,019,000",-,-,2021/02/23,1399/12/05
1933,"11,019,000","11,019,000","11,019,000","11,019,000",247000,2.29%,2021/02/24,1399/12/06
1934,"10,805,000","10,634,000","10,805,000","10,772,000",46000,0.43%,2021/02/27,1399/12/09
1935,"10,689,000","10,684,000","10,867,000","10,818,000",168000,1.58%,2021/02/28,1399/12/10
1936,"10,811,000","10,557,000","10,818,000","10,650,000",26000,0.24%,2021/03/01,1399/12/11
1937,"10,557,000","10,557,000","10,837,000","10,624,000",103000,0.98%,2021/03/02,1399/12/12
1938,"10,622,000","10,500,000","10,832,000","10,521,000",-,-,2021/03/03,1399/12/13
1939,"10,521,000","10,521,000","10,521,000","10,521,000",234000,2.27%,2021/03/04,1399/12/14
1940,"10,105,000","9,976,000","10,310,000","10,287,000",161000,1.59%,2021/03/06,1399/12/16
1941,"10,283,000","10,091,000","10,320,000","10,126,000",85000,0.84%,2021/03/07,1399/12/17
1942,"10,128,000","10,073,000","10,260,000","10,211,000",76000,0.74%,2021/03/08,1399/12/18
1943,"10,262,000","10,177,000","10,301,000","10,287,000",-,-,2021/03/09,1399/12/19
1944,"10,287,000","10,287,000","10,287,000","10,287,000",155000,1.51%,2021/03/10,1399/12/20
1945,"10,502,000","10,373,000","10,551,000","10,442,000",62000,0.59%,2021/03/13,1399/12/23
1946,"10,447,000","10,396,000","10,511,000","10,504,000",160000,1.52%,2021/03/14,1399/12/24
1947,"10,507,000","10,477,000","10,694,000","10,664,000",104000,0.98%,2021/03/15,1399/12/25
1948,"10,661,000","10,659,000","10,786,000","10,768,000",87000,0.81%,2021/03/16,1399/12/26
1949,"10,770,000","10,770,000","11,017,000","10,855,000",-,-,2021/03/17,1399/12/27
1950,"10,855,000","10,855,000","10,855,000","10,855,000",22900,0.21%,2021/03/18,1399/12/28
1951,"11,009,900","10,738,900","11,148,600","10,832,100",122900,1.13%,2021/03/24,1400/01/04
1952,"10,828,000","10,818,000","11,005,000","10,955,000",76000,0.69%,2021/03/27,1400/01/07
1953,"10,959,000","10,957,000","11,109,000","11,031,000",185000,1.71%,2021/03/28,1400/01/08
1954,"10,874,000","10,747,000","10,874,000","10,846,000",-,-,2021/03/30,1400/01/10
1955,"10,846,000","10,837,000","10,846,000","10,846,000",247000,2.33%,2021/03/31,1400/01/11
1956,"10,544,000","10,507,000","10,636,000","10,599,000",7000,0.07%,2021/04/03,1400/01/14
1957,"10,606,000","10,574,000","10,652,000","10,592,000",109000,1.03%,2021/04/04,1400/01/15
1958,"10,631,000","10,604,000","10,740,000","10,701,000",116000,1.1%,2021/04/05,1400/01/16
1959,"10,703,000","10,574,000","10,703,000","10,585,000",74000,0.7%,2021/04/06,1400/01/17
1960,"10,583,000","10,424,000","10,583,000","10,511,000",-,-,2021/04/07,1400/01/18
1961,"10,511,000","10,511,000","10,511,000","10,511,000",182000,1.76%,2021/04/08,1400/01/19
1962,"10,377,000","10,322,000","10,449,000","10,329,000",62000,0.6%,2021/04/10,1400/01/21
1963,"10,299,000","10,299,000","10,428,000","10,391,000",37000,0.36%,2021/04/11,1400/01/22
1964,"10,419,000","10,257,000","10,444,000","10,428,000",53000,0.51%,2021/04/12,1400/01/23
1965,"10,433,000","10,350,000","10,433,000","10,375,000",79000,0.76%,2021/04/13,1400/01/24
1966,"10,387,000","10,384,000","10,458,000","10,454,000",-,-,2021/04/14,1400/01/25
1967,"10,454,000","10,454,000","10,454,000","10,454,000",58000,0.56%,2021/04/15,1400/01/26
1968,"10,387,000","10,290,000","10,414,000","10,396,000",206000,2.02%,2021/04/17,1400/01/28
1969,"10,389,000","10,165,000","10,417,000","10,190,000",38000,0.37%,2021/04/18,1400/01/29
1970,"10,183,000","9,913,000","10,428,000","10,228,000",12000,0.12%,2021/04/19,1400/01/30
1971,"10,188,000","10,153,000","10,322,000","10,216,000",99000,0.98%,2021/04/20,1400/01/31
1972,"10,223,000","10,061,000","10,232,000","10,117,000",-,-,2021/04/21,1400/02/01
1973,"10,117,000","10,117,000","10,117,000","10,117,000",60000,0.6%,2021/04/22,1400/02/02
1974,"10,112,000","10,038,000","10,230,000","10,057,000",121000,1.22%,2021/04/24,1400/02/04
1975,"10,059,000","9,923,000","10,080,000","9,936,000",47000,0.47%,2021/04/25,1400/02/05
1976,"9,943,000","9,934,000","10,070,000","9,983,000",19000,0.19%,2021/04/26,1400/02/06
1977,"9,990,000","9,925,000","10,061,000","9,964,000",90000,0.91%,2021/04/27,1400/02/07
1978,"9,966,000","9,858,000","9,966,000","9,874,000",-,-,2021/04/28,1400/02/08
1979,"9,874,000","9,874,000","9,874,000","9,874,000",475000,5.05%,2021/04/29,1400/02/09
1980,"9,673,000","9,302,000","9,673,000","9,399,000",5000,0.05%,2021/05/01,1400/02/11
1981,"9,424,000","9,341,000","9,493,000","9,394,000",-,-,2021/05/02,1400/02/12
1982,"9,394,000","9,394,000","9,394,000","9,394,000",5000,0.05%,2021/05/03,1400/02/13
1983,"8,974,000","8,974,000","9,574,000","9,399,000",-,-,2021/05/05,1400/02/15
1984,"9,399,000","9,399,000","9,399,000","9,399,000",12000,0.13%,2021/05/06,1400/02/16
1985,"9,299,000","9,103,000","9,433,000","9,387,000",298000,3.17%,2021/05/08,1400/02/18
1986,"9,389,000","9,389,000","9,736,000","9,685,000",18400,0.19%,2021/05/09,1400/02/19
1987,"9,683,000","9,683,000","10,015,000","9,853,000",90000,0.91%,2021/05/11,1400/02/21
1988,"9,846,000","9,823,000","10,038,000","9,943,000",344000,3.46%,2021/05/12,1400/02/22
1989,"10,003,000","9,966,000","10,306,000","10,287,000",145000,1.43%,2021/05/15,1400/02/25
1990,"10,195,000","10,029,000","10,237,000","10,142,000",148000,1.46%,2021/05/16,1400/02/26
1991,"10,144,000","10,142,000","10,431,000","10,290,000",134000,1.32%,2021/05/17,1400/02/27
1992,"10,278,000","9,876,000","10,322,000","10,156,000",37000,0.36%,2021/05/18,1400/02/28
1993,"10,147,000","10,137,000","10,317,000","10,193,000",-,-,2021/05/19,1400/02/29
1994,"10,193,000","10,193,000","10,193,000","10,193,000",99000,0.97%,2021/05/20,1400/02/30
1995,"10,211,000","10,193,000","10,322,000","10,292,000",76000,0.74%,2021/05/22,1400/03/01
1996,"10,285,000","10,269,000","10,527,000","10,368,000",39000,0.38%,2021/05/23,1400/03/02
1997,"10,352,000","10,158,000","10,377,000","10,329,000",113000,1.09%,2021/05/24,1400/03/03
1998,"10,324,000","10,324,000","10,622,000","10,442,000",25000,0.24%,2021/05/25,1400/03/04
1999,"10,449,000","10,433,000","10,497,000","10,467,000",-,-,2021/05/26,1400/03/05
2000,"10,467,000","10,467,000","10,467,000","10,467,000",333000,3.18%,2021/05/27,1400/03/06
2001,"10,665,260","10,599,000","10,901,000","10,800,000",203000,1.88%,2021/05/29,1400/03/08
2002,"10,821,000","10,821,000","11,169,000","11,003,000",23000,0.21%,2021/05/30,1400/03/09
2003,"11,008,000","10,793,000","11,019,000","10,980,000",16000,0.15%,2021/05/31,1400/03/10
2004,"10,957,000","10,920,000","11,035,000","10,964,000",171000,1.58%,2021/06/01,1400/03/11
2005,"10,915,000","10,735,000","10,927,000","10,793,000",-,-,2021/06/02,1400/03/12
2006,"10,793,000","10,793,000","10,793,000","10,793,000",46000,0.43%,2021/06/03,1400/03/13
2007,"10,855,000","10,735,000","10,860,000","10,747,000",85000,0.79%,2021/06/07,1400/03/17
2008,"10,742,000","10,742,000","10,846,000","10,832,000",97000,0.9%,2021/06/08,1400/03/18
2009,"10,805,000","10,714,000","10,823,000","10,735,000",-,-,2021/06/09,1400/03/19
2010,"10,735,000","10,735,000","10,735,000","10,735,000",23000,0.21%,2021/06/10,1400/03/20
2011,"10,708,000","10,708,000","10,816,000","10,758,000",76000,0.71%,2021/06/12,1400/03/22
2012,"10,763,000","10,636,000","10,768,000","10,682,000",35000,0.33%,2021/06/13,1400/03/23
2013,"10,694,000","10,694,000","10,744,000","10,717,000",92000,0.86%,2021/06/14,1400/03/24
2014,"10,726,000","10,659,000","10,823,000","10,809,000",155000,1.45%,2021/06/15,1400/03/25
2015,"10,805,000","10,654,000","10,809,000","10,654,000",-,-,2021/06/16,1400/03/26
2016,"10,654,000","10,654,000","10,654,000","10,654,000",371000,3.61%,2021/06/17,1400/03/27
2017,"10,133,000","10,133,000","10,320,000","10,283,000",69000,0.67%,2021/06/19,1400/03/29
2018,"10,285,000","10,257,000","10,354,000","10,352,000",88000,0.85%,2021/06/20,1400/03/30
2019,"10,354,000","10,343,000","10,454,000","10,440,000",58000,0.56%,2021/06/21,1400/03/31
2020,"10,424,000","10,359,000","10,437,000","10,382,000",44000,0.43%,2021/06/22,1400/04/01
2021,"10,380,000","10,292,000","10,387,000","10,338,000",-,-,2021/06/23,1400/04/02
2022,"10,338,000","10,338,000","10,338,000","10,338,000",247000,2.39%,2021/06/24,1400/04/03
2023,"10,502,000","10,470,000","10,588,000","10,585,000",72000,0.68%,2021/06/26,1400/04/05
2024,"10,588,000","10,588,000","10,710,000","10,657,000",16000,0.15%,2021/06/27,1400/04/06
2025,"10,645,000","10,629,000","10,791,000","10,641,000",83000,0.78%,2021/06/28,1400/04/07
2026,"10,654,000","10,654,000","10,735,000","10,724,000",46000,0.43%,2021/06/29,1400/04/08
2027,"10,738,000","10,615,000","10,738,000","10,678,000",-,-,2021/06/30,1400/04/09
2028,"10,678,000","10,678,000","10,678,000","10,678,000",81000,0.76%,2021/07/01,1400/04/10
2029,"10,673,000","10,592,000","10,756,000","10,597,000",21000,0.2%,2021/07/03,1400/04/12
2030,"10,606,000","10,548,000","10,613,000","10,576,000",97000,0.92%,2021/07/04,1400/04/13
2031,"10,588,000","10,576,000","10,698,000","10,673,000",69000,0.65%,2021/07/05,1400/04/14
2032,"10,680,000","10,525,000","10,680,000","10,604,000",37000,0.35%,2021/07/06,1400/04/15
2033,"10,606,000","10,592,000","10,654,000","10,641,000",5300,0.05%,2021/07/07,1400/04/16
2034,"10,631,000","10,599,000","10,654,000","10,648,000",35000,0.33%,2021/07/10,1400/04/19
2035,"10,638,000","10,592,000","10,652,000","10,613,000",74000,0.7%,2021/07/11,1400/04/20
2036,"10,624,000","10,507,000","10,624,000","10,539,000",48000,0.46%,2021/07/12,1400/04/21
2037,"10,548,000","10,456,000","10,555,000","10,491,000",99000,0.94%,2021/07/13,1400/04/22
2038,"10,502,000","10,491,000","10,608,000","10,590,000",-,-,2021/07/14,1400/04/23
2039,"10,590,000","10,590,000","10,590,000","10,590,000",83000,0.79%,2021/07/15,1400/04/24
2040,"10,532,000","10,484,000","10,546,000","10,507,000",30000,0.29%,2021/07/17,1400/04/26
2041,"10,509,000","10,421,000","10,516,000","10,477,000",83000,0.79%,2021/07/18,1400/04/27
2042,"10,525,000","10,500,000","10,597,000","10,560,000",-,-,2021/07/19,1400/04/28
2043,"10,560,000","10,560,000","10,560,000","10,560,000",23000,0.22%,2021/07/20,1400/04/29
2044,"10,537,000","10,537,000","10,537,000","10,537,000",69000,0.65%,2021/07/22,1400/04/31
2045,"10,530,000","10,523,000","10,721,000","10,606,000",143000,1.35%,2021/07/24,1400/05/02
2046,"10,613,000","10,604,000","10,795,000","10,749,000",26000,0.24%,2021/07/25,1400/05/03
2047,"10,754,000","10,751,000","10,841,000","10,775,000",182000,1.69%,2021/07/26,1400/05/04
2048,"10,765,000","10,765,000","10,994,000","10,957,000",-,-,2021/07/27,1400/05/05
2049,"10,957,000","10,957,000","10,957,000","10,957,000",18000,0.16%,2021/07/28,1400/05/06
2050,"11,107,000","10,941,000","11,139,000","10,975,000",37000,0.34%,2021/07/31,1400/05/09
2051,"10,968,000","10,883,000","11,033,000","10,938,000",58000,0.53%,2021/08/01,1400/05/10
2052,"10,941,000","10,929,000","11,038,000","10,996,000",7000,0.06%,2021/08/02,1400/05/11
2053,"10,994,000","10,874,000","11,035,000","10,989,000",19000,0.17%,2021/08/03,1400/05/12
2054,"10,982,000","10,966,000","11,028,000","11,008,000",-,-,2021/08/04,1400/05/13
2055,"11,008,000","11,008,000","11,008,000","11,008,000",143000,1.32%,2021/08/05,1400/05/14
2056,"10,816,000","10,816,000","10,911,000","10,865,000",17000,0.16%,2021/08/07,1400/05/16
2057,"10,869,000","10,800,000","10,906,000","10,848,000",72000,0.66%,2021/08/08,1400/05/17
2058,"10,835,000","10,835,000","10,955,000","10,920,000",182000,1.67%,2021/08/09,1400/05/18
2059,"10,904,000","10,904,000","11,137,000","11,102,000",32000,0.29%,2021/08/10,1400/05/19
2060,"11,116,000","11,042,000","11,139,000","11,070,000",-,-,2021/08/11,1400/05/20
2061,"11,070,000","11,070,000","11,070,000","11,070,000",307000,2.77%,2021/08/12,1400/05/21
2062,"11,160,000","11,149,000","11,426,000","11,377,000",111000,0.98%,2021/08/14,1400/05/23
2063,"11,389,000","11,382,000","11,513,000","11,488,000",39000,0.34%,2021/08/15,1400/05/24
2064,"11,486,000","11,439,000","11,502,000","11,449,000",-,-,2021/08/16,1400/05/25
2065,"11,449,000","11,449,000","11,449,000","11,449,000",99000,0.86%,2021/08/17,1400/05/26
2066,"11,467,000","11,462,000","11,684,000","11,548,000",185000,1.6%,2021/08/21,1400/05/30
2067,"11,541,000","11,504,000","11,733,000","11,733,000",23000,0.2%,2021/08/22,1400/05/31
2068,"11,730,000","11,677,000","11,841,000","11,756,000",37000,0.32%,2021/08/23,1400/06/01
2069,"11,749,000","11,712,000","11,906,000","11,719,000",7000,0.06%,2021/08/24,1400/06/02
2070,"11,714,000","11,677,000","11,765,000","11,712,000",-,-,2021/08/25,1400/06/03
2071,"11,712,000","11,712,000","11,712,000","11,712,000",111000,0.95%,2021/08/26,1400/06/04
2072,"12,010,000","11,793,000","12,010,000","11,823,000",284000,2.46%,2021/08/28,1400/06/06
2073,"11,832,000","11,534,000","11,832,000","11,539,000",113000,0.98%,2021/08/29,1400/06/07
2074,"11,548,000","11,548,000","11,744,000","11,652,000",109000,0.94%,2021/08/30,1400/06/08
2075,"11,640,000","11,525,000","11,661,000","11,543,000",76000,0.66%,2021/08/31,1400/06/09
2076,"11,548,000","11,548,000","11,622,000","11,619,000",-,-,2021/09/01,1400/06/10
2077,"11,619,000","11,619,000","11,619,000","11,619,000",72000,0.62%,2021/09/02,1400/06/11
2078,"11,613,000","11,613,000","11,765,000","11,691,000",30000,0.26%,2021/09/04,1400/06/13
2079,"11,680,000","11,619,000","11,703,000","11,661,000",21000,0.18%,2021/09/05,1400/06/14
2080,"11,673,000","11,661,000","11,740,000","11,682,000",124000,1.06%,2021/09/06,1400/06/15
2081,"11,680,000","11,680,000","11,855,000","11,806,000",30000,0.25%,2021/09/07,1400/06/16
2082,"11,820,000","11,779,000","11,867,000","11,836,000",-,-,2021/09/08,1400/06/17
2083,"11,836,000","11,836,000","11,836,000","11,836,000",263000,2.27%,2021/09/09,1400/06/18
2084,"11,735,000","11,557,000","11,749,000","11,573,000",14000,0.12%,2021/09/11,1400/06/20
2085,"11,583,000","11,412,000","11,583,000","11,559,000",109000,0.94%,2021/09/12,1400/06/21
2086,"11,573,000","11,504,000","11,684,000","11,668,000",122000,1.06%,2021/09/13,1400/06/22
2087,"11,677,000","11,527,000","11,677,000","11,546,000",30000,0.26%,2021/09/14,1400/06/23
2088,"11,532,000","11,322,000","11,543,000","11,516,000",-,-,2021/09/15,1400/06/24
2089,"11,516,000","11,516,000","11,516,000","11,516,000",180000,1.59%,2021/09/16,1400/06/25
2090,"11,294,000","11,273,000","11,396,000","11,336,000",14000,0.12%,2021/09/18,1400/06/27
2091,"11,324,000","11,273,000","11,340,000","11,322,000",104000,0.92%,2021/09/19,1400/06/28
2092,"11,366,000","11,366,000","11,462,000","11,426,000",-,-,2021/09/20,1400/06/29
2093,"11,366,000","11,366,000","11,462,000","11,426,000",97000,0.85%,2021/09/21,1400/06/30
2094,"11,428,000","11,428,000","11,559,000","11,523,000",39000,0.34%,2021/09/22,1400/06/31
2095,"11,518,000","11,495,000","11,601,000","11,562,000",143000,1.25%,2021/09/23,1400/07/01
2096,"11,566,000","11,386,000","11,566,000","11,419,000",41000,0.36%,2021/09/25,1400/07/03
2097,"11,460,000","11,460,000","11,460,000","11,460,000",53000,0.46%,2021/09/26,1400/07/04
2098,"11,476,000","11,449,000","11,516,000","11,513,000",60000,0.52%,2021/09/28,1400/07/06
2099,"11,580,000","11,543,000","11,649,000","11,573,000",72000,0.62%,2021/09/29,1400/07/07
2100,"11,608,000","11,587,000","11,659,000","11,645,000",37000,0.32%,2021/09/30,1400/07/08
2101,"11,626,000","11,585,000","11,645,000","11,608,000",83000,0.72%,2021/10/02,1400/07/10
2102,"11,589,000","11,585,000","11,698,000","11,691,000",-,-,2021/10/03,1400/07/11
2103,"11,691,000","11,691,000","11,691,000","11,691,000",97000,0.84%,2021/10/04,1400/07/12
2104,"11,594,000","11,594,000","11,594,000","11,594,000",180000,1.58%,2021/10/06,1400/07/14
2105,"11,535,000","11,393,000","11,555,000","11,414,000",19100,0.17%,2021/10/09,1400/07/17
2106,"11,414,000","11,287,000","11,423,000","11,319,000",95000,0.84%,2021/10/11,1400/07/19
2107,"11,257,000","11,215,000","11,426,000","11,414,000",2000,0.02%,2021/10/12,1400/07/20
2108,"11,412,000","11,393,000","11,465,000","11,416,000",-,-,2021/10/13,1400/07/21
2109,"11,416,000","11,416,000","11,416,000","11,416,000",4000,0.04%,2021/10/14,1400/07/22
2110,"11,451,000","11,402,000","11,460,000","11,412,000",42000,0.37%,2021/10/16,1400/07/24
2111,"11,336,000","11,315,000","11,426,000","11,370,000",102000,0.9%,2021/10/17,1400/07/25
2112,"11,356,000","11,349,000","11,479,000","11,472,000",46000,0.4%,2021/10/18,1400/07/26
2113,"11,458,000","11,405,000","11,472,000","11,426,000",64000,0.56%,2021/10/19,1400/07/27
2114,"11,430,000","11,423,000","11,523,000","11,490,000",-,-,2021/10/20,1400/07/28
2115,"11,490,000","11,490,000","11,490,000","11,490,000",139000,1.21%,2021/10/21,1400/07/29
2116,"11,629,000","11,629,000","11,629,000","11,629,000",4000,0.03%,2021/10/23,1400/08/01
2117,"11,673,000","11,599,000","11,682,000","11,633,000",81000,0.7%,2021/10/25,1400/08/03
2118,"11,645,000","11,622,000","11,770,000","11,714,000",2000,0.02%,2021/10/26,1400/08/04
2119,"11,735,000","11,691,000","11,735,000","11,716,000",-,-,2021/10/27,1400/08/05
2120,"11,716,000","11,716,000","11,716,000","11,716,000",32000,0.27%,2021/10/28,1400/08/06
2121,"11,696,000","11,622,000","11,707,000","11,684,000",32000,0.27%,2021/10/30,1400/08/08
2122,"11,691,000","11,691,000","11,765,000","11,716,000",32000,0.27%,2021/10/31,1400/08/09
2123,"11,733,000","11,668,000","11,733,000","11,684,000",32000,0.27%,2021/11/01,1400/08/10
2124,"11,682,000","11,680,000","11,733,000","11,716,000",32000,0.27%,2021/11/02,1400/08/11
2125,"11,656,000","11,649,000","11,693,000","11,684,000",-,-,2021/11/03,1400/08/12
2126,"11,684,000","11,684,000","11,684,000","11,684,000",330000,2.82%,2021/11/04,1400/08/13
2127,"11,980,000","11,922,000","12,030,000","12,014,000",23000,0.19%,2021/11/06,1400/08/15
2128,"12,023,000","12,014,000","12,084,000","12,037,000",109000,0.91%,2021/11/07,1400/08/16
2129,"12,118,000","12,067,000","12,169,000","12,146,000",374000,3.08%,2021/11/08,1400/08/17
2130,"12,217,000","12,217,000","12,545,000","12,520,000",118000,0.94%,2021/11/09,1400/08/18
2131,"12,494,000","12,494,000","12,684,000","12,638,000",-,-,2021/11/10,1400/08/19
2132,"12,638,000","12,638,000","12,638,000","12,638,000",64000,0.51%,2021/11/11,1400/08/20
2133,"12,760,000","12,677,000","12,813,000","12,702,000",94000,0.75%,2021/11/13,1400/08/22
2134,"12,695,000","12,545,000","12,695,000","12,608,000",58000,0.46%,2021/11/14,1400/08/23
2135,"12,603,000","12,474,000","12,617,000","12,550,000",56000,0.45%,2021/11/15,1400/08/24
2136,"12,534,000","12,469,000","12,550,000","12,494,000",90000,0.73%,2021/11/16,1400/08/25
2137,"12,504,000","12,400,000","12,511,000","12,404,000",-,-,2021/11/17,1400/08/26
2138,"12,404,000","12,404,000","12,404,000","12,404,000",9000,0.07%,2021/11/18,1400/08/27
2139,"12,365,000","12,310,000","12,428,000","12,395,000",125000,1.01%,2021/11/20,1400/08/29
2140,"12,397,000","12,395,000","12,520,000","12,520,000",162000,1.31%,2021/11/21,1400/08/30
2141,"12,506,000","12,305,000","12,520,000","12,358,000",166000,1.34%,2021/11/22,1400/09/01
2142,"12,361,000","12,347,000","12,552,000","12,524,000",20000,0.16%,2021/11/23,1400/09/02
2143,"12,531,000","12,488,000","12,534,000","12,504,000",-,-,2021/11/24,1400/09/03
2144,"12,504,000","12,504,000","12,504,000","12,504,000",69000,0.55%,2021/11/25,1400/09/04
2145,"12,543,000","12,527,000","12,591,000","12,573,000",122000,0.97%,2021/11/27,1400/09/06
2146,"12,688,000","12,642,000","12,753,000","12,695,000",184000,1.47%,2021/11/28,1400/09/07
2147,"12,698,000","12,446,000","12,700,000","12,511,000",104000,0.83%,2021/11/29,1400/09/08
2148,"12,584,000","12,564,000","12,626,000","12,615,000",26000,0.21%,2021/11/30,1400/09/09
2149,"12,621,000","12,580,000","12,624,000","12,589,000",-,-,2021/12/01,1400/09/10
2150,"12,589,000","12,589,000","12,589,000","12,589,000",455000,3.61%,2021/12/02,1400/09/11
2151,"13,097,000","12,965,000","13,102,000","13,044,000",150000,1.15%,2021/12/04,1400/09/13
2152,"13,053,000","13,051,000","13,219,000","13,194,000",25000,0.19%,2021/12/05,1400/09/14
2153,"13,203,000","13,159,000","13,240,000","13,169,000",74000,0.57%,2021/12/06,1400/09/15
2154,"13,185,000","13,035,000","13,217,000","13,095,000",28000,0.21%,2021/12/07,1400/09/16
2155,"13,097,000","13,062,000","13,143,000","13,067,000",-,-,2021/12/08,1400/09/17
2156,"13,067,000","13,067,000","13,067,000","13,067,000",134000,1.04%,2021/12/09,1400/09/18
2157,"12,982,000","12,889,000","13,021,000","12,933,000",65000,0.51%,2021/12/11,1400/09/20
2158,"12,887,000","12,806,000","12,928,000","12,868,000",111000,0.86%,2021/12/12,1400/09/21
2159,"12,857,000","12,739,000","12,991,000","12,979,000",57000,0.44%,2021/12/13,1400/09/22
2160,"13,035,000","12,889,000","13,060,000","12,922,000",69000,0.53%,2021/12/14,1400/09/23
2161,"12,917,000","12,915,000","13,014,000","12,991,000",-,-,2021/12/15,1400/09/24
2162,"12,991,000","12,991,000","12,991,000","12,991,000",176000,1.37%,2021/12/16,1400/09/25
2163,"12,802,000","12,769,000","12,848,000","12,815,000",47000,0.37%,2021/12/18,1400/09/27
2164,"12,832,000","12,785,000","12,868,000","12,862,000",110000,0.86%,2021/12/19,1400/09/28
2165,"12,845,000","12,845,000","13,005,000","12,972,000",33000,0.25%,2021/12/20,1400/09/29
2166,"12,993,000","12,968,000","13,079,000","13,005,000",14000,0.11%,2021/12/21,1400/09/30
2167,"13,109,000","12,972,000","13,109,000","13,019,000",-,-,2021/12/22,1400/10/01
2168,"13,019,000","13,019,000","13,019,000","13,019,000",40000,0.31%,2021/12/23,1400/10/02
2169,"12,901,000","12,875,000","13,005,000","12,979,000",44000,0.34%,2021/12/25,1400/10/04
2170,"12,991,000","12,905,000","12,993,000","12,935,000",62000,0.48%,2021/12/26,1400/10/05
2171,"12,864,000","12,815,000","12,898,000","12,873,000",5000,0.04%,2021/12/27,1400/10/06
2172,"12,875,000","12,855,000","12,912,000","12,878,000",97000,0.75%,2021/12/28,1400/10/07
2173,"12,928,000","12,928,000","12,995,000","12,975,000",-,-,2021/12/29,1400/10/08
2174,"12,975,000","12,975,000","12,975,000","12,975,000",37000,0.29%,2021/12/30,1400/10/09
2175,"12,933,000","12,836,000","12,959,000","12,938,000",130000,1.01%,2022/01/01,1400/10/11
2176,"12,843,000","12,785,000","12,878,000","12,808,000",140000,1.11%,2022/01/02,1400/10/12
2177,"12,783,000","12,582,000","12,813,000","12,668,000",14000,0.11%,2022/01/03,1400/10/13
2178,"12,672,000","12,531,000","12,684,000","12,654,000",-,-,2022/01/04,1400/10/14
2179,"12,654,000","12,654,000","12,654,000","12,654,000",917000,7.81%,2022/01/05,1400/10/15
2180,"12,116,000","11,675,000","12,393,000","11,737,000",247000,2.1%,2022/01/08,1400/10/18
2181,"11,765,000","11,677,000","12,084,000","11,984,000",270000,2.25%,2022/01/09,1400/10/19
2182,"11,987,000","11,973,000","12,268,000","12,254,000",145000,1.2%,2022/01/10,1400/10/20
2183,"12,252,000","12,074,000","12,367,000","12,109,000",166000,1.37%,2022/01/11,1400/10/21
2184,"12,215,000","12,127,000","12,337,000","12,275,000",-,-,2022/01/12,1400/10/22
2185,"12,275,000","12,275,000","12,275,000","12,275,000",298000,2.49%,2022/01/13,1400/10/23
2186,"11,984,000","11,933,000","12,058,000","11,977,000",122000,1.03%,2022/01/15,1400/10/25
2187,"11,984,000","11,811,000","11,989,000","11,855,000",62000,0.52%,2022/01/16,1400/10/26
2188,"11,860,000","11,716,000","11,968,000","11,917,000",183000,1.54%,2022/01/17,1400/10/27
2189,"11,933,000","11,924,000","12,120,000","12,100,000",80000,0.66%,2022/01/18,1400/10/28
2190,"12,093,000","12,088,000","12,215,000","12,180,000",-,-,2022/01/19,1400/10/29
2191,"12,180,000","12,180,000","12,180,000","12,180,000",169000,1.39%,2022/01/20,1400/10/30
2192,"12,130,000","12,074,000","12,397,000","12,349,000",67000,0.54%,2022/01/22,1400/11/02
2193,"12,363,000","12,351,000","12,541,000","12,416,000",19000,0.15%,2022/01/23,1400/11/03
2194,"12,432,000","12,314,000","12,434,000","12,397,000",16000,0.13%,2022/01/24,1400/11/04
2195,"12,384,000","12,381,000","12,841,000","12,381,000",57000,0.46%,2022/01/25,1400/11/05
2196,"12,391,000","12,236,000","12,402,000","12,324,000",-,-,2022/01/26,1400/11/06
2197,"12,324,000","12,324,000","12,324,000","12,324,000",47000,0.38%,2022/01/27,1400/11/07
2198,"12,254,000","12,150,000","12,324,000","12,277,000",110000,0.9%,2022/01/29,1400/11/09
2199,"12,273,000","12,118,000","12,287,000","12,167,000",2000,0.02%,2022/01/30,1400/11/10
2200,"12,157,000","12,127,000","12,310,000","12,169,000",81000,0.67%,2022/01/31,1400/11/11
2201,"12,130,000","12,040,000","12,134,000","12,088,000",21000,0.17%,2022/02/01,1400/11/12
2202,"12,102,000","12,067,000","12,162,000","12,109,000",-,-,2022/02/02,1400/11/13
2203,"12,109,000","12,109,000","12,109,000","12,109,000",261000,2.2%,2022/02/03,1400/11/14
2204,"11,705,000","11,610,000","11,880,000","11,848,000",72000,0.61%,2022/02/05,1400/11/16
2205,"11,855,000","11,753,000","11,855,000","11,776,000",221000,1.91%,2022/02/06,1400/11/17
2206,"11,788,000","11,518,000","11,788,000","11,555,000",101000,0.87%,2022/02/07,1400/11/18
2207,"11,573,000","11,559,000","11,712,000","11,656,000",20000,0.17%,2022/02/08,1400/11/19
2208,"11,661,000","11,543,000","11,696,000","11,636,000",-,-,2022/02/09,1400/11/20
2209,"11,636,000","11,636,000","11,636,000","11,636,000",540000,4.64%,2022/02/10,1400/11/21
2210,"12,033,000","12,033,000","12,210,000","12,176,000",56000,0.46%,2022/02/12,1400/11/23
2211,"12,185,000","12,051,000","12,187,000","12,120,000",25000,0.21%,2022/02/13,1400/11/24
2212,"12,051,000","11,963,000","12,070,000","12,049,000",144900,1.22%,2022/02/16,1400/11/27
2213,"11,862,000","11,686,000","11,867,000","11,730,000",19000,0.16%,2022/02/19,1400/11/30
2214,"11,723,000","11,696,000","11,804,000","11,749,000",136000,1.16%,2022/02/20,1400/12/01
2215,"11,756,000","11,746,000","12,040,000","11,885,000",23000,0.19%,2022/02/21,1400/12/02
2216,"11,883,000","11,860,000","12,021,000","11,908,000",393000,3.3%,2022/02/22,1400/12/03
2217,"11,901,000","11,897,000","12,331,000","12,301,000",-,-,2022/02/23,1400/12/04
2218,"12,301,000","12,301,000","12,301,000","12,301,000",280000,2.33%,2022/02/24,1400/12/05
2219,"12,044,000","11,950,000","12,054,000","12,021,000",9000,0.07%,2022/02/26,1400/12/07
2220,"12,030,000","12,017,000","12,100,000","12,030,000",-,-,2022/02/27,1400/12/08
2221,"12,030,000","12,030,000","12,030,000","12,030,000",30000,0.25%,2022/02/28,1400/12/09
2222,"11,996,000","11,982,000","12,067,000","12,000,000",-,-,2022/03/02,1400/12/11
2223,"12,000,000","12,000,000","12,000,000","12,000,000",34000,0.28%,2022/03/03,1400/12/12
2224,"11,989,000","11,908,000","11,998,000","11,966,000",120000,1%,2022/03/05,1400/12/14
2225,"11,959,000","11,957,000","12,153,000","12,086,000",395000,3.27%,2022/03/06,1400/12/15
2226,"12,116,000","12,104,000","12,536,000","12,481,000",243000,1.99%,2022/03/07,1400/12/16
2227,"12,478,000","12,137,000","12,490,000","12,238,000",60000,0.49%,2022/03/08,1400/12/17
2228,"12,229,000","12,047,000","12,247,000","12,178,000",-,-,2022/03/09,1400/12/18
2229,"12,178,000","12,178,000","12,178,000","12,178,000",206000,1.69%,2022/03/10,1400/12/19
2230,"12,234,000","12,234,000","12,451,000","12,384,000",83000,0.67%,2022/03/12,1400/12/21
2231,"12,402,000","12,197,000","12,404,000","12,301,000",60000,0.49%,2022/03/13,1400/12/22
2232,"12,307,000","12,178,000","12,347,000","12,241,000",84000,0.69%,2022/03/14,1400/12/23
2233,"12,247,000","12,118,000","12,268,000","12,157,000",134000,1.1%,2022/03/15,1400/12/24
2234,"12,167,000","12,137,000","12,305,000","12,291,000",-,-,2022/03/16,1400/12/25
2235,"12,291,000","12,291,000","12,291,000","12,291,000",40300,0.33%,2022/03/17,1400/12/26
2236,"12,300,000","12,063,800","12,582,800","12,331,300",119700,0.97%,2022/03/18,1400/12/27
2237,"12,349,000","12,333,000","12,471,000","12,451,000",3000,0.02%,2022/03/26,1401/01/06
2238,"12,460,000","12,414,000","12,520,000","12,448,000",46000,0.37%,2022/03/27,1401/01/07
2239,"12,462,000","12,414,000","12,508,000","12,494,000",77000,0.62%,2022/03/28,1401/01/08
2240,"12,508,000","12,437,000","12,573,000","12,571,000",7000,0.06%,2022/03/29,1401/01/09
2241,"12,573,000","12,518,000","12,598,000","12,578,000",-,-,2022/03/30,1401/01/10
2242,"12,578,000","12,578,000","12,578,000","12,578,000",180000,1.43%,2022/03/31,1401/01/11
2243,"12,511,000","12,497,000","12,776,000","12,758,000",182000,1.43%,2022/04/03,1401/01/14
2244,"12,755,000","12,753,000","13,012,000","12,940,000",138000,1.08%,2022/04/04,1401/01/15
2245,"12,931,000","12,758,000","12,945,000","12,802,000",76000,0.59%,2022/04/05,1401/01/16
2246,"12,795,000","12,795,000","12,949,000","12,878,000",-,-,2022/04/06,1401/01/17
2247,"12,878,000","12,878,000","12,878,000","12,878,000",332000,2.58%,2022/04/07,1401/01/18
2248,"13,023,000","13,016,000","13,226,000","13,210,000",28000,0.21%,2022/04/09,1401/01/20
2249,"13,162,000","13,141,000","13,272,000","13,182,000",60000,0.46%,2022/04/10,1401/01/21
2250,"13,328,000","13,180,000","13,344,000","13,242,000",94000,0.71%,2022/04/11,1401/01/22
2251,"13,245,000","13,125,000","13,245,000","13,148,000",79000,0.6%,2022/04/12,1401/01/23
2252,"13,139,000","13,030,000","13,150,000","13,069,000",-,-,2022/04/13,1401/01/24
2253,"13,069,000","13,069,000","13,069,000","13,069,000",97000,0.74%,2022/04/14,1401/01/25
2254,"13,222,000","13,157,000","13,263,000","13,166,000",30000,0.23%,2022/04/16,1401/01/27
2255,"13,215,000","13,118,000","13,272,000","13,136,000",143000,1.1%,2022/04/17,1401/01/28
2256,"13,076,000","12,975,000","13,134,000","12,993,000",83000,0.64%,2022/04/18,1401/01/29
2257,"12,933,000","12,926,000","13,118,000","13,076,000",-,-,2022/04/19,1401/01/30
2258,"13,109,000","13,055,000","13,132,000","13,076,000",137600,1.06%,2022/04/20,1401/01/31
2259,"12,859,000","12,767,000","12,901,000","12,778,000",84000,0.66%,2022/04/24,1401/02/04
2260,"12,781,000","12,748,000","12,922,000","12,862,000",62000,0.48%,2022/04/25,1401/02/05
2261,"12,859,000","12,855,000","12,977,000","12,924,000",25000,0.19%,2022/04/26,1401/02/06
2262,"12,901,000","12,882,000","12,986,000","12,949,000",-,-,2022/04/27,1401/02/07
2263,"12,949,000","12,949,000","12,949,000","12,949,000",16000,0.12%,2022/04/28,1401/02/08
2264,"12,892,000","12,871,000","12,998,000","12,965,000",43000,0.33%,2022/04/30,1401/02/10
2265,"12,945,000","12,905,000","12,998,000","12,922,000",-,-,2022/05/01,1401/02/11
2266,"12,922,000","12,922,000","12,922,000","12,922,000",150000,1.16%,2022/05/02,1401/02/12
2267,"13,072,000","13,072,000","13,072,000","13,072,000",39000,0.3%,2022/05/05,1401/02/15
2268,"13,134,000","13,085,000","13,176,000","13,111,000",7000,0.05%,2022/05/07,1401/02/17
2269,"13,139,000","13,081,000","13,162,000","13,104,000",81000,0.62%,2022/05/08,1401/02/18
2270,"13,097,000","13,097,000","13,210,000","13,185,000",238700,1.81%,2022/05/09,1401/02/19
2271,"13,180,000","13,180,000","13,614,000","13,441,000",510000,3.79%,2022/05/11,1401/02/21
2272,"13,951,000","13,951,000","13,951,000","13,951,000",134000,0.97%,2022/05/12,1401/02/22
2273,"13,623,000","13,580,000","13,843,000","13,817,000",71000,0.52%,2022/05/14,1401/02/24
2274,"13,820,000","13,693,000","13,824,000","13,746,000",146000,1.07%,2022/05/15,1401/02/25
2275,"13,748,000","13,559,000","13,778,000","13,600,000",99000,0.73%,2022/05/16,1401/02/26
2276,"13,593,000","13,464,000","13,593,000","13,501,000",60000,0.44%,2022/05/17,1401/02/27
2277,"13,489,000","13,487,000","13,570,000","13,561,000",-,-,2022/05/18,1401/02/28
2278,"13,561,000","13,561,000","13,561,000","13,561,000",236000,1.74%,2022/05/19,1401/02/29
2279,"13,840,000","13,739,000","14,020,000","13,797,000",14000,0.1%,2022/05/21,1401/02/31
2280,"13,743,000","13,711,000","13,843,000","13,783,000",11000,0.08%,2022/05/22,1401/03/01
2281,"13,780,000","13,764,000","13,917,000","13,794,000",7000,0.05%,2022/05/23,1401/03/02
2282,"13,797,000","13,794,000","13,868,000","13,801,000",88000,0.64%,2022/05/24,1401/03/03
2283,"13,797,000","13,794,000","13,921,000","13,889,000",3500,0.03%,2022/05/25,1401/03/04
2284,"13,905,000","13,887,000","14,071,000","14,067,000",150000,1.07%,2022/05/28,1401/03/07
2285,"14,101,000","14,069,000","14,256,000","14,217,000",53000,0.37%,2022/05/29,1401/03/08
2286,"14,182,000","14,177,000","14,344,000","14,270,000",203000,1.42%,2022/05/30,1401/03/09
2287,"14,281,000","14,221,000","14,478,000","14,473,000",169000,1.18%,2022/05/31,1401/03/10
2288,"14,443,000","14,279,000","14,450,000","14,304,000",-,-,2022/06/01,1401/03/11
2289,"14,304,000","14,304,000","14,304,000","14,304,000",116000,0.81%,2022/06/02,1401/03/12
2290,"14,288,000","14,233,000","14,466,000","14,420,000",9000,0.06%,2022/06/06,1401/03/16
2291,"14,397,000","14,388,000","14,461,000","14,429,000",441000,3.06%,2022/06/07,1401/03/17
2292,"14,870,000","14,870,000","14,870,000","14,870,000",462000,3.21%,2022/06/08,1401/03/18
2293,"14,408,000","14,408,000","14,408,000","14,408,000",674000,4.68%,2022/06/09,1401/03/19
2294,"14,831,000","14,775,000","15,163,000","15,082,000",367000,2.49%,2022/06/11,1401/03/21
2295,"15,078,000","14,690,000","15,101,000","14,715,000",267000,1.85%,2022/06/12,1401/03/22
2296,"14,720,000","14,429,000","14,738,000","14,448,000",174000,1.22%,2022/06/13,1401/03/23
2297,"14,434,000","14,231,000","14,496,000","14,274,000",129000,0.91%,2022/06/14,1401/03/24
2298,"14,286,000","14,007,000","14,295,000","14,145,000",-,-,2022/06/15,1401/03/25
2299,"14,145,000","14,145,000","14,145,000","14,145,000",125000,0.88%,2022/06/16,1401/03/26
2300,"14,503,000","14,233,000","14,531,000","14,270,000",56000,0.39%,2022/06/18,1401/03/28
2301,"14,286,000","14,254,000","14,385,000","14,326,000",64000,0.45%,2022/06/19,1401/03/29
2302,"14,344,000","14,286,000","14,441,000","14,390,000",44000,0.31%,2022/06/20,1401/03/30
2303,"14,418,000","14,397,000","14,505,000","14,434,000",11000,0.08%,2022/06/21,1401/03/31
2304,"14,445,000","14,351,000","14,498,000","14,445,000",-,-,2022/06/22,1401/04/01
2305,"14,445,000","14,445,000","14,445,000","14,445,000",510000,3.66%,2022/06/23,1401/04/02
2306,"14,131,000","13,928,000","14,164,000","13,935,000",397000,2.93%,2022/06/25,1401/04/04
2307,"13,942,000","13,365,000","14,020,000","13,538,000",39000,0.29%,2022/06/26,1401/04/05
2308,"13,543,000","13,536,000","13,702,000","13,577,000",266000,1.96%,2022/06/27,1401/04/06
2309,"13,584,000","13,580,000","13,914,000","13,843,000",498000,3.6%,2022/06/28,1401/04/07
2310,"13,854,000","13,843,000","14,441,000","14,341,000",-,-,2022/06/29,1401/04/08
2311,"14,341,000","14,341,000","14,341,000","14,341,000",106000,0.74%,2022/06/30,1401/04/09
2312,"14,551,000","14,228,000","14,581,000","14,235,000",12000,0.08%,2022/07/02,1401/04/11
2313,"14,194,000","13,787,000","14,265,000","14,247,000",601000,4.4%,2022/07/03,1401/04/12
2314,"14,228,000","13,640,000","14,244,000","13,646,000",74000,0.54%,2022/07/04,1401/04/13
2315,"13,642,000","13,642,000","14,085,000","13,720,000",97000,0.71%,2022/07/05,1401/04/14
2316,"13,676,000","13,538,000","13,887,000","13,817,000",-,-,2022/07/06,1401/04/15
2317,"13,817,000","13,817,000","13,817,000","13,817,000",28000,0.2%,2022/07/07,1401/04/16
2318,"13,851,000","13,836,000","13,857,000","13,845,000",32000,0.23%,2022/07/09,1401/04/18
2319,"13,898,000","13,764,000","13,903,000","13,813,000",184000,1.33%,2022/07/11,1401/04/20
2320,"13,817,000","13,750,000","14,030,000","13,997,000",187000,1.35%,2022/07/12,1401/04/21
2321,"13,979,000","13,799,000","13,986,000","13,810,000",-,-,2022/07/13,1401/04/22
2322,"13,810,000","13,810,000","13,810,000","13,810,000",138000,1.01%,2022/07/14,1401/04/23
2323,"13,739,000","13,506,000","13,739,000","13,672,000",-,-,2022/07/16,1401/04/25
2324,"13,672,000","13,672,000","13,672,000","13,672,000",166000,1.23%,2022/07/17,1401/04/26
2325,"13,501,000","13,369,000","13,550,000","13,506,000",30000,0.22%,2022/07/19,1401/04/28
2326,"13,496,000","13,358,000","13,552,000","13,536,000",-,-,2022/07/20,1401/04/29
2327,"13,536,000","13,536,000","13,536,000","13,536,000",51000,0.38%,2022/07/21,1401/04/30
2328,"13,559,000","13,450,000","13,577,000","13,485,000",28000,0.21%,2022/07/23,1401/05/01
2329,"13,476,000","13,376,000","13,586,000","13,457,000",81000,0.6%,2022/07/24,1401/05/02
2330,"13,455,000","13,446,000","13,651,000","13,538,000",7000,0.05%,2022/07/25,1401/05/03
2331,"13,554,000","13,480,000","13,598,000","13,531,000",92000,0.68%,2022/07/26,1401/05/04
2332,"13,522,000","13,520,000","13,748,000","13,623,000",-,-,2022/07/27,1401/05/05
2333,"13,623,000","13,623,000","13,623,000","13,623,000",60000,0.44%,2022/07/28,1401/05/06
2334,"13,767,000","13,646,000","13,783,000","13,683,000",85000,0.63%,2022/07/30,1401/05/08
2335,"13,656,000","13,570,000","13,679,000","13,598,000",67000,0.49%,2022/07/31,1401/05/09
2336,"13,582,000","13,582,000","13,757,000","13,665,000",115000,0.85%,2022/08/01,1401/05/10
2337,"13,660,000","13,478,000","13,690,000","13,550,000",191000,1.41%,2022/08/02,1401/05/11
2338,"13,561,000","13,559,000","13,750,000","13,741,000",-,-,2022/08/03,1401/05/12
2339,"13,741,000","13,741,000","13,741,000","13,741,000",65000,0.48%,2022/08/04,1401/05/13
2340,"13,676,000","13,676,000","13,676,000","13,676,000",87000,0.64%,2022/08/06,1401/05/15
2341,"13,727,000","13,478,000","13,730,000","13,589,000",143000,1.05%,2022/08/09,1401/05/18
2342,"13,563,000","13,515,000","13,741,000","13,732,000",-,-,2022/08/10,1401/05/19
2343,"13,732,000","13,732,000","13,732,000","13,732,000",450000,3.39%,2022/08/11,1401/05/20
2344,"13,266,000","13,132,000","13,291,000","13,282,000",277000,2.13%,2022/08/13,1401/05/22
2345,"13,279,000","12,982,000","13,293,000","13,005,000",23000,0.18%,2022/08/14,1401/05/23
2346,"13,007,000","13,005,000","13,169,000","13,028,000",183000,1.42%,2022/08/15,1401/05/24
2347,"13,025,000","12,695,000","13,032,000","12,845,000",94000,0.74%,2022/08/16,1401/05/25
2348,"12,822,000","12,723,000","12,894,000","12,751,000",-,-,2022/08/17,1401/05/26
2349,"12,751,000","12,751,000","12,751,000","12,751,000",390000,3.16%,2022/08/18,1401/05/27
2350,"11,892,000","11,850,000","12,513,000","12,361,000",24000,0.19%,2022/08/20,1401/05/29
2351,"12,349,000","12,301,000","12,723,000","12,337,000",174000,1.41%,2022/08/21,1401/05/30
2352,"12,344,000","12,335,000","12,670,000","12,511,000",26000,0.21%,2022/08/22,1401/05/31
2353,"12,508,000","12,312,000","12,524,000","12,485,000",360000,2.88%,2022/08/23,1401/06/01
2354,"12,492,000","12,451,000","12,880,000","12,845,000",-,-,2022/08/24,1401/06/02
2355,"12,845,000","12,845,000","12,845,000","12,845,000",284000,2.26%,2022/08/25,1401/06/03
2356,"12,728,000","12,554,000","13,019,000","12,561,000",86000,0.68%,2022/08/27,1401/06/05
2357,"12,557,000","12,531,000","12,684,000","12,647,000",7000,0.06%,2022/08/28,1401/06/06
2358,"12,651,000","12,573,000","12,718,000","12,654,000",37000,0.29%,2022/08/29,1401/06/07
2359,"12,656,000","12,640,000","12,795,000","12,691,000",127000,1.01%,2022/08/30,1401/06/08
2360,"12,681,000","12,543,000","12,686,000","12,564,000",-,-,2022/08/31,1401/06/09
2361,"12,564,000","12,564,000","12,564,000","12,564,000",270000,2.15%,2022/09/01,1401/06/10
2362,"12,702,000","12,688,000","12,871,000","12,834,000",104000,0.82%,2022/09/03,1401/06/12
2363,"12,836,000","12,716,000","12,848,000","12,730,000",32000,0.25%,2022/09/04,1401/06/13
2364,"12,710,000","12,710,000","12,836,000","12,762,000",4000,0.03%,2022/09/05,1401/06/14
2365,"12,753,000","12,633,000","12,778,000","12,758,000",69000,0.54%,2022/09/06,1401/06/15
2366,"12,767,000","12,758,000","12,871,000","12,827,000",-,-,2022/09/07,1401/06/16
2367,"12,827,000","12,827,000","12,827,000","12,827,000",162000,1.26%,2022/09/08,1401/06/17
2368,"12,864,000","12,848,000","12,998,000","12,989,000",270000,2.08%,2022/09/10,1401/06/19
2369,"13,122,000","13,088,000","13,272,000","13,259,000",120000,0.91%,2022/09/11,1401/06/20
2370,"13,249,000","13,231,000","13,492,000","13,379,000",127000,0.96%,2022/09/12,1401/06/21
2371,"13,376,000","13,120,000","13,379,000","13,252,000",28000,0.21%,2022/09/13,1401/06/22
2372,"13,236,000","13,224,000","13,339,000","13,224,000",-,-,2022/09/14,1401/06/23
2373,"13,224,000","13,224,000","13,224,000","13,224,000",155000,1.19%,2022/09/15,1401/06/24
2374,"13,088,000","13,021,000","13,136,000","13,069,000",4000,0.03%,2022/09/18,1401/06/27
2375,"13,062,000","13,039,000","13,166,000","13,065,000",147000,1.13%,2022/09/19,1401/06/28
2376,"13,079,000","12,935,000","13,275,000","13,212,000",111000,0.84%,2022/09/20,1401/06/29
2377,"13,215,000","13,189,000","13,346,000","13,323,000",-,-,2022/09/21,1401/06/30
2378,"13,323,000","13,323,000","13,323,000","13,323,000",214000,1.63%,2022/09/22,1401/06/31
2379,"13,109,000","13,109,000","13,109,000","13,109,000",4000,0.03%,2022/09/24,1401/07/02
2380,"13,113,000","13,113,000","13,113,000","13,113,000",185000,1.41%,2022/09/26,1401/07/04
2381,"13,176,000","13,159,000","13,305,000","13,298,000",-,-,2022/09/28,1401/07/06
2382,"13,298,000","13,298,000","13,298,000","13,298,000",469000,3.53%,2022/09/29,1401/07/07
2383,"13,748,000","13,697,000","13,863,000","13,767,000",161000,1.17%,2022/10/01,1401/07/09
2384,"13,778,000","13,720,000","13,979,000","13,928,000",58000,0.42%,2022/10/02,1401/07/10
2385,"13,935,000","13,891,000","14,002,000","13,986,000",-,-,2022/10/03,1401/07/11
2386,"13,986,000","13,986,000","13,986,000","13,986,000",224000,1.63%,2022/10/04,1401/07/12
2387,"13,865,300","13,671,100","13,959,500","13,762,000",261000,1.93%,2022/10/05,1401/07/13
2388,"13,757,000","13,501,000","13,760,000","13,501,000",37000,0.27%,2022/10/08,1401/07/16
2389,"13,517,000","13,439,000","13,656,000","13,538,000",60000,0.44%,2022/10/09,1401/07/17
2390,"13,536,000","13,536,000","13,672,000","13,598,000",16000,0.12%,2022/10/10,1401/07/18
2391,"13,586,000","13,570,000","13,656,000","13,614,000",2000,0.01%,2022/10/11,1401/07/19
2392,"13,616,000","13,603,000","13,709,000","13,616,000",-,-,2022/10/12,1401/07/20
2393,"13,616,000","13,616,000","13,616,000","13,616,000",66000,0.49%,2022/10/13,1401/07/21
2394,"13,462,000","13,455,000","13,616,000","13,550,000",58000,0.43%,2022/10/15,1401/07/23
2395,"13,556,000","13,473,000","13,580,000","13,492,000",42000,0.31%,2022/10/16,1401/07/24
2396,"13,501,000","13,374,000","13,501,000","13,450,000",46000,0.34%,2022/10/17,1401/07/25
2397,"13,448,000","13,386,000","13,494,000","13,404,000",2000,0.01%,2022/10/18,1401/07/26
2398,"13,395,000","13,305,000","13,439,000","13,406,000",-,-,2022/10/19,1401/07/27
2399,"13,406,000","13,406,000","13,406,000","13,406,000",14000,0.1%,2022/10/20,1401/07/28
2400,"13,538,000","13,404,000","13,563,000","13,420,000",51000,0.38%,2022/10/22,1401/07/30
2401,"13,423,000","13,351,000","13,443,000","13,369,000",114000,0.85%,2022/10/23,1401/08/01
2402,"13,376,000","13,374,000","13,494,000","13,483,000",133000,0.99%,2022/10/24,1401/08/02
2403,"13,469,000","13,469,000","13,619,000","13,616,000",-,-,2022/10/25,1401/08/03
2404,"13,603,000","13,593,000","13,707,000","13,616,000",76200,0.56%,2022/10/26,1401/08/04
2405,"13,485,000","13,473,000","13,577,000","13,561,000",44000,0.32%,2022/10/29,1401/08/07
2406,"13,559,000","13,556,000","13,633,000","13,605,000",143000,1.05%,2022/10/30,1401/08/08
2407,"13,600,000","13,593,000","13,787,000","13,748,000",217000,1.58%,2022/10/31,1401/08/09
2408,"13,734,000","13,732,000","14,094,000","13,965,000",35000,0.25%,2022/11/01,1401/08/10
2409,"13,963,000","13,891,000","13,963,000","13,930,000",-,-,2022/11/02,1401/08/11
2410,"13,930,000","13,930,000","13,930,000","13,930,000",871000,6.25%,2022/11/03,1401/08/12
2411,"14,491,000","14,471,000","14,808,000","14,801,000",60000,0.41%,2022/11/05,1401/08/14
2412,"14,808,000","14,725,000","15,057,000","14,861,000",116000,0.79%,2022/11/06,1401/08/15
2413,"14,859,000","14,535,000","14,859,000","14,745,000",78000,0.53%,2022/11/07,1401/08/16
2414,"14,755,000","14,519,000","14,870,000","14,667,000",7000,0.05%,2022/11/08,1401/08/17
2415,"14,674,000","14,498,000","14,688,000","14,660,000",-,-,2022/11/09,1401/08/18
2416,"14,660,000","14,660,000","14,660,000","14,660,000",210000,1.43%,2022/11/10,1401/08/19
2417,"14,805,000","14,773,000","14,923,000","14,870,000",219000,1.47%,2022/11/12,1401/08/21
2418,"14,875,000","14,868,000","15,110,000","15,089,000",116000,0.77%,2022/11/13,1401/08/22
2419,"15,082,000","15,082,000","15,269,000","15,205,000",58000,0.38%,2022/11/14,1401/08/23
2420,"15,207,000","15,140,000","15,207,000","15,147,000",291000,1.96%,2022/11/15,1401/08/24
2421,"15,142,000","14,812,000","15,149,000","14,856,000",-,-,2022/11/16,1401/08/25
2422,"14,856,000","14,856,000","14,856,000","14,856,000",157000,1.06%,2022/11/17,1401/08/26
2423,"14,872,000","14,815,000","15,052,000","15,013,000",97000,0.65%,2022/11/19,1401/08/28
2424,"14,912,000","14,879,000","14,995,000","14,916,000",81000,0.54%,2022/11/20,1401/08/29
2425,"14,919,000","14,895,000","15,034,000","14,997,000",42000,0.28%,2022/11/21,1401/08/30
2426,"15,020,000","14,928,000","15,032,000","14,955,000",79000,0.53%,2022/11/22,1401/09/01
2427,"14,962,000","14,955,000","15,671,000","15,034,000",-,-,2022/11/23,1401/09/02
2428,"15,034,000","15,034,000","15,034,000","15,034,000",263000,1.75%,2022/11/24,1401/09/03
2429,"15,043,000","15,018,000","15,323,000","15,297,000",11000,0.07%,2022/11/26,1401/09/05
2430,"15,390,000","15,237,000","15,496,000","15,286,000",10000,0.07%,2022/11/27,1401/09/06
2431,"15,293,000","15,221,000","15,369,000","15,276,000",268000,1.75%,2022/11/28,1401/09/07
2432,"15,269,000","15,267,000","15,551,000","15,544,000",229000,1.47%,2022/11/29,1401/09/08
2433,"15,542,000","15,542,000","15,782,000","15,773,000",-,-,2022/11/30,1401/09/09
2434,"15,773,000","15,773,000","15,773,000","15,773,000",175000,1.11%,2022/12/01,1401/09/10
2435,"15,918,000","15,863,000","15,978,000","15,948,000",141000,0.89%,2022/12/03,1401/09/12
2436,"15,944,000","15,692,000","16,154,000","15,807,000",60000,0.38%,2022/12/04,1401/09/13
2437,"15,812,000","15,720,000","15,840,000","15,747,000",17000,0.11%,2022/12/05,1401/09/14
2438,"15,738,000","15,639,000","15,791,000","15,764,000",170000,1.08%,2022/12/06,1401/09/15
2439,"15,895,000","15,854,000","15,944,000","15,934,000",101500,0.64%,2022/12/07,1401/09/16
2440,"16,267,000","16,258,000","16,472,000","16,463,000",261000,1.59%,2022/12/10,1401/09/19
2441,"16,454,000","16,412,000","16,724,000","16,724,000",254000,1.52%,2022/12/11,1401/09/20
2442,"16,717,000","16,611,000","17,017,000","16,978,000",226000,1.35%,2022/12/12,1401/09/21
2443,"16,982,000","16,535,000","17,121,000","16,752,000",150000,0.9%,2022/12/13,1401/09/22
2444,"16,942,000","16,632,000","16,982,000","16,902,000",-,-,2022/12/14,1401/09/23
2445,"16,902,000","16,902,000","16,902,000","16,902,000",519000,3.07%,2022/12/15,1401/09/24
2446,"17,629,000","17,079,000","17,664,000","17,421,000",243000,1.39%,2022/12/17,1401/09/26
2447,"17,437,000","17,296,000","17,673,000","17,664,000",247000,1.42%,2022/12/18,1401/09/27
2448,"17,657,000","17,093,000","17,754,000","17,417,000",277000,1.59%,2022/12/19,1401/09/28
2449,"17,421,000","17,389,000","17,779,000","17,694,000",307000,1.74%,2022/12/20,1401/09/29
2450,"17,689,000","17,689,000","18,021,000","18,001,000",-,-,2022/12/21,1401/09/30
2451,"18,001,000","18,001,000","18,001,000","18,001,000",459000,2.55%,2022/12/22,1401/10/01
2452,"18,326,000","18,266,000","18,518,000","18,460,000",323000,1.75%,2022/12/24,1401/10/03
2453,"18,453,000","18,451,000","18,968,000","18,783,000",-,-,2022/12/25,1401/10/04
2454,"18,783,000","18,783,000","18,783,000","18,783,000",1138000,6.06%,2022/12/26,1401/10/05
2455,"19,917,000","19,917,000","19,926,000","19,921,000",768000,4.01%,2022/12/28,1401/10/07
2456,"19,153,000","19,153,000","19,153,000","19,153,000",601000,3.24%,2022/12/29,1401/10/08
2457,"18,028,000","17,943,000","18,617,000","18,552,000",55000,0.3%,2022/12/31,1401/10/10
2458,"18,543,000","18,497,000","18,552,000","18,497,000",545000,3.04%,2023/01/01,1401/10/11
2459,"18,502,000","17,539,000","18,506,000","17,952,000",104000,0.58%,2023/01/02,1401/10/12
2460,"17,961,000","17,781,000","18,238,000","18,056,000",7000,0.04%,2023/01/03,1401/10/13
2461,"18,047,000","17,954,000","18,079,000","18,049,000",-,-,2023/01/04,1401/10/14
2462,"18,049,000","18,049,000","18,049,000","18,049,000",942000,5.22%,2023/01/05,1401/10/15
2463,"18,952,000","18,405,000","19,210,000","18,991,000",145000,0.77%,2023/01/07,1401/10/17
2464,"18,984,000","18,483,000","19,153,000","18,846,000",6100,0.03%,2023/01/08,1401/10/18
2465,"18,841,000","18,716,000","18,956,000","18,878,000",208000,1.1%,2023/01/10,1401/10/20
2466,"18,929,000","18,929,000","19,116,000","19,086,000",167400,0.88%,2023/01/11,1401/10/21
2467,"19,307,000","19,113,000","19,326,000","19,215,000",203000,1.06%,2023/01/14,1401/10/24
2468,"19,217,000","19,217,000","19,420,000","19,418,000",496000,2.55%,2023/01/15,1401/10/25
2469,"19,411,000","19,411,000","20,053,000","19,914,000",358000,1.8%,2023/01/16,1401/10/26
2470,"19,921,000","19,882,000","20,365,000","20,272,000",63000,0.31%,2023/01/17,1401/10/27
2471,"20,203,000","20,171,000","20,552,000","20,335,000",256900,1.26%,2023/01/18,1401/10/28
2472,"20,614,000","20,540,000","21,380,000","20,840,000",2000,0.01%,2023/01/21,1401/11/01
2473,"20,854,000","20,656,000","21,184,000","20,838,000",473000,2.32%,2023/01/22,1401/11/02
2474,"20,831,000","20,194,000","21,023,000","20,365,000",261000,1.28%,2023/01/23,1401/11/03
2475,"20,360,000","20,035,000","20,769,000","20,626,000",549000,2.66%,2023/01/24,1401/11/04
2476,"20,614,000","20,609,000","21,288,000","21,175,000",100000,0.47%,2023/01/25,1401/11/05
2477,"20,960,000","20,960,000","21,461,000","21,369,000",242000,1.15%,2023/01/28,1401/11/08
2478,"21,360,000","20,946,000","21,404,000","21,127,000",425000,2.05%,2023/01/29,1401/11/09
2479,"21,120,000","20,681,000","21,127,000","20,702,000",713000,3.44%,2023/01/30,1401/11/10
2480,"20,711,000","20,702,000","21,415,000","21,415,000",365000,1.7%,2023/01/31,1401/11/11
2481,"21,408,000","21,406,000","21,877,000","21,780,000",148000,0.68%,2023/02/01,1401/11/12
2482,"20,889,000","20,681,000","21,233,000","20,690,000",9000,0.04%,2023/02/05,1401/11/16
2483,"20,699,000","20,510,000","20,976,000","20,681,000",199000,0.96%,2023/02/06,1401/11/17
2484,"20,746,000","20,531,000","21,030,000","20,880,000",237000,1.14%,2023/02/07,1401/11/18
2485,"20,875,000","20,875,000","21,219,000","21,117,000",47400,0.22%,2023/02/08,1401/11/19
2486,"21,323,000","21,163,000","21,457,000","21,198,000",226000,1.07%,2023/02/12,1401/11/23
2487,"21,196,000","21,196,000","21,484,000","21,424,000",250000,1.17%,2023/02/13,1401/11/24
2488,"21,434,000","21,417,000","21,681,000","21,674,000",171700,0.79%,2023/02/14,1401/11/25
2489,"21,847,000","21,838,000","22,156,000","22,015,000",1423000,6.46%,2023/02/16,1401/11/27
2490,"22,812,000","22,812,000","23,701,000","23,438,000",303000,1.31%,2023/02/19,1401/11/30
2491,"23,442,000","23,094,000","23,615,000","23,135,000",873000,3.77%,2023/02/20,1401/12/01
2492,"23,179,000","23,170,000","24,035,000","24,008,000",2292000,9.55%,2023/02/21,1401/12/02
2493,"26,028,000","26,000,000","26,328,000","26,300,000",50000,0.19%,2023/02/22,1401/12/03
2494,"27,320,000","26,920,000","27,660,000","27,290,000",1549100,6.02%,2023/02/25,1401/12/06
2495,"27,902,200","25,473,100","28,278,800","25,740,900",309400,1.2%,2023/02/26,1401/12/07
2496,"25,777,200","25,292,500","26,425,400","26,050,300",964300,3.84%,2023/02/27,1401/12/08
2497,"25,340,000","24,319,000","25,511,000","25,086,000",69000,0.28%,2023/02/28,1401/12/09
2498,"25,074,000","24,356,000","25,086,000","25,017,000",112100,0.45%,2023/03/01,1401/12/10
2499,"25,148,000","23,135,000","25,155,000","23,433,000",39000,0.17%,2023/03/04,1401/12/13
2500,"23,435,000","22,897,000","23,666,000","23,472,000",268000,1.15%,2023/03/05,1401/12/14
2501,"23,481,000","21,750,000","23,481,000","23,204,000",275200,1.2%,2023/03/06,1401/12/15
2502,"23,480,700","22,561,900","23,760,100","22,928,800",436200,1.94%,2023/03/07,1401/12/16
2503,"22,819,000","22,098,900","23,120,200","22,492,600",2566600,12.88%,2023/03/08,1401/12/17
2504,"20,469,000","19,912,000","21,219,000","19,926,000",1778000,8.92%,2023/03/11,1401/12/20
2505,"19,912,000","19,912,000","22,396,000","21,704,000",1136000,5.23%,2023/03/12,1401/12/21
2506,"21,697,000","21,690,000","23,250,000","22,840,000",325000,1.42%,2023/03/13,1401/12/22
2507,"22,837,000","22,533,000","23,170,000","23,165,000",18000,0.08%,2023/03/14,1401/12/23
2508,"23,170,000","22,558,000","23,290,000","23,147,000",1070000,4.62%,2023/03/15,1401/12/24
2509,"25,067,000","25,060,000","26,617,000","26,406,000",82300,0.31%,2023/03/18,1401/12/27
2510,"25,707,500","25,388,700","26,721,500","26,370,800",352200,1.35%,2023/03/24,1402/01/04
2511,"25,790,000","25,289,600","26,401,000","26,018,600",310000,1.19%,2023/03/25,1402/01/05
2512,"25,754,800","25,481,700","26,641,900","26,328,600",395000,1.52%,2023/03/26,1402/01/06
2513,"25,551,500","25,364,900","26,143,600","25,933,600",367900,1.42%,2023/03/27,1402/01/07
2514,"25,783,800","25,654,800","26,711,800","26,301,500",292300,1.12%,2023/03/28,1402/01/08
2515,"25,755,400","25,466,900","26,277,000","26,009,200",182200,0.71%,2023/03/29,1402/01/09
2516,"25,753,000","24,903,000","25,848,000","25,827,000",125000,0.48%,2023/04/03,1402/01/14
2517,"25,832,000","25,799,000","26,344,000","25,952,000",462000,1.81%,2023/04/04,1402/01/15
2518,"25,938,000","25,291,000","25,952,000","25,490,000",3000,0.01%,2023/04/05,1402/01/16
2519,"25,533,000","25,043,000","25,982,000","25,487,000",618000,2.49%,2023/04/06,1402/01/17
2520,"25,481,000","24,728,000","25,485,000","24,869,000",30000,0.12%,2023/04/08,1402/01/19
2521,"24,878,000","24,426,000","25,017,000","24,899,000",602000,2.42%,2023/04/09,1402/01/20
2522,"25,180,000","25,155,000","25,617,000","25,501,000",41700,0.16%,2023/04/10,1402/01/21
2523,"25,541,800","25,243,000","25,907,000","25,472,300",28700,0.11%,2023/04/12,1402/01/23
2524,"25,130,000","24,910,000","25,605,000","25,501,000",799000,3.13%,2023/04/15,1402/01/26
2525,"26,028,000","26,000,000","26,328,000","26,300,000",755000,2.96%,2023/04/16,1402/01/27
2526,"25,682,000","25,361,000","25,797,000","25,545,000",363000,1.42%,2023/04/17,1402/01/28
2527,"25,795,000","25,615,000","25,933,000","25,908,000",148000,0.57%,2023/04/18,1402/01/29
2528,"26,021,000","25,984,000","26,182,000","26,056,000",35000,0.13%,2023/04/19,1402/01/30
2529,"25,968,900","25,355,200","26,410,300","25,733,500",3500,0.01%,2023/04/23,1402/02/03
2530,"25,725,000","25,645,000","25,815,000","25,730,000",850000,3.3%,2023/04/25,1402/02/05
2531,"26,333,000","26,330,000","26,737,000","26,580,000",-,-,2023/04/26,1402/02/06
2532,"26,580,000","26,580,000","26,580,000","26,580,000",872000,3.28%,2023/04/27,1402/02/07
2533,"27,099,000","27,004,000","27,498,000","27,452,000",28000,0.1%,2023/04/29,1402/02/09
2534,"27,787,000","25,869,000","28,145,000","27,480,000",263000,0.97%,2023/04/30,1402/02/10
2535,"27,473,000","27,004,000","27,683,000","27,217,000",46000,0.17%,2023/05/01,1402/02/11
2536,"27,221,000","27,057,000","27,510,000","27,263,000",83000,0.3%,2023/05/02,1402/02/12
2537,"27,258,000","27,235,000","27,695,000","27,346,000",-,-,2023/05/03,1402/02/13
2538,"27,346,000","27,346,000","27,346,000","27,346,000",1002000,3.8%,2023/05/04,1402/02/14
2539,"26,413,000","26,226,000","26,755,000","26,344,000",243000,0.92%,2023/05/06,1402/02/16
2540,"26,390,000","26,307,000","26,753,000","26,587,000",178000,0.67%,2023/05/07,1402/02/17
2541,"26,591,000","26,358,000","27,009,000","26,409,000",113000,0.43%,2023/05/08,1402/02/18
2542,"26,416,000","26,092,000","26,580,000","26,522,000",97000,0.37%,2023/05/09,1402/02/19
2543,"26,529,000","26,312,000","26,598,000","26,425,000",-,-,2023/05/10,1402/02/20
2544,"26,425,000","26,425,000","26,425,000","26,425,000",1191000,4.72%,2023/05/11,1402/02/21
2545,"25,695,000","25,141,000","25,975,000","25,234,000",660000,2.62%,2023/05/13,1402/02/23
2546,"25,238,000","25,176,000","25,998,000","25,894,000",576100,2.28%,2023/05/14,1402/02/24
2547,"25,157,000","24,901,000","25,167,000","24,998,000",-,-,2023/05/17,1402/02/27
2548,"24,998,000","24,998,000","24,998,000","24,998,000",644000,2.58%,2023/05/18,1402/02/28
2549,"25,520,000","25,520,000","26,056,000","25,642,000",132000,0.51%,2023/05/20,1402/02/30
2550,"25,647,000","25,647,000","26,032,000","25,774,000",141000,0.55%,2023/05/21,1402/02/31
2551,"25,778,000","25,395,000","25,963,000","25,633,000",272000,1.07%,2023/05/22,1402/03/01
2552,"25,647,000","25,294,000","25,998,000","25,361,000",90000,0.36%,2023/05/23,1402/03/02
2553,"25,368,000","24,959,000","25,368,000","25,271,000",-,-,2023/05/24,1402/03/03
2554,"25,271,000","25,271,000","25,271,000","25,271,000",312000,1.25%,2023/05/25,1402/03/04
2555,"25,003,000","24,797,000","25,037,000","24,959,000",309000,1.24%,2023/05/27,1402/03/06
2556,"24,970,000","24,841,000","25,411,000","25,268,000",311000,1.25%,2023/05/28,1402/03/07
2557,"25,280,000","24,853,000","25,280,000","24,957,000",7000,0.03%,2023/05/29,1402/03/08
2558,"24,966,000","24,488,000","25,144,000","24,950,000",90000,0.36%,2023/05/30,1402/03/09
2559,"24,959,000","24,703,000","25,097,000","25,040,000",-,-,2023/05/31,1402/03/10
2560,"25,040,000","25,040,000","25,040,000","25,040,000",393000,1.59%,2023/06/01,1402/03/11
2561,"24,647,000","24,647,000","24,647,000","24,647,000",778000,3.26%,2023/06/03,1402/03/13
2562,"24,585,000","23,839,000","24,590,000","23,869,000",383000,1.63%,2023/06/06,1402/03/16
2563,"23,666,000","23,103,000","23,678,000","23,486,000",-,-,2023/06/07,1402/03/17
2564,"23,486,000","23,486,000","23,486,000","23,486,000",1014000,4.51%,2023/06/08,1402/03/18
2565,"23,181,000","22,431,000","23,444,000","22,472,000",296000,1.32%,2023/06/10,1402/03/20
2566,"22,327,000","21,976,000","22,805,000","22,768,000",697000,3.06%,2023/06/11,1402/03/21
2567,"22,770,000","22,770,000","23,569,000","23,465,000",187000,0.8%,2023/06/12,1402/03/22
2568,"23,468,000","23,075,000","23,885,000","23,278,000",201000,0.87%,2023/06/13,1402/03/23
2569,"23,193,000","22,867,000","23,262,000","23,077,000",-,-,2023/06/14,1402/03/24
2570,"23,077,000","23,077,000","23,077,000","23,077,000",508000,2.2%,2023/06/15,1402/03/25
2571,"23,516,000","23,336,000","23,805,000","23,585,000",478000,2.07%,2023/06/17,1402/03/27
2572,"23,581,000","23,098,000","23,581,000","23,107,000",190000,0.82%,2023/06/18,1402/03/28
2573,"23,112,000","23,112,000","23,435,000","23,297,000",289000,1.26%,2023/06/19,1402/03/29
2574,"22,950,000","22,937,000","23,124,000","23,008,000",344000,1.5%,2023/06/20,1402/03/30
2575,"23,334,000","23,283,000","23,447,000","23,352,000",-,-,2023/06/21,1402/03/31
2576,"23,352,000","23,352,000","23,352,000","23,352,000",229000,0.98%,2023/06/22,1402/04/01
2577,"24,303,000","23,444,000","24,303,000","23,581,000",16000,0.07%,2023/06/24,1402/04/03
2578,"23,588,000","23,306,000","23,735,000","23,597,000",86000,0.37%,2023/06/25,1402/04/04
2579,"23,590,000","23,306,000","23,770,000","23,511,000",27000,0.11%,2023/06/26,1402/04/05
2580,"23,493,000","23,306,000","23,532,000","23,484,000",-,-,2023/06/27,1402/04/06
2581,"23,484,000","23,484,000","23,484,000","23,484,000",517000,2.2%,2023/06/28,1402/04/07
2582,"24,005,000","23,842,000","24,232,000","24,001,000",169000,0.71%,2023/07/01,1402/04/10
2583,"23,989,000","23,560,000","23,989,000","23,832,000",14000,0.06%,2023/07/02,1402/04/11
2584,"23,823,000","23,618,000","23,902,000","23,846,000",39000,0.16%,2023/07/03,1402/04/12
2585,"23,701,000","23,539,000","23,978,000","23,807,000",30000,0.13%,2023/07/04,1402/04/13
2586,"23,861,000","23,781,000","23,885,000","23,837,000",-,-,2023/07/05,1402/04/14
2587,"23,837,000","23,837,000","23,837,000","23,837,000",259000,1.1%,2023/07/06,1402/04/15
2588,"23,594,500","23,426,000","23,611,000","23,578,000",92000,0.39%,2023/07/08,1402/04/17
2589,"23,530,000","23,438,000","23,574,000","23,486,000",208000,0.89%,2023/07/09,1402/04/18
2590,"23,405,000","23,158,000","23,532,000","23,278,000",178000,0.76%,2023/07/10,1402/04/19
2591,"23,474,500","23,063,000","23,493,000","23,456,000",37000,0.16%,2023/07/11,1402/04/20
2592,"23,539,000","23,440,000","23,585,000","23,493,000",-,-,2023/07/12,1402/04/21
2593,"23,493,000","23,493,000","23,493,000","23,493,000",309000,1.33%,2023/07/13,1402/04/22
2594,"23,252,000","23,121,000","23,320,000","23,184,000",78000,0.34%,2023/07/15,1402/04/24
2595,"23,291,000","23,163,000","23,320,000","23,262,000",136000,0.59%,2023/07/16,1402/04/25
2596,"23,219,500","23,052,000","23,313,000","23,126,000",19000,0.08%,2023/07/17,1402/04/26
2597,"23,150,000","23,020,000","23,193,000","23,107,000",70000,0.3%,2023/07/18,1402/04/27
2598,"23,200,000","23,013,000","23,223,000","23,177,000",-,-,2023/07/19,1402/04/28
2599,"23,177,000","23,177,000","23,177,000","23,177,000",455000,2%,2023/07/20,1402/04/29
2600,"22,902,000","22,696,000","23,082,000","22,722,000",547000,2.41%,2023/07/22,1402/04/31
2601,"23,269,000","22,666,000","23,269,000","23,269,000",72000,0.31%,2023/07/23,1402/05/01
2602,"23,360,500","23,098,000","23,380,000","23,341,000",12000,0.05%,2023/07/24,1402/05/02
2603,"23,431,500","23,262,000","23,534,000","23,329,000",-,-,2023/07/25,1402/05/03
2604,"23,332,500","23,329,000","23,336,000","23,329,000",67000,0.29%,2023/07/26,1402/05/04
2605,"23,351,000","23,257,000","23,440,000","23,262,000",416000,1.79%,2023/07/29,1402/05/07
2606,"23,703,000","23,244,000","23,728,000","23,678,000",240000,1.01%,2023/07/30,1402/05/08
2607,"23,965,000","23,645,000","24,012,000","23,918,000",-,-,2023/07/31,1402/05/09
2608,"23,918,000","23,918,000","23,918,000","23,918,000",60800,0.25%,2023/08/01,1402/05/10
2609,"23,902,000","23,405,200","24,081,200","23,670,400",66400,0.28%,2023/08/02,1402/05/11
2610,"23,666,000","23,539,000","23,728,000","23,604,000",88000,0.37%,2023/08/05,1402/05/14
2611,"23,591,000","23,509,000","23,666,000","23,516,000",109000,0.47%,2023/08/06,1402/05/15
2612,"23,461,500","23,375,000","23,516,000","23,407,000",100000,0.43%,2023/08/07,1402/05/16
2613,"23,546,000","23,407,000","23,585,000","23,507,000",12000,0.05%,2023/08/08,1402/05/17
2614,"23,512,500","23,456,000","23,530,000","23,495,000",-,-,2023/08/09,1402/05/18
2615,"23,495,000","23,495,000","23,495,000","23,495,000",279000,1.2%,2023/08/10,1402/05/19
2616,"23,262,000","23,038,000","23,308,000","23,216,000",5000,0.02%,2023/08/12,1402/05/21
2617,"23,367,000","23,184,000","23,523,000","23,211,000",9000,0.04%,2023/08/13,1402/05/22
2618,"23,241,000","23,084,000","23,262,000","23,220,000",143000,0.62%,2023/08/14,1402/05/23
2619,"23,215,500","23,077,000","23,354,000","23,077,000",34000,0.15%,2023/08/15,1402/05/24
2620,"23,063,500","22,990,000","23,084,000","23,043,000",-,-,2023/08/16,1402/05/25
2621,"23,043,000","23,043,000","23,043,000","23,043,000",411000,1.82%,2023/08/17,1402/05/26
2622,"22,854,500","22,632,000","23,077,000","22,632,000",166000,0.73%,2023/08/19,1402/05/28
2623,"22,926,000","22,632,000","23,054,000","22,798,000",392000,1.72%,2023/08/20,1402/05/29
2624,"23,202,000","22,798,000","23,214,000","23,190,000",27000,0.12%,2023/08/21,1402/05/30
2625,"23,186,000","23,114,000","23,209,000","23,163,000",33000,0.14%,2023/08/22,1402/05/31
2626,"23,184,500","23,128,000","23,239,000","23,130,000",-,-,2023/08/23,1402/06/01
2627,"23,130,000","23,130,000","23,130,000","23,130,000",40000,0.17%,2023/08/24,1402/06/02
2628,"23,185,000","22,973,000","23,200,000","23,170,000",58000,0.25%,2023/08/26,1402/06/04
2629,"23,209,000","22,865,000","23,306,000","23,112,000",113000,0.49%,2023/08/27,1402/06/05
2630,"23,234,500","23,110,000","23,244,000","23,225,000",90000,0.39%,2023/08/28,1402/06/06
2631,"23,429,500","23,091,000","23,544,000","23,315,000",21000,0.09%,2023/08/29,1402/06/07
2632,"23,312,500","23,267,000","23,331,000","23,294,000",-,-,2023/08/30,1402/06/08
2633,"23,294,000","23,294,000","23,294,000","23,294,000",340000,1.46%,2023/08/31,1402/06/09
2634,"23,710,000","23,594,000","23,786,000","23,634,000",74000,0.31%,2023/09/02,1402/06/11
2635,"23,754,000","23,604,000","23,800,000","23,708,000",83000,0.35%,2023/09/03,1402/06/12
2636,"23,678,000","23,604,000","23,731,000","23,625,000",-,-,2023/09/04,1402/06/13
2637,"23,625,000","23,625,000","23,625,000","23,625,000",91000,0.39%,2023/09/05,1402/06/14
2638,"23,534,000","23,534,000","23,534,000","23,534,000",78000,0.33%,2023/09/07,1402/06/16
2639,"23,538,000","23,444,000","23,620,000","23,456,000",42000,0.18%,2023/09/09,1402/06/18
2640,"23,460,500","23,398,000","23,507,000","23,414,000",57000,0.24%,2023/09/10,1402/06/19
2641,"23,450,500","23,246,000","23,544,000","23,357,000",129000,0.55%,2023/09/11,1402/06/20
2642,"23,495,000","23,357,000","23,504,000","23,486,000",-,-,2023/09/12,1402/06/21
2643,"23,486,000","23,486,000","23,486,000","23,486,000",141000,0.6%,2023/09/13,1402/06/22
2644,"23,388,000","23,281,000","23,431,000","23,345,000",58000,0.25%,2023/09/17,1402/06/26
2645,"23,472,000","23,297,000","23,541,000","23,403,000",69000,0.3%,2023/09/18,1402/06/27
2646,"23,368,500","23,244,000","23,403,000","23,334,000",100000,0.43%,2023/09/19,1402/06/28
2647,"23,284,000","23,200,000","23,334,000","23,234,000",-,-,2023/09/20,1402/06/29
2648,"23,234,000","23,234,000","23,234,000","23,234,000",60000,0.26%,2023/09/21,1402/06/30
2649,"23,174,000","23,174,000","23,174,000","23,174,000",16000,0.07%,2023/09/23,1402/07/01
2650,"23,158,000","23,158,000","23,158,000","23,158,000",293000,1.28%,2023/09/25,1402/07/03
2651,"23,798,000","22,853,000","23,798,000","22,865,000",53000,0.23%,2023/09/26,1402/07/04
2652,"22,876,000","22,826,000","22,946,000","22,918,000",-,-,2023/09/27,1402/07/05
2653,"22,918,000","22,918,000","22,918,000","22,918,000",307000,1.36%,2023/09/28,1402/07/06
2654,"22,530,000","22,406,000","22,851,000","22,611,000",106000,0.47%,2023/09/30,1402/07/08
2655,"22,604,000","22,445,000","22,611,000","22,505,000",-,-,2023/10/01,1402/07/09
2656,"22,505,000","22,505,000","22,505,000","22,505,000",67000,0.3%,2023/10/02,1402/07/10
2657,"22,401,000","22,399,000","22,535,000","22,438,000",-,-,2023/10/04,1402/07/12
2658,"22,438,000","22,438,000","22,438,000","22,438,000",2008000,8.95%,2023/10/05,1402/07/13
2659,"23,045,000","23,045,000","24,472,000","24,446,000",88000,0.36%,2023/10/07,1402/07/15
2660,"24,439,000","24,412,000","24,945,000","24,534,000",535000,2.23%,2023/10/08,1402/07/16
2661,"24,539,000","23,800,000","24,703,000","23,999,000",14000,0.06%,2023/10/09,1402/07/17
2662,"24,123,910","23,812,000","24,123,910","23,985,000",17000,0.07%,2023/10/10,1402/07/18
2663,"23,975,000","23,777,000","24,114,000","23,968,000",-,-,2023/10/11,1402/07/19
2664,"23,968,000","23,968,000","23,968,000","23,968,000",107000,0.45%,2023/10/12,1402/07/20
2665,"24,128,000","24,031,000","24,250,000","24,075,000",607000,2.59%,2023/10/14,1402/07/22
2666,"24,049,000","23,324,000","24,049,000","23,468,000",505000,2.15%,2023/10/15,1402/07/23
2667,"23,465,000","23,465,000","24,022,000","23,973,000",402000,1.68%,2023/10/16,1402/07/24
2668,"23,968,000","23,968,000","24,680,000","24,375,000",37000,0.15%,2023/10/17,1402/07/25
2669,"24,370,000","24,015,000","24,458,000","24,412,000",232200,0.96%,2023/10/18,1402/07/26
2670,"23,966,000","23,964,000","24,516,000","24,259,000",119700,0.5%,2023/10/21,1402/07/29
2671,"24,252,000","24,033,000","24,252,000","24,061,000",270000,1.12%,2023/10/22,1402/07/30
2672,"24,109,000","24,068,000","24,354,000","24,331,000",261000,1.07%,2023/10/23,1402/08/01
2673,"24,310,000","24,303,000","24,643,000","24,592,000",173000,0.7%,2023/10/24,1402/08/02
2674,"24,578,000","24,571,000","24,885,000","24,765,000",522000,2.11%,2023/10/25,1402/08/03
2675,"24,783,000","24,691,000","25,543,000","25,287,000",321000,1.29%,2023/10/27,1402/08/05
2676,"25,273,000","24,809,000","25,312,000","24,966,000",109000,0.44%,2023/10/28,1402/08/06
2677,"24,950,000","24,703,000","24,966,000","24,857,000",104000,0.42%,2023/10/29,1402/08/07
2678,"24,837,000","24,818,000","25,187,000","24,961,000",26000,0.1%,2023/10/30,1402/08/08
2679,"24,964,000","24,910,000","25,139,000","24,987,000",180000,0.72%,2023/10/31,1402/08/09
2680,"24,989,000","24,968,000","25,234,000","25,167,000",508000,2.06%,2023/11/01,1402/08/10
2681,"25,162,000","24,576,000","25,162,000","24,659,000",37000,0.15%,2023/11/03,1402/08/12
2682,"24,636,000","24,633,000","24,834,000","24,696,000",42000,0.17%,2023/11/04,1402/08/13
2683,"24,661,000","24,622,000","24,749,000","24,654,000",272000,1.12%,2023/11/05,1402/08/14
2684,"24,670,000","24,356,000","24,680,000","24,382,000",33000,0.14%,2023/11/06,1402/08/15
2685,"24,405,000","24,312,000","24,499,000","24,349,000",26000,0.11%,2023/11/07,1402/08/16
2686,"24,338,000","24,333,000","24,435,000","24,375,000",139000,0.57%,2023/11/08,1402/08/17
2687,"24,391,000","24,188,000","24,391,000","24,236,000",145000,0.6%,2023/11/10,1402/08/19
2688,"24,227,000","24,049,000","24,246,000","24,091,000",39000,0.16%,2023/11/11,1402/08/20
2689,"24,089,000","24,079,000","24,192,000","24,130,000",39000,0.16%,2023/11/12,1402/08/21
2690,"24,132,000","24,056,000","24,225,000","24,169,000",53000,0.22%,2023/11/13,1402/08/22
2691,"24,181,000","24,165,000","24,379,000","24,222,000",24000,0.1%,2023/11/14,1402/08/23
2692,"24,250,000","24,149,000","24,303,000","24,246,000",94000,0.39%,2023/11/15,1402/08/24
2693,"24,229,000","24,165,000","24,472,000","24,340,000",99000,0.41%,2023/11/17,1402/08/26
2694,"24,326,000","24,209,000","24,361,000","24,241,000",210000,0.87%,2023/11/18,1402/08/27
2695,"24,232,000","23,876,000","24,232,000","24,031,000",191000,0.79%,2023/11/19,1402/08/28
2696,"23,927,000","23,927,000","24,280,000","24,222,000",78000,0.32%,2023/11/20,1402/08/29
2697,"24,216,000","24,135,000","24,303,000","24,144,000",78000,0.32%,2023/11/21,1402/08/30
2698,"24,155,000","24,142,000","24,276,000","24,222,000",289000,1.19%,2023/11/22,1402/09/01
2699,"24,287,000","24,276,000","24,601,000","24,511,000",104000,0.43%,2023/11/24,1402/09/03
2700,"24,518,000","24,352,000","24,553,000","24,407,000",30000,0.12%,2023/11/25,1402/09/04
2701,"24,393,000","24,363,000","24,460,000","24,377,000",198900,0.82%,2023/11/26,1402/09/05
2702,"24,538,100","24,047,300","24,922,400","24,575,900",175100,0.71%,2023/11/27,1402/09/06
2703,"24,566,000","24,560,000","24,816,000","24,751,000",39000,0.16%,2023/11/28,1402/09/07
2704,"24,767,000","24,758,000","24,934,000","24,790,000",464000,1.87%,2023/11/29,1402/09/08
2705,"25,058,000","25,051,000","25,312,000","25,254,000",18000,0.07%,2023/12/01,1402/09/10
2706,"25,284,000","25,139,000","25,312,000","25,236,000",307000,1.23%,2023/12/02,1402/09/11
2707,"25,312,000","24,869,000","25,351,000","24,929,000",25000,0.1%,2023/12/03,1402/09/12
2708,"24,853,000","24,740,000","24,964,000","24,954,000",281000,1.14%,2023/12/04,1402/09/13
2709,"24,947,000","24,509,000","24,947,000","24,673,000",83000,0.34%,2023/12/05,1402/09/14
2710,"24,617,000","24,603,000","24,772,000","24,756,000",243000,0.99%,2023/12/06,1402/09/15
2711,"24,751,000","24,439,000","24,751,000","24,513,000",28000,0.11%,2023/12/08,1402/09/17
2712,"24,509,000","24,493,000","24,587,000","24,541,000",159000,0.65%,2023/12/09,1402/09/18
2713,"24,539,000","24,363,000","24,553,000","24,382,000",62000,0.25%,2023/12/10,1402/09/19
2714,"24,375,000","24,370,000","24,573,000","24,444,000",49000,0.2%,2023/12/11,1402/09/20
2715,"24,453,000","24,400,000","24,523,000","24,493,000",330000,1.35%,2023/12/12,1402/09/21
2716,"24,499,000","24,421,000","24,885,000","24,823,000",254000,1.03%,2023/12/13,1402/09/22
2717,"24,435,000","24,435,000","24,670,000","24,569,000",93000,0.38%,2023/12/15,1402/09/24
2718,"24,606,000","24,453,000","24,608,000","24,476,000",67000,0.27%,2023/12/17,1402/09/26
2719,"24,481,000","24,400,000","24,562,000","24,543,000",33300,0.14%,2023/12/18,1402/09/27
2720,"24,526,000","24,302,800","24,979,300","24,576,300",61700,0.25%,2023/12/19,1402/09/28
2721,"24,543,000","24,421,000","24,696,000","24,638,000",245000,0.99%,2023/12/20,1402/09/29
2722,"24,726,000","24,721,000","24,970,000","24,883,000",192000,0.78%,2023/12/22,1402/10/01
2723,"24,887,000","24,659,000","24,890,000","24,691,000",136000,0.55%,2023/12/23,1402/10/02
2724,"24,555,000","24,555,000","24,555,000","24,555,000",210000,0.86%,2023/12/24,1402/10/03
2725,"24,788,000","24,753,000","24,982,000","24,765,000",295000,1.19%,2023/12/25,1402/10/04
2726,"24,756,000","24,756,000","25,084,000","25,060,000",41000,0.16%,2023/12/26,1402/10/05
2727,"25,067,000","25,003,000","25,109,000","25,019,000",136000,0.54%,2023/12/27,1402/10/06
2728,"25,024,000","25,024,000","25,201,000","25,155,000",106000,0.42%,2023/12/29,1402/10/08
2729,"25,208,000","25,012,000","25,217,000","25,049,000",203000,0.81%,2023/12/30,1402/10/09
2730,"25,047,000","25,047,000","25,264,000","25,252,000",199000,0.79%,2023/12/31,1402/10/10
2731,"25,243,000","25,243,000","25,527,000","25,451,000",53000,0.21%,2024/01/01,1402/10/11
2732,"25,446,000","25,344,000","25,582,000","25,504,000",143000,0.56%,2024/01/02,1402/10/12
2733,"25,624,000","25,608,000","25,820,000","25,647,000",30000,0.12%,2024/01/03,1402/10/13
2734,"25,624,000","25,416,000","25,707,000","25,677,000",143000,0.56%,2024/01/05,1402/10/15
2735,"25,691,000","25,617,000","25,882,000","25,820,000",162000,0.63%,2024/01/06,1402/10/16
2736,"25,825,000","25,559,000","25,887,000","25,658,000",289000,1.13%,2024/01/07,1402/10/17
2737,"25,663,000","25,640,000","25,956,000","25,947,000",139000,0.54%,2024/01/08,1402/10/18
2738,"25,952,000","25,896,000","26,118,000","26,086,000",53000,0.2%,2024/01/09,1402/10/19
2739,"26,074,000","26,049,000","26,196,000","26,139,000",782000,2.99%,2024/01/10,1402/10/20
2740,"26,367,000","26,314,000","26,981,000","26,921,000",369000,1.39%,2024/01/12,1402/10/22
2741,"26,917,000","26,462,000","27,263,000","26,552,000",25000,0.09%,2024/01/13,1402/10/23
2742,"26,563,000","26,430,000","26,670,000","26,577,000",160000,0.6%,2024/01/14,1402/10/24
2743,"26,575,000","26,559,000","26,921,000","26,737,000",360000,1.35%,2024/01/15,1402/10/25
2744,"26,774,000","26,540,000","27,224,000","27,097,000",153000,0.57%,2024/01/16,1402/10/26
2745,"27,011,000","26,889,000","27,154,000","26,944,000",349000,1.3%,2024/01/17,1402/10/27
2746,"26,956,000","26,716,000","27,305,000","27,293,000",72000,0.26%,2024/01/19,1402/10/29
2747,"27,249,000","27,011,000","27,522,000","27,221,000",113000,0.42%,2024/01/20,1402/10/30
2748,"27,041,000","26,958,000","27,224,000","27,108,000",208000,0.77%,2024/01/21,1402/11/01
2749,"27,083,000","27,071,000","27,318,000","27,316,000",212000,0.78%,2024/01/22,1402/11/02
2750,"27,508,000","27,429,000","27,690,000","27,528,000",520000,1.89%,2024/01/23,1402/11/03
2751,"27,522,000","27,522,000","28,136,000","28,048,000",76000,0.27%,2024/01/26,1402/11/06
2752,"28,043,000","27,824,000","28,136,000","27,972,000",1119000,4%,2024/01/27,1402/11/07
2753,"27,965,000","27,953,000","29,232,000","29,091,000",17000,0.06%,2024/01/28,1402/11/08
2754,"29,096,000","27,595,000","29,869,000","29,108,000",266000,0.92%,2024/01/29,1402/11/09
2755,"27,972,000","27,965,000","29,579,000","28,842,000",902500,3.23%,2024/01/30,1402/11/10
2756,"28,711,200","27,674,000","29,256,700","27,939,500",124500,0.45%,2024/01/31,1402/11/11
2757,"28,849,000","27,757,000","28,976,000","27,815,000",268000,0.97%,2024/02/02,1402/11/13
2758,"27,999,000","27,284,000","28,034,000","27,547,000",81000,0.29%,2024/02/03,1402/11/14
2759,"27,510,000","26,231,000","27,755,000","27,628,000",59900,0.22%,2024/02/04,1402/11/15
2760,"27,526,100","27,088,400","28,122,600","27,687,900",194100,0.7%,2024/02/05,1402/11/16
2761,"27,618,000","27,399,000","27,962,000","27,882,000",347000,1.26%,2024/02/06,1402/11/17
2762,"27,838,000","27,145,000","27,847,000","27,535,000",41000,0.15%,2024/02/09,1402/11/20
2763,"27,542,000","27,475,000","27,840,000","27,494,000",65000,0.24%,2024/02/11,1402/11/22
2764,"27,492,000","27,374,000","27,683,000","27,429,000",146000,0.53%,2024/02/12,1402/11/23
2765,"27,445,000","27,376,000","27,575,000","27,575,000",191000,0.69%,2024/02/13,1402/11/24
2766,"27,568,000","27,510,000","27,801,000","27,766,000",289000,1.04%,2024/02/14,1402/11/25
2767,"27,732,000","27,722,000","28,066,000","28,055,000",113000,0.4%,2024/02/16,1402/11/27
2768,"28,041,000","28,011,000","28,461,000","28,168,000",76000,0.27%,2024/02/18,1402/11/29
2769,"28,226,000","27,863,000","28,309,000","27,990,000",280000,1%,2024/02/19,1402/11/30
2770,"28,046,000","28,046,000","28,309,000","28,270,000",143000,0.51%,2024/02/20,1402/12/01
2771,"28,260,000","28,260,000","28,505,000","28,413,000",228000,0.8%,2024/02/21,1402/12/02
2772,"28,325,000","28,323,000","28,771,000","28,641,000",130000,0.45%,2024/02/23,1402/12/04
2773,"28,637,000","28,618,000","28,826,000","28,771,000",337000,1.17%,2024/02/25,1402/12/06
2774,"28,757,000","28,757,000","29,209,000","29,108,000",120000,0.41%,2024/02/26,1402/12/07
2775,"29,177,000","28,831,000","29,230,000","28,988,000",13000,0.04%,2024/02/27,1402/12/08
2776,"28,990,000","28,937,000","29,082,000","29,001,000",901000,3.11%,2024/02/28,1402/12/09
2777,"28,994,000","28,994,000","30,262,000","29,902,000",30000,0.1%,2024/03/01,1402/12/11
2778,"29,899,000","29,662,000","29,959,000","29,872,000",1198000,4.01%,2024/03/02,1402/12/12
2779,"29,881,000","29,881,000","31,359,000","31,070,000",575000,1.85%,2024/03/03,1402/12/13
2780,"30,429,100","29,790,000","32,163,900","31,645,000",247000,0.78%,2024/03/04,1402/12/14
2781,"31,079,000","31,070,000","32,051,000","31,892,000",9200,0.03%,2024/03/05,1402/12/15
2782,"31,162,000","30,946,900","32,090,000","31,882,800",373800,1.19%,2024/03/06,1402/12/16
2783,"31,899,000","31,442,000","32,176,000","31,509,000",598000,1.93%,2024/03/08,1402/12/18
2784,"31,379,000","30,756,000","31,405,000","30,911,000",401000,1.3%,2024/03/09,1402/12/19
2785,"31,015,000","30,901,000","31,522,000","31,312,000",378000,1.22%,2024/03/10,1402/12/20
2786,"30,966,000","30,846,000","31,213,000","30,934,000",86000,0.28%,2024/03/11,1402/12/21
2787,"30,765,000","30,518,000","30,941,000","30,848,000",229000,0.74%,2024/03/12,1402/12/22
2788,"30,839,000","30,839,000","31,215,000","31,077,000",305000,0.98%,2024/03/13,1402/12/23
2789,"31,111,000","30,920,000","31,391,000","31,382,000",625000,1.99%,2024/03/15,1402/12/25
2790,"31,389,000","31,347,000","32,049,000","32,007,000",529000,1.65%,2024/03/16,1402/12/26
2791,"32,026,000","32,023,000","32,557,000","32,536,000",90000,0.28%,2024/03/17,1402/12/27
2792,"32,545,000","32,545,000","32,626,000","32,626,000",349000,1.08%,2024/03/23,1403/01/04
2793,"32,617,000","31,405,000","32,626,000","32,277,000",50000,0.16%,2024/03/24,1403/01/05
2794,"32,254,000","31,913,000","32,395,000","32,227,000",378000,1.17%,2024/03/25,1403/01/06
2795,"32,224,000","32,197,000","32,647,000","32,605,000",129000,0.4%,2024/03/26,1403/01/07
2796,"32,388,000","32,381,000","32,811,000","32,734,000",351000,1.07%,2024/03/27,1403/01/08
2797,"32,758,000","32,386,000","33,365,000","33,085,000",1270000,3.84%,2024/03/29,1403/01/10
2798,"32,388,000","32,386,000","34,563,000","34,355,000",1143000,3.33%,2024/04/01,1403/01/13
2799,"34,362,000","34,348,000","35,558,000","35,498,000",450000,1.27%,2024/04/02,1403/01/14
2800,"35,486,000","34,902,000","36,613,000","35,948,000",861000,2.4%,2024/04/03,1403/01/15
2801,"35,937,000","35,757,000","37,056,000","36,809,000",1281000,3.61%,2024/04/05,1403/01/17
2802,"36,290,000","35,105,000","37,033,000","35,528,000",268000,0.76%,2024/04/06,1403/01/18
2803,"35,604,000","34,755,000","36,050,000","35,260,000",977000,2.77%,2024/04/07,1403/01/19
2804,"35,297,000","35,297,000","36,525,000","36,237,000",2553000,7.05%,2024/04/08,1403/01/20
2805,"37,310,000","37,059,000","38,972,000","38,790,000",1441000,3.86%,2024/04/12,1403/01/24
2806,"38,772,000","36,478,000","39,344,000","37,349,000",84000,0.22%,2024/04/13,1403/01/25
2807,"37,379,000","36,241,000","37,571,000","37,433,000",459000,1.23%,2024/04/14,1403/01/26
2808,"37,495,000","36,943,000","38,241,000","37,892,000",376000,0.99%,2024/04/15,1403/01/27
2809,"37,899,000","37,303,000","38,536,000","38,268,000",30000,0.08%,2024/04/16,1403/01/28
2810,"37,980,000","37,657,000","38,663,000","38,298,000",1678000,4.58%,2024/04/17,1403/01/29
2811,"37,696,000","36,565,000","37,696,000","36,620,000",506000,1.38%,2024/04/19,1403/01/31
2812,"36,590,000","36,518,000","37,310,000","37,126,000",716000,1.97%,2024/04/20,1403/02/01
2813,"37,119,000","36,248,000","37,144,000","36,410,000",771000,2.16%,2024/04/21,1403/02/02
2814,"36,405,000","35,341,000","36,481,000","35,639,000",300000,0.85%,2024/04/22,1403/02/03
2815,"35,606,000","35,018,000","35,717,000","35,339,000",107000,0.3%,2024/04/23,1403/02/04
2816,"35,341,000","34,955,000","35,509,000","35,232,000",872000,2.54%,2024/04/24,1403/02/05
2817,"35,228,000","34,325,000","35,228,000","34,360,000",1095000,3.29%,2024/04/26,1403/02/07
2818,"34,369,000","33,132,000","34,501,000","33,265,000",1739000,5.23%,2024/04/27,1403/02/08
2819,"33,263,000","33,240,000","35,216,000","35,004,000",434000,1.26%,2024/04/28,1403/02/09
2820,"34,985,000","34,371,000","35,777,000","34,570,000",199000,0.58%,2024/04/29,1403/02/10
2821,"34,600,000","34,013,000","34,600,000","34,371,000",116000,0.34%,2024/04/30,1403/02/11
2822,"34,357,000","34,316,000","34,865,000","34,487,000",857000,2.55%,2024/05/01,1403/02/12
2823,"34,496,000","33,355,000","34,496,000","33,630,000",1337000,3.98%,2024/05/04,1403/02/15
2824,"33,653,000","33,496,000","35,087,000","34,967,000",688000,2.01%,2024/05/05,1403/02/16
2825,"34,531,000","33,840,000","34,678,000","34,279,000",109000,0.32%,2024/05/06,1403/02/17
2826,"34,286,000","33,750,000","34,323,000","34,170,000",85000,0.25%,2024/05/07,1403/02/18
2827,"34,140,000","33,924,000","34,274,000","34,085,000",35000,0.1%,2024/05/08,1403/02/19
2828,"34,090,000","34,023,000","34,515,000","34,050,000",302000,0.89%,2024/05/10,1403/02/21
2829,"34,104,000","33,563,000","34,222,000","33,748,000",282000,0.84%,2024/05/11,1403/02/22
2830,"33,681,000","33,194,000","33,746,000","33,466,000",10000,0.03%,2024/05/12,1403/02/23
2831,"33,469,000","33,226,000","33,838,000","33,476,000",247000,0.74%,2024/05/13,1403/02/24
2832,"33,469,000","33,263,000","33,953,000","33,723,000",81000,0.24%,2024/05/14,1403/02/25
2833,"33,713,000","33,517,000","34,164,000","33,642,000",584000,1.77%,2024/05/15,1403/02/26
2834,"33,635,000","33,032,000","33,947,000","33,058,000",2950000,8.92%,2024/05/17,1403/02/28
2835,"33,065,000","32,986,000","36,105,000","36,008,000",2311000,6.86%,2024/05/18,1403/02/29
2836,"35,999,000","33,125,000","35,999,000","33,697,000",145000,0.43%,2024/05/19,1403/02/30
2837,"33,693,000","32,873,000","33,870,000","33,552,000",190000,0.57%,2024/05/20,1403/02/31
2838,"33,622,300","32,671,400","33,834,100","33,362,000",94000,0.28%,2024/05/21,1403/03/01
2839,"33,001,000","32,986,000","33,328,000","33,268,000",490000,1.49%,2024/05/22,1403/03/02
2840,"33,265,000","32,432,000","33,265,000","32,778,000",116000,0.35%,2024/05/24,1403/03/04
2841,"32,764,000","32,455,000","33,238,000","32,894,000",648000,1.97%,2024/05/25,1403/03/05
2842,"32,896,000","32,702,000","33,695,000","33,542,000",423000,1.26%,2024/05/26,1403/03/06
2843,"33,506,000","33,496,000","34,517,000","33,965,000",263000,0.78%,2024/05/27,1403/03/07
2844,"33,963,000","33,429,000","34,256,000","33,702,000",12000,0.04%,2024/05/28,1403/03/08
2845,"33,817,000","33,517,000","33,850,000","33,690,000",355000,1.06%,2024/05/29,1403/03/09
2846,"33,693,000","33,107,000","33,693,000","33,335,000",600000,1.8%,2024/05/31,1403/03/11
2847,"33,346,000","33,109,000","34,046,000","33,935,000",339000,1.01%,2024/06/01,1403/03/12
2848,"33,942,000","33,277,000","33,942,000","33,596,000",110000,0.33%,2024/06/04,1403/03/15
2849,"33,589,000","33,517,000","33,766,000","33,706,000",378000,1.13%,2024/06/05,1403/03/16
2850,"33,676,000","33,212,000","33,688,000","33,328,000",2000,0.01%,2024/06/07,1403/03/18
2851,"33,321,000","33,055,000","33,559,000","33,330,000",208000,0.63%,2024/06/08,1403/03/19
2852,"33,337,000","32,855,000","33,388,000","33,122,000",141000,0.43%,2024/06/09,1403/03/20
2853,"33,102,000","32,928,000","33,252,000","32,981,000",238000,0.72%,2024/06/10,1403/03/21
2854,"32,977,000","32,917,000","33,249,000","33,219,000",106000,0.32%,2024/06/11,1403/03/22
2855,"33,217,000","33,055,000","33,217,000","33,113,000",386000,1.17%,2024/06/12,1403/03/23
2856,"33,122,000","33,115,000","33,642,000","33,499,000",159000,0.47%,2024/06/14,1403/03/25
2857,"33,501,000","33,379,000","33,780,000","33,658,000",99000,0.3%,2024/06/15,1403/03/26
2858,"33,448,000","33,171,000","33,653,000","33,559,000",63300,0.19%,2024/06/17,1403/03/28
2859,"33,491,200","33,018,900","33,914,800","33,622,300",46700,0.14%,2024/06/18,1403/03/29
2860,"33,561,000","33,415,000","33,748,000","33,669,000",32000,0.1%,2024/06/19,1403/03/30
2861,"33,667,000","33,446,000","33,711,000","33,637,000",460000,1.37%,2024/06/21,1403/04/01
2862,"33,635,000","33,536,000","34,207,000","34,097,000",507000,1.49%,2024/06/22,1403/04/02
2863,"34,127,000","34,127,000","34,715,000","34,604,000",223000,0.65%,2024/06/23,1403/04/03
2864,"34,438,000","33,480,000","34,556,000","34,381,000",600000,1.75%,2024/06/25,1403/04/05
2865,"34,378,000","34,221,000","35,085,000","34,981,000",143000,0.41%,2024/06/26,1403/04/06
2866,"34,978,000","34,441,000","35,295,000","35,124,000",358000,1.02%,2024/06/28,1403/04/08
2867,"35,131,000","34,825,000","35,685,000","35,482,000",176000,0.5%,2024/06/29,1403/04/09
2868,"35,486,000","35,043,000","35,486,000","35,306,000",521000,1.5%,2024/06/30,1403/04/10
2869,"35,200,000","34,708,000","35,463,000","34,785,000",25000,0.07%,2024/07/01,1403/04/11
2870,"34,796,000","34,393,000","34,942,000","34,810,000",129000,0.37%,2024/07/02,1403/04/12
2871,"34,817,000","34,755,000","35,050,000","34,939,000",618000,1.8%,2024/07/03,1403/04/13
2872,"34,669,000","34,032,000","34,743,000","34,321,000",67000,0.2%,2024/07/05,1403/04/15
2873,"34,341,000","34,187,000","34,551,000","34,254,000",446000,1.32%,2024/07/06,1403/04/16
2874,"34,092,000","33,771,000","34,127,000","33,808,000",399000,1.19%,2024/07/07,1403/04/17
2875,"33,935,000","33,201,000","33,940,000","33,409,000",161000,0.48%,2024/07/08,1403/04/18
2876,"33,402,000","33,078,000","33,965,000","33,570,000",153000,0.46%,2024/07/09,1403/04/19
2877,"33,616,000","33,425,000","33,729,000","33,723,000",122000,0.36%,2024/07/10,1403/04/20
2878,"33,623,000","33,432,000","33,990,000","33,845,000",141000,0.42%,2024/07/12,1403/04/22
2879,"33,843,000","33,843,000","34,104,000","33,986,000",23000,0.07%,2024/07/13,1403/04/23
2880,"34,194,000","33,935,000","34,689,000","33,963,000",81000,0.24%,2024/07/16,1403/04/26
2881,"33,956,000","33,817,000","34,420,000","33,882,000",261000,0.78%,2024/07/17,1403/04/27
2882,"33,877,000","33,148,000","33,877,000","33,621,000",90000,0.27%,2024/07/19,1403/04/29
2883,"33,628,000","33,205,000","33,963,000","33,531,000",95000,0.28%,2024/07/20,1403/04/30
2884,"33,612,000","33,090,000","33,612,000","33,436,000",194000,0.58%,2024/07/21,1403/04/31
2885,"33,515,000","33,489,000","33,963,000","33,630,000",328000,0.98%,2024/07/22,1403/05/01
2886,"33,746,000","33,489,000","34,101,000","33,958,000",224000,0.66%,2024/07/23,1403/05/02
2887,"33,746,000","33,639,000","33,803,000","33,734,000",148000,0.44%,2024/07/24,1403/05/03
2888,"33,725,000","33,725,000","34,101,000","33,882,000",180000,0.53%,2024/07/26,1403/05/05
2889,"33,877,000","33,840,000","34,265,000","34,062,000",217000,0.64%,2024/07/27,1403/05/06
2890,"34,050,000","34,050,000","34,415,000","34,279,000",337000,0.98%,2024/07/28,1403/05/07
2891,"34,265,000","33,850,000","34,805,000","34,616,000",1011000,2.92%,2024/07/29,1403/05/08
2892,"34,621,000","33,840,000","35,696,000","35,627,000",529000,1.48%,2024/07/30,1403/05/09
2893,"35,671,000","35,593,000","36,204,000","36,156,000",819000,2.27%,2024/07/31,1403/05/10
2894,"36,193,000","35,925,000","37,082,000","36,975,000",976000,2.71%,2024/08/02,1403/05/12
2895,"36,468,000","35,713,000","36,553,000","35,999,000",397000,1.12%,2024/08/03,1403/05/13
2896,"36,001,000","35,179,000","36,001,000","35,602,000",404000,1.15%,2024/08/04,1403/05/14
2897,"35,417,000","35,135,000","35,823,000","35,198,000",628000,1.78%,2024/08/05,1403/05/15
2898,"35,175,000","35,022,000","35,897,000","35,826,000",213000,0.6%,2024/08/06,1403/05/16
2899,"35,740,000","35,340,000","35,925,000","35,613,000",392000,1.11%,2024/08/07,1403/05/17
2900,"35,606,000","34,817,000","35,606,000","35,221,000",538000,1.55%,2024/08/09,1403/05/19
2901,"35,029,000","34,323,000","35,050,000","34,683,000",739000,2.13%,2024/08/10,1403/05/20
2902,"34,761,000","34,450,000","35,512,000","35,422,000",444000,1.27%,2024/08/11,1403/05/21
2903,"35,429,000","34,487,000","35,564,000","34,978,000",226000,0.65%,2024/08/12,1403/05/22
2904,"34,969,000","34,408,000","35,482,000","34,752,000",81000,0.23%,2024/08/13,1403/05/23
2905,"34,794,000","34,406,000","34,912,000","34,671,000",104000,0.3%,2024/08/14,1403/05/24
2906,"34,674,000","34,521,000","35,446,000","34,775,000",187000,0.54%,2024/08/16,1403/05/26
2907,"34,782,000","34,173,000","35,142,000","34,962,000",598000,1.71%,2024/08/18,1403/05/28
2908,"35,593,000","35,318,000","35,971,000","35,376,000",383000,1.08%,2024/08/19,1403/05/29
2909,"35,736,000","35,373,000","35,974,000","35,759,000",69000,0.19%,2024/08/20,1403/05/30
2910,"35,768,000","35,763,000","36,059,000","35,828,000",44000,0.12%,2024/08/21,1403/05/31
2911,"35,842,000","35,671,000","35,964,000","35,872,000",305000,0.85%,2024/08/23,1403/06/02
2912,"35,874,000","35,874,000","36,500,000","36,177,000",294000,0.82%,2024/08/25,1403/06/04
2913,"36,186,000","35,784,000","36,188,000","35,883,000",264000,0.74%,2024/08/26,1403/06/05
2914,"35,895,000","35,883,000","36,267,000","36,147,000",173000,0.48%,2024/08/27,1403/06/06
2915,"36,137,000","36,137,000","36,403,000","36,320,000",76000,0.21%,2024/08/28,1403/06/07
2916,"36,338,000","36,172,000","36,417,000","36,244,000",510000,1.41%,2024/08/30,1403/06/09
2917,"36,287,000","36,262,000","36,763,000","36,754,000",321000,0.88%,2024/08/31,1403/06/10
2918,"36,745,000","36,396,000","36,745,000","36,433,000",21000,0.06%,2024/09/02,1403/06/12
2919,"36,440,000","36,368,000","36,518,000","36,454,000",416000,1.15%,2024/09/04,1403/06/14
2920,"36,472,000","35,957,000","36,472,000","36,038,000",28000,0.08%,2024/09/06,1403/06/16
2921,"36,029,000","36,004,000","36,257,000","36,066,000",226000,0.63%,2024/09/07,1403/06/17
2922,"36,075,000","36,050,000","36,378,000","36,292,000",231000,0.64%,2024/09/08,1403/06/18
2923,"36,297,000","36,246,000","36,523,000","36,523,000",106000,0.29%,2024/09/09,1403/06/19
2924,"36,488,000","36,488,000","36,701,000","36,629,000",434000,1.18%,2024/09/10,1403/06/20
2925,"36,625,000","36,472,000","37,296,000","37,063,000",168000,0.46%,2024/09/13,1403/06/23
2926,"37,033,000","36,793,000","37,130,000","36,895,000",198000,0.54%,2024/09/14,1403/06/24
2927,"36,911,000","36,848,000","37,109,000","37,093,000",238000,0.64%,2024/09/15,1403/06/25
2928,"37,112,000","37,077,000","37,527,000","37,331,000",18000,0.05%,2024/09/16,1403/06/26
2929,"37,333,000","37,273,000","37,506,000","37,313,000",69000,0.18%,2024/09/17,1403/06/27
2930,"37,310,000","37,246,000","37,504,000","37,382,000",672000,1.8%,2024/09/18,1403/06/28
2931,"37,398,000","37,398,000","38,111,000","38,054,000",443000,1.16%,2024/09/21,1403/06/31
2932,"38,058,000","37,989,000","38,548,000","38,497,000",575000,1.49%,2024/09/22,1403/07/01
2933,"38,511,000","38,501,000","39,164,000","39,072,000",291000,0.75%,2024/09/23,1403/07/02
2934,"39,049,000","38,691,000","39,106,000","38,781,000",270000,0.7%,2024/09/24,1403/07/03
2935,"38,769,000","38,769,000","39,259,000","39,051,000",1210000,3.1%,2024/09/25,1403/07/04
2936,"39,056,000","39,056,000","40,621,000","40,261,000",474000,1.19%,2024/09/27,1403/07/06
2937,"40,258,000","39,409,000","40,258,000","39,787,000",411000,1.04%,2024/09/28,1403/07/07
2938,"39,762,000","39,146,000","39,764,000","39,376,000",1125000,2.86%,2024/09/29,1403/07/08
2939,"39,490,000","39,467,000","40,621,000","40,501,000",284000,0.7%,2024/09/30,1403/07/09
2940,"40,505,000","40,018,000","40,953,000","40,785,000",265000,0.65%,2024/10/01,1403/07/10
2941,"40,630,000","40,609,000","41,094,000","41,050,000",120000,0.29%,2024/10/02,1403/07/11
2942,"41,046,000","39,928,000","41,046,000","40,930,000",480000,1.17%,2024/10/04,1403/07/13
2943,"40,750,000","40,743,000","41,489,000","41,410,000",411000,1%,2024/10/05,1403/07/14
2944,"41,383,000","40,836,000","41,383,000","40,999,000",653000,1.62%,2024/10/06,1403/07/15
2945,"41,004,000","40,277,000","41,004,000","40,346,000",328000,0.81%,2024/10/07,1403/07/16
2946,"40,332,000","40,284,000","40,803,000","40,674,000",254000,0.62%,2024/10/08,1403/07/17
2947,"40,688,000","40,667,000","41,057,000","40,928,000",563000,1.39%,2024/10/09,1403/07/18
2948,"40,935,000","40,311,000","40,935,000","40,365,000",454000,1.12%,2024/10/11,1403/07/20
2949,"40,355,000","40,355,000","40,942,000","40,819,000",259000,0.63%,2024/10/12,1403/07/21
2950,"40,824,000","40,824,000","41,464,000","41,078,000",28000,0.07%,2024/10/13,1403/07/22
2951,"41,064,000","40,824,000","41,110,000","41,050,000",575000,1.4%,2024/10/14,1403/07/23
2952,"41,018,000","41,018,000","41,752,000","41,625,000",169000,0.41%,2024/10/15,1403/07/24
2953,"41,634,000","41,560,000","41,937,000","41,794,000",741000,1.77%,2024/10/16,1403/07/25
2954,"41,803,000","41,803,000","42,639,000","42,535,000",224000,0.53%,2024/10/18,1403/07/27
2955,"42,537,000","42,468,000","43,500,000","42,759,000",496000,1.16%,2024/10/19,1403/07/28
2956,"42,775,000","42,738,000","43,479,000","43,255,000",1113000,2.57%,2024/10/20,1403/07/29
2957,"43,241,000","43,241,000","44,370,000","44,368,000",1309000,2.95%,2024/10/21,1403/07/30
2958,"44,365,000","44,365,000","45,908,000","45,677,000",293000,0.64%,2024/10/22,1403/08/01
2959,"45,656,000","45,557,000","46,046,000","45,970,000",2202000,5.03%,2024/10/23,1403/08/02
2960,"45,977,000","43,518,000","46,646,000","43,768,000",713000,1.63%,2024/10/25,1403/08/04
2961,"43,763,000","43,763,000","44,823,000","44,481,000",882000,1.98%,2024/10/26,1403/08/05
2962,"44,479,000","44,479,000","45,400,000","45,363,000",905000,2%,2024/10/27,1403/08/06
2963,"45,372,000","45,354,000","46,526,000","46,268,000",1240000,2.68%,2024/10/28,1403/08/07
2964,"46,263,000","46,254,000","47,639,000","47,508,000",1381000,2.99%,2024/10/29,1403/08/08
2965,"47,542,000","46,083,000","47,542,000","46,127,000",466000,1.01%,2024/10/30,1403/08/09
2966,"46,115,000","45,631,000","46,900,000","46,593,000",197000,0.42%,2024/11/01,1403/08/11
2967,"46,596,000","46,395,000","47,418,000","46,790,000",605000,1.31%,2024/11/02,1403/08/12
2968,"46,808,000","45,945,000","46,808,000","46,185,000",88000,0.19%,2024/11/03,1403/08/13
2969,"46,171,000","45,700,000","46,425,000","46,097,000",388000,0.85%,2024/11/04,1403/08/14
2970,"46,092,000","45,354,000","47,154,000","45,709,000",277000,0.61%,2024/11/05,1403/08/15
2971,"45,661,000","45,231,000","45,806,000","45,432,000",35000,0.08%,2024/11/06,1403/08/16
2972,"45,462,000","45,354,000","45,767,000","45,467,000",1009000,2.27%,2024/11/08,1403/08/18
2973,"45,448,000","44,430,000","45,492,000","44,458,000",1995000,4.7%,2024/11/09,1403/08/19
2974,"44,442,000","42,359,000","44,451,000","42,463,000",760000,1.79%,2024/11/10,1403/08/20
2975,"42,447,000","42,447,000","43,484,000","43,223,000",521000,1.21%,2024/11/11,1403/08/21
2976,"43,227,000","43,227,000","44,105,000","43,744,000",761000,1.77%,2024/11/12,1403/08/22
2977,"43,761,000","42,562,000","43,761,000","42,983,000",21000,0.05%,2024/11/13,1403/08/23
2978,"42,985,000","42,763,000","43,334,000","42,962,000",90000,0.21%,2024/11/15,1403/08/25
2979,"42,953,000","42,768,000","43,297,000","42,872,000",697000,1.63%,2024/11/16,1403/08/26
2980,"42,888,000","42,883,000","43,643,000","43,569,000",792000,1.82%,2024/11/17,1403/08/27
2981,"43,583,000","43,474,000","44,670,000","44,361,000",589000,1.33%,2024/11/18,1403/08/28
2982,"44,426,000","44,407,000","45,261,000","44,950,000",247000,0.55%,2024/11/19,1403/08/29
2983,"44,940,000","44,940,000","45,451,000","45,197,000",1408000,3.12%,2024/11/20,1403/08/30
2984,"45,199,000","45,199,000","47,053,000","46,605,000",928000,2.03%,2024/11/22,1403/09/02
2985,"46,614,000","45,123,000","46,780,000","45,677,000",942000,2.11%,2024/11/23,1403/09/03
2986,"45,663,000","44,631,000","45,705,000","44,735,000",32000,0.07%,2024/11/24,1403/09/04
2987,"44,739,000","44,389,000","45,072,000","44,703,000",408000,0.91%,2024/11/25,1403/09/05
2988,"44,693,000","44,679,000","45,261,000","45,111,000",520000,1.15%,2024/11/26,1403/09/06
2989,"45,109,000","44,987,000","45,651,000","45,631,000",164000,0.36%,2024/11/27,1403/09/07
2990,"45,617,000","45,617,000","46,519,000","45,795,000",146000,0.32%,2024/11/29,1403/09/09
2991,"45,758,000","45,400,000","46,139,000","45,649,000",270000,0.59%,2024/11/30,1403/09/10
2992,"45,651,000","45,587,000","45,998,000","45,919,000",298000,0.65%,2024/12/01,1403/09/11
2993,"45,898,000","45,861,000","46,483,000","46,217,000",649000,1.4%,2024/12/02,1403/09/12
2994,"46,212,000","46,212,000","46,937,000","46,866,000",716000,1.55%,2024/12/03,1403/09/13
2995,"46,861,000","45,681,000","46,861,000","46,150,000",429000,0.93%,2024/12/06,1403/09/16
2996,"46,145,000","46,081,000","46,877,000","46,579,000",363000,0.78%,2024/12/07,1403/09/17
2997,"46,577,000","46,577,000","47,201,000","46,942,000",637000,1.36%,2024/12/08,1403/09/18
2998,"46,940,000","46,930,000","47,579,000","47,579,000",1034000,2.17%,2024/12/09,1403/09/19
2999,"47,572,000","47,572,000","48,678,000","48,613,000",431000,0.89%,2024/12/10,1403/09/20
3000,"48,632,000","48,124,000","48,706,000","48,182,000",494000,1.03%,2024/12/11,1403/09/21
3001,"48,191,000","48,140,000","48,948,000","48,676,000",141000,0.29%,2024/12/13,1403/09/23
3002,"48,683,000","48,371,000","48,872,000","48,535,000",882000,1.82%,2024/12/14,1403/09/24
3003,"48,463,000","48,463,000","49,581,000","49,417,000",293000,0.6%,2024/12/15,1403/09/25
3004,"49,431,000","49,084,000","49,795,000","49,124,000",570000,1.16%,2024/12/16,1403/09/26
3005,"49,105,000","49,105,000","49,879,000","49,694,000",984000,2.02%,2024/12/17,1403/09/27
3006,"49,673,000","48,574,000","49,724,000","48,710,000",208000,0.43%,2024/12/18,1403/09/28
3007,"48,715,000","48,632,000","49,170,000","48,918,000",153000,0.31%,2024/12/20,1403/09/30
3008,"48,902,000","48,362,000","49,103,000","49,071,000",801000,1.63%,2024/12/21,1403/10/01
3009,"49,075,000","49,024,000","50,223,000","49,872,000",621000,1.25%,2024/12/22,1403/10/02
3010,"49,890,000","49,885,000","50,673,000","50,493,000",284000,0.56%,2024/12/23,1403/10/03
3011,"50,490,000","49,918,000","50,894,000","50,777,000",655000,1.29%,2024/12/24,1403/10/04
3012,"50,763,000","50,629,000","51,495,000","51,432,000",1198000,2.33%,2024/12/25,1403/10/05
3013,"51,421,000","51,421,000","52,649,000","52,630,000",1018000,1.97%,2024/12/27,1403/10/07
3014,"52,621,000","51,190,000","52,972,000","51,612,000",693000,1.34%,2024/12/28,1403/10/08
3015,"51,629,000","51,007,000","52,425,000","52,305,000",108000,0.21%,2024/12/29,1403/10/09
3016,"52,298,000","51,956,000","52,621,000","52,413,000",228000,0.44%,2024/12/30,1403/10/10
3017,"52,430,000","51,945,000","52,430,000","52,185,000",229000,0.44%,2024/12/31,1403/10/11
3018,"52,169,000","51,931,000","52,326,000","51,956,000",392000,0.76%,2025/01/01,1403/10/12
3019,"51,982,000","51,098,000","51,982,000","51,564,000",358000,0.7%,2025/01/03,1403/10/14
3020,"51,596,000","51,195,000","51,795,000","51,206,000",32000,0.06%,2025/01/04,1403/10/15
3021,"51,213,000","50,860,000","51,308,000","51,174,000",1066000,2.08%,2025/01/05,1403/10/16
3022,"51,169,000","51,169,000","52,510,000","52,240,000",478000,0.92%,2025/01/06,1403/10/17
3023,"52,247,000","52,007,000","52,730,000","52,718,000",132000,0.25%,2025/01/07,1403/10/18
3024,"52,732,000","52,617,000","52,944,000","52,850,000",685000,1.3%,2025/01/08,1403/10/19
3025,"52,831,000","52,831,000","53,801,000","53,535,000",701000,1.33%,2025/01/10,1403/10/21
3026,"53,524,000","52,790,000","53,549,000","52,834,000",450000,0.85%,2025/01/11,1403/10/22
3027,"52,836,000","52,836,000","53,538,000","53,284,000",697000,1.33%,2025/01/12,1403/10/23
3028,"52,762,000","52,536,000","52,931,000","52,587,000",289000,0.55%,2025/01/14,1403/10/25
3029,"52,582,000","51,970,000","52,582,000","52,298,000",240000,0.46%,2025/01/15,1403/10/26
3030,"52,356,000","51,751,000","52,790,000","52,538,000",60000,0.11%,2025/01/17,1403/10/28
3031,"52,543,000","52,330,000","52,940,000","52,478,000",319000,0.61%,2025/01/18,1403/10/29
3032,"52,492,000","52,356,000","53,141,000","52,797,000",1320000,2.5%,2025/01/19,1403/10/30
3033,"52,801,000","52,663,000","54,210,000","54,117,000",707000,1.31%,2025/01/20,1403/11/01
3034,"54,466,000","54,445,000","54,907,000","54,824,000",339000,0.62%,2025/01/21,1403/11/02
3035,"54,828,000","54,828,000","55,399,000","55,163,000",423000,0.77%,2025/01/22,1403/11/03
3036,"55,182,000","55,182,000","55,819,000","55,586,000",517000,0.93%,2025/01/24,1403/11/05
3037,"55,579,000","55,579,000","56,165,000","56,103,000",113000,0.2%,2025/01/25,1403/11/06
3038,"56,084,000","55,493,000","56,391,000","55,990,000",645000,1.17%,2025/01/26,1403/11/07
3039,"55,987,000","55,135,000","56,130,000","55,345,000",483000,0.87%,2025/01/28,1403/11/09
3040,"55,357,000","55,214,000","55,980,000","55,828,000",935000,1.67%,2025/01/29,1403/11/10
3041,"55,833,000","55,833,000","56,927,000","56,763,000",118000,0.21%,2025/01/31,1403/11/12
3042,"56,474,000","56,324,000","56,892,000","56,645,000",400000,0.71%,2025/02/01,1403/11/13
3043,"56,634,000","56,532,000","57,098,000","57,045,000",667000,1.17%,2025/02/02,1403/11/14
3044,"57,042,000","56,945,000","57,751,000","57,712,000",1311000,2.27%,2025/02/03,1403/11/15
3045,"57,730,000","57,730,000","59,305,000","59,023,000",619000,1.05%,2025/02/04,1403/11/16
3046,"59,025,000","58,989,000","59,697,000","59,642,000",3631000,6.09%,2025/02/05,1403/11/17
3047,"59,651,000","59,651,000","64,615,000","63,273,000",2928000,4.63%,2025/02/07,1403/11/19
3048,"63,285,000","63,285,000","66,201,000","66,201,000",2253000,3.52%,2025/02/08,1403/11/20
3049,"66,185,000","62,717,000","66,277,000","63,948,000",121000,0.19%,2025/02/10,1403/11/22
3050,"63,957,000","62,609,000","64,146,000","63,827,000",1677000,2.63%,2025/02/11,1403/11/23
3051,"63,851,000","63,710,000","65,633,000","65,504,000",74000,0.11%,2025/02/12,1403/11/24
3052,"65,506,000","64,472,000","66,436,000","65,430,000",340000,0.52%,2025/02/14,1403/11/26
3053,"65,079,000","65,053,000","65,462,000","65,090,000",355000,0.55%,2025/02/15,1403/11/27
3054,"65,111,000","64,735,000","65,116,000","64,735,000",1087000,1.68%,2025/02/16,1403/11/28
3055,"64,769,000","64,735,000","66,145,000","65,822,000",1743000,2.65%,2025/02/17,1403/11/29
3056,"65,815,000","65,808,000","68,112,000","67,565,000",1469000,2.17%,2025/02/18,1403/11/30
3057,"67,581,000","67,563,000","69,735,000","69,034,000",1111000,1.64%,2025/02/19,1403/12/01
3058,"68,509,000","67,471,000","70,093,000","67,923,000",508000,0.75%,2025/02/21,1403/12/03
3059,"67,925,000","66,065,000","68,002,000","67,415,000",847000,1.27%,2025/02/22,1403/12/04
3060,"67,420,000","66,547,000","67,925,000","66,568,000",762000,1.16%,2025/02/23,1403/12/05
3061,"66,556,000","65,531,000","66,591,000","65,806,000",1378000,2.09%,2025/02/24,1403/12/06
3062,"67,334,000","66,785,000","67,655,000","67,184,000",884000,1.33%,2025/02/25,1403/12/07
3063,"67,187,000","66,178,000","67,187,000","66,300,000",1942000,3.02%,2025/02/26,1403/12/08
3064,"64,492,000","63,908,000","65,284,000","64,358,000",753000,1.17%,2025/02/28,1403/12/10
3065,"64,375,000","64,061,000","65,808,000","65,111,000",1337000,2.1%,2025/03/01,1403/12/11
3066,"64,640,000","63,338,000","64,952,000","63,774,000",580000,0.91%,2025/03/02,1403/12/12
3067,"63,777,000","63,777,000","65,300,000","64,354,000",439000,0.69%,2025/03/03,1403/12/13
3068,"64,495,000","63,687,000","64,631,000","63,915,000",129000,0.2%,2025/03/04,1403/12/14
3069,"63,911,000","62,786,000","64,236,000","63,786,000",2572000,4.03%,2025/03/05,1403/12/15
3070,"66,159,000","65,409,000","67,129,000","66,358,000",824000,1.24%,2025/03/07,1403/12/17
3071,"68,422,000","64,735,000","69,839,000","67,182,000",159000,0.24%,2025/03/08,1403/12/18
3072,"67,212,000","66,704,000","69,010,000","67,341,000",595000,0.89%,2025/03/09,1403/12/19
3073,"67,355,000","66,353,000","67,817,000","66,746,000",512000,0.77%,2025/03/10,1403/12/20
3074,"66,658,000","66,639,000","68,253,000","67,258,000",852000,1.27%,2025/03/11,1403/12/21
3075,"67,263,000","67,263,000","68,671,000","68,110,000",603000,0.89%,2025/03/12,1403/12/22
3076,"68,117,000","67,653,000","68,763,000","68,713,000",5081000,7.39%,2025/03/14,1403/12/24
3077,"68,708,000","68,477,000","73,935,000","73,794,000",3184000,4.31%,2025/03/15,1403/12/25
3078,"73,771,000","73,771,000","76,982,000","76,978,000",4116000,5.35%,2025/03/16,1403/12/26
3079,"76,982,000","76,982,000","81,992,000","81,094,000",1706000,2.15%,2025/03/17,1403/12/27
3080,"81,112,000","77,986,000","81,112,000","79,388,000",561000,0.71%,2025/03/24,1404/01/04
3081,"79,381,000","78,568,000","80,524,000","79,949,000",1193000,1.49%,2025/03/25,1404/01/05
3082,"79,951,000","79,951,000","81,507,000","81,142,000",1672000,2.06%,2025/03/26,1404/01/06
3083,"81,147,000","81,147,000","83,608,000","82,814,000",997000,1.22%,2025/03/28,1404/01/08
3084,"82,821,000","81,066,000","82,821,000","81,817,000",565000,0.69%,2025/03/29,1404/01/09
3085,"81,853,000","81,853,000","83,006,000","82,382,000",5277000,6.84%,2025/04/02,1404/01/13
3086,"82,461,000","77,026,000","82,461,000","77,105,000",2758000,3.58%,2025/04/04,1404/01/15
3087,"77,218,000","77,218,000","80,166,000","79,863,000",1627000,2.08%,2025/04/05,1404/01/16
3088,"79,836,000","78,148,000","80,445,000","78,236,000",4592000,6.24%,2025/04/06,1404/01/17
3089,"78,243,000","72,273,000","78,243,000","73,644,000",1787000,2.43%,2025/04/07,1404/01/18
3090,"73,725,000","73,725,000","75,710,000","75,431,000",967000,1.28%,2025/04/08,1404/01/19
3091,"75,422,000","75,422,000","77,329,000","76,398,000",2616000,3.55%,2025/04/09,1404/01/20
3092,"76,373,000","73,607,000","76,373,000","73,782,000",7350000,11.06%,2025/04/11,1404/01/22
3093,"73,762,000","65,580,000","73,762,000","66,432,000",1147000,1.73%,2025/04/12,1404/01/23
3094,"66,231,000","66,231,000","68,828,000","67,579,000",247000,0.37%,2025/04/13,1404/01/24
3095,"70,354,000","66,607,000","71,229,000","67,332,000",2422000,3.6%,2025/04/14,1404/01/25
3096,"67,443,000","67,443,000","70,446,000","69,754,000",1044000,1.52%,2025/04/15,1404/01/26
3097,"69,749,000","68,364,000","69,749,000","68,710,000",3066000,4.67%,2025/04/16,1404/01/27
3098,"68,685,000","65,591,000","68,685,000","65,644,000",101000,0.15%,2025/04/18,1404/01/29
3099,"65,501,000","64,266,000","65,829,000","65,543,000",787000,1.2%,2025/04/19,1404/01/30
3100,"65,571,000","65,571,000","67,694,000","66,330,000",637000,0.97%,2025/04/20,1404/01/31
3101,"66,335,000","65,035,000","66,418,000","65,693,000",628000,0.97%,2025/04/21,1404/02/01
3102,"65,734,000","64,229,000","65,734,000","65,065,000",1466000,2.25%,2025/04/22,1404/02/02
3103,"65,095,000","64,019,000","67,115,000","66,531,000",409000,0.61%,2025/04/25,1404/02/05
3104,"66,614,000","66,508,000","68,528,000","66,940,000",1593000,2.44%,2025/04/26,1404/02/06
3105,"65,901,000","64,742,000","66,339,000","65,347,000",437000,0.67%,2025/04/27,1404/02/07
3106,"64,862,000","64,068,000","64,998,000","64,910,000",41000,0.06%,2025/04/28,1404/02/08
3107,"64,901,000","64,412,000","65,254,000","64,869,000",695000,1.08%,2025/04/29,1404/02/09
3108,"64,885,000","63,964,000","64,885,000","64,174,000",3585000,5.59%,2025/04/30,1404/02/10
3109,"64,255,000","64,255,000","68,394,000","67,759,000",309000,0.46%,2025/05/02,1404/02/12
3110,"67,771,000","67,701,000","68,925,000","68,068,000",270000,0.4%,2025/05/03,1404/02/13
3111,"67,641,000","67,445,000","68,230,000","67,798,000",909000,1.36%,2025/05/04,1404/02/14
3112,"67,796,000","66,566,000","67,796,000","66,889,000",206000,0.31%,2025/05/05,1404/02/15
3113,"66,893,000","66,399,000","67,533,000","66,683,000",275000,0.41%,2025/05/06,1404/02/16
3114,"66,635,000","66,635,000","67,503,000","66,958,000",231000,0.34%,2025/05/07,1404/02/17
3115,"67,009,000","66,351,000","67,369,000","67,189,000",707000,1.06%,2025/05/09,1404/02/19
3116,"67,187,000","66,289,000","68,544,000","66,482,000",1071000,1.64%,2025/05/10,1404/02/20
3117,"65,665,000","65,093,000","65,896,000","65,411,000",411000,0.63%,2025/05/11,1404/02/21
3118,"66,009,000","65,224,000","66,099,000","65,822,000",1217000,1.88%,2025/05/12,1404/02/22
3119,"65,746,000","64,462,000","65,748,000","64,605,000",258000,0.4%,2025/05/13,1404/02/23
3120,"64,652,000","63,680,000","64,652,000","64,347,000",1249000,1.98%,2025/05/14,1404/02/24
3121,"64,423,000","63,079,000","64,599,000","63,098,000",891000,1.43%,2025/05/16,1404/02/26
3122,"63,075,000","61,486,000","63,308,000","62,207,000",360000,0.58%,2025/05/17,1404/02/27
3123,"62,934,000","62,544,000","63,290,000","62,567,000",3359000,5.37%,2025/05/18,1404/02/28
3124,"64,141,000","63,580,000","67,494,000","65,926,000",1108000,1.71%,2025/05/19,1404/02/29
3125,"65,910,000","64,781,000","68,486,000","64,818,000",499000,0.77%,2025/05/20,1404/02/30
3126,"64,834,000","64,809,000","65,501,000","65,317,000",371000,0.57%,2025/05/21,1404/02/31
3127,"65,296,000","65,296,000","66,702,000","65,688,000",325000,0.5%,2025/05/23,1404/03/02
3128,"65,707,000","65,060,000","65,762,000","65,363,000",550000,0.85%,2025/05/24,1404/03/03
3129,"64,183,000","64,063,000","65,000,000","64,813,000",210000,0.33%,2025/05/25,1404/03/04
3130,"64,735,000","64,384,000","64,850,000","64,603,000",180000,0.28%,2025/05/26,1404/03/05
3131,"64,599,000","64,259,000","65,153,000","64,423,000",23000,0.04%,2025/05/27,1404/03/06
3132,"64,303,000","63,814,000","64,446,000","64,400,000",23000,0.04%,2025/05/28,1404/03/07
3133,"65,136,000","64,238,000","65,139,000","64,423,000",263000,0.41%,2025/05/30,1404/03/09
3134,"64,476,000","63,846,000","64,603,000","64,160,000",1893000,2.95%,2025/05/31,1404/03/10
3135,"64,169,000","64,169,000","66,404,000","66,053,000",120000,0.18%,2025/06/01,1404/03/11
3136,"66,132,000","65,741,000","66,355,000","66,173,000",1895000,2.95%,2025/06/02,1404/03/12
3137,"66,284,000","64,275,000","66,284,000","64,278,000",725000,1.13%,2025/06/06,1404/03/16
3138,"64,326,000","64,326,000","65,250,000","65,003,000",510000,0.78%,2025/06/07,1404/03/17
3139,"65,714,000","65,312,000","65,864,000","65,513,000",903000,1.4%,2025/06/08,1404/03/18
3140,"65,504,000","64,185,000","65,504,000","64,610,000",1277000,1.98%,2025/06/09,1404/03/19
3141,"64,631,000","64,631,000","66,083,000","65,887,000",1854000,2.81%,2025/06/10,1404/03/20
3142,"65,813,000","65,813,000","68,094,000","67,741,000",552000,0.82%,2025/06/11,1404/03/21
3143,"66,829,000","66,813,000","67,678,000","67,189,000",252000,0.38%,2025/06/25,1404/04/04
3144,"67,173,000","66,912,000","67,858,000","67,441,000",3234000,4.8%,2025/06/27,1404/04/06
3145,"67,422,000","67,413,000","71,418,000","70,675,000",2888000,4.09%,2025/06/28,1404/04/07
3146,"70,871,000","70,857,000","74,597,000","73,563,000",510000,0.69%,2025/06/29,1404/04/08
3147,"73,418,000","73,418,000","76,059,000","74,073,000",924000,1.25%,2025/06/30,1404/04/09
3148,"74,025,000","72,951,000","75,223,000","74,997,000",626000,0.84%,2025/07/01,1404/04/10
3149,"74,925,000","73,861,000","75,459,000","74,371,000",2983000,4.18%,2025/07/02,1404/04/11
3150,"74,390,000","71,139,000","74,390,000","71,388,000",2064000,2.98%,2025/07/06,1404/04/15
3151,"71,465,000","69,015,000","71,465,000","69,324,000",1007000,1.45%,2025/07/07,1404/04/16
3152,"69,477,000","69,237,000","70,578,000","70,331,000",222000,0.32%,2025/07/08,1404/04/17
3153,"70,465,000","70,149,000","70,749,000","70,553,000",889000,1.28%,2025/07/09,1404/04/18
3154,"70,656,000","69,347,000","70,656,000","69,664,000",1893000,2.72%,2025/07/11,1404/04/20
3155,"69,641,000","69,636,000","72,083,000","71,557,000",296000,0.42%,2025/07/12,1404/04/21
3156,"71,716,000","71,206,000","72,630,000","71,261,000",475000,0.67%,2025/07/14,1404/04/23
3157,"71,224,000","70,723,000","72,305,000","70,786,000",489000,0.69%,2025/07/15,1404/04/24
3158,"71,278,000","70,737,000","71,344,000","70,818,000",967000,1.38%,2025/07/16,1404/04/25
3159,"70,804,000","69,851,000","70,804,000","69,851,000",400000,0.58%,2025/07/18,1404/04/27
3160,"69,842,000","69,246,000","69,922,000","69,451,000",1335000,1.92%,2025/07/19,1404/04/28
3161,"69,428,000","69,428,000","70,855,000","70,786,000",1039000,1.47%,2025/07/20,1404/04/29
3162,"71,490,000","71,347,000","71,993,000","71,825,000",481000,0.67%,2025/07/21,1404/04/30
3163,"72,499,000","71,268,000","72,499,000","71,344,000",274000,0.39%,2025/07/22,1404/04/31
3164,"71,347,000","70,968,000","71,347,000","71,070,000",984000,1.4%,2025/07/23,1404/05/01
3165,"71,086,000","69,932,000","71,151,000","70,086,000",169000,0.24%,2025/07/25,1404/05/03
3166,"70,119,000","69,724,000","70,308,000","70,255,000",969000,1.38%,2025/07/26,1404/05/04
3167,"70,282,000","70,282,000","71,737,000","71,224,000",217000,0.3%,2025/07/27,1404/05/05
3168,"71,250,000","71,248,000","71,880,000","71,441,000",44000,0.06%,2025/07/28,1404/05/06
3169,"71,455,000","71,370,000","71,903,000","71,485,000",624000,0.87%,2025/07/29,1404/05/07
3170,"71,499,000","71,499,000","72,434,000","72,109,000",1872000,2.6%,2025/07/30,1404/05/08
3171,"72,116,000","72,099,000","74,274,000","73,981,000",1267000,1.71%,2025/08/01,1404/05/10
3172,"73,965,000","73,965,000","75,782,000","75,248,000",1476000,1.96%,2025/08/02,1404/05/11
3173,"75,126,000","75,057,000","76,899,000","76,724,000",314000,0.41%,2025/08/03,1404/05/12
3174,"76,747,000","74,877,000","77,273,000","76,410,000",483000,0.64%,2025/08/04,1404/05/13
3175,"76,497,000","75,218,000","76,497,000","75,927,000",7000,0.01%,2025/08/05,1404/05/14
3176,"75,941,000","75,819,000","76,357,000","75,934,000",1357000,1.82%,2025/08/06,1404/05/15
3177,"75,953,000","74,316,000","75,953,000","74,577,000",346000,0.46%,2025/08/09,1404/05/18
3178,"74,579,000","74,177,000","75,158,000","74,923,000",41000,0.05%,2025/08/10,1404/05/19
3179,"74,925,000","74,870,000","75,482,000","74,964,000",468000,0.63%,2025/08/11,1404/05/20
3180,"74,974,000","74,339,000","75,089,000","74,496,000",1741000,2.34%,2025/08/12,1404/05/21
3181,"75,791,000","75,609,000","76,243,000","76,237,000",2219000,3%,2025/08/13,1404/05/22
3182,"76,225,000","73,854,000","76,225,000","74,018,000",1113000,1.5%,2025/08/16,1404/05/25
3183,"73,997,000","73,997,000","75,389,000","75,131,000",738000,0.98%,2025/08/17,1404/05/26
3184,"75,121,000","75,121,000","76,082,000","75,869,000",63000,0.08%,2025/08/18,1404/05/27
3185,"75,867,000","75,867,000","76,567,000","75,932,000",1420000,1.87%,2025/08/19,1404/05/28
3186,"75,959,000","75,959,000","77,375,000","77,352,000",1101000,1.42%,2025/08/20,1404/05/29
3187,"77,324,000","77,324,000","78,621,000","78,453,000",806000,1.04%,2025/08/21,1404/05/30
3188,"78,455,000","76,881,000","78,455,000","77,647,000",970000,1.25%,2025/08/23,1404/06/01
3189,"77,654,000","77,654,000","78,783,000","78,617,000",1057000,1.34%,2025/08/25,1404/06/03
3190,"78,638,000","78,638,000","79,822,000","79,674,000",3290000,4.13%,2025/08/26,1404/06/04
3191,"80,948,000","80,805,000","83,100,000","82,964,000",471000,0.57%,2025/08/27,1404/06/05
3192,"82,975,000","82,675,000","84,278,000","83,435,000",2683000,3.22%,2025/08/28,1404/06/06
3193,"83,446,000","83,446,000","88,064,000","86,118,000",3289000,3.82%,2025/08/30,1404/06/08
3194,"86,101,000","86,101,000","89,726,000","89,407,000",1715000,1.96%,2025/08/31,1404/06/09
3195,"89,417,000","86,852,000","89,417,000","87,692,000",90000,0.1%,2025/09/02,1404/06/11
3196,"87,669,000","86,575,000","87,995,000","87,602,000",1454000,1.69%,2025/09/03,1404/06/12
3197,"87,621,000","85,928,000","87,621,000","86,148,000",1498000,1.74%,2025/09/04,1404/06/13
3198,"86,141,000","86,141,000","88,433,000","87,646,000",552000,0.63%,2025/09/06,1404/06/15
3199,"87,651,000","87,544,000","88,941,000","88,198,000",132000,0.15%,2025/09/07,1404/06/16
3200,"88,188,000","87,983,000","90,165,000","88,066,000",436000,0.5%,2025/09/08,1404/06/17
3201,"88,059,000","87,316,000","88,664,000","88,502,000",2160000,2.5%,2025/09/09,1404/06/18
3202,"88,523,000","86,069,000","88,523,000","86,342,000",1718000,2.03%,2025/09/11,1404/06/20
3203,"86,475,000","84,497,000","86,475,000","84,624,000",370000,0.44%,2025/09/13,1404/06/22
3204,"84,605,000","83,887,000","85,822,000","84,254,000",2549000,3.03%,2025/09/14,1404/06/23
3205,"84,245,000","84,245,000","86,863,000","86,803,000",1612000,1.86%,2025/09/15,1404/06/24
3206,"86,789,000","86,789,000","89,218,000","88,415,000",16000,0.02%,2025/09/16,1404/06/25
3207,"88,449,000","88,191,000","89,241,000","88,399,000",989000,1.13%,2025/09/17,1404/06/26
3208,"88,433,000","87,337,000","88,433,000","87,410,000",4946000,5.66%,2025/09/18,1404/06/27
3209,"87,417,000","87,417,000","93,581,000","92,356,000",4386000,4.75%,2025/09/20,1404/06/29
3210,"92,349,000","92,349,000","96,975,000","96,742,000",3137000,3.35%,2025/09/21,1404/06/30
3211,"96,744,000","93,263,000","96,814,000","93,605,000",2906000,3.1%,2025/09/22,1404/06/31
3212,"93,588,000","92,670,000","96,860,000","96,511,000",2971000,3.08%,2025/09/23,1404/07/01
3213,"96,497,000","100,000,000","99,997,000","99,482,000",275000,0.28%,2025/09/24,1404/07/02
3214,"99,462,000","100,000,000","99,997,000","99,757,000",3814000,3.82%,2025/09/25,1404/07/03
3215,"100,000,000","100,000,000","103,578,000","103,571,000",1976000,1.94%,2025/09/27,1404/07/05
3216,"103,564,000","100,496,000","103,564,000","101,595,000",3008000,2.96%,2025/09/28,1404/07/06
3217,"101,606,000","101,122,000","105,146,000","104,603,000",2138000,2.04%,2025/09/29,1404/07/07
3218,"104,615,000","104,374,000","107,318,000","106,741,000",2325000,2.18%,2025/09/30,1404/07/08
3219,"106,909,000","106,734,000","109,234,000","109,066,000",1747000,1.6%,2025/10/01,1404/07/09
3220,"109,049,000","109,049,000","111,658,000","110,813,000",1265000,1.15%,2025/10/02,1404/07/10
3221,"110,827,000","108,899,000","110,943,000","109,548,000",3507000,3.31%,2025/10/04,1404/07/12
3222,"109,544,000","105,623,000","109,544,000","106,041,000",732000,0.7%,2025/10/05,1404/07/13
3223,"106,039,000","105,139,000","107,064,000","105,309,000",3990000,3.79%,2025/10/06,1404/07/14
3224,"105,303,000","105,303,000","110,065,000","109,299,000",4430000,4.05%,2025/10/07,1404/07/15
3225,"109,303,000","109,303,000","114,660,000","113,729,000",2302000,2.07%,2025/10/08,1404/07/16
3226,"113,711,000","110,195,000","113,711,000","111,427,000",2200000,2.01%,2025/10/09,1404/07/17
3227,"111,414,000","109,086,000","111,866,000","109,227,000",803000,0.74%,2025/10/11,1404/07/19
3228,"109,200,000","106,937,000","109,973,000","108,424,000",921000,0.85%,2025/10/12,1404/07/20
3229,"108,440,000","108,440,000","111,171,000","109,345,000",912000,0.84%,2025/10/13,1404/07/21
3230,"109,347,000","107,953,000","109,811,000","108,433,000",3267000,3.01%,2025/10/14,1404/07/22
3231,"108,445,000","108,445,000","111,889,000","111,700,000",1041000,0.93%,2025/10/15,1404/07/23
3232,"111,698,000","111,698,000","113,505,000","112,741,000",4264000,3.93%,2025/10/16,1404/07/24
3233,"112,734,000","107,537,000","112,734,000","108,477,000",2341000,2.16%,2025/10/18,1404/07/26
3234,"108,465,000","108,465,000","112,582,000","110,818,000",1076000,0.98%,2025/10/19,1404/07/27
3235,"110,834,000","108,322,000","110,834,000","109,742,000",621000,0.57%,2025/10/20,1404/07/28
3236,"109,733,000","109,096,000","111,991,000","109,121,000",482000,0.44%,2025/10/21,1404/07/29
3237,"109,149,000","107,987,000","110,098,000","108,639,000",314000,0.29%,2025/10/22,1404/07/30
3238,"108,613,000","108,613,000","109,754,000","108,953,000",2459000,2.31%,2025/10/23,1404/08/01
3239,"108,934,000","105,702,000","108,934,000","106,494,000",944000,0.89%,2025/10/25,1404/08/03
3240,"106,471,000","106,471,000","109,218,000","107,438,000",1985000,1.88%,2025/10/26,1404/08/04
3241,"107,452,000","105,171,000","107,874,000","105,453,000",1926000,1.86%,2025/10/27,1404/08/05
3242,"105,457,000","102,516,000","105,457,000","103,527,000",1023000,0.99%,2025/10/28,1404/08/06
3243,"103,509,000","103,509,000","105,621,000","104,550,000",732000,0.71%,2025/10/29,1404/08/07
3244,"104,575,000","103,486,000","104,605,000","103,818,000",2445000,2.36%,2025/10/30,1404/08/08
3245,"103,816,000","103,816,000","106,614,000","106,263,000",1293000,1.23%,2025/11/01,1404/08/10
3246,"106,291,000","104,709,000","106,697,000","104,970,000",85000,0.08%,2025/11/02,1404/08/11
3247,"104,855,000","104,640,000","105,319,000","104,885,000",157000,0.15%,2025/11/03,1404/08/12
3248,"104,573,000","104,340,000","105,757,000","104,728,000",42000,0.04%,2025/11/04,1404/08/13
3249,"105,039,000","104,317,000","105,252,000","104,686,000",333000,0.32%,2025/11/05,1404/08/14
3250,"104,718,000","104,718,000","105,203,000","105,019,000",712000,0.68%,2025/11/06,1404/08/15
3251,"105,039,000","104,132,000","105,039,000","104,307,000",243000,0.23%,2025/11/08,1404/08/17
3252,"104,303,000","104,303,000","104,882,000","104,550,000",1161000,1.11%,2025/11/09,1404/08/18
3253,"104,568,000","104,568,000","105,875,000","105,711,000",4370000,4.13%,2025/11/10,1404/08/19
3254,"105,679,000","105,679,000","111,252,000","110,081,000",3891000,3.53%,2025/11/11,1404/08/20
3255,"112,426,990","112,311,560","114,299,000","113,972,000",1611000,1.41%,2025/11/12,1404/08/21
3256,"113,976,000","113,976,000","116,633,000","115,583,000",3324000,2.96%,2025/11/13,1404/08/22
3257,"115,560,000","111,986,000","115,560,000","112,259,000",1189000,1.07%,2025/11/15,1404/08/24
3258,"112,265,000","110,576,000","112,755,000","111,070,000",759000,0.68%,2025/11/16,1404/08/25
3259,"111,049,000","111,049,000","112,132,000","111,829,000",542000,0.49%,2025/11/17,1404/08/26
3260,"111,827,000","109,814,000","111,827,000","111,287,000",2172000,1.95%,2025/11/18,1404/08/27
3261,"111,273,000","111,273,000","114,290,000","113,459,000",35000,0.03%,2025/11/19,1404/08/28
3262,"113,477,000","112,836,000","114,625,000","113,494,000",2242000,2.02%,2025/11/20,1404/08/29
3263,"113,489,000","111,178,000","113,489,000","111,252,000",1521000,1.37%,2025/11/22,1404/09/01
3264,"111,268,000","111,268,000","113,376,000","112,773,000",783000,0.69%,2025/11/23,1404/09/02
3265,"112,766,000","112,420,000","114,879,000","113,556,000",1413000,1.24%,2025/11/25,1404/09/04
3266,"113,579,000","113,579,000","115,410,000","114,969,000",278000,0.24%,2025/11/26,1404/09/05
3267,"114,978,000","114,589,000","115,615,000","114,691,000",3652000,3.18%,2025/11/27,1404/09/06
3268,"114,675,000","114,675,000","118,410,000","118,343,000",2198000,1.86%,2025/11/29,1404/09/08
3269,"118,330,000","118,330,000","120,583,000","120,541,000",1561000,1.29%,2025/11/30,1404/09/09
3270,"120,557,000","120,557,000","123,376,000","122,102,000",894000,0.74%,2025/12/01,1404/09/10
3271,"122,120,000","119,662,000","122,279,000","121,208,000",1745000,1.44%,2025/12/02,1404/09/11
3272,"121,185,000","121,185,000","123,893,000","122,953,000",473000,0.39%,2025/12/03,1404/09/12
3273,"122,940,000","122,143,000","123,194,000","122,480,000",2016000,1.65%,2025/12/04,1404/09/13
3274,"122,501,000","122,501,000","124,994,000","124,496,000",2569000,2.06%,2025/12/06,1404/09/15
3275,"124,484,000","124,484,000","127,130,000","127,065,000",67000,0.05%,2025/12/07,1404/09/16
3276,"127,083,000","126,774,000","127,947,000","127,132,000",335000,0.26%,2025/12/08,1404/09/17
3277,"128,099,000","125,641,000","128,157,000","126,797,000",21000,0.02%,2025/12/09,1404/09/18
3278,"126,816,000","126,079,000","127,210,000","126,818,000",1496000,1.18%,2025/12/10,1404/09/19
3279,"126,823,000","126,823,000","128,711,000","128,314,000",5249000,4.09%,2025/12/11,1404/09/20
3280,"128,309,000","128,309,000","134,083,000","133,563,000",1688000,1.26%,2025/12/13,1404/09/22
3281,"133,580,000","131,398,000","135,689,000","135,251,000",750000,0.55%,2025/12/14,1404/09/23
3282,"137,142,000","135,689,000","138,321,000","136,001,000",579000,0.43%,2025/12/15,1404/09/24
3283,"135,999,000","133,605,000","135,999,000","135,422,000",3700000,2.73%,2025/12/16,1404/09/25
3284,"136,592,000","136,585,000","139,145,000","139,122,000",1685000,1.23%,2025/12/17,1404/09/26
3285,"139,099,000","137,275,000","139,099,000","137,437,000",450000,0.33%,2025/12/18,1404/09/27
3286,"137,444,000","137,368,000","139,422,000","137,887,000",1417000,1.04%,2025/12/20,1404/09/29
3287,"137,878,000","134,990,000","137,878,000","136,470,000",2925000,2.14%,2025/12/21,1404/09/30
3288,"136,488,000","136,488,000","139,695,000","139,395,000",3809000,2.73%,2025/12/22,1404/10/01
3289,"139,399,000","139,399,000","143,714,000","143,204,000",1930000,1.35%,2025/12/23,1404/10/02
3290,"143,206,000","143,206,000","146,002,000","145,134,000",1561000,1.09%,2025/12/24,1404/10/03
3291,"144,494,000","143,047,000","144,801,000","143,573,000",9887000,6.89%,2025/12/25,1404/10/04
3292,"143,557,000","143,557,000","153,472,000","153,460,000",4694000,3.06%,2025/12/27,1404/10/06
3293,"153,467,000","153,467,000","161,420,000","158,154,000",14567000,10.15%,2025/12/28,1404/10/07
3294,"158,144,000","143,231,000","158,144,000","143,587,000",3959000,2.76%,2025/12/29,1404/10/08
3295,"143,578,000","143,578,000","148,449,000","147,546,000",6549000,4.64%,2025/12/30,1404/10/09
3296,"147,532,000","140,761,000","147,532,000","140,997,000",992000,0.7%,2025/12/31,1404/10/10
3297,"141,008,000","139,886,000","142,146,000","141,989,000",5252000,3.7%,2026/01/01,1404/10/11
3298,"142,001,000","142,001,000","148,391,000","147,241,000",9599000,6.52%,2026/01/04,1404/10/14
3299,"147,253,000","147,253,000","156,863,000","156,840,000",3682000,2.35%,2026/01/05,1404/10/15
3300,"156,845,000","156,845,000","163,142,000","160,522,000",760000,0.47%,2026/01/06,1404/10/16
3301,"160,536,000","156,736,000","162,115,000","161,282,000",3198000,2.02%,2026/01/07,1404/10/17
3302,"161,284,000","158,075,000","161,284,000","158,084,000",476000,0.3%,2026/01/08,1404/10/18
3303,"158,098,000","158,098,000","158,583,000","158,560,000",9000,0.01%,2026/01/10,1404/10/20
3304,"158,576,000","158,560,000","158,583,000","158,569,000",9000,0.01%,2026/01/11,1404/10/21
3305,"158,581,000","158,560,000","158,583,000","158,578,000",-,-,2026/01/12,1404/10/22
3306,"158,581,000","158,560,000","158,583,000","158,578,000",9000,0.01%,2026/01/13,1404/10/23
3307,"158,567,000","158,560,000","158,583,000","158,569,000",7000,-,2026/01/14,1404/10/24
3308,"158,564,000","158,560,000","158,583,000","158,576,000",5000,-,2026/01/15,1404/10/25
3309,"158,569,000","158,560,000","158,583,000","158,581,000",3000,-,2026/01/17,1404/10/27
3310,"158,569,000","158,560,000","158,583,000","158,578,000",11000,0.01%,2026/01/18,1404/10/28
3311,"158,560,000","158,560,000","158,583,000","158,567,000",2000,-,2026/01/19,1404/10/29
3312,"158,560,000","158,560,000","158,583,000","158,569,000",2000,-,2026/01/20,1404/10/30
3313,"158,562,000","158,560,000","158,583,000","158,567,000",-,-,2026/01/21,1404/11/01
3314,"158,560,000","158,560,000","158,583,000","158,567,000",4859000,3.06%,2026/01/22,1404/11/02
3315,"158,562,000","158,560,000","163,789,000","163,426,000",1408000,0.86%,2026/01/24,1404/11/04
3316,"163,419,000","160,430,000","165,051,000","164,834,000",7609000,4.62%,2026/01/25,1404/11/05
3317,"164,825,000","164,811,000","172,457,000","172,443,000",10282000,5.96%,2026/01/26,1404/11/06
3318,"172,439,000","172,439,000","183,653,000","182,725,000",18104000,9.91%,2026/01/27,1404/11/07
3319,"182,716,000","182,716,000","203,160,000","200,829,000",5312000,2.65%,2026/01/28,1404/11/08
3320,"223,454,000","192,056,000","223,937,000","206,141,000",9461000,4.81%,2026/01/29,1404/11/09
3321,"206,145,000","186,978,000","209,855,000","196,680,000",7849000,4.16%,2026/01/31,1404/11/11
3322,"196,696,000","187,208,000","196,696,000","188,831,000",12242000,6.93%,2026/02/01,1404/11/12
3323,"188,841,000","175,781,000","188,841,000","176,589,000",15765000,8.93%,2026/02/02,1404/11/13
3324,"176,592,000","176,592,000","193,234,000","192,354,000",1226000,0.64%,2026/02/03,1404/11/14
3325,"192,347,000","192,287,000","194,619,000","193,580,000",12574000,6.95%,2026/02/05,1404/11/16
3326,"193,566,000","180,860,000","193,566,000","181,006,000",6798000,3.76%,2026/02/07,1404/11/18
3327,"180,999,000","180,999,000","190,348,000","187,804,000",5557000,2.96%,2026/02/08,1404/11/19
3328,"187,790,000","187,790,000","197,620,000","193,361,000",6154000,3.18%,2026/02/09,1404/11/20
3329,"193,601,000","193,591,000","202,502,000","199,515,000",4218000,2.16%,2026/02/10,1404/11/21
3330,"199,529,000","194,480,000","199,529,000","195,297,000",9467000,5.09%,2026/02/12,1404/11/23
3331,"195,302,000","185,165,000","195,302,000","185,830,000",5968000,3.21%,2026/02/14,1404/11/25
3332,"185,828,000","185,828,000","193,961,000","191,798,000",4843000,2.59%,2026/02/15,1404/11/26
3333,"191,795,000","186,493,000","192,079,000","186,955,000",1500000,0.8%,2026/02/16,1404/11/27
3334,"186,971,000","186,971,000","196,498,000","188,455,000",5813000,3.08%,2026/02/17,1404/11/28
3335,"188,263,000","188,247,000","195,542,000","194,268,000",4578000,2.36%,2026/02/18,1404/11/29
3336,"194,249,000","194,249,000","200,157,000","198,846,000",2055000,1.04%,2026/02/19,1404/11/30
3337,"198,860,000","196,096,000","201,544,000","196,791,000",443000,0.23%,2026/02/21,1404/12/02
3338,"196,789,000","195,981,000","198,659,000","196,348,000",2581000,1.31%,2026/02/22,1404/12/03
3339,"196,445,000","196,445,000","199,259,000","198,929,000",901000,0.45%,2026/02/23,1404/12/04
3340,"198,920,000","198,024,000","200,275,000","198,028,000",6381000,3.22%,2026/02/24,1404/12/05
3341,"198,038,000","198,038,000","204,522,000","204,409,000",3957000,1.97%,2026/02/25,1404/12/06
3342,"204,407,000","199,397,000","204,407,000","200,452,000",790000,0.39%,2026/02/26,1404/12/07
3343,"200,445,000","200,445,000","201,244,000","201,242,000",19000,0.01%,2026/02/28,1404/12/09
3344,"201,237,000","201,221,000","201,244,000","201,223,000",-,-,2026/03/01,1404/12/10
3345,"201,226,000","201,221,000","201,244,000","201,223,000",12000,0.01%,2026/03/02,1404/12/11
3346,"201,240,000","201,221,000","201,244,000","201,235,000",9000,-,2026/03/03,1404/12/12
3347,"201,230,000","201,221,000","201,244,000","201,226,000",-,-,2026/03/04,1404/12/13
3348,"201,242,000","201,221,000","201,244,000","201,226,000",4000,-,2026/03/05,1404/12/14
3349,"201,242,000","201,221,000","201,244,000","201,230,000",10000,-,2026/03/07,1404/12/16
3350,"201,221,000","201,221,000","201,244,000","201,240,000",14000,0.01%,2026/03/08,1404/12/17
3351,"201,237,000","201,221,000","201,244,000","201,226,000",-,-,2026/03/09,1404/12/18
3352,"201,228,000","201,221,000","201,244,000","201,226,000",4000,-,2026/03/10,1404/12/19
3353,"201,240,000","201,221,000","201,244,000","201,230,000",2000,-,2026/03/11,1404/12/20
3354,"201,223,000","201,221,000","201,244,000","201,228,000",5000,-,2026/03/12,1404/12/21
3355,"201,226,000","201,221,000","201,244,000","201,223,000",31993000,18.91%,2026/03/14,1404/12/23
3356,"169,230,000","169,230,000","169,230,000","169,230,000",3230000,1.95%,2026/03/15,1404/12/24
3357,"180,031,000","166,000,000","201,244,000","166,000,000",8292361,5%,2026/03/16,1404/12/25
3358,"170,000,000","170,000,000","174,292,361","174,292,361",3636639,2.09%,2026/03/17,1404/12/26
3359,"179,697,000","177,929,000","179,697,000","177,929,000",1536358,0.87%,2026/03/18,1404/12/27
3360,"175,761,000","175,761,000","179,000,000","176,392,642",2093642,1.2%,2026/03/19,1404/12/28
3361,"174,297,000","174,281,000","174,304,000","174,299,000",3000,-,2026/03/23,1405/01/03
3362,"174,281,000","174,281,000","174,304,000","174,302,000",1173000,0.67%,2026/03/24,1405/01/04
3363,"174,299,000","173,452,000","175,481,000","175,475,000",563000,0.32%,2026/03/25,1405/01/05
3364,"175,463,000","174,889,000","175,481,000","174,912,000",9000,0.01%,2026/03/26,1405/01/06
3365,"174,905,000","174,889,000","174,912,000","174,903,000",9000,0.01%,2026/03/28,1405/01/08
3366,"174,909,000","174,889,000","174,912,000","174,912,000",23000,0.01%,2026/03/29,1405/01/09
3367,"174,893,000","174,889,000","174,912,000","174,889,000",2000,-,2026/03/30,1405/01/10
3368,"174,907,000","174,889,000","174,912,000","174,891,000",12000,0.01%,2026/03/31,1405/01/11
3369,"174,907,000","174,889,000","174,912,000","174,903,000",14000,0.01%,2026/04/01,1405/01/12
3370,"174,889,000","174,889,000","174,912,000","174,889,000",20000,0.01%,2026/04/02,1405/01/13
3371,"174,912,000","174,889,000","174,912,000","174,909,000",3991000,2.28%,2026/04/04,1405/01/15
3372,"174,905,000","174,512,000","179,152,000","178,900,000",19000,0.01%,2026/04/05,1405/01/16
3373,"178,905,000","178,898,000","178,921,000","178,919,000",1149000,0.64%,2026/04/06,1405/01/17
3374,"178,912,000","178,898,000","180,075,000","180,068,000",360000,0.2%,2026/04/07,1405/01/18
3375,"180,054,000","179,706,000","189,309,000","179,708,000",593000,0.33%,2026/04/08,1405/01/19
3376,"179,713,000","179,706,000","180,537,000","180,301,000",4402000,2.5%,2026/04/09,1405/01/20
3377,"180,304,000","174,512,000","180,306,000","175,899,000",3352000,1.91%,2026/04/11,1405/01/22
3378,"175,906,000","175,897,000","179,267,000","179,251,000",1510000,0.84%,2026/04/12,1405/01/23
3379,"179,263,000","179,129,000","180,768,000","180,761,000",9000,-,2026/04/13,1405/01/24
3380,"180,745,000","180,745,000","180,768,000","180,752,000",4601000,2.61%,2026/04/14,1405/01/25
3381,"180,761,000","174,512,000","180,768,000","176,151,000",873000,0.5%,2026/04/15,1405/01/26
3382,"176,135,000","175,268,000","176,301,000","175,278,000",3633000,2.12%,2026/04/16,1405/01/27
3383,"175,287,000","169,087,000","175,291,000","171,645,000",207000,0.12%,2026/04/18,1405/01/29
3384,"171,640,000","171,438,000","174,304,000","171,438,000",867000,0.51%,2026/04/19,1405/01/30
3385,"171,452,000","170,241,000","171,461,000","170,571,000",567000,0.33%,2026/04/20,1405/01/31
3386,"170,567,000","169,647,000","171,145,000","171,138,000",1428000,0.83%,2026/04/21,1405/02/01
3387,"171,140,000","171,122,000","173,958,000","172,566,000",573000,0.33%,2026/04/22,1405/02/02
3388,"172,559,000","171,972,000","172,757,000","171,993,000",688000,0.4%,2026/04/23,1405/02/03
3389,"171,977,000","164,816,000","173,034,000","172,681,000",940000,0.55%,2026/04/25,1405/02/05
3390,"172,688,000","171,626,000","173,034,000","171,741,000",4754000,2.77%,2026/04/26,1405/02/06
3391,"172,217,000","171,857,000","177,536,000","176,495,000",10499000,5.95%,2026/04/27,1405/02/07
3392,"176,492,000","176,492,000","187,578,000","186,994,000",11545000,6.17%,2026/04/28,1405/02/08
3393,"187,001,000","187,001,000","205,238,000","198,539,000",921000,0.47%,2026/04/29,1405/02/09
3394,"198,529,000","196,442,000","199,513,000","197,618,000",3465000,1.75%,2026/04/30,1405/02/10
3395,"197,615,000","197,615,000","205,007,000","201,083,000",2287000,1.14%,2026/05/02,1405/02/12
3396,"201,076,000","201,076,000","204,661,000","203,370,000",6233000,3.16%,2026/05/03,1405/02/13
3397,"203,373,000","196,904,000","208,008,000","197,137,000",5538000,2.89%,2026/05/04,1405/02/14
3398,"197,158,000","190,787,000","197,158,000","191,599,000",1632000,0.85%,2026/05/05,1405/02/15
3399,"191,608,000","191,133,000","197,043,000","193,231,000",1600000,0.83%,2026/05/06,1405/02/16
3400,"193,211,000","192,749,000","196,004,000","194,831,000",1600000,0.83%,2026/05/07,1405/02/17
3401,"194,840,000","192,864,000","195,542,000","193,231,000",1542000,0.8%,2026/05/09,1405/02/19
3402,"193,218,000","189,517,000","193,693,000","191,689,000",6390000,3.33%,2026/05/10,1405/02/20
3403,"191,703,000","191,703,000","200,852,000","198,079,000",2200000,1.12%,2026/05/11,1405/02/21
3404,"198,063,000","195,750,000","200,390,000","195,879,000",14000,0.01%,2026/05/12,1405/02/22
3405,"195,870,000","195,173,000","197,043,000","195,865,000",93000,0.05%,2026/05/13,1405/02/23
3406,"195,884,000","195,288,000","196,694,000","195,958,000",1889000,0.97%,2026/05/14,1405/02/24
3407,"195,955,000","192,056,000","195,955,000","194,069,000",1315000,0.68%,2026/05/16,1405/02/26
3408,"194,081,000","192,287,000","194,616,000","192,754,000",2891000,1.52%,2026/05/17,1405/02/27
3409,"192,767,000","189,291,000","192,767,000","189,863,000",111000,0.06%,2026/05/18,1405/02/28
3410,"189,884,000","189,055,000","191,964,000","189,752,000",2441000,1.29%,2026/05/19,1405/02/29
3411,"189,764,000","189,519,000","193,926,000","192,193,000",691000,0.36%,2026/05/20,1405/02/30
3412,"192,179,000","189,402,000","192,179,000","191,502,000",5914000,3.19%,2026/05/21,1405/02/31
3413,"191,498,000","185,362,000","191,498,000","185,588,000",6099000,3.4%,2026/05/23,1405/03/02
3414,"185,593,000","177,628,000","185,593,000","179,489,000",3102000,1.73%,2026/05/24,1405/03/03
3415,"179,480,000","179,480,000","188,614,000","182,591,000",443000,0.24%,2026/05/25,1405/03/04
3416,"182,598,000","180,514,000","184,692,000","182,148,000",824000,0.45%,2026/05/26,1405/03/05
3417,"182,132,000","180,052,000","182,132,000","181,324,000",1505000,0.84%,2026/05/28,1405/03/07
3418,"181,326,000","179,131,000","182,037,000","179,819,000",1387000,0.77%,2026/05/30,1405/03/09
3419,"179,817,000","178,785,000","182,153,000","181,206,000",4638000,2.56%,2026/05/31,1405/03/10
3420,"181,324,000","181,324,000","187,924,000","185,844,000",3592000,1.97%,2026/06/01,1405/03/11
3421,"185,842,000","181,899,000","185,846,000","182,252,000",517000,0.28%,2026/06/02,1405/03/12
3422,"182,384,000","182,361,000","183,653,000","182,769,000",2939000,1.63%,2026/06/03,1405/03/13
3423,"182,772,000","178,898,000","182,772,000","179,830,000",3225000,1.79%,2026/06/06,1405/03/16
3424,"180,001,000","180,001,000","184,692,000","183,055,000",2423000,1.34%,2026/06/07,1405/03/17
3425,"183,074,000","179,706,000","183,074,000","180,632,000",1381000,0.77%,2026/06/08,1405/03/18
3426,"180,057,000","178,916,000","181,227,000","179,251,000",108000,0.06%,2026/06/09,1405/03/19
3427,"179,249,000","177,513,000","179,249,000","179,143,000",474000,0.27%,2026/06/10,1405/03/20
3428,"179,221,000","178,205,000","179,267,000","178,669,000",6461000,3.75%,2026/06/11,1405/03/21
3429,"178,672,000","171,972,000","178,672,000","172,208,000",905157,0.53%,2026/06/13,1405/03/23
3430,"172,226,000","170,126,000","173,719,320","171,302,843",8333843,5.11%,2026/06/14,1405/03/24
3431,"171,303,000","162,625,000","171,303,000","162,969,000",6450000,4.12%,2026/06/15,1405/03/25
3432,"162,281,000","156,505,000","162,281,000","156,519,000",5300000,3.39%,2026/06/16,1405/03/26
3433,"156,512,000","155,120,000","163,336,000","161,819,000",5177000,3.3%,2026/06/17,1405/03/27
3434,"161,829,000","156,274,000","161,829,000","156,642,000",4372000,2.79%,2026/06/18,1405/03/28
3435,"156,623,000","156,623,000","164,377,000","161,014,000",588000,0.37%,2026/06/20,1405/03/30
3436,"161,023,000","157,429,000","161,607,000","161,602,000",2250000,1.41%,2026/06/21,1405/03/31
3437,"161,600,000","158,583,000","161,600,000","159,352,000",1500000,0.94%,2026/06/22,1405/04/01
3438,"159,361,000","158,814,000","161,030,000","160,852,000",2482000,1.54%,2026/06/23,1405/04/02
3439,"160,866,000","160,866,000","164,952,000","163,334,000",9566000,5.86%,2026/06/27,1405/04/06
3440,"163,315,000","163,315,000","172,900,000","172,900,000",5069000,3.02%,2026/06/28,1405/04/07
3441,"172,912,000","166,201,000","172,912,000","167,831,000",1276000,0.76%,2026/06/29,1405/04/08
3442,"167,840,000","166,778,000","169,687,000","169,107,000",3463000,2.05%,2026/06/30,1405/04/09
3443,"169,103,000","169,103,000","173,958,000","172,570,000",2057000,1.19%,2026/07/01,1405/04/10
3444,"172,568,000","172,568,000","174,996,000","174,627,000",2657000,1.52%,2026/07/02,1405/04/11
3445,"174,618,000","174,618,000","177,536,000","177,284,000",90000,0.05%,2026/07/05,1405/04/14
3446,"177,303,000","176,589,000","178,459,000","177,374,000",33000,0.02%,2026/07/06,1405/04/15
3447,"177,360,000","175,668,000","177,882,000","177,407,000",1426000,0.8%,2026/07/07,1405/04/16
3448,"177,400,000","177,282,000","179,729,000","178,833,000",536000,0.3%,2026/07/08,1405/04/17
3449,"178,829,000","178,829,000","180,306,000","179,369,000",4608000,2.64%,2026/07/09,1405/04/18
3450,"179,376,000","174,396,000","179,376,000","174,761,000",1842000,1.05%,2026/07/11,1405/04/20
3451,"174,743,000","174,743,000","176,956,000","176,603,000",219000,0.12%,2026/07/12,1405/04/21
3452,"176,599,000","175,160,000","177,074,000","176,822,000",2097000,1.19%,2026/07/13,1405/04/22
3453,"177,522,000","177,513,000","180,075,000","178,919,000",4684000,2.62%,2026/07/14,1405/04/23
3454,"178,914,000","178,914,000","185,154,000","183,603,000",1152000,0.63%,2026/07/15,1405/04/24
3455,"183,706,000","181,830,000","184,046,000","182,451,000",8931000,4.9%,2026/07/16,1405/04/25
3456,"182,446,000","182,446,000","191,456,000","191,382,000",3707000,1.98%,2026/07/18,1405/04/27
3457,"191,364,000","186,908,000","191,364,000","187,675,000",5832000,3.21%,2026/07/19,1405/04/28
3458,"187,677,000","181,324,000","187,677,000","181,843,000",2609000,1.43%,2026/07/20,1405/04/29
3459,"181,850,000","181,850,000","185,939,000","184,452,000",5582000,3.03%,2026/07/21,1405/04/30
3460,"184,445,000","184,445,000","190,579,000","190,034,000",1480000,0.78%,2026/07/22,1405/04/31
3461,"190,032,000","187,601,000","190,032,000","188,554,000",6004000,3.29%,2026/07/23,1405/05/01
3462,"188,566,000","182,245,000","188,566,000","182,550,000",3761000,2.1%,2026/07/25,1405/05/03
3463,"182,568,000","178,251,000","182,568,000","178,789,000",3304000,1.85%,2026/07/26,1405/05/04
3464,"178,787,000","178,787,000","185,154,000","182,093,000",1320000,0.72%,2026/07/27,1405/05/05
3465,"182,100,000","182,100,000","185,292,000","183,413,000",4689000,2.56%,2026/07/28,1405/05/06
3466,"183,404,000","183,404,000","189,886,000","188,102,000",1448000,0.78%,2026/07/29,1405/05/07
3467,"188,106,000","185,823,000","188,106,000","186,654,000",326000,0.17%,2026/07/30,1405/05/08
3468,"186,641,000","186,641,000","188,848,000","186,980,000",326000,0.17%,2026/08/01,1405/05/10
