,Date,Close,Low,High,weekday_fa
0,2016-02-01,"72,912.8","71,378.5","72,912.7",چهارشنبه
1,2016-02-02,"73,725.5","73,364.2","73,844.5",پنج‌شنبه
2,2016-02-03,"73,684","73,648.5","73,901.6",جمعه
3,2016-02-06,"74,103.6","73,976.8","74,238.4",دوشنبه
4,2016-02-07,"74,569.4","74,284.2","74,810.6",سه‌شنبه
5,2016-02-08,"75,783.8","74,911.9","75,783.7",چهارشنبه
6,2016-02-09,"78,199.1","76,814.7","78,418.9",پنج‌شنبه
7,2016-02-10,"77,497.9","77,457.4","77,924.4",جمعه
8,2016-02-13,"76,594.2","76,514.6","77,532.3",دوشنبه
9,2016-02-14,"76,709.5","76,467.6","76,780.2",سه‌شنبه
10,2016-02-15,"77,377.5","76,820.4","77,539.2",چهارشنبه
11,2016-02-16,"77,141.6","77,091.1","77,698.4",پنج‌شنبه
12,2016-02-17,"77,888","77,269.9","77,888.1",جمعه
13,2016-02-20,"77,560.9","77,560.9","78,333",دوشنبه
14,2016-02-21,"77,234.9","77,141.4","77,516",سه‌شنبه
15,2016-02-22,"77,587.7","77,563.7","77,781",چهارشنبه
16,2016-02-23,"77,704","77,651.3","78,037.5",پنج‌شنبه
17,2016-02-24,"77,840.2","77,573.3","77,840.1",جمعه
18,2016-02-27,"78,228.3","78,086.1","78,387.5",دوشنبه
19,2016-02-28,"77,733.8","77,733.8","78,442.6",سه‌شنبه
20,2016-02-29,"77,539.2","77,376.4","77,827.3",چهارشنبه
21,2016-03-01,"77,648.8","77,614.4","77,891.4",پنج‌شنبه
22,2016-03-02,"77,697.8","77,595.9","77,697.7",جمعه
23,2016-03-05,"78,022.2","78,022.2","78,291.5",دوشنبه
24,2016-03-06,"78,093","78,093","78,295.4",سه‌شنبه
25,2016-03-07,"78,158.4","78,142.6","78,434.3",چهارشنبه
26,2016-03-08,"78,220","78,210","78,402.5",پنج‌شنبه
27,2016-03-09,"78,312.1","78,312.1","78,451.3",جمعه
28,2016-03-12,"79,366.5","78,541.9","79,430.2",دوشنبه
29,2016-03-14,"80,236.7","79,930.6","80,286.7",چهارشنبه
30,2016-03-15,"80,037.5","79,993.6","80,493.4",پنج‌شنبه
31,2016-03-16,"80,219.4","80,068","80,304.9",جمعه
32,2016-03-26,"81,200.3","80,133.2","81,200.3",دوشنبه
33,2016-03-27,"81,261","81,255.4","81,447.7",سه‌شنبه
34,2016-03-28,"80,935.7","80,935.6","81,074.8",چهارشنبه
35,2016-03-29,"80,561.3","80,561.2","80,889.5",پنج‌شنبه
36,2016-03-30,"81,480.4","80,774.7","81,498.8",جمعه
37,2016-04-02,"81,536.9","81,432.1","81,723.7",دوشنبه
38,2016-04-03,"80,852.7","80,590","81,490.4",سه‌شنبه
39,2016-04-04,"80,872.1","80,802.6","80,965.4",چهارشنبه
40,2016-04-05,"80,965.8","80,853.1","81,030.5",پنج‌شنبه
41,2016-04-06,"80,752.7","80,743.1","81,190.2",جمعه
42,2016-04-09,"80,654","80,653.1","80,950.3",دوشنبه
43,2016-04-10,"80,280.7","80,237.3","80,615.5",سه‌شنبه
44,2016-04-11,"80,262.4","80,164.7","80,331.2",چهارشنبه
45,2016-04-12,"80,109.3","79,994.1","80,446",پنج‌شنبه
46,2016-04-13,"79,588.3","79,579","80,050.2",جمعه
47,2016-04-16,"77,984.8","77,933.3","79,447.7",دوشنبه
48,2016-04-17,"77,516.2","77,446.5","77,709.5",سه‌شنبه
49,2016-04-18,"78,435.4","77,613.1","78,438.3",چهارشنبه
50,2016-04-19,"78,430.9","78,430.9","78,766.1",پنج‌شنبه
51,2016-04-20,"78,269","78,197.2","78,636.6",جمعه
52,2016-04-23,"78,281.7","78,264.9","78,396.7",دوشنبه
53,2016-04-24,"78,448.3","78,278.4","78,448.4",سه‌شنبه
54,2016-04-25,"78,688.4","78,653.1","78,945.7",چهارشنبه
55,2016-04-26,"78,394.4","78,317.8","78,699.7",پنج‌شنبه
56,2016-04-27,"78,404.7","78,341.1","78,578.5",جمعه
57,2016-04-30,"78,414.6","78,399.8","78,585.7",دوشنبه
58,2016-05-01,"78,384.4","78,220.1","78,453.7",سه‌شنبه
59,2016-05-02,"78,285.4","78,259","78,425",چهارشنبه
60,2016-05-03,"78,044.4","77,968.9","78,382.5",پنج‌شنبه
61,2016-05-04,"78,033.8","77,938.1","78,076.9",جمعه
62,2016-05-07,"77,423.9","77,423.9","78,036.6",دوشنبه
63,2016-05-08,"77,045.3","77,041.2","77,378.1",سه‌شنبه
64,2016-05-09,"77,106","77,094.1","77,302.3",چهارشنبه
65,2016-05-10,"76,630.4","76,606.9","77,070.8",پنج‌شنبه
66,2016-05-11,"75,982.6","75,894.8","76,611.9",جمعه
67,2016-05-14,"76,138.6","76,016.6","76,176.1",دوشنبه
68,2016-05-15,"75,863.2","75,863.2","76,224.1",سه‌شنبه
69,2016-05-16,"75,980.5","75,866.4","76,006.5",چهارشنبه
70,2016-05-17,"76,292.9","76,071.5","76,305.5",پنج‌شنبه
71,2016-05-18,"76,413.3","76,329.8","76,463.5",جمعه
72,2016-05-21,"76,448.3","76,443.4","76,530.2",دوشنبه
73,2016-05-23,"76,613.9","76,493.5","76,708.1",چهارشنبه
74,2016-05-24,"76,692.8","76,543.2","76,692.7",پنج‌شنبه
75,2016-05-25,"76,853","76,702.3","76,957.7",جمعه
76,2016-05-28,"76,690.6","76,618.2","76,945.7",دوشنبه
77,2016-05-29,"76,387","76,387","76,744.1",سه‌شنبه
78,2016-05-30,"76,431.5","76,396.1","76,463.7",چهارشنبه
79,2016-05-31,"76,144.2","76,144.2","76,534.5",پنج‌شنبه
80,2016-06-01,"76,084.2","76,077.7","76,207.2",جمعه
81,2016-06-05,"76,160.6","76,133.2","76,200.3",سه‌شنبه
82,2016-06-06,"76,128.6","76,102.9","76,284.7",چهارشنبه
83,2016-06-07,"75,874.5","75,874.4","76,177",پنج‌شنبه
84,2016-06-08,"75,876.2","75,775.9","75,929.1",جمعه
85,2016-06-11,"74,850.1","74,850.1","75,909.8",دوشنبه
86,2016-06-12,"74,817.8","74,670.9","74,870.5",سه‌شنبه
87,2016-06-13,"74,700.5","74,594.6","74,904.5",چهارشنبه
88,2016-06-14,"73,959.7","73,959.7","74,716.2",پنج‌شنبه
89,2016-06-15,"73,877.1","73,705.4","73,966.4",جمعه
90,2016-06-18,"73,906.5","73,887.1","74,018.5",دوشنبه
91,2016-06-19,"73,027.9","73,027.9","73,915.6",سه‌شنبه
92,2016-06-20,"72,615","72,614.8","72,945.2",چهارشنبه
93,2016-06-21,"72,799.2","72,563.6","72,799.2",پنج‌شنبه
94,2016-06-22,"73,644.8","72,930.1","73,644.7",جمعه
95,2016-06-25,"73,672","73,671.7","73,863.3",دوشنبه
96,2016-06-26,"73,743.5","73,651.1","73,771.7",سه‌شنبه
97,2016-06-28,"74,190.5","73,935.4","74,300.3",پنج‌شنبه
98,2016-06-29,"73,940.3","73,934.4","74,283.2",جمعه
99,2016-07-02,"73,965.5","73,931.8","74,000.8",دوشنبه
100,2016-07-02,"73,965.5","73,931.8","74,000.8",دوشنبه
101,2016-07-03,"74,064","74,063.3","74,137.1",سه‌شنبه
102,2016-07-04,"73,947.2","73,947.2","74,095.4",چهارشنبه
103,2016-07-05,"74,049.1","73,959","74,113.9",پنج‌شنبه
104,2016-07-09,"73,716.6","73,716.6","74,051.4",دوشنبه
105,2016-07-10,"73,764.2","73,695.4","73,799.7",سه‌شنبه
106,2016-07-11,"73,816.7","73,737.2","73,893",چهارشنبه
107,2016-07-12,"73,736","73,725.3","73,987.1",پنج‌شنبه
108,2016-07-13,"73,763","73,625.5","73,763",جمعه
109,2016-07-16,"73,868","73,756.2","73,888.5",دوشنبه
110,2016-07-17,"74,194.8","74,010.9","74,282.5",سه‌شنبه
111,2016-07-18,"74,196.9","74,045","74,214.8",چهارشنبه
112,2016-07-19,"74,313.6","74,249.7","74,385.9",پنج‌شنبه
113,2016-07-20,"74,514.1","74,364.7","74,516.4",جمعه
114,2016-07-23,"74,934.3","74,629.9","74,934.2",دوشنبه
115,2016-07-24,"75,183.9","75,043.6","75,197.8",سه‌شنبه
116,2016-07-25,"75,466.5","75,315.7","75,540.3",چهارشنبه
117,2016-07-26,"75,501","75,402","75,501.2",پنج‌شنبه
118,2016-07-27,"76,225.7","75,755.9","76,294.3",جمعه
119,2016-07-31,"76,579.7","76,333.8","76,699.2",سه‌شنبه
120,2016-08-01,"76,647.4","76,408.5","76,647.3",چهارشنبه
121,2016-08-02,"77,089.8","76,672.4","77,094",پنج‌شنبه
122,2016-08-03,"77,856.5","77,415.3","77,915.1",جمعه
123,2016-08-06,"78,324.9","78,324.8","78,324.9",دوشنبه
124,2016-08-07,"78,704.6","78,423","78,837.9",سه‌شنبه
125,2016-08-08,"78,324.9","78,324.7","78,830.5",چهارشنبه
126,2016-08-09,"78,368.4","78,345.1","78,437.2",پنج‌شنبه
127,2016-08-10,"78,190.5","78,190.4","78,463.8",جمعه
128,2016-08-13,"78,218.8","78,093.1","78,218.9",دوشنبه
129,2016-08-14,"78,205.1","78,205","78,417.1",سه‌شنبه
130,2016-08-15,"77,828.8","77,828.7","78,205.5",چهارشنبه
131,2016-08-16,"77,855.5","77,791.2","77,857.6",پنج‌شنبه
132,2016-08-17,"77,879","77,863.8","77,925.8",جمعه
133,2016-08-20,"77,968.7","77,919.2","78,009.5",دوشنبه
134,2016-08-21,"78,086.4","77,962.3","78,113.8",سه‌شنبه
135,2016-08-22,"78,086.1","78,086.1","78,274.9",چهارشنبه
136,2016-08-23,"77,964","77,907.3","78,094.3",پنج‌شنبه
137,2016-08-24,"78,081.5","78,063.3","78,205.7",جمعه
138,2016-08-27,"77,757.6","77,757.1","78,095.9",دوشنبه
139,2016-08-28,"77,313.6","77,313.6","77,846.9",سه‌شنبه
140,2016-08-29,"77,345.6","77,326.3","77,374.9",چهارشنبه
141,2016-08-30,"77,358.6","77,352.4","77,381.5",پنج‌شنبه
142,2016-08-31,"77,167.9","77,167.8","77,381.7",جمعه
143,2016-09-03,"76,747","76,747","77,184.5",دوشنبه
144,2016-09-04,"76,509.4","76,509.4","76,784.8",سه‌شنبه
145,2016-09-05,"76,522.2","76,485.9","76,522.9",چهارشنبه
146,2016-09-06,"76,669.6","76,546","76,703.2",پنج‌شنبه
147,2016-09-07,"76,742.2","76,742.1","76,885.5",جمعه
148,2016-09-10,"76,640.3","76,610.8","76,746.8",دوشنبه
149,2016-09-11,"76,643.9","76,643.8","76,698.3",سه‌شنبه
150,2016-09-13,"76,444.2","76,444.1","76,677.9",پنج‌شنبه
151,2016-09-14,"76,455.4","76,348.3","76,476.7",جمعه
152,2016-09-17,"76,104.9","76,104.8","76,460.1",دوشنبه
153,2016-09-18,"76,166.7","76,099.3","76,179.3",سه‌شنبه
154,2016-09-19,"76,272.6","76,176.5","76,321.4",چهارشنبه
155,2016-09-21,"76,450.9","76,338.4","76,450.9",جمعه
156,2016-09-24,"76,906.9","76,487.8","76,907.4",دوشنبه
157,2016-09-25,"77,081.5","77,009.8","77,121.4",سه‌شنبه
158,2016-09-26,"77,089.8","77,058.8","77,152.7",چهارشنبه
159,2016-09-27,"77,143.1","77,116.1","77,209.1",پنج‌شنبه
160,2016-09-28,"77,300.3","77,198.8","77,357.1",جمعه
161,2016-10-01,"77,478.8","77,459.2","77,605.2",دوشنبه
162,2016-10-02,"77,287.6","77,287.5","77,533.1",سه‌شنبه
163,2016-10-03,"77,265.3","77,265.3","77,413.7",چهارشنبه
164,2016-10-04,"77,335.3","77,335.3","77,494.5",پنج‌شنبه
165,2016-10-05,"77,183","77,182.9","77,342.6",جمعه
166,2016-10-08,"77,217","77,190.2","77,278.1",دوشنبه
167,2016-10-09,"77,435.8","77,207.9","77,480.1",سه‌شنبه
168,2016-10-10,"77,655.1","77,469.9","77,671",چهارشنبه
169,2016-10-15,"77,886.4","77,725.7","77,915.4",دوشنبه
170,2016-10-16,"77,569.1","77,569","77,911",سه‌شنبه
171,2016-10-17,"77,707.2","77,525.6","77,720.3",چهارشنبه
172,2016-10-18,"77,849.5","77,773.8","77,885.4",پنج‌شنبه
173,2016-10-19,"78,091.5","77,889.6","78,092",جمعه
174,2016-10-22,"78,387.2","78,154.9","78,430",دوشنبه
175,2016-10-23,"78,370.3","78,370.3","78,517.2",سه‌شنبه
176,2016-10-24,"78,568.8","78,452.4","78,579.5",چهارشنبه
177,2016-10-25,"78,761.9","78,568.8","78,761.9",پنج‌شنبه
178,2016-10-26,"79,299.6","78,836.8","79,304.3",جمعه
179,2016-10-29,"80,340.7","79,299.6","80,493.3",دوشنبه
180,2016-10-30,"80,339.2","80,338.3","80,511.9",سه‌شنبه
181,2016-10-31,"80,263.7","80,263.7","80,527.6",چهارشنبه
182,2016-11-01,"79,659.2","79,659","80,285.3",پنج‌شنبه
183,2016-11-02,"79,670.9","79,634.6","79,681.1",جمعه
184,2016-11-05,"79,253.5","79,253.4","79,735.5",دوشنبه
185,2016-11-06,"79,137.5","79,137.5","79,278",سه‌شنبه
186,2016-11-07,"79,632.3","79,270.5","79,635.2",چهارشنبه
187,2016-11-08,"79,871.4","79,718.1","79,902.7",پنج‌شنبه
188,2016-11-09,"78,411.6","78,396","79,340.1",جمعه
189,2016-11-12,"79,010.7","78,781.5","79,069.7",دوشنبه
190,2016-11-13,"79,048.5","79,048.4","79,258.3",سه‌شنبه
191,2016-11-14,"79,341.5","79,095.3","79,378.2",چهارشنبه
192,2016-11-15,"79,236.2","79,153.5","79,458.7",پنج‌شنبه
193,2016-11-16,"79,268.4","79,268.4","79,418.2",جمعه
194,2016-11-19,"79,278.6","79,127.7","79,335.6",دوشنبه
195,2016-11-21,"79,318.9","79,306.1","79,369.2",چهارشنبه
196,2016-11-22,"79,393.8","79,361.3","79,418.9",پنج‌شنبه
197,2016-11-23,"79,385.6","79,384.1","79,449.9",جمعه
198,2016-11-26,"79,541.4","79,511","79,607.8",دوشنبه
199,2016-11-27,"79,625.9","79,579.1","79,685.2",سه‌شنبه
200,2016-11-29,"80,018.6","79,645.7","80,018.6",پنج‌شنبه
201,2016-12-03,"80,058.8","80,033.9","80,180",دوشنبه
202,2016-12-04,"80,063.7","80,050.1","80,115.1",سه‌شنبه
203,2016-12-05,"80,081.2","80,014.1","80,174.7",چهارشنبه
204,2016-12-06,"80,830.5","80,139.8","80,851.1",پنج‌شنبه
205,2016-12-07,"81,341.6","80,965.3","81,344.3",جمعه
206,2016-12-10,"81,250.5","81,250.5","81,505.7",دوشنبه
207,2016-12-11,"80,925.9","80,925.9","81,264.8",سه‌شنبه
208,2016-12-12,"80,915.5","80,913.9","81,129.6",چهارشنبه
209,2016-12-13,"80,741.2","80,741.1","80,929.2",پنج‌شنبه
210,2016-12-14,"80,683.6","80,683.6","80,806.8",جمعه
211,2016-12-18,"80,709","80,675.2","80,782.7",سه‌شنبه
212,2016-12-19,"80,413.1","80,413.1","80,766",چهارشنبه
213,2016-12-20,"80,122.7","80,122.6","80,511.4",پنج‌شنبه
214,2016-12-21,"80,250","80,128","80,250.9",جمعه
215,2016-12-24,"80,161.2","80,161.1","80,270.8",دوشنبه
216,2016-12-25,"79,898.9","79,898.8","80,159.2",سه‌شنبه
217,2016-12-26,"79,966.5","79,926.3","80,092.3",چهارشنبه
218,2016-12-27,"79,800.8","79,800.7","80,002.1",پنج‌شنبه
219,2016-12-28,"79,691.8","79,598.4","79,871",جمعه
220,2016-12-31,"79,486.6","79,486.6","79,758.3",دوشنبه
221,2017-01-01,"78,896","78,895.8","79,482.2",سه‌شنبه
222,2017-01-02,"78,968.9","78,699","78,968.9",چهارشنبه
223,2017-01-03,"78,983.7","78,952.2","79,011.1",پنج‌شنبه
224,2017-01-04,"78,990.3","78,959.5","79,017.2",جمعه
225,2017-01-07,"78,826.5","78,826.5","79,010.5",دوشنبه
226,2017-01-08,"78,833.4","78,828.7","78,911.4",سه‌شنبه
227,2017-01-09,"78,609.5","78,609.5","78,823.8",چهارشنبه
228,2017-01-11,"78,622","78,555.4","78,652.9",جمعه
229,2017-01-14,"78,876.2","78,709.1","78,946.2",دوشنبه
230,2017-01-15,"79,073.2","78,961.1","79,131.2",سه‌شنبه
231,2017-01-16,"79,084.2","79,069.5","79,117.9",چهارشنبه
232,2017-01-17,"79,280.4","79,032.9","79,293.1",پنج‌شنبه
233,2017-01-18,"79,382.2","79,310.2","79,464.9",جمعه
234,2017-01-21,"79,206.6","79,206.5","79,394.5",دوشنبه
235,2017-01-22,"79,218","79,153.6","79,218",سه‌شنبه
236,2017-01-23,"79,263.5","79,217.1","79,311.3",چهارشنبه
237,2017-01-24,"78,249.1","78,249.1","79,311.9",پنج‌شنبه
238,2017-01-25,"78,049","78,048.9","78,325.7",جمعه
239,2017-01-28,"77,714.1","77,714.1","78,053.9",دوشنبه
240,2017-01-29,"77,707.3","77,706.5","77,755.9",سه‌شنبه
241,2017-01-30,"77,961.4","77,753.2","77,999.7",چهارشنبه
242,2017-01-31,"77,975.4","77,975.4","78,123.4",پنج‌شنبه
243,2017-02-01,"77,414.9","77,414.8","78,004.2",جمعه
244,2017-02-04,"76,825.7","76,825.7","77,414.8",دوشنبه
245,2017-02-05,"76,616","76,616","76,830.7",سه‌شنبه
246,2017-02-06,"76,678.7","76,615.3","76,750.5",چهارشنبه
247,2017-02-07,"76,766","76,766","76,874.2",پنج‌شنبه
248,2017-02-08,"76,792.8","76,731.8","76,796.1",جمعه
249,2017-02-11,"76,816.8","76,798.2","76,968.2",دوشنبه
250,2017-02-12,"76,827.7","76,772.6","76,836.9",سه‌شنبه
251,2017-02-13,"76,975.5","76,867.7","77,125.8",چهارشنبه
252,2017-02-14,"77,000.2","76,964.7","77,061.2",پنج‌شنبه
253,2017-02-15,"77,189.7","77,023.9","77,209.5",جمعه
254,2017-02-18,"77,599.1","77,202.8","77,613.3",دوشنبه
255,2017-02-19,"77,658.6","77,648.3","77,772.6",سه‌شنبه
256,2017-02-20,"77,698.2","77,697.8","77,753.7",چهارشنبه
257,2017-02-21,"77,800.2","77,733.8","77,815.9",پنج‌شنبه
258,2017-02-22,"77,847.2","77,818.1","77,898.4",جمعه
259,2017-02-25,"77,863.5","77,850.3","77,924.5",دوشنبه
260,2017-02-26,"77,574.7","77,574.7","77,891.7",سه‌شنبه
261,2017-02-27,"77,590.7","77,573.2","77,617.4",چهارشنبه
262,2017-02-28,"77,602.3","77,593.5","77,693.7",پنج‌شنبه
263,2017-03-01,"77,475.2","77,475.2","77,654",جمعه
264,2017-03-04,"77,135.1","77,135.1","77,463.5",دوشنبه
265,2017-03-05,"76,766.9","76,766.9","77,139.6",سه‌شنبه
266,2017-03-06,"76,789.7","76,780.2","76,869.8",چهارشنبه
267,2017-03-07,"76,800.4","76,735.3","76,829.7",پنج‌شنبه
268,2017-03-08,"76,285.5","76,285.5","76,806.4",جمعه
269,2017-03-11,"76,315.6","76,196.5","76,315.6",دوشنبه
270,2017-03-12,"76,329","76,286.5","76,374.9",سه‌شنبه
271,2017-03-13,"76,332","76,331.9","76,464.4",چهارشنبه
272,2017-03-14,"76,639","76,394.6","76,639.6",پنج‌شنبه
273,2017-03-15,"76,737.9","76,659.1","76,775.8",جمعه
274,2017-03-18,"77,230","76,788.7","77,230",دوشنبه
275,2017-03-25,"77,485.8","77,238.9","77,493.9",دوشنبه
276,2017-03-26,"77,502.9","77,492.8","77,541.6",سه‌شنبه
277,2017-03-27,"77,523.3","77,480.9","77,529.4",چهارشنبه
278,2017-03-28,"77,548.5","77,533.3","77,577.2",پنج‌شنبه
279,2017-03-29,"77,584.4","77,565.1","77,607.5",جمعه
280,2017-04-03,"77,616.8","77,598.8","77,668",چهارشنبه
281,2017-04-04,"77,647.1","77,611.5","77,698.1",پنج‌شنبه
282,2017-04-05,"77,689.9","77,680","77,739.5",جمعه
283,2017-04-08,"77,804.7","77,783.6","77,911.8",دوشنبه
284,2017-04-09,"77,860.4","77,860.4","78,048.2",سه‌شنبه
285,2017-04-10,"78,107.8","78,007.3","78,204.5",چهارشنبه
286,2017-04-12,"78,132.4","78,122.5","78,174",جمعه
287,2017-04-15,"78,383.3","78,229.6","78,509.9",دوشنبه
288,2017-04-16,"78,471.7","78,455.8","78,650",سه‌شنبه
289,2017-04-17,"78,247.5","78,247.5","78,561.4",چهارشنبه
290,2017-04-18,"78,339.8","78,306.5","78,431.8",پنج‌شنبه
291,2017-04-19,"78,651.4","78,464.8","78,657.6",جمعه
292,2017-04-22,"79,302.7","78,812.6","79,302.7",دوشنبه
293,2017-04-23,"79,390.6","79,390.6","79,577.6",سه‌شنبه
294,2017-04-24,"79,425.9","79,365.8","79,461.4",چهارشنبه
295,2017-04-26,"79,596.9","79,511.6","79,596.9",جمعه
296,2017-04-29,"79,755.6","79,670.1","79,822.9",دوشنبه
297,2017-04-30,"79,785","79,785","79,919.4",سه‌شنبه
298,2017-05-01,"79,826.6","79,730.6","79,909.9",چهارشنبه
299,2017-05-02,"79,942.1","79,887.6","80,013.8",پنج‌شنبه
300,2017-05-03,"79,969.2","79,951.7","80,099.4",جمعه
301,2017-05-06,"79,697.4","79,697.4","80,027.2",دوشنبه
302,2017-05-07,"79,660.9","79,604.1","79,705.1",سه‌شنبه
303,2017-05-08,"79,744.1","79,732.8","79,773.1",چهارشنبه
304,2017-05-09,"79,858.8","79,664.2","79,858.8",پنج‌شنبه
305,2017-05-10,"80,127.1","80,012.7","80,143.4",جمعه
306,2017-05-13,"80,142","80,139.5","80,177",دوشنبه
307,2017-05-14,"79,963","79,958.7","80,140.8",سه‌شنبه
308,2017-05-15,"79,957.5","79,957.4","80,004.7",چهارشنبه
309,2017-05-16,"80,129.3","80,042.8","80,171.3",پنج‌شنبه
310,2017-05-17,"80,344.2","80,234.8","80,397.6",جمعه
311,2017-05-20,"81,077.6","80,837.5","81,132.6",دوشنبه
312,2017-05-21,"81,194","81,149.2","81,256.3",سه‌شنبه
313,2017-05-22,"81,124.4","81,121.9","81,308.7",چهارشنبه
314,2017-05-23,"81,124.4","81,124.2","81,183.4",پنج‌شنبه
315,2017-05-24,"81,146.2","81,068.4","81,148.6",جمعه
316,2017-05-27,"80,921.2","80,921.2","81,161.7",دوشنبه
317,2017-05-28,"80,713.2","80,713.2","80,943.8",سه‌شنبه
318,2017-05-29,"80,607.9","80,599.6","80,730",چهارشنبه
319,2017-05-30,"80,511.5","80,503.7","80,621.9",پنج‌شنبه
320,2017-05-31,"80,513.3","80,513.3","80,565.8",جمعه
321,2017-06-03,"80,288.9","80,288.9","80,548.2",دوشنبه
322,2017-06-06,"80,293.5","80,283.5","80,332.6",پنج‌شنبه
323,2017-06-07,"79,758.5","79,758.5","80,299.8",جمعه
324,2017-06-10,"79,855.7","79,811.3","79,898.4",دوشنبه
325,2017-06-11,"79,870.7","79,845.5","79,884.4",سه‌شنبه
326,2017-06-12,"79,564.1","79,564.1","79,872.9",چهارشنبه
327,2017-06-13,"79,426.9","79,426.9","79,575.7",پنج‌شنبه
328,2017-06-14,"79,465.7","79,432.2","79,474.2",جمعه
329,2017-06-17,"79,285","79,285","79,533.8",دوشنبه
330,2017-06-18,"78,990.4","78,990.4","79,297.9",سه‌شنبه
331,2017-06-19,"78,859.2","78,859.2","79,001.7",چهارشنبه
332,2017-06-20,"78,867.5","78,833.6","78,884.4",پنج‌شنبه
333,2017-06-21,"78,736.2","78,736.2","78,883.8",جمعه
334,2017-06-24,"78,652.7","78,652.7","78,772.6",دوشنبه
335,2017-06-25,"78,665.5","78,661.5","78,707.4",سه‌شنبه
336,2017-06-28,"78,704.5","78,687.1","78,760.4",جمعه
337,2017-07-01,"78,799.7","78,751.1","78,820.9",دوشنبه
338,2017-07-02,"78,765.3","78,765.3","78,821.2",سه‌شنبه
339,2017-07-03,"78,659.2","78,659.2","78,775.5",چهارشنبه
340,2017-07-04,"78,632.5","78,622.2","78,671.2",پنج‌شنبه
341,2017-07-05,"78,685.6","78,652.1","78,694.6",جمعه
342,2017-07-15,"79,658.9","79,530.5","79,684",دوشنبه
343,2017-07-16,"79,620.8","79,608.7","79,699.9",سه‌شنبه
344,2017-07-17,"79,692.9","79,628.7","79,705.5",چهارشنبه
345,2017-07-18,"79,735.7","79,733.3","79,792.7",پنج‌شنبه
346,2017-07-19,"80,162.5","79,764.3","80,178.5",جمعه
347,2017-07-22,"80,670.8","80,250.1","80,671.6",دوشنبه
348,2017-07-23,"80,863","80,676.5","80,889.1",سه‌شنبه
349,2017-07-24,"80,933.9","80,894.4","81,008.2",چهارشنبه
350,2017-07-25,"81,181.7","80,882.5","81,242.6",پنج‌شنبه
351,2017-07-26,"81,509.3","81,297.6","81,628.6",جمعه
352,2017-07-29,"81,420.9","81,351.1","81,572",دوشنبه
353,2017-07-30,"81,491.4","81,438.5","81,635",سه‌شنبه
354,2017-07-31,"81,533.5","81,502.5","81,596.8",چهارشنبه
355,2017-08-01,"81,415.9","81,415.8","81,565.8",پنج‌شنبه
356,2017-08-02,"81,265.9","81,265.8","81,445.9",جمعه
357,2017-08-06,"81,384.1","81,302.7","81,424.7",سه‌شنبه
358,2017-08-07,"81,285.7","81,285.7","81,402.2",چهارشنبه
359,2017-08-08,"81,313.9","81,278.2","81,346.7",پنج‌شنبه
360,2017-08-09,"81,579.3","81,370.7","81,626.5",جمعه
361,2017-08-12,"81,763.1","81,613","81,805.6",دوشنبه
362,2017-08-13,"81,661.5","81,661.5","81,818.7",سه‌شنبه
363,2017-08-14,"81,659.3","81,597.1","81,673.6",چهارشنبه
364,2017-08-15,"81,696.3","81,611.4","81,716.7",پنج‌شنبه
365,2017-08-16,"81,741.9","81,696.3","81,741.9",جمعه
366,2017-08-19,"81,954.9","81,808.2","82,021.2",دوشنبه
367,2017-08-20,"82,016.2","81,984.3","82,016.3",سه‌شنبه
368,2017-08-21,"82,075","82,023","82,084.2",چهارشنبه
369,2017-08-22,"82,372.4","82,119.7","82,428.6",پنج‌شنبه
370,2017-08-23,"82,541.8","82,413.6","82,570.1",جمعه
371,2017-08-26,"82,897.1","82,583.5","82,933.2",دوشنبه
372,2017-08-27,"82,885","82,853.4","82,968.2",سه‌شنبه
373,2017-08-28,"83,012.1","82,898.5","83,015.3",چهارشنبه
374,2017-08-29,"83,252","83,106.5","83,401.9",پنج‌شنبه
375,2017-08-30,"83,272.9","83,262.7","83,342.9",جمعه
376,2017-09-02,"83,428.2","83,290.5","83,441",دوشنبه
377,2017-09-03,"83,345.2","83,297.8","83,586.3",سه‌شنبه
378,2017-09-04,"83,452.1","83,333.7","83,503.9",چهارشنبه
379,2017-09-05,"83,733.5","83,460.6","83,764.1",پنج‌شنبه
380,2017-09-06,"83,675.3","83,674.8","83,762.4",جمعه
381,2017-09-10,"83,255.7","83,255.7","83,530.6",سه‌شنبه
382,2017-09-11,"83,369.1","83,238.1","83,369.1",چهارشنبه
383,2017-09-12,"83,469.2","83,371.3","83,490.4",پنج‌شنبه
384,2017-09-13,"83,523.8","83,480.8","83,534.5",جمعه
385,2017-09-16,"83,683.2","83,524.2","83,685.6",دوشنبه
386,2017-09-17,"83,916.6","83,732","83,916.6",سه‌شنبه
387,2017-09-18,"84,414.5","83,944.1","84,414.5",چهارشنبه
388,2017-09-19,"85,343.9","84,455.2","85,344.2",پنج‌شنبه
389,2017-09-20,"85,831.8","85,416.4","85,832.1",جمعه
390,2017-09-23,"85,798.4","85,769.1","85,873.4",دوشنبه
391,2017-09-24,"85,588.8","85,572.6","85,820.2",سه‌شنبه
392,2017-09-25,"85,516.9","85,516.8","85,645.8",چهارشنبه
393,2017-09-26,"85,628.8","85,619.7","85,656.5",پنج‌شنبه
394,2017-09-27,"85,819","85,742.3","85,879",جمعه
395,2017-10-02,"85,514.9","85,488.5","85,839.6",چهارشنبه
396,2017-10-03,"85,355","85,354.9","85,517.5",پنج‌شنبه
397,2017-10-04,"85,429.5","85,364.2","85,480.9",جمعه
398,2017-10-07,"85,069.5","85,069.5","85,520.5",دوشنبه
399,2017-10-08,"84,564.9","84,554.7","85,306.5",سه‌شنبه
400,2017-10-09,"84,611.6","84,568.2","84,626.5",چهارشنبه
401,2017-10-10,"84,734.4","84,618.7","84,751.1",پنج‌شنبه
402,2017-10-11,"84,744.1","84,725.8","84,753.4",جمعه
403,2017-10-14,"85,263.6","84,852.9","85,263.6",دوشنبه
404,2017-10-15,"85,394.9","85,283.8","85,394.9",سه‌شنبه
405,2017-10-16,"85,590.7","85,424.5","85,593.9",چهارشنبه
406,2017-10-17,"85,660","85,615.5","85,686",پنج‌شنبه
407,2017-10-18,"85,768","85,696.6","85,771.3",جمعه
408,2017-10-21,"86,430.5","85,856.7","86,430.6",دوشنبه
409,2017-10-22,"86,480.2","86,459.2","86,553.3",سه‌شنبه
410,2017-10-23,"86,346.2","86,326.2","86,481.8",چهارشنبه
411,2017-10-24,"86,529.2","86,351","86,529.2",پنج‌شنبه
412,2017-10-25,"86,636.8","86,564.1","86,651.6",جمعه
413,2017-10-28,"86,935.4","86,681.1","86,940",دوشنبه
414,2017-10-29,"87,416.6","86,985.6","87,416.6",سه‌شنبه
415,2017-10-30,"87,477.2","87,476.8","87,579.8",چهارشنبه
416,2017-10-31,"87,649.9","87,484","87,650",پنج‌شنبه
417,2017-11-01,"87,844.9","87,731.3","87,883.5",جمعه
418,2017-11-04,"87,868.6","87,842.2","87,933.4",دوشنبه
419,2017-11-05,"87,905.1","87,886","87,974.4",سه‌شنبه
420,2017-11-06,"87,843.7","87,843.6","87,951.4",چهارشنبه
421,2017-11-07,"87,883.1","87,867.3","87,970.4",پنج‌شنبه
422,2017-11-08,"87,897.4","87,879.6","87,912.5",جمعه
423,2017-11-11,"87,795.2","87,795.2","87,925.6",دوشنبه
424,2017-11-12,"87,744.7","87,744.7","87,811.6",سه‌شنبه
425,2017-11-13,"87,832.5","87,761.9","87,867.7",چهارشنبه
426,2017-11-14,"87,949.8","87,850.6","87,976.5",پنج‌شنبه
427,2017-11-15,"88,005.9","87,951.5","88,017.3",جمعه
428,2017-11-18,"88,202.3","88,027.9","88,222.5",دوشنبه
429,2017-11-20,"88,261.2","88,258.8","88,354.9",چهارشنبه
430,2017-11-21,"88,774.6","88,465.4","88,774.7",پنج‌شنبه
431,2017-11-22,"89,339.1","88,829.3","89,339.1",جمعه
432,2017-11-25,"90,469.5","89,626.5","90,491",دوشنبه
433,2017-11-26,"90,655.5","90,599.6","90,727.9",سه‌شنبه
434,2017-11-28,"91,255.2","90,774.1","91,264.9",پنج‌شنبه
435,2017-11-29,"91,152.2","91,114.5","91,329.2",جمعه
436,2017-12-02,"91,296.7","91,208.1","91,358.2",دوشنبه
437,2017-12-03,"90,951.8","90,951.8","91,313",سه‌شنبه
438,2017-12-04,"90,936.6","90,936.4","91,055.4",چهارشنبه
439,2017-12-05,"91,092.2","90,937.2","91,182.9",پنج‌شنبه
440,2017-12-09,"91,160.3","91,119.5","91,239.8",دوشنبه
441,2017-12-10,"91,198.9","91,197.2","91,278.8",سه‌شنبه
442,2017-12-11,"91,552.4","91,266.5","91,552.4",چهارشنبه
443,2017-12-12,"92,628.9","91,840.7","92,643",پنج‌شنبه
444,2017-12-13,"93,283.7","92,766.3","93,343.4",جمعه
445,2017-12-14,"93,283.65","93,283.65","93,283.65",شنبه
446,2017-12-15,"93,283.65","93,283.65","93,283.65",یکشنبه
447,2017-12-16,"94,606.42","93,283.65","94,606.43",دوشنبه
448,2017-12-17,"95,600.75","94,820.85","95,784.94",سه‌شنبه
449,2017-12-18,"95,477.41","95,394.47","95,634.44",چهارشنبه
450,2017-12-19,"95,590.61","95,477.68","95,703.35",پنج‌شنبه
451,2017-12-20,"95,508.64","95,428.11","95,607.4",جمعه
452,2017-12-23,"96,816.03","95,579.83","96,816.32",دوشنبه
453,2017-12-24,"97,529.35","96,840.87","97,529.35",سه‌شنبه
454,2017-12-25,"98,358.42","97,601.17","98,373.72",چهارشنبه
455,2017-12-26,"98,152.8","98,150.66","98,627.12",پنج‌شنبه
456,2017-12-27,"97,899.16","97,899.15","98,514.19",جمعه
457,2017-12-30,"97,211.41","96,981.05","97,847.87",دوشنبه
458,2017-12-31,"95,561.58","95,454.56","97,166.53",سه‌شنبه
459,2018-01-01,"96,208","95,569.34","96,232.85",چهارشنبه
460,2018-01-02,"96,241.28","96,215.99","96,354.49",پنج‌شنبه
461,2018-01-03,"95,929.46","95,929.45","96,263.86",جمعه
462,2018-01-06,"96,270.39","95,919.05","96,280.96",دوشنبه
463,2018-01-07,"96,234.54","96,234.53","96,374.34",سه‌شنبه
464,2018-01-08,"96,332.55","96,237.41","96,351.9",چهارشنبه
465,2018-01-09,"96,149.27","96,141.07","96,359.92",پنج‌شنبه
466,2018-01-10,"96,185.99","96,147.68","96,261.33",جمعه
467,2018-01-13,"96,627.55","96,267.65","96,734.45",دوشنبه
468,2018-01-14,"97,228.67","96,647.17","97,230.65",سه‌شنبه
469,2018-01-15,"97,944.03","97,245.38","97,966.58",چهارشنبه
470,2018-01-16,"98,596.93","97,958.36","98,603.65",پنج‌شنبه
471,2018-01-17,"98,923.55","98,616.52","98,959.46",جمعه
472,2018-01-20,"98,817.28","98,817.28","99,075.05",دوشنبه
473,2018-01-21,"98,221.09","98,221.08","98,813.3",سه‌شنبه
474,2018-01-22,"98,628.43","98,217.94","98,679.89",چهارشنبه
475,2018-01-23,"99,224.8","98,644.3","99,224.8",پنج‌شنبه
476,2018-01-24,"99,522.18","99,271.43","99,607.05",جمعه
477,2018-01-27,"99,355.55","99,355.54","99,607.11",دوشنبه
478,2018-01-28,"99,414.55","99,363.59","99,563.76",سه‌شنبه
479,2018-01-29,"99,046.12","99,046.12","99,501.71",چهارشنبه
480,2018-01-30,"98,557.87","98,557.73","99,065.31",پنج‌شنبه
481,2018-01-31,"98,133.52","98,133.5","98,561.54",جمعه
482,2018-02-03,"97,718.81","97,718.75","98,145.53",دوشنبه
483,2018-02-04,"97,808.19","97,706.48","97,878.95",سه‌شنبه
484,2018-02-05,"98,033.54","97,809.26","98,050.93",چهارشنبه
485,2018-02-06,"97,927.5","97,913.59","98,093.53",پنج‌شنبه
486,2018-02-07,"98,299.74","97,931.41","98,320.11",جمعه
487,2018-02-10,"97,782.73","97,782.51","98,246.55",دوشنبه
488,2018-02-12,"97,924.73","97,789.05","98,003.88",چهارشنبه
489,2018-02-13,"98,103.36","97,930.9","98,180.22",پنج‌شنبه
490,2018-02-14,"98,347.92","98,119.66","98,349.7",جمعه
491,2018-02-17,"98,429.69","98,371.02","98,603.78",دوشنبه
492,2018-02-18,"98,311.62","98,300.4","98,462.97",سه‌شنبه
493,2018-02-19,"98,148.52","98,148.52","98,338.93",چهارشنبه
494,2018-02-21,"98,157.3","98,155.51","98,249.66",جمعه
495,2018-02-24,"98,176.9","98,176.9","98,313.72",دوشنبه
496,2018-02-25,"98,080.27","98,080.18","98,211.47",سه‌شنبه
497,2018-02-26,"98,098.51","98,096.84","98,173.29",چهارشنبه
498,2018-02-27,"98,100.84","98,096.99","98,229.87",پنج‌شنبه
499,2018-02-28,"97,961.75","97,961.42","98,181.61",جمعه
500,2018-03-03,"97,388.71","97,388.44","97,968.94",دوشنبه
501,2018-03-04,"97,354.34","97,354.3","97,446.17",سه‌شنبه
502,2018-03-05,"97,182.65","97,182.65","97,401.16",چهارشنبه
503,2018-03-06,"96,991.02","96,991.02","97,217.59",پنج‌شنبه
504,2018-03-07,"96,860.33","96,860.3","96,997.6",جمعه
505,2018-03-10,"96,594.52","96,594.52","96,889.57",دوشنبه
506,2018-03-11,"96,028.48","96,028.48","96,608.41",سه‌شنبه
507,2018-03-12,"96,194.47","96,032.02","96,240.6",چهارشنبه
508,2018-03-13,"96,314.17","96,202.15","96,314.17",پنج‌شنبه
509,2018-03-14,"95,525.91","95,525.89","96,463.51",جمعه
510,2018-03-17,"95,577.34","95,530.49","95,688.53",دوشنبه
511,2018-03-18,"95,819.63","95,616.66","95,819.64",سه‌شنبه
512,2018-03-19,"96,289.99","95,863.1","96,336.98",چهارشنبه
513,2018-03-25,"96,425.91","96,338.97","96,432.37",سه‌شنبه
514,2018-03-26,"96,489.72","96,420.31","96,611.83",چهارشنبه
515,2018-03-27,"96,596.65","96,493.51","96,623.11",پنج‌شنبه
516,2018-03-28,"96,938.88","96,599.36","96,951.45",جمعه
517,2018-04-03,"97,086.17","96,948.95","97,162.24",پنج‌شنبه
518,2018-04-04,"97,150.58","97,089.92","97,150.6",جمعه
519,2018-04-07,"96,779.87","96,779.87","97,186.62",دوشنبه
520,2018-04-08,"96,341.27","96,340.96","96,750.43",سه‌شنبه
521,2018-04-09,"97,120.77","96,376.84","97,135.37",چهارشنبه
522,2018-04-10,"96,748.01","96,747.99","97,164.5",پنج‌شنبه
523,2018-04-11,"96,287.05","96,265.37","96,799.22",جمعه
524,2018-04-15,"95,987.56","95,987.56","96,308.34",سه‌شنبه
525,2018-04-16,"95,506.26","95,506.26","96,000.42",چهارشنبه
526,2018-04-17,"95,522.73","95,522.73","95,589.24",پنج‌شنبه
527,2018-04-18,"95,523.89","95,518.23","95,627.95",جمعه
528,2018-04-21,"95,265.87","95,265.87","95,565.88",دوشنبه
529,2018-04-22,"94,494.27","94,494.27","95,270.91",سه‌شنبه
530,2018-04-23,"94,299.53","94,299.51","94,512.68",چهارشنبه
531,2018-04-24,"94,576.36","94,316.09","94,629.01",پنج‌شنبه
532,2018-04-25,"94,796.14","94,583.78","94,883.9",جمعه
533,2018-04-28,"94,284.49","94,284.49","94,804.57",دوشنبه
534,2018-04-29,"93,805.58","93,805.51","94,298.74",سه‌شنبه
535,2018-04-30,"93,586.93","93,586.89","93,866.56",چهارشنبه
536,2018-05-01,"93,612.14","93,586.11","93,630.8",پنج‌شنبه
537,2018-05-05,"93,100.67","93,100.66","93,642.22",دوشنبه
538,2018-05-06,"92,849.93","92,849.89","93,100.96",سه‌شنبه
539,2018-05-07,"93,165.92","92,855.6","93,165.92",چهارشنبه
540,2018-05-08,"93,605.87","93,208.25","93,605.87",پنج‌شنبه
541,2018-05-09,"93,691.16","93,654.13","93,834.9",جمعه
542,2018-05-12,"93,891.12","93,684.27","93,933.96",دوشنبه
543,2018-05-13,"94,165.83","93,953.69","94,182.74",سه‌شنبه
544,2018-05-14,"94,703.45","94,214.31","94,704.43",چهارشنبه
545,2018-05-15,"94,905.92","94,769.6","94,941.99",پنج‌شنبه
546,2018-05-16,"94,940.24","94,902.21","94,980.16",جمعه
547,2018-05-19,"95,103.12","94,972.48","95,173.78",دوشنبه
548,2018-05-20,"95,136.46","95,118.17","95,235.2",سه‌شنبه
549,2018-05-21,"95,227.47","95,133.7","95,260.24",چهارشنبه
550,2018-05-22,"95,229.93","95,219","95,282.82",پنج‌شنبه
551,2018-05-23,"95,445.06","95,243.91","95,510.99",جمعه
552,2018-05-26,"95,794.01","95,498.98","95,929.96",دوشنبه
553,2018-05-27,"95,626.01","95,625.76","95,887.25",سه‌شنبه
554,2018-05-28,"95,529.61","95,529.6","95,654.85",چهارشنبه
555,2018-05-29,"95,409.62","95,409.6","95,647.44",پنج‌شنبه
556,2018-05-30,"95,577.68","95,434.03","95,665.17",جمعه
557,2018-06-02,"95,951.92","95,609.51","96,026.57",دوشنبه
558,2018-06-03,"95,998.86","95,970.13","96,024.73",سه‌شنبه
559,2018-06-09,"96,077.14","96,064.06","96,251.69",دوشنبه
560,2018-06-10,"95,915.99","95,915.99","96,139.07",سه‌شنبه
561,2018-06-11,"95,847.47","95,846.28","95,974.63",چهارشنبه
562,2018-06-12,"96,378.72","95,875.22","96,378.72",پنج‌شنبه
563,2018-06-13,"99,146.28","96,445.17","99,146.28",جمعه
564,2018-06-17,"102,452.39","100,306.54","102,452.4",سه‌شنبه
565,2018-06-18,"104,533.52","103,957.73","104,806.07",چهارشنبه
566,2018-06-19,"106,504.07","104,444.42","106,511.7",پنج‌شنبه
567,2018-06-20,"108,872.86","106,787.35","109,037.36",جمعه
568,2018-06-23,"109,401.41","109,005.18","109,401.41",دوشنبه
569,2018-06-24,"112,061.32","109,586.22","112,080.38",سه‌شنبه
570,2018-06-25,"115,174.54","112,454.21","115,226.05",چهارشنبه
571,2018-06-26,"113,527.66","113,450.2","115,555",پنج‌شنبه
572,2018-06-27,"111,324.82","111,324.82","113,810.99",جمعه
573,2018-06-30,"111,528.19","111,441.16","111,850.34",دوشنبه
574,2018-07-01,"108,694.08","108,694.08","111,509.04",سه‌شنبه
575,2018-07-02,"109,937.07","108,836.77","109,937.07",چهارشنبه
576,2018-07-03,"112,346.47","110,385.62","112,472.68",پنج‌شنبه
577,2018-07-04,"112,490","112,490","113,243.03",جمعه
578,2018-07-07,"111,051.6","111,051.29","112,397.54",دوشنبه
579,2018-07-08,"110,851.43","110,851.41","111,333.79",سه‌شنبه
580,2018-07-10,"110,848.96","110,848.92","111,259.42",پنج‌شنبه
581,2018-07-11,"109,505.13","109,505.13","110,831.52",جمعه
582,2018-07-14,"108,916.6","108,916.6","109,545.08",دوشنبه
583,2018-07-15,"108,072.26","108,058.64","109,101.02",سه‌شنبه
584,2018-07-16,"108,109.99","108,062.4","108,566.27",چهارشنبه
585,2018-07-17,"107,780.61","107,693.99","108,340.57",پنج‌شنبه
586,2018-07-18,"107,776.55","107,737.74","108,216.16",جمعه
587,2018-07-21,"108,295.52","108,047.77","108,367.9",دوشنبه
588,2018-07-22,"108,830.78","108,595.77","108,989.38",سه‌شنبه
589,2018-07-23,"108,658.88","108,444.95","108,885.53",چهارشنبه
590,2018-07-24,"108,395.93","108,395.85","108,853.94",پنج‌شنبه
591,2018-07-25,"108,800.13","108,326.29","108,800.13",جمعه
592,2018-07-26,"108,800.13","108,800.13","108,800.13",شنبه
593,2018-07-27,"108,800.13","108,800.13","108,800.13",یکشنبه
594,2018-07-28,"111,877.94","109,754.35","111,921.83",دوشنبه
595,2018-07-29,"113,852.25","112,854.34","114,032.64",سه‌شنبه
596,2018-07-30,"116,759.5","114,498.96","116,843.96",چهارشنبه
597,2018-07-31,"121,173.48","117,132.28","121,173.57",پنج‌شنبه
598,2018-08-01,"123,951.26","121,438.35","124,590.43",جمعه
599,2018-08-04,"124,353.67","123,579.85","124,837.56",دوشنبه
600,2018-08-05,"128,448.01","125,074.62","128,591.37",سه‌شنبه
601,2018-08-06,"133,328.3","128,955.59","133,842.94",چهارشنبه
602,2018-08-07,"133,584.41","132,718.02","134,421.5",پنج‌شنبه
603,2018-08-08,"131,521.62","131,521.62","133,714.37",جمعه
604,2018-08-11,"129,013.76","129,013.73","131,504.77",دوشنبه
605,2018-08-12,"129,901.86","129,018.39","130,579.38",سه‌شنبه
606,2018-08-13,"128,522.72","128,314.93","129,944.4",چهارشنبه
607,2018-08-14,"130,927.68","128,728.34","131,233.61",پنج‌شنبه
608,2018-08-15,"130,476.88","130,476.79","130,960.18",جمعه
609,2018-08-18,"131,535.83","130,524.43","131,536.18",دوشنبه
610,2018-08-19,"134,354.77","132,080.73","134,835.51",سه‌شنبه
611,2018-08-20,"137,072.92","135,265.91","137,180.59",چهارشنبه
612,2018-08-21,"136,910.6","136,880.67","137,261.48",پنج‌شنبه
613,2018-08-25,"136,343.37","136,343.35","138,195.23",دوشنبه
614,2018-08-26,"138,582.58","136,594.05","138,582.61",سه‌شنبه
615,2018-08-27,"140,309.21","138,924.69","140,540.99",چهارشنبه
616,2018-08-28,"136,765.93","136,765.93","139,996.89",پنج‌شنبه
617,2018-08-29,"137,472.36","136,757.84","137,687.2",جمعه
618,2018-09-01,"136,109.73","136,109.65","137,792.99",دوشنبه
619,2018-09-02,"133,676.13","133,674.8","136,239.28",سه‌شنبه
620,2018-09-03,"135,257.76","134,002.63","135,257.76",چهارشنبه
621,2018-09-04,"137,983.83","136,882.6","138,292.95",پنج‌شنبه
622,2018-09-05,"137,714.15","137,629.25","138,445.05",جمعه
623,2018-09-08,"139,628.69","137,960.3","139,786.14",دوشنبه
624,2018-09-09,"142,234.44","139,930.03","142,234.88",سه‌شنبه
625,2018-09-10,"146,998.66","142,507.68","147,093.94",چهارشنبه
626,2018-09-11,"148,577.59","147,269.67","148,577.59",پنج‌شنبه
627,2018-09-12,"155,061.06","149,179.64","155,061.06",جمعه
628,2018-09-15,"158,119.22","155,637.15","159,445.1",دوشنبه
629,2018-09-16,"155,710.24","154,200.54","158,215.41",سه‌شنبه
630,2018-09-17,"158,071.91","156,203.11","158,971.84",چهارشنبه
631,2018-09-18,"157,328.65","157,032.58","158,397.21",پنج‌شنبه
632,2018-09-22,"160,538.23","157,889.33","160,643.82",دوشنبه
633,2018-09-23,"165,072.08","160,880.49","165,072.15",سه‌شنبه
634,2018-09-24,"168,624.7","165,397.42","168,624.54",چهارشنبه
635,2018-09-25,"174,618.18","169,728.97","174,618.48",پنج‌شنبه
636,2018-09-26,"180,635.63","174,958.99","180,635.64",جمعه
637,2018-09-29,"187,406.06","181,413.52","187,406.15",دوشنبه
638,2018-09-30,"195,104.01","187,434.86","195,104.04",سه‌شنبه
639,2018-10-01,"195,480.16","194,476.71","197,000.68",چهارشنبه
640,2018-10-02,"188,259.41","188,259.37","195,241.54",پنج‌شنبه
641,2018-10-03,"185,559.29","184,042.22","188,259.41",جمعه
642,2018-10-06,"184,085.22","184,084.3","189,893.95",دوشنبه
643,2018-10-07,"176,419.37","176,419.37","183,664.36",سه‌شنبه
644,2018-10-08,"175,185.48","173,879.32","176,194.9",چهارشنبه
645,2018-10-09,"180,847.62","175,215.94","181,226.96",پنج‌شنبه
646,2018-10-10,"181,015.74","180,847.62","181,621.66",جمعه
647,2018-10-13,"175,033","175,032.97","181,008.99",دوشنبه
648,2018-10-14,"174,826.41","174,118","175,033",سه‌شنبه
649,2018-10-15,"180,601.45","174,826.41","180,601.45",چهارشنبه
650,2018-10-16,"182,834.07","180,601.45","183,813.15",پنج‌شنبه
651,2018-10-17,"182,929.09","180,322.59","182,929.27",جمعه
652,2018-10-20,"188,575.76","182,929.09","188,582.71",دوشنبه
653,2018-10-21,"189,438.03","188,575.76","190,040.85",سه‌شنبه
654,2018-10-22,"187,778.92","187,553.41","190,025.86",چهارشنبه
655,2018-10-23,"185,318.74","185,279.71","187,844.23",پنج‌شنبه
656,2018-10-24,"181,060.04","180,975.67","185,318.74",جمعه
657,2018-10-27,"178,841.31","178,841.3","181,060.04",دوشنبه
658,2018-10-28,"180,626.91","178,841.31","180,626.91",سه‌شنبه
659,2018-10-29,"183,219.5","180,626.91","183,678.12",چهارشنبه
660,2018-10-31,"183,367.34","183,219.5","183,669.56",جمعه
661,2018-11-03,"183,448.81","183,346.43","183,585.29",دوشنبه
662,2018-11-04,"182,918.58","182,918.53","184,428.02",سه‌شنبه
663,2018-11-05,"184,159.76","182,918.58","184,335.07",چهارشنبه
664,2018-11-06,"185,100.3","184,380.52","185,455.84",پنج‌شنبه
665,2018-11-10,"184,231.05","184,230.95","185,297.15",دوشنبه
666,2018-11-11,"180,668.29","180,636.94","184,265.48",سه‌شنبه
667,2018-11-12,"182,211.7","180,756.5","182,231.34",چهارشنبه
668,2018-11-13,"183,212.17","182,497.53","183,906.65",پنج‌شنبه
669,2018-11-14,"181,994.32","181,994.29","183,028.9",جمعه
670,2018-11-17,"178,819.28","178,819.28","182,009.72",دوشنبه
671,2018-11-18,"173,557.69","173,326.09","178,648.52",سه‌شنبه
672,2018-11-19,"175,816.45","173,537.64","176,040.43",چهارشنبه
673,2018-11-20,"176,458.73","175,844.31","176,645.88",پنج‌شنبه
674,2018-11-21,"175,713.15","175,713.09","176,806.22",جمعه
675,2018-11-24,"171,252.93","171,252.93","175,611.3",دوشنبه
676,2018-11-26,"166,463.46","166,463.44","170,336.38",چهارشنبه
677,2018-11-27,"167,199.77","166,472.07","167,864.48",پنج‌شنبه
678,2018-11-28,"163,772.11","163,772.05","167,144.44",جمعه
679,2018-12-01,"159,853.77","159,202.13","163,502.36",دوشنبه
680,2018-12-02,"163,138.46","160,022.69","163,138.62",سه‌شنبه
681,2018-12-03,"166,304.44","164,030.8","166,557.31",چهارشنبه
682,2018-12-04,"165,701.66","165,567.21","166,851.82",پنج‌شنبه
683,2018-12-05,"166,860.1","165,776","167,132.37",جمعه
684,2018-12-08,"167,083.22","167,083.22","167,539.56",دوشنبه
685,2018-12-09,"166,891.24","166,891.24","167,544.6",سه‌شنبه
686,2018-12-10,"166,915.93","166,915.86","167,329.66",چهارشنبه
687,2018-12-11,"166,235.02","166,235.02","167,083.23",پنج‌شنبه
688,2018-12-12,"165,352.07","165,352.07","166,198.9",جمعه
689,2018-12-15,"164,485.89","164,485.84","165,690.07",دوشنبه
690,2018-12-16,"161,708.08","161,707.77","164,474.12",سه‌شنبه
691,2018-12-17,"159,749.86","159,749.82","162,063.08",چهارشنبه
692,2018-12-18,"159,146.43","159,146.21","159,924.55",پنج‌شنبه
693,2018-12-19,"156,083.15","156,083.13","159,119.43",جمعه
694,2018-12-22,"154,550.48","154,550.43","156,374.71",دوشنبه
695,2018-12-23,"156,693.78","154,596.4","156,764.47",سه‌شنبه
696,2018-12-24,"157,484.03","156,818.5","157,693.42",چهارشنبه
697,2018-12-25,"156,950.33","156,950.33","157,457.81",پنج‌شنبه
698,2018-12-26,"158,443.72","157,209.57","158,443.76",جمعه
699,2018-12-29,"160,774.03","158,662.22","160,774.59",دوشنبه
700,2018-12-30,"161,309.8","160,858.71","161,508.72",سه‌شنبه
701,2018-12-31,"161,405.32","161,343.72","161,474.74",چهارشنبه
702,2019-01-01,"161,840.79","161,448.99","161,912.19",پنج‌شنبه
703,2019-01-02,"160,898.86","160,898.85","162,087.63",جمعه
704,2019-01-05,"161,107.44","161,000.79","161,340.11",دوشنبه
705,2019-01-06,"161,275.82","161,143.2","161,482.99",سه‌شنبه
706,2019-01-07,"162,323.63","161,377.55","162,456.13",چهارشنبه
707,2019-01-08,"163,967.16","162,482.03","164,174.85",پنج‌شنبه
708,2019-01-09,"164,829.4","164,085.82","166,072.9",جمعه
709,2019-01-12,"164,929.85","164,904.28","165,270.99",دوشنبه
710,2019-01-13,"164,493.78","164,493.78","165,019.02",سه‌شنبه
711,2019-01-14,"164,696.44","164,566.31","164,917.63",چهارشنبه
712,2019-01-15,"165,445.54","164,780.87","165,683.56",پنج‌شنبه
713,2019-01-16,"165,595","165,561.6","165,995.11",جمعه
714,2019-01-19,"166,131.11","165,664.45","166,446.64",دوشنبه
715,2019-01-20,"165,575.1","165,574.95","167,028.24",سه‌شنبه
716,2019-01-21,"161,922.23","161,922.23","165,206.28",چهارشنبه
717,2019-01-22,"162,805.69","161,965.83","162,805.72",پنج‌شنبه
718,2019-01-23,"162,940.86","162,940.86","163,335.48",جمعه
719,2019-01-26,"162,477.52","162,477.52","163,169.33",دوشنبه
720,2019-01-27,"160,797.96","160,797.61","162,832.15",سه‌شنبه
721,2019-01-28,"159,818.19","159,818.19","160,943.64",چهارشنبه
722,2019-01-29,"160,153.02","159,878.57","160,362.64",پنج‌شنبه
723,2019-01-30,"160,294.85","160,245.96","160,491.19",جمعه
724,2019-02-02,"159,856.07","159,853.1","160,525.46",دوشنبه
725,2019-02-03,"157,355.23","157,352.26","159,808.69",سه‌شنبه
726,2019-02-04,"158,043.94","157,594.69","158,485.96",چهارشنبه
727,2019-02-05,"158,394.2","158,240.81","158,456.19",پنج‌شنبه
728,2019-02-06,"158,535.53","158,535.37","158,832.98",جمعه
729,2019-02-10,"158,468.15","158,467.66","158,776.61",سه‌شنبه
730,2019-02-12,"157,973.25","157,972.7","158,550.18",پنج‌شنبه
731,2019-02-13,"157,310.78","157,311.05","157,963.35",جمعه
732,2019-02-16,"157,113.59","157,113.82","157,839.07",دوشنبه
733,2019-02-17,"156,154.97","156,155.03","157,218.89",سه‌شنبه
734,2019-02-18,"156,705.13","156,304.21","156,832.26",چهارشنبه
735,2019-02-19,"157,387.49","156,827.98","157,513.14",پنج‌شنبه
736,2019-02-20,"159,489.48","157,727.59","159,489.56",جمعه
737,2019-02-23,"164,267.83","160,548.71","164,289.31",دوشنبه
738,2019-02-24,"166,030.32","164,789.16","166,030.4",سه‌شنبه
739,2019-02-25,"166,793.63","166,211.74","166,944.51",چهارشنبه
740,2019-02-26,"164,712.17","164,711.46","165,950.08",پنج‌شنبه
741,2019-02-27,"165,295.08","164,880.9","165,359.16",جمعه
742,2019-03-02,"164,370.29","164,370.47","165,552.45",دوشنبه
743,2019-03-03,"164,442.69","164,440.03","164,571.14",سه‌شنبه
744,2019-03-04,"164,238.6","164,238.54","164,778.93",چهارشنبه
745,2019-03-05,"162,593.62","162,593.53","164,433",پنج‌شنبه
746,2019-03-06,"162,827.28","162,726.62","162,956.65",جمعه
747,2019-03-09,"163,007.26","162,982.22","163,086.08",دوشنبه
748,2019-03-10,"164,470.36","162,989.94","164,470.61",سه‌شنبه
749,2019-03-11,"167,371.49","165,036.68","167,443.22",چهارشنبه
750,2019-03-12,"167,909.65","167,503.32","168,095.46",پنج‌شنبه
751,2019-03-13,"169,115.54","168,140.62","169,663.73",جمعه
752,2019-03-16,"171,124.93","169,274.14","171,708.73",دوشنبه
753,2019-03-17,"172,522.49","171,391.77","172,539.14",سه‌شنبه
754,2019-03-18,"175,898.8","172,613.63","175,898.85",چهارشنبه
755,2019-03-19,"178,659.05","176,272.82","178,673.49",پنج‌شنبه
756,2019-03-25,"179,194.34","178,743.48","179,194.36",چهارشنبه
757,2019-03-26,"179,766.35","179,444.42","179,847.54",پنج‌شنبه
758,2019-03-27,"181,542.38","180,037.18","181,542.39",جمعه
759,2019-03-30,"185,358.02","181,906.22","185,358.04",دوشنبه
760,2019-03-31,"185,281.12","185,281.4","186,783.93",سه‌شنبه
761,2019-04-06,"186,535.52","185,529.41","186,535.7",دوشنبه
762,2019-04-07,"188,073.78","187,055.19","188,645.81",سه‌شنبه
763,2019-04-08,"188,592.76","186,667.85","188,592.7",چهارشنبه
764,2019-04-09,"190,425.1","188,937.82","190,585.46",پنج‌شنبه
765,2019-04-10,"193,978.3","190,824.55","193,981.21",جمعه
766,2019-04-13,"195,202.73","194,884.36","195,739.23",دوشنبه
767,2019-04-14,"196,084.12","194,037.66","196,085",سه‌شنبه
768,2019-04-15,"201,805.82","196,861.16","201,827.85",چهارشنبه
769,2019-04-16,"201,890.83","201,789.33","202,679.06",پنج‌شنبه
770,2019-04-17,"199,911.32","198,631.34","201,091.88",جمعه
771,2019-04-20,"204,375.3","200,734.76","204,375.67",دوشنبه
772,2019-04-22,"204,322","204,321.77","206,835.11",چهارشنبه
773,2019-04-23,"202,857.46","202,656.9","203,732.62",پنج‌شنبه
774,2019-04-24,"203,776.89","203,071.14","203,904.08",جمعه
775,2019-04-27,"205,287.42","204,195.42","205,287.69",دوشنبه
776,2019-04-28,"209,243.88","206,169.83","209,264.93",سه‌شنبه
777,2019-04-29,"214,867.58","210,440.76","214,867.73",چهارشنبه
778,2019-04-30,"216,641.98","216,637.54","219,086.39",پنج‌شنبه
779,2019-05-01,"220,108.95","217,222.72","220,108.95",جمعه
780,2019-05-04,"224,589.61","221,546.78","224,589.66",دوشنبه
781,2019-05-05,"224,057.3","224,057.23","226,952.78",سه‌شنبه
782,2019-05-06,"215,820.61","215,818.78","223,368.76",چهارشنبه
783,2019-05-07,"208,197.1","207,966.53","213,710.65",پنج‌شنبه
784,2019-05-08,"211,344.12","207,779.31","211,344",جمعه
785,2019-05-11,"209,154.94","209,154.97","212,479.92",دوشنبه
786,2019-05-12,"204,069.3","203,489.1","208,660.44",سه‌شنبه
787,2019-05-13,"207,751.68","204,751.06","207,752.35",چهارشنبه
788,2019-05-14,"211,746.37","208,474.09","211,995.43",پنج‌شنبه
789,2019-05-15,"211,017.78","210,898.35","212,270.75",جمعه
790,2019-05-18,"212,747.72","211,922.72","213,169.11",دوشنبه
791,2019-05-19,"212,851.49","212,751.43","213,110.32",سه‌شنبه
792,2019-05-20,"211,871.68","211,708.65","213,149.85",چهارشنبه
793,2019-05-21,"215,091.61","212,367.47","215,211.45",پنج‌شنبه
794,2019-05-22,"215,168.55","215,115.65","215,756.79",جمعه
795,2019-05-25,"214,314.24","213,802.46","215,141.59",دوشنبه
796,2019-05-26,"217,573.93","214,651.19","217,577.57",سه‌شنبه
797,2019-05-28,"223,253.79","219,484.05","223,254.05",پنج‌شنبه
798,2019-05-29,"224,476.82","224,476.53","225,232.27",جمعه
799,2019-06-01,"222,387.76","221,336.45","223,723.03",دوشنبه
800,2019-06-02,"224,544.38","222,588.03","224,731.11",سه‌شنبه
801,2019-06-03,"226,983.38","225,231.52","227,308.85",چهارشنبه
802,2019-06-08,"226,888.2","226,205.42","226,888.32",دوشنبه
803,2019-06-09,"229,808.83","227,333.81","232,416.39",سه‌شنبه
804,2019-06-10,"230,267.72","230,267.87","232,619.1",چهارشنبه
805,2019-06-11,"230,617.53","229,771.15","230,679.45",پنج‌شنبه
806,2019-06-12,"233,352.82","232,196.93","233,791.95",جمعه
807,2019-06-15,"234,167.67","232,107.2","234,167.7",دوشنبه
808,2019-06-16,"238,220.17","235,215.09","239,154.29",سه‌شنبه
809,2019-06-17,"238,160.65","237,557.9","238,420.19",چهارشنبه
810,2019-06-18,"237,148.24","237,146.33","239,122.8",پنج‌شنبه
811,2019-06-19,"234,879.41","234,879.31","237,502.45",جمعه
812,2019-06-22,"233,886.06","233,477.33","234,307.67",دوشنبه
813,2019-06-23,"237,459.89","234,409.94","237,459.98",سه‌شنبه
814,2019-06-24,"242,568.12","238,274.99","242,567.9",چهارشنبه
815,2019-06-25,"245,098.7","242,339.64","245,111.21",پنج‌شنبه
816,2019-06-26,"248,577.76","246,532.94","248,640.94",جمعه
817,2019-06-30,"248,533.04","248,532.9","250,184.6",سه‌شنبه
818,2019-07-01,"247,122.46","246,730.1","248,349.85",چهارشنبه
819,2019-07-02,"248,275.87","247,302.08","248,276.09",پنج‌شنبه
820,2019-07-03,"248,943.99","248,920.89","249,550.25",جمعه
821,2019-07-06,"245,445.63","245,445.71","249,117.05",دوشنبه
822,2019-07-07,"246,447.46","245,729.83","246,565.07",سه‌شنبه
823,2019-07-08,"249,252.59","247,006.68","249,399.91",چهارشنبه
824,2019-07-09,"248,716.14","248,507.68","249,530.54",پنج‌شنبه
825,2019-07-10,"249,622.06","248,902.29","249,622.06",جمعه
826,2019-07-13,"250,605.02","250,056.6","250,605.02",دوشنبه
827,2019-07-14,"253,577.77","251,166.3","253,640.52",سه‌شنبه
828,2019-07-15,"253,303.32","253,303.52","254,841.75",چهارشنبه
829,2019-07-16,"246,268.05","246,267.58","253,130.92",پنج‌شنبه
830,2019-07-17,"246,790.39","245,363.92","246,992.38",جمعه
831,2019-07-20,"246,437.38","246,437.13","247,380.61",دوشنبه
832,2019-07-21,"249,661.56","246,938.51","249,809.2",سه‌شنبه
833,2019-07-22,"253,056.79","251,818.43","253,591",چهارشنبه
834,2019-07-23,"251,278.29","251,131.27","253,353.79",پنج‌شنبه
835,2019-07-24,"252,864.57","251,387.92","253,052.3",جمعه
836,2019-07-27,"252,275.39","252,049.6","253,164.18",دوشنبه
837,2019-07-28,"252,324.66","252,280.5","252,751.8",سه‌شنبه
838,2019-07-29,"252,488.28","252,394.79","252,987.32",چهارشنبه
839,2019-07-30,"252,898.05","252,576.85","252,898.18",پنج‌شنبه
840,2019-07-31,"254,445.72","253,110.43","254,445.74",جمعه
841,2019-08-03,"254,453.87","254,300.38","254,756.51",دوشنبه
842,2019-08-04,"255,530.16","254,961.15","255,530.31",سه‌شنبه
843,2019-08-05,"256,698.24","256,351.56","256,783.46",چهارشنبه
844,2019-08-06,"255,511.99","255,512.14","257,742.04",پنج‌شنبه
845,2019-08-07,"255,163.28","255,099.36","255,910.87",جمعه
846,2019-08-10,"255,306.38","255,299.03","255,838.02",دوشنبه
847,2019-08-11,"255,876.2","255,696.47","255,919.1",سه‌شنبه
848,2019-08-13,"257,097.18","256,151.87","257,097.18",پنج‌شنبه
849,2019-08-18,"260,991.95","260,991.47","262,047.72",سه‌شنبه
850,2019-08-19,"262,941.2","261,673.37","262,941.25",چهارشنبه
851,2019-08-21,"266,127.21","263,901.15","266,127.23",جمعه
852,2019-08-24,"269,986.11","266,969.78","269,998.53",دوشنبه
853,2019-08-25,"269,225.29","268,220.13","271,172.15",سه‌شنبه
854,2019-08-26,"274,871.63","269,951.99","274,871.65",چهارشنبه
855,2019-08-27,"278,469.94","276,682.21","279,508.21",پنج‌شنبه
856,2019-08-28,"278,674.74","274,551.52","278,674.74",جمعه
857,2019-08-31,"284,139.2","280,867.63","285,265.43",دوشنبه
858,2019-09-01,"286,114.68","284,218.64","286,114.7",سه‌شنبه
859,2019-09-02,"283,062.68","283,001.55","287,147.92",چهارشنبه
860,2019-09-03,"285,573.57","283,066.49","285,573.57",پنج‌شنبه
861,2019-09-04,"290,178.44","286,841.84","290,178.55",جمعه
862,2019-09-07,"294,601.58","291,612.57","294,601.58",دوشنبه
863,2019-09-08,"296,731.81","296,089.39","297,232.34",سه‌شنبه
864,2019-09-11,"299,930.74","297,863.75","299,930.62",جمعه
865,2019-09-14,"304,460.12","301,523.48","304,738.61",دوشنبه
866,2019-09-15,"302,395.71","301,828.09","304,779.99",سه‌شنبه
867,2019-09-16,"305,917.16","304,545.77","307,415.76",چهارشنبه
868,2019-09-17,"302,081.99","302,081.99","305,698.97",پنج‌شنبه
869,2019-09-18,"294,166.68","293,770.39","301,559.51",جمعه
870,2019-09-21,"297,712.59","294,542.3","297,874.9",دوشنبه
871,2019-09-22,"302,103.55","299,001.81","302,103.54",سه‌شنبه
872,2019-09-23,"311,471.38","304,176.9","311,483.86",چهارشنبه
873,2019-09-24,"312,206.48","312,206.49","314,835.49",پنج‌شنبه
874,2019-09-25,"314,409.19","312,092.14","314,409.19",جمعه
875,2019-09-28,"320,023.9","316,772.28","320,261.32",دوشنبه
876,2019-09-29,"318,250.56","317,645.39","321,958.92",سه‌شنبه
877,2019-09-30,"324,705.88","320,747.86","324,744.58",چهارشنبه
878,2019-10-01,"326,104.45","326,104.45","328,732.63",پنج‌شنبه
879,2019-10-02,"326,117.04","321,606.54","326,341.14",جمعه
880,2019-10-05,"327,305.77","327,305.73","330,447",دوشنبه
881,2019-10-06,"320,208.44","319,562.45","326,250.63",سه‌شنبه
882,2019-10-07,"320,909.72","320,762.38","324,075.28",چهارشنبه
883,2019-10-08,"314,469.77","314,468.48","320,678.09",پنج‌شنبه
884,2019-10-09,"313,048.97","309,961.67","313,049.22",جمعه
885,2019-10-12,"322,059.82","315,433.12","322,059.82",دوشنبه
886,2019-10-13,"326,190.69","326,190.57","329,667.01",سه‌شنبه
887,2019-10-14,"319,871.62","318,215.27","325,280.76",چهارشنبه
888,2019-10-15,"308,978.94","308,957.4","320,335.45",پنج‌شنبه
889,2019-10-16,"309,640.32","308,307.95","310,194.09",جمعه
890,2019-10-20,"301,391.08","301,390.82","310,145.78",سه‌شنبه
891,2019-10-21,"302,173.07","299,880.05","302,177.2",چهارشنبه
892,2019-10-22,"308,314.9","303,956.43","309,420.93",پنج‌شنبه
893,2019-10-23,"305,807.61","305,806.01","309,188.24",جمعه
894,2019-10-26,"303,449.76","303,449.76","305,911.52",دوشنبه
895,2019-10-28,"305,969.9","303,780.64","305,971.62",چهارشنبه
896,2019-10-30,"309,660.8","306,874.74","309,671.67",جمعه
897,2019-11-02,"308,730.16","308,730.15","311,466.56",دوشنبه
898,2019-11-03,"308,960.9","308,188.08","309,522.8",سه‌شنبه
899,2019-11-04,"304,676.48","304,676.42","308,948.82",چهارشنبه
900,2019-11-05,"305,333.36","304,091.75","305,342.79",پنج‌شنبه
901,2019-11-09,"305,858.88","305,858.77","307,029.21",دوشنبه
902,2019-11-10,"302,795.09","302,795","305,911.94",سه‌شنبه
903,2019-11-11,"303,944.22","302,892.66","303,944.24",چهارشنبه
904,2019-11-12,"306,655.34","304,730.8","306,978.86",پنج‌شنبه
905,2019-11-13,"307,094.08","307,083.36","307,291.48",جمعه
906,2019-11-16,"306,885.78","306,885.72","308,852.3",دوشنبه
907,2019-11-17,"302,340.55","302,340.66","304,278.22",سه‌شنبه
908,2019-11-18,"302,726.28","301,763.06","302,828.46",چهارشنبه
909,2019-11-19,"304,688.53","303,137.61","304,891.28",پنج‌شنبه
910,2019-11-20,"304,997","304,996.48","305,450.19",جمعه
911,2019-11-23,"305,622.48","305,622.44","306,145.21",دوشنبه
912,2019-11-24,"305,774.01","305,452.17","306,045.71",سه‌شنبه
913,2019-11-25,"308,477.15","306,843.13","308,477.18",چهارشنبه
914,2019-11-26,"309,643.34","309,349.31","309,865.43",پنج‌شنبه
915,2019-11-27,"311,230.07","310,186.78","311,312.26",جمعه
916,2019-11-30,"314,587.85","312,325.52","314,587.85",دوشنبه
917,2019-12-01,"318,670.5","315,757.19","318,670.87",سه‌شنبه
918,2019-12-02,"320,194.83","320,194.8","322,896.44",چهارشنبه
919,2019-12-03,"320,814.37","319,104.91","320,840.27",پنج‌شنبه
920,2019-12-04,"322,528.02","321,561.42","322,562.13",جمعه
921,2019-12-07,"327,624.81","325,322.39","328,471.76",دوشنبه
922,2019-12-08,"332,567.22","328,787.68","332,582.47",سه‌شنبه
923,2019-12-09,"335,792.01","334,541.6","336,002.81",چهارشنبه
924,2019-12-10,"339,434.41","337,580.33","340,733.15",پنج‌شنبه
925,2019-12-11,"339,386.61","337,025.24","339,386.57",جمعه
926,2019-12-14,"343,291.75","340,862.71","343,291.82",دوشنبه
927,2019-12-15,"344,115.07","344,115.02","346,738.08",سه‌شنبه
928,2019-12-16,"344,487.62","343,711.28","344,585.27",چهارشنبه
929,2019-12-17,"346,870.73","345,685.09","346,974.71",پنج‌شنبه
930,2019-12-18,"350,322.58","347,815.27","350,323.08",جمعه
931,2019-12-21,"353,996.74","352,224.09","354,259.8",دوشنبه
932,2019-12-22,"356,721.11","354,693.25","356,721.11",سه‌شنبه
933,2019-12-23,"359,365.51","359,004.12","363,242.83",چهارشنبه
934,2019-12-24,"362,259.34","359,138.55","362,651.73",پنج‌شنبه
935,2019-12-25,"361,088.37","360,376.64","362,815.5",جمعه
936,2019-12-28,"367,632.12","363,207.64","367,632.12",دوشنبه
937,2019-12-29,"369,729.85","367,904.19","369,779.15",سه‌شنبه
938,2019-12-30,"375,547.68","371,713.17","375,548.1",چهارشنبه
939,2019-12-31,"377,012.73","376,371.19","379,674.81",پنج‌شنبه
940,2020-01-01,"384,099.6","378,690.58","384,934.84",جمعه
941,2020-01-04,"367,334.2","367,333.95","371,447.38",دوشنبه
942,2020-01-05,"365,815.49","362,467.06","365,836.71",سه‌شنبه
943,2020-01-07,"358,843.21","358,842.17","368,504.05",پنج‌شنبه
944,2020-01-08,"353,807.68","353,672.68","355,759.15",جمعه
945,2020-01-11,"359,807.44","355,946.77","359,807.14",دوشنبه
946,2020-01-12,"375,650.17","370,863.1","375,650.17",سه‌شنبه
947,2020-01-13,"392,038.38","383,453.52","392,057.84",چهارشنبه
948,2020-01-14,"395,912.64","395,679.21","398,920.69",پنج‌شنبه
949,2020-01-15,"399,445.29","393,990.64","399,445.26",جمعه
950,2020-01-18,"409,962.46","403,849.22","410,668.94",دوشنبه
951,2020-01-19,"410,694.53","407,054.26","410,977.62",سه‌شنبه
952,2020-01-20,"409,807.77","409,044.43","411,460.3",چهارشنبه
953,2020-01-21,"406,008.93","406,008.47","409,238.14",پنج‌شنبه
954,2020-01-22,"411,211.48","405,366.07","411,211.48",جمعه
955,2020-01-25,"417,001.88","415,342.07","417,100.26",دوشنبه
956,2020-01-26,"418,312.46","418,310.4","422,713.89",سه‌شنبه
957,2020-01-27,"420,668.11","415,189.94","420,668.13",چهارشنبه
958,2020-01-28,"427,139.41","423,383.43","427,497.48",پنج‌شنبه
959,2020-02-01,"426,184.92","426,184.92","430,737.39",دوشنبه
960,2020-02-02,"428,216.97","422,587.22","428,216.97",سه‌شنبه
961,2020-02-03,"438,880.23","432,109.47","438,893.61",چهارشنبه
962,2020-02-04,"440,199.08","440,184.93","444,403.35",پنج‌شنبه
963,2020-02-05,"445,894.14","441,468.77","445,894.33",جمعه
964,2020-02-08,"452,842.34","452,842.12","456,488.27",دوشنبه
965,2020-02-09,"454,618.54","454,398.98","455,488.66",سه‌شنبه
966,2020-02-10,"447,151.87","445,498.83","456,680.55",چهارشنبه
967,2020-02-12,"459,079.5","449,813.53","459,565.45",جمعه
968,2020-02-15,"461,988.42","460,615.1","465,978.2",دوشنبه
969,2020-02-16,"472,749.87","465,788.3","472,750.23",سه‌شنبه
970,2020-02-17,"476,812.76","476,812.75","480,712.72",چهارشنبه
971,2020-02-18,"472,120.38","468,834.45","477,209.97",پنج‌شنبه
972,2020-02-19,"478,755.66","474,805.95","479,180.84",جمعه
973,2020-02-22,"481,869.64","467,120.34","481,869.64",دوشنبه
974,2020-02-23,"498,904.49","489,531.81","499,031.09",سه‌شنبه
975,2020-02-24,"503,735.84","501,914.48","507,269.65",چهارشنبه
976,2020-02-25,"518,512.81","509,472.01","518,514.01",پنج‌شنبه
977,2020-02-26,"524,393.85","524,393.85","530,073.39",جمعه
978,2020-02-29,"505,801.02","504,035.93","509,022.59",دوشنبه
979,2020-03-01,"515,583.37","505,920.68","515,583.97",سه‌شنبه
980,2020-03-02,"529,328.95","518,203.39","529,328.95",چهارشنبه
981,2020-03-03,"544,239.9","532,962.69","544,239.9",پنج‌شنبه
982,2020-03-04,"555,167.13","547,292.93","555,293.95",جمعه
983,2020-03-07,"549,186.07","549,186.05","555,081.47",دوشنبه
984,2020-03-09,"534,379.46","534,376.22","545,656.45",چهارشنبه
985,2020-03-10,"519,847.33","519,847.33","529,129.78",پنج‌شنبه
986,2020-03-11,"520,211.05","518,747.71","522,301.12",جمعه
987,2020-03-14,"502,738.94","502,688.24","520,048.32",دوشنبه
988,2020-03-15,"494,278.57","493,276.37","498,654.91",سه‌شنبه
989,2020-03-16,"506,079.32","495,605.54","506,083.32",چهارشنبه
990,2020-03-17,"502,429.71","501,053","506,880.22",پنج‌شنبه
991,2020-03-18,"512,900.53","503,411.58","512,909.87",جمعه
992,2020-03-24,"508,661.53","508,533.07","513,347.74",پنج‌شنبه
993,2020-03-25,"521,267.67","509,932.14","521,268.11",جمعه
994,2020-03-28,"532,525.21","524,609.77","532,526.05",دوشنبه
995,2020-03-29,"545,649.66","537,130.87","545,908.74",سه‌شنبه
996,2020-03-30,"547,657.84","543,655.18","547,661.95",چهارشنبه
997,2020-04-04,"567,531.59","551,839.88","567,665.35",دوشنبه
998,2020-04-05,"573,903.18","571,165.66","574,020.34",سه‌شنبه
999,2020-04-06,"569,673.61","568,336.34","575,338.6",چهارشنبه
1000,2020-04-07,"583,344.42","571,035.86","583,599.65",پنج‌شنبه
1001,2020-04-08,"597,068.92","586,287.94","597,351.06",جمعه
1002,2020-04-11,"607,854.94","600,705.77","608,289.05",دوشنبه
1003,2020-04-12,"623,260.14","610,281.34","623,328.68",سه‌شنبه
1004,2020-04-13,"624,527.45","624,527.45","643,951.85",چهارشنبه
1005,2020-04-14,"626,388.68","617,224.1","626,515.65",پنج‌شنبه
1006,2020-04-15,"645,722.63","629,198.12","645,781.22",جمعه
1007,2020-04-18,"668,905.68","653,689.74","668,981.69",دوشنبه
1008,2020-04-19,"690,126.46","677,297.41","691,183.61",سه‌شنبه
1009,2020-04-20,"708,994.61","691,277.73","709,012.94",چهارشنبه
1010,2020-04-21,"726,137.35","716,060.44","726,964.89",پنج‌شنبه
1011,2020-04-22,"741,901.81","729,307.09","741,952.44",جمعه
1012,2020-04-25,"769,384.64","750,464.45","770,549.36",دوشنبه
1013,2020-04-26,"797,824.21","780,468.16","798,105.02",سه‌شنبه
1014,2020-04-27,"820,505.34","806,172.25","820,534.46",چهارشنبه
1015,2020-04-28,"845,952.45","830,580.29","846,008.38",پنج‌شنبه
1016,2020-04-29,"878,093.72","853,992.75","878,434.98",جمعه
1017,2020-05-02,"917,405.96","892,690.13","917,501.48",دوشنبه
1018,2020-05-03,"956,816.56","932,736.38","964,308.51",سه‌شنبه
1019,2020-05-04,"979,105.71","956,324.84","979,106.39",چهارشنبه
1020,2020-05-05,"980,571.13","978,019.48","995,966.21",پنج‌شنبه
1021,2020-05-06,"977,923.47","965,587.2","980,515.87",جمعه
1022,2020-05-09,1.02 میلیون,"990,339.21",1.021 میلیون,دوشنبه
1023,2020-05-10,1.043 میلیون,1.034 میلیون,1.045 میلیون,سه‌شنبه
1024,2020-05-11,1.048 میلیون,1.043 میلیون,1.049 میلیون,چهارشنبه
1025,2020-05-12,1.021 میلیون,1.02 میلیون,1.046 میلیون,پنج‌شنبه
1026,2020-05-13,1.018 میلیون,1.008 میلیون,1.026 میلیون,جمعه
1027,2020-05-16,"987,475.32","982,410.19",1.017 میلیون,دوشنبه
1028,2020-05-17,"968,460.69","964,004.97","979,444.32",سه‌شنبه
1029,2020-05-18,"995,176.82","978,644.81","995,184.85",چهارشنبه
1030,2020-05-19,1.002 میلیون,1.001 میلیون,1.009 میلیون,پنج‌شنبه
1031,2020-05-20,"986,759.18","985,119.15","996,750.54",جمعه
1032,2020-05-23,"959,840.53","959,306.14","986,677.39",دوشنبه
1033,2020-05-26,"926,132.74","926,121","946,195.8",پنج‌شنبه
1034,2020-05-27,"938,549.69","913,435.21","938,557.14",جمعه
1035,2020-05-30,"973,495.24","939,162.73","973,495.92",دوشنبه
1036,2020-05-31,"970,411.22","970,270.15","987,440.13",سه‌شنبه
1037,2020-06-01,"988,120.76","971,214.29","988,120.76",چهارشنبه
1038,2020-06-02,1.029 میلیون,"996,019.78",1.029 میلیون,پنج‌شنبه
1039,2020-06-06,1.069 میلیون,1.046 میلیون,1.069 میلیون,دوشنبه
1040,2020-06-07,1.116 میلیون,1.091 میلیون,1.116 میلیون,سه‌شنبه
1041,2020-06-08,1.119 میلیون,1.114 میلیون,1.128 میلیون,چهارشنبه
1042,2020-06-09,1.118 میلیون,1.117 میلیون,1.129 میلیون,پنج‌شنبه
1043,2020-06-10,1.154 میلیون,1.128 میلیون,1.154 میلیون,جمعه
1044,2020-06-13,1.19 میلیون,1.174 میلیون,1.191 میلیون,دوشنبه
1045,2020-06-14,1.185 میلیون,1.178 میلیون,1.202 میلیون,سه‌شنبه
1046,2020-06-15,1.2 میلیون,1.191 میلیون,1.206 میلیون,چهارشنبه
1047,2020-06-16,1.23 میلیون,1.204 میلیون,1.23 میلیون,پنج‌شنبه
1048,2020-06-20,1.271 میلیون,1.245 میلیون,1.271 میلیون,دوشنبه
1049,2020-06-21,1.301 میلیون,1.293 میلیون,1.301 میلیون,سه‌شنبه
1050,2020-06-22,1.342 میلیون,1.316 میلیون,1.342 میلیون,چهارشنبه
1051,2020-06-23,1.391 میلیون,1.364 میلیون,1.392 میلیون,پنج‌شنبه
1052,2020-06-24,1.419 میلیون,1.394 میلیون,1.419 میلیون,جمعه
1053,2020-06-27,1.466 میلیون,1.419 میلیون,1.466 میلیون,دوشنبه
1054,2020-06-28,1.492 میلیون,1.488 میلیون,1.5 میلیون,سه‌شنبه
1055,2020-06-29,1.482 میلیون,1.46 میلیون,1.482 میلیون,چهارشنبه
1056,2020-06-30,1.547 میلیون,1.503 میلیون,1.547 میلیون,پنج‌شنبه
1057,2020-07-01,1.613 میلیون,1.578 میلیون,1.613 میلیون,جمعه
1058,2020-07-04,1.621 میلیون,1.619 میلیون,1.645 میلیون,دوشنبه
1059,2020-07-05,1.655 میلیون,1.62 میلیون,1.655 میلیون,سه‌شنبه
1060,2020-07-06,1.736 میلیون,1.676 میلیون,1.741 میلیون,چهارشنبه
1061,2020-07-07,1.747 میلیون,1.735 میلیون,1.748 میلیون,پنج‌شنبه
1062,2020-07-08,1.754 میلیون,1.753 میلیون,1.767 میلیون,جمعه
1063,2020-07-11,1.741 میلیون,1.719 میلیون,1.741 میلیون,دوشنبه
1064,2020-07-12,1.813 میلیون,1.763 میلیون,1.815 میلیون,سه‌شنبه
1065,2020-07-13,1.822 میلیون,1.8 میلیون,1.822 میلیون,چهارشنبه
1066,2020-07-14,1.845 میلیون,1.835 میلیون,1.846 میلیون,پنج‌شنبه
1067,2020-07-15,1.842 میلیون,1.839 میلیون,1.845 میلیون,جمعه
1068,2020-07-18,1.809 میلیون,1.809 میلیون,1.823 میلیون,دوشنبه
1069,2020-07-19,1.865 میلیون,1.798 میلیون,1.865 میلیون,سه‌شنبه
1070,2020-07-20,1.925 میلیون,1.894 میلیون,1.925 میلیون,چهارشنبه
1071,2020-07-21,1.916 میلیون,1.901 میلیون,1.92 میلیون,پنج‌شنبه
1072,2020-07-22,1.901 میلیون,1.889 میلیون,1.91 میلیون,جمعه
1073,2020-07-25,1.953 میلیون,1.919 میلیون,1.957 میلیون,دوشنبه
1074,2020-07-26,1.946 میلیون,1.936 میلیون,1.964 میلیون,سه‌شنبه
1075,2020-07-27,1.934 میلیون,1.9 میلیون,1.934 میلیون,چهارشنبه
1076,2020-07-28,1.941 میلیون,1.941 میلیون,1.973 میلیون,پنج‌شنبه
1077,2020-07-29,1.904 میلیون,1.9 میلیون,1.924 میلیون,جمعه
1078,2020-08-01,1.962 میلیون,1.913 میلیون,1.962 میلیون,دوشنبه
1079,2020-08-02,2.011 میلیون,1.962 میلیون,2.014 میلیون,سه‌شنبه
1080,2020-08-03,1.993 میلیون,1.988 میلیون,2.015 میلیون,چهارشنبه
1081,2020-08-04,1.995 میلیون,1.986 میلیون,1.995 میلیون,پنج‌شنبه
1082,2020-08-05,2.034 میلیون,2.012 میلیون,2.034 میلیون,جمعه
1083,2020-08-09,2.079 میلیون,2.069 میلیون,2.083 میلیون,سه‌شنبه
1084,2020-08-10,2.065 میلیون,2.065 میلیون,2.103 میلیون,چهارشنبه
1085,2020-08-11,2 میلیون,1.999 میلیون,2.04 میلیون,پنج‌شنبه
1086,2020-08-12,1.976 میلیون,1.975 میلیون,2.039 میلیون,جمعه
1087,2020-08-15,1.903 میلیون,1.903 میلیون,1.945 میلیون,دوشنبه
1088,2020-08-16,1.814 میلیون,1.814 میلیون,1.881 میلیون,سه‌شنبه
1089,2020-08-17,1.816 میلیون,1.794 میلیون,1.816 میلیون,چهارشنبه
1090,2020-08-18,1.825 میلیون,1.825 میلیون,1.857 میلیون,پنج‌شنبه
1091,2020-08-19,1.757 میلیون,1.757 میلیون,1.812 میلیون,جمعه
1092,2020-08-22,1.727 میلیون,1.727 میلیون,1.78 میلیون,دوشنبه
1093,2020-08-23,1.662 میلیون,1.662 میلیون,1.711 میلیون,سه‌شنبه
1094,2020-08-24,1.609 میلیون,1.607 میلیون,1.651 میلیون,چهارشنبه
1095,2020-08-25,1.65 میلیون,1.622 میلیون,1.65 میلیون,پنج‌شنبه
1096,2020-08-26,1.719 میلیون,1.677 میلیون,1.719 میلیون,جمعه
1097,2020-08-31,1.728 میلیون,1.728 میلیون,1.762 میلیون,چهارشنبه
1098,2020-09-01,1.685 میلیون,1.685 میلیون,1.715 میلیون,پنج‌شنبه
1099,2020-09-02,1.632 میلیون,1.632 میلیون,1.661 میلیون,جمعه
1100,2020-09-05,1.642 میلیون,1.639 میلیون,1.645 میلیون,دوشنبه
1101,2020-09-06,1.648 میلیون,1.648 میلیون,1.669 میلیون,سه‌شنبه
1102,2020-09-07,1.607 میلیون,1.607 میلیون,1.632 میلیون,چهارشنبه
1103,2020-09-08,1.57 میلیون,1.57 میلیون,1.587 میلیون,پنج‌شنبه
1104,2020-09-09,1.556 میلیون,1.546 میلیون,1.556 میلیون,جمعه
1105,2020-09-12,1.584 میلیون,1.571 میلیون,1.59 میلیون,دوشنبه
1106,2020-09-13,1.578 میلیون,1.575 میلیون,1.593 میلیون,سه‌شنبه
1107,2020-09-14,1.608 میلیون,1.584 میلیون,1.607 میلیون,چهارشنبه
1108,2020-09-15,1.665 میلیون,1.633 میلیون,1.667 میلیون,پنج‌شنبه
1109,2020-09-16,1.704 میلیون,1.695 میلیون,1.712 میلیون,جمعه
1110,2020-09-19,1.699 میلیون,1.686 میلیون,1.713 میلیون,دوشنبه
1111,2020-09-20,1.652 میلیون,1.652 میلیون,1.691 میلیون,سه‌شنبه
1112,2020-09-21,1.595 میلیون,1.595 میلیون,1.62 میلیون,چهارشنبه
1113,2020-09-22,1.581 میلیون,1.567 میلیون,1.594 میلیون,پنج‌شنبه
1114,2020-09-23,1.611 میلیون,1.596 میلیون,1.622 میلیون,جمعه
1115,2020-09-26,1.616 میلیون,1.616 میلیون,1.635 میلیون,دوشنبه
1116,2020-09-27,1.572 میلیون,1.572 میلیون,1.599 میلیون,سه‌شنبه
1117,2020-09-28,1.516 میلیون,1.516 میلیون,1.551 میلیون,چهارشنبه
1118,2020-09-29,1.493 میلیون,1.484 میلیون,1.498 میلیون,پنج‌شنبه
1119,2020-09-30,1.503 میلیون,1.489 میلیون,1.503 میلیون,جمعه
1120,2020-10-03,1.546 میلیون,1.513 میلیون,1.546 میلیون,دوشنبه
1121,2020-10-04,1.523 میلیون,1.523 میلیون,1.549 میلیون,سه‌شنبه
1122,2020-10-05,1.49 میلیون,1.49 میلیون,1.504 میلیون,چهارشنبه
1123,2020-10-06,1.515 میلیون,1.496 میلیون,1.515 میلیون,پنج‌شنبه
1124,2020-10-07,1.541 میلیون,1.527 میلیون,1.542 میلیون,جمعه
1125,2020-10-10,1.542 میلیون,1.534 میلیون,1.542 میلیون,دوشنبه
1126,2020-10-11,1.597 میلیون,1.555 میلیون,1.6 میلیون,سه‌شنبه
1127,2020-10-12,1.58 میلیون,1.579 میلیون,1.596 میلیون,چهارشنبه
1128,2020-10-13,1.58 میلیون,1.571 میلیون,1.589 میلیون,پنج‌شنبه
1129,2020-10-14,1.561 میلیون,1.561 میلیون,1.581 میلیون,جمعه
1130,2020-10-18,1.514 میلیون,1.514 میلیون,1.548 میلیون,سه‌شنبه
1131,2020-10-19,1.462 میلیون,1.462 میلیون,1.494 میلیون,چهارشنبه
1132,2020-10-20,1.419 میلیون,1.419 میلیون,1.451 میلیون,پنج‌شنبه
1133,2020-10-21,1.412 میلیون,1.412 میلیون,1.431 میلیون,جمعه
1134,2020-10-24,1.374 میلیون,1.374 میلیون,1.396 میلیون,دوشنبه
1135,2020-10-26,1.337 میلیون,1.337 میلیون,1.36 میلیون,چهارشنبه
1136,2020-10-27,1.302 میلیون,1.302 میلیون,1.329 میلیون,پنج‌شنبه
1137,2020-10-28,1.288 میلیون,1.279 میلیون,1.288 میلیون,جمعه
1138,2020-10-31,1.288 میلیون,1.288 میلیون,1.288 میلیون,دوشنبه
1139,2020-11-01,1.28 میلیون,1.28 میلیون,1.304 میلیون,سه‌شنبه
1140,2020-11-02,1.264 میلیون,1.262 میلیون,1.267 میلیون,چهارشنبه
1141,2020-11-04,1.291 میلیون,1.272 میلیون,1.291 میلیون,جمعه
1142,2020-11-07,1.263 میلیون,1.262 میلیون,1.277 میلیون,دوشنبه
1143,2020-11-08,1.241 میلیون,1.24 میلیون,1.252 میلیون,سه‌شنبه
1144,2020-11-09,1.215 میلیون,1.215 میلیون,1.225 میلیون,چهارشنبه
1145,2020-11-10,1.212 میلیون,1.212 میلیون,1.223 میلیون,پنج‌شنبه
1146,2020-11-11,1.221 میلیون,1.21 میلیون,1.221 میلیون,جمعه
1147,2020-11-14,1.248 میلیون,1.231 میلیون,1.25 میلیون,دوشنبه
1148,2020-11-15,1.257 میلیون,1.257 میلیون,1.269 میلیون,سه‌شنبه
1149,2020-11-16,1.274 میلیون,1.251 میلیون,1.274 میلیون,چهارشنبه
1150,2020-11-17,1.297 میلیون,1.283 میلیون,1.309 میلیون,پنج‌شنبه
1151,2020-11-18,1.345 میلیون,1.32 میلیون,1.345 میلیون,جمعه
1152,2020-11-21,1.367 میلیون,1.367 میلیون,1.375 میلیون,دوشنبه
1153,2020-11-22,1.359 میلیون,1.338 میلیون,1.359 میلیون,سه‌شنبه
1154,2020-11-23,1.376 میلیون,1.369 میلیون,1.384 میلیون,چهارشنبه
1155,2020-11-24,1.357 میلیون,1.357 میلیون,1.382 میلیون,پنج‌شنبه
1156,2020-11-25,1.367 میلیون,1.345 میلیون,1.367 میلیون,جمعه
1157,2020-11-28,1.391 میلیون,1.369 میلیون,1.391 میلیون,دوشنبه
1158,2020-11-29,1.427 میلیون,1.406 میلیون,1.427 میلیون,سه‌شنبه
1159,2020-11-30,1.466 میلیون,1.446 میلیون,1.466 میلیون,چهارشنبه
1160,2020-12-01,1.474 میلیون,1.458 میلیون,1.475 میلیون,پنج‌شنبه
1161,2020-12-02,1.471 میلیون,1.469 میلیون,1.481 میلیون,جمعه
1162,2020-12-05,1.491 میلیون,1.464 میلیون,1.491 میلیون,دوشنبه
1163,2020-12-06,1.523 میلیون,1.505 میلیون,1.527 میلیون,سه‌شنبه
1164,2020-12-07,1.513 میلیون,1.513 میلیون,1.532 میلیون,چهارشنبه
1165,2020-12-08,1.507 میلیون,1.493 میلیون,1.513 میلیون,پنج‌شنبه
1166,2020-12-09,1.506 میلیون,1.503 میلیون,1.515 میلیون,جمعه
1167,2020-12-12,1.527 میلیون,1.521 میلیون,1.535 میلیون,دوشنبه
1168,2020-12-13,1.516 میلیون,1.51 میلیون,1.52 میلیون,سه‌شنبه
1169,2020-12-14,1.484 میلیون,1.484 میلیون,1.518 میلیون,چهارشنبه
1170,2020-12-15,1.428 میلیون,1.428 میلیون,1.46 میلیون,پنج‌شنبه
1171,2020-12-16,1.413 میلیون,1.4 میلیون,1.413 میلیون,جمعه
1172,2020-12-19,1.445 میلیون,1.429 میلیون,1.445 میلیون,دوشنبه
1173,2020-12-20,1.439 میلیون,1.437 میلیون,1.453 میلیون,سه‌شنبه
1174,2020-12-21,1.436 میلیون,1.429 میلیون,1.444 میلیون,چهارشنبه
1175,2020-12-22,1.445 میلیون,1.434 میلیون,1.445 میلیون,پنج‌شنبه
1176,2020-12-23,1.448 میلیون,1.448 میلیون,1.454 میلیون,جمعه
1177,2020-12-26,1.424 میلیون,1.424 میلیون,1.448 میلیون,دوشنبه
1178,2020-12-27,1.419 میلیون,1.408 میلیون,1.421 میلیون,سه‌شنبه
1179,2020-12-28,1.437 میلیون,1.423 میلیون,1.441 میلیون,چهارشنبه
1180,2020-12-29,1.412 میلیون,1.411 میلیون,1.439 میلیون,پنج‌شنبه
1181,2020-12-30,1.398 میلیون,1.398 میلیون,1.412 میلیون,جمعه
1182,2021-01-02,1.354 میلیون,1.354 میلیون,1.39 میلیون,دوشنبه
1183,2021-01-03,1.355 میلیون,1.346 میلیون,1.358 میلیون,سه‌شنبه
1184,2021-01-04,1.374 میلیون,1.362 میلیون,1.375 میلیون,چهارشنبه
1185,2021-01-05,1.35 میلیون,1.35 میلیون,1.372 میلیون,پنج‌شنبه
1186,2021-01-06,1.311 میلیون,1.31 میلیون,1.342 میلیون,جمعه
1187,2021-01-09,1.286 میلیون,1.286 میلیون,1.304 میلیون,دوشنبه
1188,2021-01-10,1.307 میلیون,1.296 میلیون,1.31 میلیون,سه‌شنبه
1189,2021-01-11,1.301 میلیون,1.301 میلیون,1.313 میلیون,چهارشنبه
1190,2021-01-12,1.261 میلیون,1.261 میلیون,1.296 میلیون,پنج‌شنبه
1191,2021-01-13,1.23 میلیون,1.23 میلیون,1.249 میلیون,جمعه
1192,2021-01-16,1.187 میلیون,1.187 میلیون,1.223 میلیون,دوشنبه
1193,2021-01-18,1.15 میلیون,1.15 میلیون,1.168 میلیون,چهارشنبه
1194,2021-01-19,1.151 میلیون,1.13 میلیون,1.151 میلیون,پنج‌شنبه
1195,2021-01-20,1.184 میلیون,1.159 میلیون,1.185 میلیون,جمعه
1196,2021-01-23,1.222 میلیون,1.199 میلیون,1.222 میلیون,دوشنبه
1197,2021-01-24,1.235 میلیون,1.235 میلیون,1.251 میلیون,سه‌شنبه
1198,2021-01-25,1.236 میلیون,1.221 میلیون,1.236 میلیون,چهارشنبه
1199,2021-01-26,1.215 میلیون,1.215 میلیون,1.24 میلیون,پنج‌شنبه
1200,2021-01-27,1.208 میلیون,1.196 میلیون,1.208 میلیون,جمعه
1201,2021-01-30,1.247 میلیون,1.217 میلیون,1.247 میلیون,دوشنبه
1202,2021-01-31,1.251 میلیون,1.251 میلیون,1.269 میلیون,سه‌شنبه
1203,2021-02-01,1.234 میلیون,1.234 میلیون,1.25 میلیون,چهارشنبه
1204,2021-02-02,1.205 میلیون,1.205 میلیون,1.227 میلیون,پنج‌شنبه
1205,2021-02-03,1.173 میلیون,1.173 میلیون,1.208 میلیون,جمعه
1206,2021-02-06,1.135 میلیون,1.135 میلیون,1.164 میلیون,دوشنبه
1207,2021-02-07,1.171 میلیون,1.148 میلیون,1.17 میلیون,سه‌شنبه
1208,2021-02-08,1.193 میلیون,1.185 میلیون,1.195 میلیون,چهارشنبه
1209,2021-02-09,1.214 میلیون,1.194 میلیون,1.214 میلیون,پنج‌شنبه
1210,2021-02-13,1.262 میلیون,1.239 میلیون,1.262 میلیون,دوشنبه
1211,2021-02-14,1.264 میلیون,1.264 میلیون,1.272 میلیون,سه‌شنبه
1212,2021-02-15,1.257 میلیون,1.257 میلیون,1.26 میلیون,چهارشنبه
1213,2021-02-16,1.246 میلیون,1.246 میلیون,1.257 میلیون,پنج‌شنبه
1214,2021-02-17,1.238 میلیون,1.238 میلیون,1.247 میلیون,جمعه
1215,2021-02-20,1.233 میلیون,1.233 میلیون,1.241 میلیون,دوشنبه
1216,2021-02-21,1.223 میلیون,1.223 میلیون,1.23 میلیون,سه‌شنبه
1217,2021-02-22,1.215 میلیون,1.215 میلیون,1.22 میلیون,چهارشنبه
1218,2021-02-23,1.212 میلیون,1.209 میلیون,1.212 میلیون,پنج‌شنبه
1219,2021-02-24,1.206 میلیون,1.206 میلیون,1.216 میلیون,جمعه
1220,2021-02-27,1.194 میلیون,1.194 میلیون,1.202 میلیون,دوشنبه
1221,2021-02-28,1.186 میلیون,1.185 میلیون,1.192 میلیون,سه‌شنبه
1222,2021-03-01,1.182 میلیون,1.181 میلیون,1.184 میلیون,چهارشنبه
1223,2021-03-02,1.186 میلیون,1.183 میلیون,1.191 میلیون,پنج‌شنبه
1224,2021-03-03,1.178 میلیون,1.178 میلیون,1.186 میلیون,جمعه
1225,2021-03-06,1.17 میلیون,1.17 میلیون,1.176 میلیون,دوشنبه
1226,2021-03-07,1.176 میلیون,1.168 میلیون,1.176 میلیون,سه‌شنبه
1227,2021-03-08,1.2 میلیون,1.178 میلیون,1.2 میلیون,چهارشنبه
1228,2021-03-09,1.21 میلیون,1.204 میلیون,1.216 میلیون,پنج‌شنبه
1229,2021-03-10,1.207 میلیون,1.204 میلیون,1.207 میلیون,جمعه
1230,2021-03-13,1.229 میلیون,1.206 میلیون,1.229 میلیون,دوشنبه
1231,2021-03-14,1.245 میلیون,1.234 میلیون,1.246 میلیون,سه‌شنبه
1232,2021-03-15,1.254 میلیون,1.241 میلیون,1.254 میلیون,چهارشنبه
1233,2021-03-16,1.291 میلیون,1.255 میلیون,1.291 میلیون,پنج‌شنبه
1234,2021-03-17,1.308 میلیون,1.305 میلیون,1.31 میلیون,جمعه
1235,2021-03-27,1.31 میلیون,1.304 میلیون,1.31 میلیون,دوشنبه
1236,2021-03-28,1.307 میلیون,1.305 میلیون,1.311 میلیون,سه‌شنبه
1237,2021-03-30,1.303 میلیون,1.303 میلیون,1.306 میلیون,پنج‌شنبه
1238,2021-03-31,1.295 میلیون,1.295 میلیون,1.303 میلیون,جمعه
1239,2021-04-03,1.283 میلیون,1.283 میلیون,1.292 میلیون,دوشنبه
1240,2021-04-04,1.269 میلیون,1.27 میلیون,1.281 میلیون,سه‌شنبه
1241,2021-04-05,1.263 میلیون,1.261 میلیون,1.267 میلیون,چهارشنبه
1242,2021-04-06,1.261 میلیون,1.261 میلیون,1.267 میلیون,پنج‌شنبه
1243,2021-04-07,1.25 میلیون,1.25 میلیون,1.259 میلیون,جمعه
1244,2021-04-10,1.241 میلیون,1.241 میلیون,1.247 میلیون,دوشنبه
1245,2021-04-11,1.231 میلیون,1.231 میلیون,1.237 میلیون,سه‌شنبه
1246,2021-04-12,1.226 میلیون,1.226 میلیون,1.229 میلیون,چهارشنبه
1247,2021-04-13,1.245 میلیون,1.235 میلیون,1.246 میلیون,پنج‌شنبه
1248,2021-04-14,1.243 میلیون,1.243 میلیون,1.246 میلیون,جمعه
1249,2021-04-17,1.234 میلیون,1.234 میلیون,1.241 میلیون,دوشنبه
1250,2021-04-18,1.225 میلیون,1.225 میلیون,1.231 میلیون,سه‌شنبه
1251,2021-04-19,1.217 میلیون,1.216 میلیون,1.221 میلیون,چهارشنبه
1252,2021-04-20,1.22 میلیون,1.217 میلیون,1.221 میلیون,پنج‌شنبه
1253,2021-04-21,1.207 میلیون,1.207 میلیون,1.217 میلیون,جمعه
1254,2021-04-24,1.199 میلیون,1.199 میلیون,1.205 میلیون,دوشنبه
1255,2021-04-25,1.188 میلیون,1.188 میلیون,1.197 میلیون,سه‌شنبه
1256,2021-04-26,1.187 میلیون,1.184 میلیون,1.187 میلیون,چهارشنبه
1257,2021-04-27,1.203 میلیون,1.19 میلیون,1.203 میلیون,پنج‌شنبه
1258,2021-04-28,1.208 میلیون,1.204 میلیون,1.211 میلیون,جمعه
1259,2021-05-01,1.194 میلیون,1.194 میلیون,1.209 میلیون,دوشنبه
1260,2021-05-02,1.181 میلیون,1.181 میلیون,1.191 میلیون,سه‌شنبه
1261,2021-05-03,1.167 میلیون,1.167 میلیون,1.177 میلیون,چهارشنبه
1262,2021-05-05,1.172 میلیون,1.168 میلیون,1.173 میلیون,جمعه
1263,2021-05-08,1.167 میلیون,1.167 میلیون,1.176 میلیون,دوشنبه
1264,2021-05-09,1.152 میلیون,1.152 میلیون,1.165 میلیون,سه‌شنبه
1265,2021-05-10,1.158 میلیون,1.149 میلیون,1.158 میلیون,چهارشنبه
1266,2021-05-11,1.18 میلیون,1.161 میلیون,1.18 میلیون,پنج‌شنبه
1267,2021-05-12,1.184 میلیون,1.184 میلیون,1.19 میلیون,جمعه
1268,2021-05-15,1.19 میلیون,1.182 میلیون,1.193 میلیون,دوشنبه
1269,2021-05-16,1.189 میلیون,1.189 میلیون,1.192 میلیون,سه‌شنبه
1270,2021-05-17,1.175 میلیون,1.175 میلیون,1.188 میلیون,چهارشنبه
1271,2021-05-18,1.177 میلیون,1.172 میلیون,1.177 میلیون,پنج‌شنبه
1272,2021-05-19,1.155 میلیون,1.155 میلیون,1.173 میلیون,جمعه
1273,2021-05-22,1.128 میلیون,1.127 میلیون,1.149 میلیون,دوشنبه
1274,2021-05-23,1.108 میلیون,1.108 میلیون,1.124 میلیون,سه‌شنبه
1275,2021-05-24,1.096 میلیون,1.096 میلیون,1.105 میلیون,چهارشنبه
1276,2021-05-25,1.105 میلیون,1.096 میلیون,1.106 میلیون,پنج‌شنبه
1277,2021-05-26,1.109 میلیون,1.106 میلیون,1.111 میلیون,جمعه
1278,2021-05-29,1.14 میلیون,1.112 میلیون,1.14 میلیون,دوشنبه
1279,2021-05-30,1.157 میلیون,1.153 میلیون,1.164 میلیون,سه‌شنبه
1280,2021-05-31,1.146 میلیون,1.146 میلیون,1.156 میلیون,چهارشنبه
1281,2021-06-01,1.14 میلیون,1.14 میلیون,1.147 میلیون,پنج‌شنبه
1282,2021-06-02,1.149 میلیون,1.141 میلیون,1.149 میلیون,جمعه
1283,2021-06-07,1.157 میلیون,1.151 میلیون,1.157 میلیون,چهارشنبه
1284,2021-06-08,1.161 میلیون,1.16 میلیون,1.167 میلیون,پنج‌شنبه
1285,2021-06-09,1.152 میلیون,1.152 میلیون,1.16 میلیون,جمعه
1286,2021-06-12,1.145 میلیون,1.145 میلیون,1.152 میلیون,دوشنبه
1287,2021-06-13,1.141 میلیون,1.141 میلیون,1.145 میلیون,سه‌شنبه
1288,2021-06-14,1.15 میلیون,1.142 میلیون,1.15 میلیون,چهارشنبه
1289,2021-06-15,1.15 میلیون,1.15 میلیون,1.155 میلیون,پنج‌شنبه
1290,2021-06-16,1.148 میلیون,1.148 میلیون,1.15 میلیون,جمعه
1291,2021-06-19,1.162 میلیون,1.151 میلیون,1.162 میلیون,دوشنبه
1292,2021-06-20,1.164 میلیون,1.164 میلیون,1.169 میلیون,سه‌شنبه
1293,2021-06-21,1.169 میلیون,1.161 میلیون,1.169 میلیون,چهارشنبه
1294,2021-06-22,1.187 میلیون,1.173 میلیون,1.187 میلیون,پنج‌شنبه
1295,2021-06-23,1.213 میلیون,1.191 میلیون,1.213 میلیون,جمعه
1296,2021-06-26,1.234 میلیون,1.219 میلیون,1.236 میلیون,دوشنبه
1297,2021-06-27,1.238 میلیون,1.23 میلیون,1.241 میلیون,سه‌شنبه
1298,2021-06-28,1.244 میلیون,1.236 میلیون,1.244 میلیون,چهارشنبه
1299,2021-06-29,1.249 میلیون,1.244 میلیون,1.251 میلیون,پنج‌شنبه
1300,2021-06-30,1.257 میلیون,1.248 میلیون,1.257 میلیون,جمعه
1301,2021-07-03,1.246 میلیون,1.246 میلیون,1.259 میلیون,دوشنبه
1302,2021-07-04,1.244 میلیون,1.238 میلیون,1.245 میلیون,سه‌شنبه
1303,2021-07-05,1.255 میلیون,1.245 میلیون,1.255 میلیون,چهارشنبه
1304,2021-07-06,1.281 میلیون,1.262 میلیون,1.281 میلیون,پنج‌شنبه
1305,2021-07-07,1.282 میلیون,1.282 میلیون,1.285 میلیون,جمعه
1306,2021-07-10,1.271 میلیون,1.271 میلیون,1.282 میلیون,دوشنبه
1307,2021-07-11,1.285 میلیون,1.271 میلیون,1.285 میلیون,سه‌شنبه
1308,2021-07-12,1.304 میلیون,1.289 میلیون,1.308 میلیون,چهارشنبه
1309,2021-07-13,1.304 میلیون,1.302 میلیون,1.309 میلیون,پنج‌شنبه
1310,2021-07-14,1.305 میلیون,1.301 میلیون,1.306 میلیون,جمعه
1311,2021-07-17,1.311 میلیون,1.311 میلیون,1.318 میلیون,دوشنبه
1312,2021-07-18,1.303 میلیون,1.301 میلیون,1.31 میلیون,سه‌شنبه
1313,2021-07-19,1.311 میلیون,1.305 میلیون,1.311 میلیون,چهارشنبه
1314,2021-07-26,1.323 میلیون,1.313 میلیون,1.324 میلیون,چهارشنبه
1315,2021-07-27,1.315 میلیون,1.315 میلیون,1.329 میلیون,پنج‌شنبه
1316,2021-07-28,1.317 میلیون,1.315 میلیون,1.321 میلیون,جمعه
1317,2021-07-31,1.351 میلیون,1.32 میلیون,1.351 میلیون,دوشنبه
1318,2021-08-01,1.36 میلیون,1.358 میلیون,1.362 میلیون,سه‌شنبه
1319,2021-08-02,1.358 میلیون,1.358 میلیون,1.361 میلیون,چهارشنبه
1320,2021-08-03,1.376 میلیون,1.359 میلیون,1.376 میلیون,پنج‌شنبه
1321,2021-08-04,1.406 میلیون,1.382 میلیون,1.406 میلیون,جمعه
1322,2021-08-07,1.408 میلیون,1.408 میلیون,1.418 میلیون,دوشنبه
1323,2021-08-08,1.418 میلیون,1.407 میلیون,1.419 میلیون,سه‌شنبه
1324,2021-08-09,1.433 میلیون,1.42 میلیون,1.433 میلیون,چهارشنبه
1325,2021-08-10,1.454 میلیون,1.437 میلیون,1.454 میلیون,پنج‌شنبه
1326,2021-08-11,1.485 میلیون,1.463 میلیون,1.485 میلیون,جمعه
1327,2021-08-14,1.481 میلیون,1.478 میلیون,1.49 میلیون,دوشنبه
1328,2021-08-15,1.5 میلیون,1.481 میلیون,1.5 میلیون,سه‌شنبه
1329,2021-08-22,1.516 میلیون,1.506 میلیون,1.519 میلیون,سه‌شنبه
1330,2021-08-23,1.516 میلیون,1.509 میلیون,1.517 میلیون,چهارشنبه
1331,2021-08-24,1.543 میلیون,1.519 میلیون,1.543 میلیون,پنج‌شنبه
1332,2021-08-25,1.55 میلیون,1.54 میلیون,1.55 میلیون,جمعه
1333,2021-08-28,1.576 میلیون,1.555 میلیون,1.576 میلیون,دوشنبه
1334,2021-08-29,1.573 میلیون,1.572 میلیون,1.586 میلیون,سه‌شنبه
1335,2021-08-30,1.524 میلیون,1.524 میلیون,1.555 میلیون,چهارشنبه
1336,2021-08-31,1.496 میلیون,1.478 میلیون,1.502 میلیون,پنج‌شنبه
1337,2021-09-01,1.521 میلیون,1.5 میلیون,1.521 میلیون,جمعه
1338,2021-09-04,1.541 میلیون,1.528 میلیون,1.545 میلیون,دوشنبه
1339,2021-09-05,1.537 میلیون,1.532 میلیون,1.54 میلیون,سه‌شنبه
1340,2021-09-06,1.539 میلیون,1.539 میلیون,1.545 میلیون,چهارشنبه
1341,2021-09-07,1.523 میلیون,1.523 میلیون,1.536 میلیون,پنج‌شنبه
1342,2021-09-08,1.526 میلیون,1.523 میلیون,1.527 میلیون,جمعه
1343,2021-09-11,1.53 میلیون,1.531 میلیون,1.539 میلیون,دوشنبه
1344,2021-09-12,1.49 میلیون,1.489 میلیون,1.529 میلیون,سه‌شنبه
1345,2021-09-13,1.475 میلیون,1.473 میلیون,1.49 میلیون,چهارشنبه
1346,2021-09-14,1.497 میلیون,1.477 میلیون,1.497 میلیون,پنج‌شنبه
1347,2021-09-15,1.488 میلیون,1.488 میلیون,1.497 میلیون,جمعه
1348,2021-09-18,1.45 میلیون,1.45 میلیون,1.489 میلیون,دوشنبه
1349,2021-09-19,1.42 میلیون,1.42 میلیون,1.448 میلیون,سه‌شنبه
1350,2021-09-20,1.428 میلیون,1.422 میلیون,1.429 میلیون,چهارشنبه
1351,2021-09-21,1.391 میلیون,1.391 میلیون,1.428 میلیون,پنج‌شنبه
1352,2021-09-22,1.386 میلیون,1.38 میلیون,1.394 میلیون,جمعه
1353,2021-09-25,1.422 میلیون,1.392 میلیون,1.422 میلیون,دوشنبه
1354,2021-09-26,1.425 میلیون,1.425 میلیون,1.429 میلیون,سه‌شنبه
1355,2021-09-28,1.425 میلیون,1.425 میلیون,1.432 میلیون,پنج‌شنبه
1356,2021-09-29,1.437 میلیون,1.425 میلیون,1.437 میلیون,جمعه
1357,2021-10-02,1.473 میلیون,1.443 میلیون,1.473 میلیون,دوشنبه
1358,2021-10-03,1.477 میلیون,1.475 میلیون,1.481 میلیون,سه‌شنبه
1359,2021-10-04,1.485 میلیون,1.477 میلیون,1.485 میلیون,چهارشنبه
1360,2021-10-06,1.488 میلیون,1.487 میلیون,1.489 میلیون,جمعه
1361,2021-10-09,1.466 میلیون,1.466 میلیون,1.489 میلیون,دوشنبه
1362,2021-10-10,1.456 میلیون,1.453 میلیون,1.464 میلیون,سه‌شنبه
1363,2021-10-11,1.457 میلیون,1.457 میلیون,1.461 میلیون,چهارشنبه
1364,2021-10-12,1.419 میلیون,1.419 میلیون,1.455 میلیون,پنج‌شنبه
1365,2021-10-13,1.397 میلیون,1.397 میلیون,1.418 میلیون,جمعه
1366,2021-10-16,1.437 میلیون,1.406 میلیون,1.437 میلیون,دوشنبه
1367,2021-10-17,1.436 میلیون,1.436 میلیون,1.445 میلیون,سه‌شنبه
1368,2021-10-18,1.437 میلیون,1.43 میلیون,1.437 میلیون,چهارشنبه
1369,2021-10-19,1.449 میلیون,1.438 میلیون,1.45 میلیون,پنج‌شنبه
1370,2021-10-20,1.436 میلیون,1.436 میلیون,1.45 میلیون,جمعه
1371,2021-10-23,1.408 میلیون,1.408 میلیون,1.436 میلیون,دوشنبه
1372,2021-10-25,1.384 میلیون,1.384 میلیون,1.405 میلیون,چهارشنبه
1373,2021-10-26,1.384 میلیون,1.382 میلیون,1.385 میلیون,پنج‌شنبه
1374,2021-10-27,1.394 میلیون,1.385 میلیون,1.394 میلیون,جمعه
1375,2021-10-30,1.376 میلیون,1.376 میلیون,1.395 میلیون,دوشنبه
1376,2021-10-31,1.34 میلیون,1.34 میلیون,1.375 میلیون,سه‌شنبه
1377,2021-11-01,1.361 میلیون,1.346 میلیون,1.361 میلیون,چهارشنبه
1378,2021-11-02,1.376 میلیون,1.363 میلیون,1.376 میلیون,پنج‌شنبه
1379,2021-11-03,1.398 میلیون,1.378 میلیون,1.398 میلیون,جمعه
1380,2021-11-06,1.441 میلیون,1.403 میلیون,1.441 میلیون,دوشنبه
1381,2021-11-07,1.431 میلیون,1.431 میلیون,1.443 میلیون,سه‌شنبه
1382,2021-11-08,1.434 میلیون,1.427 میلیون,1.436 میلیون,چهارشنبه
1383,2021-11-09,1.448 میلیون,1.435 میلیون,1.449 میلیون,پنج‌شنبه
1384,2021-11-10,1.456 میلیون,1.449 میلیون,1.457 میلیون,جمعه
1385,2021-11-13,1.439 میلیون,1.439 میلیون,1.45 میلیون,دوشنبه
1386,2021-11-14,1.443 میلیون,1.441 میلیون,1.447 میلیون,سه‌شنبه
1387,2021-11-15,1.416 میلیون,1.416 میلیون,1.442 میلیون,چهارشنبه
1388,2021-11-16,1.409 میلیون,1.409 میلیون,1.415 میلیون,پنج‌شنبه
1389,2021-11-17,1.411 میلیون,1.41 میلیون,1.414 میلیون,جمعه
1390,2021-11-20,1.383 میلیون,1.383 میلیون,1.412 میلیون,دوشنبه
1391,2021-11-21,1.387 میلیون,1.382 میلیون,1.387 میلیون,سه‌شنبه
1392,2021-11-22,1.407 میلیون,1.39 میلیون,1.408 میلیون,چهارشنبه
1393,2021-11-23,1.405 میلیون,1.404 میلیون,1.409 میلیون,پنج‌شنبه
1394,2021-11-24,1.394 میلیون,1.394 میلیون,1.405 میلیون,جمعه
1395,2021-11-27,1.367 میلیون,1.367 میلیون,1.39 میلیون,دوشنبه
1396,2021-11-28,1.368 میلیون,1.367 میلیون,1.37 میلیون,سه‌شنبه
1397,2021-11-29,1.364 میلیون,1.364 میلیون,1.37 میلیون,چهارشنبه
1398,2021-11-30,1.357 میلیون,1.357 میلیون,1.364 میلیون,پنج‌شنبه
1399,2021-12-01,1.34 میلیون,1.34 میلیون,1.357 میلیون,جمعه
1400,2021-12-04,1.335 میلیون,1.334 میلیون,1.343 میلیون,دوشنبه
1401,2021-12-05,1.343 میلیون,1.336 میلیون,1.343 میلیون,سه‌شنبه
1402,2021-12-06,1.342 میلیون,1.342 میلیون,1.346 میلیون,چهارشنبه
1403,2021-12-07,1.338 میلیون,1.338 میلیون,1.342 میلیون,پنج‌شنبه
1404,2021-12-08,1.349 میلیون,1.338 میلیون,1.349 میلیون,جمعه
1405,2021-12-11,1.344 میلیون,1.344 میلیون,1.35 میلیون,دوشنبه
1406,2021-12-12,1.321 میلیون,1.321 میلیون,1.343 میلیون,سه‌شنبه
1407,2021-12-13,1.296 میلیون,1.296 میلیون,1.32 میلیون,چهارشنبه
1408,2021-12-14,1.292 میلیون,1.289 میلیون,1.293 میلیون,پنج‌شنبه
1409,2021-12-15,1.293 میلیون,1.292 میلیون,1.296 میلیون,جمعه
1410,2021-12-18,1.306 میلیون,1.295 میلیون,1.306 میلیون,دوشنبه
1411,2021-12-19,1.292 میلیون,1.292 میلیون,1.306 میلیون,سه‌شنبه
1412,2021-12-20,1.302 میلیون,1.293 میلیون,1.302 میلیون,چهارشنبه
1413,2021-12-21,1.318 میلیون,1.303 میلیون,1.318 میلیون,پنج‌شنبه
1414,2021-12-22,1.359 میلیون,1.322 میلیون,1.359 میلیون,جمعه
1415,2021-12-25,1.386 میلیون,1.367 میلیون,1.387 میلیون,دوشنبه
1416,2021-12-26,1.384 میلیون,1.379 میلیون,1.385 میلیون,سه‌شنبه
1417,2021-12-27,1.4 میلیون,1.386 میلیون,1.401 میلیون,چهارشنبه
1418,2021-12-28,1.4 میلیون,1.397 میلیون,1.4 میلیون,پنج‌شنبه
1419,2021-12-29,1.397 میلیون,1.397 میلیون,1.401 میلیون,جمعه
1420,2022-01-01,1.379 میلیون,1.379 میلیون,1.396 میلیون,دوشنبه
1421,2022-01-02,1.379 میلیون,1.379 میلیون,1.381 میلیون,سه‌شنبه
1422,2022-01-03,1.376 میلیون,1.376 میلیون,1.38 میلیون,چهارشنبه
1423,2022-01-04,1.363 میلیون,1.363 میلیون,1.376 میلیون,پنج‌شنبه
1424,2022-01-05,1.363 میلیون,1.362 میلیون,1.363 میلیون,جمعه
1425,2022-01-08,1.362 میلیون,1.362 میلیون,1.368 میلیون,دوشنبه
1426,2022-01-09,1.337 میلیون,1.337 میلیون,1.362 میلیون,سه‌شنبه
1427,2022-01-10,1.333 میلیون,1.33 میلیون,1.336 میلیون,چهارشنبه
1428,2022-01-11,1.336 میلیون,1.334 میلیون,1.338 میلیون,پنج‌شنبه
1429,2022-01-12,1.334 میلیون,1.334 میلیون,1.335 میلیون,جمعه
1430,2022-01-15,1.323 میلیون,1.323 میلیون,1.334 میلیون,دوشنبه
1431,2022-01-16,1.311 میلیون,1.311 میلیون,1.322 میلیون,سه‌شنبه
1432,2022-01-17,1.307 میلیون,1.307 میلیون,1.314 میلیون,چهارشنبه
1433,2022-01-18,1.276 میلیون,1.276 میلیون,1.306 میلیون,پنج‌شنبه
1434,2022-01-19,1.279 میلیون,1.275 میلیون,1.28 میلیون,جمعه
1435,2022-01-22,1.282 میلیون,1.282 میلیون,1.287 میلیون,دوشنبه
1436,2022-01-23,1.257 میلیون,1.257 میلیون,1.281 میلیون,سه‌شنبه
1437,2022-01-24,1.235 میلیون,1.235 میلیون,1.255 میلیون,چهارشنبه
1438,2022-01-25,1.208 میلیون,1.208 میلیون,1.234 میلیون,پنج‌شنبه
1439,2022-01-26,1.229 میلیون,1.214 میلیون,1.229 میلیون,جمعه
1440,2022-01-29,1.259 میلیون,1.233 میلیون,1.259 میلیون,دوشنبه
1441,2022-01-30,1.285 میلیون,1.268 میلیون,1.285 میلیون,سه‌شنبه
1442,2022-01-31,1.295 میلیون,1.285 میلیون,1.295 میلیون,چهارشنبه
1443,2022-02-01,1.301 میلیون,1.297 میلیون,1.301 میلیون,پنج‌شنبه
1444,2022-02-02,1.301 میلیون,1.299 میلیون,1.301 میلیون,جمعه
1445,2022-02-05,1.304 میلیون,1.304 میلیون,1.306 میلیون,دوشنبه
1446,2022-02-06,1.282 میلیون,1.282 میلیون,1.304 میلیون,سه‌شنبه
1447,2022-02-07,1.274 میلیون,1.274 میلیون,1.279 میلیون,چهارشنبه
1448,2022-02-08,1.281 میلیون,1.276 میلیون,1.281 میلیون,پنج‌شنبه
1449,2022-02-09,1.284 میلیون,1.279 میلیون,1.284 میلیون,جمعه
1450,2022-02-12,1.284 میلیون,1.284 میلیون,1.286 میلیون,دوشنبه
1451,2022-02-13,1.276 میلیون,1.276 میلیون,1.284 میلیون,سه‌شنبه
1452,2022-02-14,1.283 میلیون,1.277 میلیون,1.283 میلیون,چهارشنبه
1453,2022-02-16,1.282 میلیون,1.282 میلیون,1.284 میلیون,جمعه
1454,2022-02-19,1.282 میلیون,1.282 میلیون,1.283 میلیون,دوشنبه
1455,2022-02-20,1.274 میلیون,1.274 میلیون,1.283 میلیون,سه‌شنبه
1456,2022-02-21,1.282 میلیون,1.275 میلیون,1.283 میلیون,چهارشنبه
1457,2022-02-22,1.285 میلیون,1.283 میلیون,1.285 میلیون,پنج‌شنبه
1458,2022-02-23,1.288 میلیون,1.285 میلیون,1.288 میلیون,جمعه
1459,2022-02-26,1.283 میلیون,1.283 میلیون,1.288 میلیون,دوشنبه
1460,2022-02-27,1.279 میلیون,1.279 میلیون,1.282 میلیون,سه‌شنبه
1461,2022-02-28,1.282 میلیون,1.28 میلیون,1.282 میلیون,چهارشنبه
1462,2022-03-02,1.281 میلیون,1.281 میلیون,1.285 میلیون,جمعه
1463,2022-03-05,1.299 میلیون,1.287 میلیون,1.299 میلیون,دوشنبه
1464,2022-03-06,1.323 میلیون,1.304 میلیون,1.323 میلیون,سه‌شنبه
1465,2022-03-07,1.343 میلیون,1.328 میلیون,1.345 میلیون,چهارشنبه
1466,2022-03-08,1.337 میلیون,1.337 میلیون,1.342 میلیون,پنج‌شنبه
1467,2022-03-09,1.348 میلیون,1.338 میلیون,1.348 میلیون,جمعه
1468,2022-03-12,1.333 میلیون,1.333 میلیون,1.341 میلیون,دوشنبه
1469,2022-03-13,1.335 میلیون,1.332 میلیون,1.336 میلیون,سه‌شنبه
1470,2022-03-14,1.335 میلیون,1.335 میلیون,1.337 میلیون,چهارشنبه
1471,2022-03-15,1.337 میلیون,1.334 میلیون,1.338 میلیون,پنج‌شنبه
1472,2022-03-16,1.345 میلیون,1.339 میلیون,1.345 میلیون,جمعه
1473,2022-03-19,1.367 میلیون,1.348 میلیون,1.367 میلیون,دوشنبه
1474,2022-03-26,1.391 میلیون,1.374 میلیون,1.391 میلیون,دوشنبه
1475,2022-03-27,1.404 میلیون,1.392 میلیون,1.404 میلیون,سه‌شنبه
1476,2022-03-28,1.419 میلیون,1.404 میلیون,1.419 میلیون,چهارشنبه
1477,2022-03-29,1.414 میلیون,1.414 میلیون,1.423 میلیون,پنج‌شنبه
1478,2022-03-30,1.432 میلیون,1.412 میلیون,1.432 میلیون,جمعه
1479,2022-04-03,1.462 میلیون,1.435 میلیون,1.462 میلیون,سه‌شنبه
1480,2022-04-04,1.469 میلیون,1.469 میلیون,1.477 میلیون,چهارشنبه
1481,2022-04-05,1.471 میلیون,1.465 میلیون,1.471 میلیون,پنج‌شنبه
1482,2022-04-06,1.464 میلیون,1.464 میلیون,1.474 میلیون,جمعه
1483,2022-04-09,1.459 میلیون,1.452 میلیون,1.461 میلیون,دوشنبه
1484,2022-04-10,1.474 میلیون,1.462 میلیون,1.474 میلیون,سه‌شنبه
1485,2022-04-11,1.479 میلیون,1.475 میلیون,1.48 میلیون,چهارشنبه
1486,2022-04-12,1.446 میلیون,1.446 میلیون,1.474 میلیون,پنج‌شنبه
1487,2022-04-13,1.454 میلیون,1.443 میلیون,1.454 میلیون,جمعه
1488,2022-04-16,1.468 میلیون,1.458 میلیون,1.468 میلیون,دوشنبه
1489,2022-04-17,1.475 میلیون,1.466 میلیون,1.475 میلیون,سه‌شنبه
1490,2022-04-18,1.502 میلیون,1.479 میلیون,1.503 میلیون,چهارشنبه
1491,2022-04-19,1.513 میلیون,1.5 میلیون,1.513 میلیون,پنج‌شنبه
1492,2022-04-20,1.512 میلیون,1.511 میلیون,1.516 میلیون,جمعه
1493,2022-04-24,1.505 میلیون,1.505 میلیون,1.513 میلیون,سه‌شنبه
1494,2022-04-25,1.507 میلیون,1.502 میلیون,1.507 میلیون,چهارشنبه
1495,2022-04-26,1.523 میلیون,1.509 میلیون,1.523 میلیون,پنج‌شنبه
1496,2022-04-27,1.521 میلیون,1.521 میلیون,1.526 میلیون,جمعه
1497,2022-04-30,1.522 میلیون,1.521 میلیون,1.524 میلیون,دوشنبه
1498,2022-05-01,1.523 میلیون,1.522 میلیون,1.526 میلیون,سه‌شنبه
1499,2022-05-02,1.53 میلیون,1.523 میلیون,1.53 میلیون,چهارشنبه
1500,2022-05-07,1.544 میلیون,1.536 میلیون,1.544 میلیون,دوشنبه
1501,2022-05-08,1.553 میلیون,1.547 میلیون,1.553 میلیون,سه‌شنبه
1502,2022-05-09,1.54 میلیون,1.54 میلیون,1.554 میلیون,چهارشنبه
1503,2022-05-10,1.54 میلیون,1.535 میلیون,1.54 میلیون,پنج‌شنبه
1504,2022-05-11,1.564 میلیون,1.544 میلیون,1.564 میلیون,جمعه
1505,2022-05-14,1.578 میلیون,1.569 میلیون,1.578 میلیون,دوشنبه
1506,2022-05-15,1.573 میلیون,1.57 میلیون,1.58 میلیون,سه‌شنبه
1507,2022-05-16,1.584 میلیون,1.575 میلیون,1.584 میلیون,چهارشنبه
1508,2022-05-17,1.606 میلیون,1.589 میلیون,1.607 میلیون,پنج‌شنبه
1509,2022-05-18,1.595 میلیون,1.595 میلیون,1.605 میلیون,جمعه
1510,2022-05-21,1.58 میلیون,1.58 میلیون,1.592 میلیون,دوشنبه
1511,2022-05-22,1.582 میلیون,1.58 میلیون,1.582 میلیون,سه‌شنبه
1512,2022-05-24,1.556 میلیون,1.556 میلیون,1.557 میلیون,پنج‌شنبه
1513,2022-05-25,1.564 میلیون,1.558 میلیون,1.564 میلیون,جمعه
1514,2022-05-28,1.553 میلیون,1.553 میلیون,1.568 میلیون,دوشنبه
1515,2022-05-29,1.534 میلیون,1.533 میلیون,1.552 میلیون,سه‌شنبه
1516,2022-05-30,1.537 میلیون,1.535 میلیون,1.538 میلیون,چهارشنبه
1517,2022-05-31,1.543 میلیون,1.537 میلیون,1.543 میلیون,پنج‌شنبه
1518,2022-06-01,1.542 میلیون,1.54 میلیون,1.544 میلیون,جمعه
1519,2022-06-06,1.514 میلیون,1.514 میلیون,1.541 میلیون,چهارشنبه
1520,2022-06-07,1.515 میلیون,1.513 میلیون,1.516 میلیون,پنج‌شنبه
1521,2022-06-08,1.52 میلیون,1.516 میلیون,1.52 میلیون,جمعه
1522,2022-06-11,1.518 میلیون,1.518 میلیون,1.521 میلیون,دوشنبه
1523,2022-06-12,1.532 میلیون,1.517 میلیون,1.532 میلیون,سه‌شنبه
1524,2022-06-13,1.571 میلیون,1.537 میلیون,1.571 میلیون,چهارشنبه
1525,2022-06-14,1.574 میلیون,1.573 میلیون,1.575 میلیون,پنج‌شنبه
1526,2022-06-15,1.564 میلیون,1.564 میلیون,1.574 میلیون,جمعه
1527,2022-06-18,1.548 میلیون,1.548 میلیون,1.564 میلیون,دوشنبه
1528,2022-06-19,1.546 میلیون,1.546 میلیون,1.549 میلیون,سه‌شنبه
1529,2022-06-20,1.547 میلیون,1.547 میلیون,1.55 میلیون,چهارشنبه
1530,2022-06-21,1.54 میلیون,1.54 میلیون,1.547 میلیون,پنج‌شنبه
1531,2022-06-22,1.533 میلیون,1.533 میلیون,1.54 میلیون,جمعه
1532,2022-06-25,1.52 میلیون,1.52 میلیون,1.533 میلیون,دوشنبه
1533,2022-06-26,1.501 میلیون,1.501 میلیون,1.52 میلیون,سه‌شنبه
1534,2022-06-27,1.504 میلیون,1.501 میلیون,1.504 میلیون,چهارشنبه
1535,2022-06-29,1.514 میلیون,1.512 میلیون,1.514 میلیون,جمعه
1536,2022-07-02,1.502 میلیون,1.502 میلیون,1.513 میلیون,دوشنبه
1537,2022-07-03,1.503 میلیون,1.5 میلیون,1.503 میلیون,سه‌شنبه
1538,2022-07-04,1.507 میلیون,1.504 میلیون,1.507 میلیون,چهارشنبه
1539,2022-07-05,1.511 میلیون,1.507 میلیون,1.511 میلیون,پنج‌شنبه
1540,2022-07-06,1.503 میلیون,1.503 میلیون,1.51 میلیون,جمعه
1541,2022-07-11,1.488 میلیون,1.488 میلیون,1.499 میلیون,چهارشنبه
1542,2022-07-12,1.484 میلیون,1.48 میلیون,1.487 میلیون,پنج‌شنبه
1543,2022-07-13,1.49 میلیون,1.487 میلیون,1.491 میلیون,جمعه
1544,2022-07-16,1.48 میلیون,1.48 میلیون,1.49 میلیون,دوشنبه
1545,2022-07-17,1.47 میلیون,1.468 میلیون,1.48 میلیون,سه‌شنبه
1546,2022-07-19,1.469 میلیون,1.469 میلیون,1.471 میلیون,پنج‌شنبه
1547,2022-07-20,1.472 میلیون,1.469 میلیون,1.472 میلیون,جمعه
1548,2022-07-23,1.473 میلیون,1.473 میلیون,1.477 میلیون,دوشنبه
1549,2022-07-25,1.439 میلیون,1.439 میلیون,1.463 میلیون,چهارشنبه
1550,2022-07-26,1.438 میلیون,1.438 میلیون,1.441 میلیون,پنج‌شنبه
1551,2022-07-27,1.444 میلیون,1.439 میلیون,1.444 میلیون,جمعه
1552,2022-07-30,1.441 میلیون,1.441 میلیون,1.449 میلیون,دوشنبه
1553,2022-07-31,1.423 میلیون,1.423 میلیون,1.441 میلیون,سه‌شنبه
1554,2022-08-01,1.428 میلیون,1.424 میلیون,1.428 میلیون,چهارشنبه
1555,2022-08-02,1.43 میلیون,1.428 میلیون,1.43 میلیون,پنج‌شنبه
1556,2022-08-03,1.437 میلیون,1.431 میلیون,1.437 میلیون,جمعه
1557,2022-08-06,1.449 میلیون,1.439 میلیون,1.449 میلیون,دوشنبه
1558,2022-08-09,1.452 میلیون,1.448 میلیون,1.453 میلیون,پنج‌شنبه
1559,2022-08-10,1.448 میلیون,1.448 میلیون,1.453 میلیون,جمعه
1560,2022-08-13,1.467 میلیون,1.451 میلیون,1.467 میلیون,دوشنبه
1561,2022-08-14,1.464 میلیون,1.464 میلیون,1.47 میلیون,سه‌شنبه
1562,2022-08-15,1.464 میلیون,1.461 میلیون,1.464 میلیون,چهارشنبه
1563,2022-08-16,1.46 میلیون,1.46 میلیون,1.467 میلیون,پنج‌شنبه
1564,2022-08-17,1.451 میلیون,1.451 میلیون,1.461 میلیون,جمعه
1565,2022-08-20,1.439 میلیون,1.439 میلیون,1.45 میلیون,دوشنبه
1566,2022-08-21,1.43 میلیون,1.43 میلیون,1.439 میلیون,سه‌شنبه
1567,2022-08-22,1.424 میلیون,1.424 میلیون,1.431 میلیون,چهارشنبه
1568,2022-08-23,1.431 میلیون,1.425 میلیون,1.431 میلیون,پنج‌شنبه
1569,2022-08-24,1.442 میلیون,1.432 میلیون,1.442 میلیون,جمعه
1570,2022-08-27,1.45 میلیون,1.443 میلیون,1.451 میلیون,دوشنبه
1571,2022-08-28,1.444 میلیون,1.444 میلیون,1.45 میلیون,سه‌شنبه
1572,2022-08-29,1.445 میلیون,1.444 میلیون,1.446 میلیون,چهارشنبه
1573,2022-08-30,1.441 میلیون,1.441 میلیون,1.446 میلیون,پنج‌شنبه
1574,2022-08-31,1.439 میلیون,1.439 میلیون,1.441 میلیون,جمعه
1575,2022-09-03,1.427 میلیون,1.427 میلیون,1.439 میلیون,دوشنبه
1576,2022-09-04,1.427 میلیون,1.427 میلیون,1.428 میلیون,سه‌شنبه
1577,2022-09-05,1.427 میلیون,1.427 میلیون,1.429 میلیون,چهارشنبه
1578,2022-09-06,1.421 میلیون,1.421 میلیون,1.427 میلیون,پنج‌شنبه
1579,2022-09-07,1.413 میلیون,1.413 میلیون,1.421 میلیون,جمعه
1580,2022-09-10,1.397 میلیون,1.397 میلیون,1.412 میلیون,دوشنبه
1581,2022-09-11,1.391 میلیون,1.391 میلیون,1.397 میلیون,سه‌شنبه
1582,2022-09-12,1.389 میلیون,1.389 میلیون,1.393 میلیون,چهارشنبه
1583,2022-09-13,1.393 میلیون,1.389 میلیون,1.393 میلیون,پنج‌شنبه
1584,2022-09-14,1.389 میلیون,1.389 میلیون,1.394 میلیون,جمعه
1585,2022-09-18,1.378 میلیون,1.378 میلیون,1.389 میلیون,سه‌شنبه
1586,2022-09-19,1.374 میلیون,1.374 میلیون,1.378 میلیون,چهارشنبه
1587,2022-09-20,1.367 میلیون,1.367 میلیون,1.374 میلیون,پنج‌شنبه
1588,2022-09-21,1.355 میلیون,1.355 میلیون,1.366 میلیون,جمعه
1589,2022-09-24,1.328 میلیون,1.328 میلیون,1.354 میلیون,دوشنبه
1590,2022-09-26,1.334 میلیون,1.328 میلیون,1.334 میلیون,چهارشنبه
1591,2022-09-28,1.347 میلیون,1.335 میلیون,1.347 میلیون,جمعه
1592,2022-10-01,1.331 میلیون,1.331 میلیون,1.346 میلیون,دوشنبه
1593,2022-10-02,1.322 میلیون,1.322 میلیون,1.33 میلیون,سه‌شنبه
1594,2022-10-03,1.319 میلیون,1.319 میلیون,1.323 میلیون,چهارشنبه
1595,2022-10-04,1.314 میلیون,1.314 میلیون,1.319 میلیون,پنج‌شنبه
1596,2022-10-09,1.305 میلیون,1.305 میلیون,1.316 میلیون,سه‌شنبه
1597,2022-10-10,1.304 میلیون,1.303 میلیون,1.306 میلیون,چهارشنبه
1598,2022-10-11,1.314 میلیون,1.305 میلیون,1.314 میلیون,پنج‌شنبه
1599,2022-10-12,1.32 میلیون,1.314 میلیون,1.32 میلیون,جمعه
1600,2022-10-15,1.318 میلیون,1.318 میلیون,1.32 میلیون,دوشنبه
1601,2022-10-16,1.314 میلیون,1.314 میلیون,1.318 میلیون,سه‌شنبه
1602,2022-10-18,1.313 میلیون,1.311 میلیون,1.314 میلیون,پنج‌شنبه
1603,2022-10-19,1.31 میلیون,1.31 میلیون,1.312 میلیون,جمعه
1604,2022-10-22,1.309 میلیون,1.309 میلیون,1.312 میلیون,دوشنبه
1605,2022-10-23,1.297 میلیون,1.297 میلیون,1.309 میلیون,سه‌شنبه
1606,2022-10-24,1.278 میلیون,1.278 میلیون,1.296 میلیون,چهارشنبه
1607,2022-10-25,1.267 میلیون,1.267 میلیون,1.278 میلیون,پنج‌شنبه
1608,2022-10-26,1.241 میلیون,1.241 میلیون,1.267 میلیون,جمعه
1609,2022-10-29,1.245 میلیون,1.243 میلیون,1.247 میلیون,دوشنبه
1610,2022-10-30,1.254 میلیون,1.245 میلیون,1.254 میلیون,سه‌شنبه
1611,2022-10-31,1.27 میلیون,1.255 میلیون,1.27 میلیون,چهارشنبه
1612,2022-11-01,1.28 میلیون,1.271 میلیون,1.28 میلیون,پنج‌شنبه
1613,2022-11-02,1.284 میلیون,1.279 میلیون,1.284 میلیون,جمعه
1614,2022-11-05,1.328 میلیون,1.286 میلیون,1.328 میلیون,دوشنبه
1615,2022-11-06,1.345 میلیون,1.332 میلیون,1.345 میلیون,سه‌شنبه
1616,2022-11-07,1.39 میلیون,1.347 میلیون,1.39 میلیون,چهارشنبه
1617,2022-11-08,1.408 میلیون,1.4 میلیون,1.413 میلیون,پنج‌شنبه
1618,2022-11-09,1.414 میلیون,1.403 میلیون,1.414 میلیون,جمعه
1619,2022-11-12,1.426 میلیون,1.417 میلیون,1.427 میلیون,دوشنبه
1620,2022-11-13,1.419 میلیون,1.419 میلیون,1.426 میلیون,سه‌شنبه
1621,2022-11-14,1.408 میلیون,1.408 میلیون,1.419 میلیون,چهارشنبه
1622,2022-11-15,1.41 میلیون,1.409 میلیون,1.411 میلیون,پنج‌شنبه
1623,2022-11-16,1.414 میلیون,1.41 میلیون,1.414 میلیون,جمعه
1624,2022-11-20,1.405 میلیون,1.396 میلیون,1.405 میلیون,سه‌شنبه
1625,2022-11-21,1.409 میلیون,1.406 میلیون,1.409 میلیون,چهارشنبه
1626,2022-11-22,1.408 میلیون,1.407 میلیون,1.408 میلیون,پنج‌شنبه
1627,2022-11-23,1.41 میلیون,1.408 میلیون,1.411 میلیون,جمعه
1628,2022-11-26,1.408 میلیون,1.408 میلیون,1.412 میلیون,دوشنبه
1629,2022-11-27,1.406 میلیون,1.406 میلیون,1.408 میلیون,سه‌شنبه
1630,2022-11-28,1.408 میلیون,1.407 میلیون,1.408 میلیون,چهارشنبه
1631,2022-11-29,1.414 میلیون,1.408 میلیون,1.414 میلیون,پنج‌شنبه
1632,2022-11-30,1.417 میلیون,1.415 میلیون,1.418 میلیون,جمعه
1633,2022-12-03,1.418 میلیون,1.417 میلیون,1.419 میلیون,دوشنبه
1634,2022-12-04,1.418 میلیون,1.418 میلیون,1.42 میلیون,سه‌شنبه
1635,2022-12-05,1.414 میلیون,1.414 میلیون,1.419 میلیون,چهارشنبه
1636,2022-12-06,1.409 میلیون,1.409 میلیون,1.414 میلیون,پنج‌شنبه
1637,2022-12-07,1.403 میلیون,1.403 میلیون,1.411 میلیون,جمعه
1638,2022-12-10,1.384 میلیون,1.384 میلیون,1.402 میلیون,دوشنبه
1639,2022-12-11,1.389 میلیون,1.384 میلیون,1.389 میلیون,سه‌شنبه
1640,2022-12-12,1.409 میلیون,1.39 میلیون,1.409 میلیون,چهارشنبه
1641,2022-12-13,1.454 میلیون,1.412 میلیون,1.454 میلیون,پنج‌شنبه
1642,2022-12-14,1.473 میلیون,1.462 میلیون,1.474 میلیون,جمعه
1643,2022-12-17,1.47 میلیون,1.469 میلیون,1.472 میلیون,دوشنبه
1644,2022-12-18,1.5 میلیون,1.473 میلیون,1.5 میلیون,سه‌شنبه
1645,2022-12-19,1.501 میلیون,1.5 میلیون,1.505 میلیون,چهارشنبه
1646,2022-12-20,1.492 میلیون,1.492 میلیون,1.501 میلیون,پنج‌شنبه
1647,2022-12-21,1.496 میلیون,1.493 میلیون,1.496 میلیون,جمعه
1648,2022-12-24,1.538 میلیون,1.501 میلیون,1.538 میلیون,دوشنبه
1649,2022-12-25,1.564 میلیون,1.547 میلیون,1.564 میلیون,سه‌شنبه
1650,2022-12-26,1.576 میلیون,1.563 میلیون,1.576 میلیون,چهارشنبه
1651,2022-12-28,1.647 میلیون,1.589 میلیون,1.647 میلیون,جمعه
1652,2022-12-31,1.59 میلیون,1.59 میلیون,1.62 میلیون,دوشنبه
1653,2023-01-01,1.564 میلیون,1.564 میلیون,1.592 میلیون,سه‌شنبه
1654,2023-01-02,1.593 میلیون,1.569 میلیون,1.593 میلیون,چهارشنبه
1655,2023-01-03,1.591 میلیون,1.591 میلیون,1.603 میلیون,پنج‌شنبه
1656,2023-01-04,1.579 میلیون,1.579 میلیون,1.589 میلیون,جمعه
1657,2023-01-07,1.598 میلیون,1.584 میلیون,1.598 میلیون,دوشنبه
1658,2023-01-08,1.635 میلیون,1.61 میلیون,1.636 میلیون,سه‌شنبه
1659,2023-01-09,1.647 میلیون,1.636 میلیون,1.647 میلیون,چهارشنبه
1660,2023-01-10,1.668 میلیون,1.659 میلیون,1.675 میلیون,پنج‌شنبه
1661,2023-01-11,1.652 میلیون,1.652 میلیون,1.665 میلیون,جمعه
1662,2023-01-14,1.644 میلیون,1.631 میلیون,1.644 میلیون,دوشنبه
1663,2023-01-15,1.644 میلیون,1.644 میلیون,1.644 میلیون,سه‌شنبه
1664,2023-01-16,1.681 میلیون,1.65 میلیون,1.681 میلیون,چهارشنبه
1665,2023-01-17,1.687 میلیون,1.687 میلیون,1.693 میلیون,پنج‌شنبه
1666,2023-01-18,1.689 میلیون,1.683 میلیون,1.689 میلیون,جمعه
1667,2023-01-21,1.658 میلیون,1.658 میلیون,1.689 میلیون,دوشنبه
1668,2023-01-22,1.653 میلیون,1.649 میلیون,1.663 میلیون,سه‌شنبه
1669,2023-01-23,1.654 میلیون,1.654 میلیون,1.668 میلیون,چهارشنبه
1670,2023-01-24,1.646 میلیون,1.646 میلیون,1.654 میلیون,پنج‌شنبه
1671,2023-01-25,1.612 میلیون,1.612 میلیون,1.647 میلیون,جمعه
1672,2023-01-28,1.6 میلیون,1.6 میلیون,1.613 میلیون,دوشنبه
1673,2023-01-29,1.542 میلیون,1.542 میلیون,1.598 میلیون,سه‌شنبه
1674,2023-01-30,1.54 میلیون,1.531 میلیون,1.544 میلیون,چهارشنبه
1675,2023-01-31,1.557 میلیون,1.542 میلیون,1.558 میلیون,پنج‌شنبه
1676,2023-02-01,1.557 میلیون,1.556 میلیون,1.558 میلیون,جمعه
1677,2023-02-05,1.54 میلیون,1.54 میلیون,1.557 میلیون,سه‌شنبه
1678,2023-02-06,1.538 میلیون,1.535 میلیون,1.539 میلیون,چهارشنبه
1679,2023-02-07,1.557 میلیون,1.54 میلیون,1.557 میلیون,پنج‌شنبه
1680,2023-02-08,1.558 میلیون,1.558 میلیون,1.561 میلیون,جمعه
1681,2023-02-12,1.546 میلیون,1.546 میلیون,1.558 میلیون,سه‌شنبه
1682,2023-02-13,1.548 میلیون,1.547 میلیون,1.552 میلیون,چهارشنبه
1683,2023-02-14,1.538 میلیون,1.538 میلیون,1.548 میلیون,پنج‌شنبه
1684,2023-02-15,1.525 میلیون,1.525 میلیون,1.538 میلیون,جمعه
1685,2023-02-19,1.533 میلیون,1.525 میلیون,1.533 میلیون,سه‌شنبه
1686,2023-02-20,1.594 میلیون,1.549 میلیون,1.594 میلیون,چهارشنبه
1687,2023-02-21,1.659 میلیون,1.625 میلیون,1.662 میلیون,پنج‌شنبه
1688,2023-02-22,1.657 میلیون,1.654 میلیون,1.663 میلیون,جمعه
1689,2023-02-25,1.739 میلیون,1.695 میلیون,1.739 میلیون,دوشنبه
1690,2023-02-26,1.804 میلیون,1.792 میلیون,1.814 میلیون,سه‌شنبه
1691,2023-02-27,1.809 میلیون,1.793 میلیون,1.818 میلیون,چهارشنبه
1692,2023-02-28,1.838 میلیون,1.81 میلیون,1.838 میلیون,پنج‌شنبه
1693,2023-03-01,1.822 میلیون,1.822 میلیون,1.835 میلیون,جمعه
1694,2023-03-04,1.788 میلیون,1.788 میلیون,1.812 میلیون,دوشنبه
1695,2023-03-05,1.796 میلیون,1.791 میلیون,1.799 میلیون,سه‌شنبه
1696,2023-03-06,1.786 میلیون,1.781 میلیون,1.793 میلیون,چهارشنبه
1697,2023-03-07,1.818 میلیون,1.787 میلیون,1.818 میلیون,پنج‌شنبه
1698,2023-03-11,1.817 میلیون,1.817 میلیون,1.828 میلیون,دوشنبه
1699,2023-03-12,1.783 میلیون,1.783 میلیون,1.81 میلیون,سه‌شنبه
1700,2023-03-13,1.782 میلیون,1.782 میلیون,1.789 میلیون,چهارشنبه
1701,2023-03-14,1.783 میلیون,1.782 میلیون,1.784 میلیون,پنج‌شنبه
1702,2023-03-15,1.821 میلیون,1.785 میلیون,1.821 میلیون,جمعه
1703,2023-03-18,1.906 میلیون,1.831 میلیون,1.907 میلیون,دوشنبه
1704,2023-03-19,1.96 میلیون,1.922 میلیون,1.96 میلیون,سه‌شنبه
1705,2023-03-25,1.998 میلیون,1.969 میلیون,1.998 میلیون,دوشنبه
1706,2023-03-26,2.019 میلیون,2.002 میلیون,2.034 میلیون,سه‌شنبه
1707,2023-03-27,2.029 میلیون,2.01 میلیون,2.029 میلیون,چهارشنبه
1708,2023-03-28,2.044 میلیون,2.035 میلیون,2.047 میلیون,پنج‌شنبه
1709,2023-03-29,2.079 میلیون,2.048 میلیون,2.079 میلیون,جمعه
1710,2023-04-03,2.09 میلیون,2.056 میلیون,2.09 میلیون,چهارشنبه
1711,2023-04-04,2.119 میلیون,2.1 میلیون,2.134 میلیون,پنج‌شنبه
1712,2023-04-05,2.137 میلیون,2.111 میلیون,2.137 میلیون,جمعه
1713,2023-04-08,2.202 میلیون,2.141 میلیون,2.204 میلیون,دوشنبه
1714,2023-04-09,2.213 میلیون,2.204 میلیون,2.214 میلیون,سه‌شنبه
1715,2023-04-11,2.18 میلیون,2.173 میلیون,2.184 میلیون,پنج‌شنبه
1716,2023-04-15,2.254 میلیون,2.199 میلیون,2.254 میلیون,دوشنبه
1717,2023-04-16,2.275 میلیون,2.263 میلیون,2.276 میلیون,سه‌شنبه
1718,2023-04-17,2.289 میلیون,2.269 میلیون,2.29 میلیون,چهارشنبه
1719,2023-04-18,2.325 میلیون,2.296 میلیون,2.331 میلیون,پنج‌شنبه
1720,2023-04-19,2.324 میلیون,2.319 میلیون,2.33 میلیون,جمعه
1721,2023-04-24,2.326 میلیون,2.315 میلیون,2.326 میلیون,چهارشنبه
1722,2023-04-25,2.369 میلیون,2.336 میلیون,2.378 میلیون,پنج‌شنبه
1723,2023-04-26,2.365 میلیون,2.352 میلیون,2.368 میلیون,جمعه
1724,2023-04-29,2.439 میلیون,2.394 میلیون,2.439 میلیون,دوشنبه
1725,2023-04-30,2.479 میلیون,2.462 میلیون,2.479 میلیون,سه‌شنبه
1726,2023-05-01,2.481 میلیون,2.471 میلیون,2.489 میلیون,چهارشنبه
1727,2023-05-02,2.518 میلیون,2.487 میلیون,2.518 میلیون,پنج‌شنبه
1728,2023-05-03,2.515 میلیون,2.515 میلیون,2.526 میلیون,جمعه
1729,2023-05-06,2.535 میلیون,2.528 میلیون,2.535 میلیون,دوشنبه
1730,2023-05-07,2.44 میلیون,2.44 میلیون,2.548 میلیون,سه‌شنبه
1731,2023-05-08,2.314 میلیون,2.314 میلیون,2.383 میلیون,چهارشنبه
1732,2023-05-09,2.306 میلیون,2.261 میلیون,2.306 میلیون,پنج‌شنبه
1733,2023-05-10,2.278 میلیون,2.278 میلیون,2.334 میلیون,جمعه
1734,2023-05-13,2.214 میلیون,2.212 میلیون,2.268 میلیون,دوشنبه
1735,2023-05-14,2.286 میلیون,2.229 میلیون,2.286 میلیون,سه‌شنبه
1736,2023-05-15,2.301 میلیون,2.291 میلیون,2.302 میلیون,چهارشنبه
1737,2023-05-17,2.321 میلیون,2.302 میلیون,2.321 میلیون,جمعه
1738,2023-05-20,2.298 میلیون,2.298 میلیون,2.329 میلیون,دوشنبه
1739,2023-05-21,2.303 میلیون,2.291 میلیون,2.303 میلیون,سه‌شنبه
1740,2023-05-22,2.319 میلیون,2.309 میلیون,2.32 میلیون,چهارشنبه
1741,2023-05-23,2.331 میلیون,2.322 میلیون,2.337 میلیون,پنج‌شنبه
1742,2023-05-24,2.346 میلیون,2.346 میلیون,2.352 میلیون,جمعه
1743,2023-05-27,2.311 میلیون,2.311 میلیون,2.342 میلیون,دوشنبه
1744,2023-05-28,2.257 میلیون,2.255 میلیون,2.308 میلیون,سه‌شنبه
1745,2023-05-29,2.275 میلیون,2.26 میلیون,2.275 میلیون,چهارشنبه
1746,2023-05-30,2.288 میلیون,2.278 میلیون,2.29 میلیون,پنج‌شنبه
1747,2023-05-31,2.271 میلیون,2.269 میلیون,2.289 میلیون,جمعه
1748,2023-06-03,2.28 میلیون,2.271 میلیون,2.28 میلیون,دوشنبه
1749,2023-06-06,2.29 میلیون,2.282 میلیون,2.29 میلیون,پنج‌شنبه
1750,2023-06-07,2.288 میلیون,2.288 میلیون,2.292 میلیون,جمعه
1751,2023-06-10,2.215 میلیون,2.215 میلیون,2.277 میلیون,دوشنبه
1752,2023-06-12,2.145 میلیون,2.145 میلیون,2.209 میلیون,چهارشنبه
1753,2023-06-13,2.155 میلیون,2.146 میلیون,2.155 میلیون,پنج‌شنبه
1754,2023-06-14,2.182 میلیون,2.159 میلیون,2.184 میلیون,جمعه
1755,2023-06-17,2.183 میلیون,2.183 میلیون,2.19 میلیون,دوشنبه
1756,2023-06-18,2.163 میلیون,2.163 میلیون,2.182 میلیون,سه‌شنبه
1757,2023-06-19,2.164 میلیون,2.162 میلیون,2.168 میلیون,چهارشنبه
1758,2023-06-20,2.167 میلیون,2.161 میلیون,2.167 میلیون,پنج‌شنبه
1759,2023-06-21,2.174 میلیون,2.169 میلیون,2.177 میلیون,جمعه
1760,2023-06-24,2.163 میلیون,2.163 میلیون,2.174 میلیون,دوشنبه
1761,2023-06-25,2.19 میلیون,2.17 میلیون,2.19 میلیون,سه‌شنبه
1762,2023-06-26,2.196 میلیون,2.188 میلیون,2.197 میلیون,چهارشنبه
1763,2023-06-27,2.168 میلیون,2.168 میلیون,2.196 میلیون,پنج‌شنبه
1764,2023-06-28,2.153 میلیون,2.152 میلیون,2.162 میلیون,جمعه
1765,2023-07-01,2.144 میلیون,2.144 میلیون,2.154 میلیون,دوشنبه
1766,2023-07-02,2.157 میلیون,2.144 میلیون,2.158 میلیون,سه‌شنبه
1767,2023-07-03,2.183 میلیون,2.159 میلیون,2.183 میلیون,چهارشنبه
1768,2023-07-04,2.202 میلیون,2.185 میلیون,2.204 میلیون,پنج‌شنبه
1769,2023-07-05,2.203 میلیون,2.202 میلیون,2.206 میلیون,جمعه
1770,2023-10-04,2.07 میلیون,2.068 میلیون,2.071 میلیون,جمعه
1771,2023-10-07,2.053 میلیون,2.053 میلیون,2.07 میلیون,دوشنبه
1772,2023-10-08,2.001 میلیون,2.001 میلیون,2.05 میلیون,سه‌شنبه
1773,2023-10-09,2.006 میلیون,2 میلیون,2.01 میلیون,چهارشنبه
1774,2023-10-10,2.014 میلیون,2.006 میلیون,2.014 میلیون,پنج‌شنبه
1775,2023-10-11,2.02 میلیون,2.015 میلیون,2.02 میلیون,جمعه
1776,2023-10-14,2.001 میلیون,2.001 میلیون,2.019 میلیون,دوشنبه
1777,2023-10-15,2.002 میلیون,2.001 میلیون,2.003 میلیون,سه‌شنبه
1778,2023-10-16,2.018 میلیون,2.002 میلیون,2.018 میلیون,چهارشنبه
1779,2023-10-18,2.024 میلیون,2.024 میلیون,2.03 میلیون,جمعه
1780,2023-10-21,2.025 میلیون,2.024 میلیون,2.026 میلیون,دوشنبه
1781,2023-10-22,2.032 میلیون,2.027 میلیون,2.033 میلیون,سه‌شنبه
1782,2023-10-23,2.022 میلیون,2.022 میلیون,2.031 میلیون,چهارشنبه
1783,2023-10-24,2 میلیون,2 میلیون,2.022 میلیون,پنج‌شنبه
1784,2023-11-01,1.968 میلیون,1.968 میلیون,1.98 میلیون,جمعه
1785,2023-11-18,2.029 میلیون,2.029 میلیون,2.039 میلیون,دوشنبه
1786,2023-11-19,2.026 میلیون,2.026 میلیون,2.031 میلیون,سه‌شنبه
1787,2023-11-20,2.023 میلیون,2.022 میلیون,2.026 میلیون,چهارشنبه
1788,2023-11-22,2.023 میلیون,2.021 میلیون,2.024 میلیون,جمعه
1789,2023-11-27,2.026 میلیون,2.025 میلیون,2.028 میلیون,چهارشنبه
1790,2023-11-28,2.032 میلیون,2.026 میلیون,2.032 میلیون,پنج‌شنبه
1791,2023-11-29,2.044 میلیون,2.034 میلیون,2.044 میلیون,جمعه
1792,2023-12-02,2.088 میلیون,2.064 میلیون,2.088 میلیون,دوشنبه
1793,2023-12-03,2.121 میلیون,2.088 میلیون,2.121 میلیون,سه‌شنبه
1794,2023-12-04,2.165 میلیون,2.142 میلیون,2.165 میلیون,چهارشنبه
1795,2023-12-05,2.177 میلیون,2.165 میلیون,2.177 میلیون,پنج‌شنبه
1796,2023-12-06,2.171 میلیون,2.171 میلیون,2.177 میلیون,جمعه
1797,2023-12-09,2.161 میلیون,2.161 میلیون,2.171 میلیون,دوشنبه
1798,2023-12-10,2.161 میلیون,2.159 میلیون,2.161 میلیون,سه‌شنبه
1799,2023-12-11,2.163 میلیون,2.162 میلیون,2.166 میلیون,چهارشنبه
1800,2023-12-12,2.161 میلیون,2.161 میلیون,2.164 میلیون,پنج‌شنبه
1801,2023-12-13,2.158 میلیون,2.158 میلیون,2.162 میلیون,جمعه
1802,2023-12-16,2.172 میلیون,2.159 میلیون,2.172 میلیون,دوشنبه
1803,2023-12-18,2.208 میلیون,2.174 میلیون,2.208 میلیون,چهارشنبه
1804,2023-12-19,2.212 میلیون,2.207 میلیون,2.216 میلیون,پنج‌شنبه
1805,2023-12-20,2.21 میلیون,2.21 میلیون,2.214 میلیون,جمعه
1806,2023-12-23,2.208 میلیون,2.208 میلیون,2.211 میلیون,دوشنبه
1807,2023-12-24,2.2 میلیون,2.2 میلیون,2.209 میلیون,سه‌شنبه
1808,2023-12-26,2.179 میلیون,2.179 میلیون,2.194 میلیون,پنج‌شنبه
1809,2023-12-27,2.177 میلیون,2.177 میلیون,2.179 میلیون,جمعه
1810,2023-12-30,2.183 میلیون,2.179 میلیون,2.184 میلیون,دوشنبه
1811,2023-12-31,2.176 میلیون,2.176 میلیون,2.183 میلیون,سه‌شنبه
1812,2024-01-01,2.168 میلیون,2.168 میلیون,2.176 میلیون,چهارشنبه
1813,2024-01-02,2.159 میلیون,2.159 میلیون,2.168 میلیون,پنج‌شنبه
1814,2024-01-03,2.155 میلیون,2.155 میلیون,2.159 میلیون,جمعه
1815,2024-01-06,2.154 میلیون,2.152 میلیون,2.155 میلیون,دوشنبه
1816,2024-01-07,2.155 میلیون,2.154 میلیون,2.157 میلیون,سه‌شنبه
1817,2024-01-08,2.154 میلیون,2.154 میلیون,2.157 میلیون,چهارشنبه
1818,2024-01-09,2.156 میلیون,2.153 میلیون,2.157 میلیون,پنج‌شنبه
1819,2024-01-10,2.171 میلیون,2.157 میلیون,2.171 میلیون,جمعه
1820,2024-01-13,2.181 میلیون,2.171 میلیون,2.181 میلیون,دوشنبه
1821,2024-01-14,2.197 میلیون,2.181 میلیون,2.197 میلیون,سه‌شنبه
1822,2024-01-15,2.195 میلیون,2.195 میلیون,2.198 میلیون,چهارشنبه
1823,2024-01-16,2.187 میلیون,2.187 میلیون,2.194 میلیون,پنج‌شنبه
1824,2024-01-17,2.186 میلیون,2.186 میلیون,2.189 میلیون,جمعه
1825,2024-01-20,2.167 میلیون,2.167 میلیون,2.188 میلیون,دوشنبه
1826,2024-01-21,2.153 میلیون,2.153 میلیون,2.164 میلیون,سه‌شنبه
1827,2024-01-22,2.147 میلیون,2.147 میلیون,2.156 میلیون,چهارشنبه
1828,2024-01-23,2.12 میلیون,2.12 میلیون,2.146 میلیون,پنج‌شنبه
1829,2024-01-24,2.123 میلیون,2.12 میلیون,2.124 میلیون,جمعه
1830,2024-01-27,2.127 میلیون,2.124 میلیون,2.128 میلیون,دوشنبه
1831,2024-01-28,2.128 میلیون,2.127 میلیون,2.128 میلیون,سه‌شنبه
1832,2024-01-29,2.12 میلیون,2.12 میلیون,2.128 میلیون,چهارشنبه
1833,2024-01-30,2.11 میلیون,2.11 میلیون,2.12 میلیون,پنج‌شنبه
1834,2024-01-31,2.107 میلیون,2.106 میلیون,2.11 میلیون,جمعه
1835,2024-02-03,2.111 میلیون,2.107 میلیون,2.114 میلیون,دوشنبه
1836,2024-02-04,2.1 میلیون,2.1 میلیون,2.112 میلیون,سه‌شنبه
1837,2024-02-05,2.098 میلیون,2.098 میلیون,2.1 میلیون,چهارشنبه
1838,2024-02-06,2.097 میلیون,2.097 میلیون,2.099 میلیون,پنج‌شنبه
1839,2024-02-07,2.098 میلیون,2.097 میلیون,2.098 میلیون,جمعه
1840,2024-02-10,2.1 میلیون,2.098 میلیون,2.101 میلیون,دوشنبه
1841,2024-02-12,2.092 میلیون,2.092 میلیون,2.1 میلیون,چهارشنبه
1842,2024-02-13,2.09 میلیون,2.09 میلیون,2.095 میلیون,پنج‌شنبه
1843,2024-02-14,2.079 میلیون,2.079 میلیون,2.09 میلیون,جمعه
1844,2024-02-17,2.06 میلیون,2.06 میلیون,2.079 میلیون,دوشنبه
1845,2024-02-18,2.065 میلیون,2.06 میلیون,2.065 میلیون,سه‌شنبه
1846,2024-02-19,2.071 میلیون,2.065 میلیون,2.071 میلیون,چهارشنبه
1847,2024-02-20,2.072 میلیون,2.071 میلیون,2.072 میلیون,پنج‌شنبه
1848,2024-02-21,2.071 میلیون,2.071 میلیون,2.072 میلیون,جمعه
1849,2024-02-24,2.066 میلیون,2.066 میلیون,2.072 میلیون,دوشنبه
1850,2024-02-26,2.05 میلیون,2.049 میلیون,2.066 میلیون,چهارشنبه
1851,2024-02-27,2.046 میلیون,2.046 میلیون,2.05 میلیون,پنج‌شنبه
1852,2024-02-28,2.055 میلیون,2.047 میلیون,2.056 میلیون,جمعه
1853,2024-03-02,2.087 میلیون,2.056 میلیون,2.087 میلیون,دوشنبه
1854,2024-03-03,2.147 میلیون,2.098 میلیون,2.148 میلیون,سه‌شنبه
1855,2024-03-04,2.14 میلیون,2.14 میلیون,2.151 میلیون,چهارشنبه
1856,2024-03-05,2.172 میلیون,2.141 میلیون,2.173 میلیون,پنج‌شنبه
1857,2024-03-06,2.166 میلیون,2.166 میلیون,2.174 میلیون,جمعه
1858,2024-03-09,2.164 میلیون,2.164 میلیون,2.17 میلیون,دوشنبه
1859,2024-03-10,2.16 میلیون,2.16 میلیون,2.164 میلیون,سه‌شنبه
1860,2024-03-11,2.162 میلیون,2.16 میلیون,2.163 میلیون,چهارشنبه
1861,2024-03-12,2.164 میلیون,2.163 میلیون,2.169 میلیون,پنج‌شنبه
1862,2024-03-13,2.15 میلیون,2.15 میلیون,2.164 میلیون,جمعه
1863,2024-03-16,2.148 میلیون,2.148 میلیون,2.156 میلیون,دوشنبه
1864,2024-03-17,2.16 میلیون,2.149 میلیون,2.16 میلیون,سه‌شنبه
1865,2024-03-18,2.195 میلیون,2.161 میلیون,2.195 میلیون,چهارشنبه
1866,2024-03-25,2.254 میلیون,2.241 میلیون,2.255 میلیون,چهارشنبه
1867,2024-03-26,2.249 میلیون,2.249 میلیون,2.254 میلیون,پنج‌شنبه
1868,2024-03-27,2.261 میلیون,2.25 میلیون,2.261 میلیون,جمعه
1869,2024-03-30,2.261 میلیون,2.259 میلیون,2.262 میلیون,دوشنبه
1870,2024-04-02,2.245 میلیون,2.239 میلیون,2.252 میلیون,پنج‌شنبه
1871,2024-04-03,2.251 میلیون,2.246 میلیون,2.256 میلیون,جمعه
1872,2024-04-06,2.231 میلیون,2.231 میلیون,2.255 میلیون,دوشنبه
1873,2024-04-07,2.235 میلیون,2.234 میلیون,2.237 میلیون,سه‌شنبه
1874,2024-04-08,2.255 میلیون,2.237 میلیون,2.255 میلیون,چهارشنبه
1875,2024-04-09,2.262 میلیون,2.255 میلیون,2.262 میلیون,پنج‌شنبه
1876,2024-04-13,2.208 میلیون,2.208 میلیون,2.256 میلیون,دوشنبه
1877,2024-04-14,2.197 میلیون,2.197 میلیون,2.204 میلیون,سه‌شنبه
1878,2024-04-15,2.207 میلیون,2.199 میلیون,2.207 میلیون,چهارشنبه
1879,2024-04-16,2.202 میلیون,2.201 میلیون,2.207 میلیون,پنج‌شنبه
1880,2024-05-05,2.26 میلیون,2.26 میلیون,2.266 میلیون,سه‌شنبه
1881,2024-05-06,2.239 میلیون,2.239 میلیون,2.259 میلیون,چهارشنبه
1882,2024-05-07,2.231 میلیون,2.231 میلیون,2.24 میلیون,پنج‌شنبه
1883,2024-05-08,2.219 میلیون,2.219 میلیون,2.231 میلیون,جمعه
1884,2024-05-11,2.208 میلیون,2.208 میلیون,2.22 میلیون,دوشنبه
1885,2024-05-12,2.193 میلیون,2.193 میلیون,2.209 میلیون,سه‌شنبه
1886,2024-05-13,2.161 میلیون,2.161 میلیون,2.193 میلیون,چهارشنبه
1887,2024-05-14,2.166 میلیون,2.162 میلیون,2.174 میلیون,پنج‌شنبه
1888,2024-05-15,2.165 میلیون,2.159 میلیون,2.166 میلیون,جمعه
1889,2024-05-18,2.169 میلیون,2.167 میلیون,2.175 میلیون,دوشنبه
1890,2024-05-19,2.113 میلیون,2.106 میلیون,2.166 میلیون,سه‌شنبه
1891,2024-05-20,2.113 میلیون,2.113 میلیون,2.113 میلیون,چهارشنبه
1892,2024-05-21,2.114 میلیون,2.112 میلیون,2.115 میلیون,پنج‌شنبه
1893,2024-05-25,2.098 میلیون,2.097 میلیون,2.114 میلیون,دوشنبه
1894,2024-05-26,2.079 میلیون,2.078 میلیون,2.097 میلیون,سه‌شنبه
1895,2024-05-27,2.058 میلیون,2.057 میلیون,2.076 میلیون,چهارشنبه
1896,2024-05-28,2.07 میلیون,2.057 میلیون,2.07 میلیون,پنج‌شنبه
1897,2024-05-29,2.086 میلیون,2.073 میلیون,2.086 میلیون,جمعه
1898,2024-06-01,2.094 میلیون,2.089 میلیون,2.097 میلیون,دوشنبه
1899,2024-06-02,2.088 میلیون,2.087 میلیون,2.094 میلیون,سه‌شنبه
1900,2024-06-05,2.082 میلیون,2.082 میلیون,2.089 میلیون,جمعه
1901,2024-06-08,2.064 میلیون,2.064 میلیون,2.081 میلیون,دوشنبه
1902,2024-06-09,2.062 میلیون,2.058 میلیون,2.063 میلیون,سه‌شنبه
1903,2024-06-10,2.078 میلیون,2.063 میلیون,2.078 میلیون,چهارشنبه
1904,2024-06-11,2.081 میلیون,2.081 میلیون,2.084 میلیون,پنج‌شنبه
1905,2024-06-12,2.076 میلیون,2.075 میلیون,2.082 میلیون,جمعه
1906,2024-06-15,2.062 میلیون,2.061 میلیون,2.076 میلیون,دوشنبه
1907,2024-06-16,2.045 میلیون,2.045 میلیون,2.061 میلیون,سه‌شنبه
1908,2024-06-18,2.036 میلیون,2.036 میلیون,2.044 میلیون,پنج‌شنبه
1909,2024-06-19,2.044 میلیون,2.036 میلیون,2.044 میلیون,جمعه
1910,2024-06-22,2.048 میلیون,2.045 میلیون,2.048 میلیون,دوشنبه
1911,2024-06-23,2.051 میلیون,2.048 میلیون,2.052 میلیون,سه‌شنبه
1912,2024-06-24,2.065 میلیون,2.052 میلیون,2.065 میلیون,چهارشنبه
1913,2024-06-26,2.085 میلیون,2.069 میلیون,2.085 میلیون,جمعه
1914,2024-06-29,2.096 میلیون,2.089 میلیون,2.097 میلیون,دوشنبه
1915,2024-06-30,2.073 میلیون,2.073 میلیون,2.095 میلیون,سه‌شنبه
1916,2024-07-01,2.075 میلیون,2.073 میلیون,2.075 میلیون,چهارشنبه
1917,2024-07-02,2.09 میلیون,2.076 میلیون,2.09 میلیون,پنج‌شنبه
1918,2024-07-03,2.101 میلیون,2.092 میلیون,2.101 میلیون,جمعه
1919,2024-07-06,2.189 میلیون,2.119 میلیون,2.189 میلیون,دوشنبه
1920,2024-07-07,2.226 میلیون,2.224 میلیون,2.23 میلیون,سه‌شنبه
1921,2024-07-08,2.221 میلیون,2.221 میلیون,2.227 میلیون,چهارشنبه
1922,2024-07-09,2.217 میلیون,2.217 میلیون,2.222 میلیون,پنج‌شنبه
1923,2024-07-10,2.209 میلیون,2.209 میلیون,2.217 میلیون,جمعه
1924,2024-07-13,2.2 میلیون,2.2 میلیون,2.21 میلیون,دوشنبه
1925,2024-07-14,2.201 میلیون,2.201 میلیون,2.205 میلیون,سه‌شنبه
1926,2024-07-17,2.203 میلیون,2.201 میلیون,2.203 میلیون,جمعه
1927,2024-07-20,2.192 میلیون,2.192 میلیون,2.203 میلیون,دوشنبه
1928,2024-07-21,2.172 میلیون,2.172 میلیون,2.192 میلیون,سه‌شنبه
1929,2024-07-22,2.169 میلیون,2.168 میلیون,2.172 میلیون,چهارشنبه
1930,2024-07-23,2.178 میلیون,2.171 میلیون,2.18 میلیون,پنج‌شنبه
1931,2024-07-24,2.175 میلیون,2.175 میلیون,2.182 میلیون,جمعه
1932,2024-07-27,2.161 میلیون,2.161 میلیون,2.175 میلیون,دوشنبه
1933,2024-07-29,2.132 میلیون,2.132 میلیون,2.161 میلیون,چهارشنبه
1934,2024-07-30,2.12 میلیون,2.12 میلیون,2.132 میلیون,پنج‌شنبه
1935,2024-07-31,2.068 میلیون,2.068 میلیون,2.1 میلیون,جمعه
1936,2024-08-03,2.007 میلیون,2.007 میلیون,2.065 میلیون,دوشنبه
1937,2024-08-04,2.006 میلیون,2.003 میلیون,2.006 میلیون,سه‌شنبه
1938,2024-08-05,2.005 میلیون,2.004 میلیون,2.006 میلیون,چهارشنبه
1939,2024-08-06,2.003 میلیون,2.003 میلیون,2.005 میلیون,پنج‌شنبه
1940,2024-08-07,2.003 میلیون,2.003 میلیون,2.003 میلیون,جمعه
1941,2024-08-10,2.004 میلیون,2.003 میلیون,2.005 میلیون,دوشنبه
1942,2024-08-11,2.003 میلیون,2.003 میلیون,2.005 میلیون,سه‌شنبه
1943,2024-08-12,1.999 میلیون,1.999 میلیون,2.004 میلیون,چهارشنبه
1944,2024-08-13,1.991 میلیون,1.991 میلیون,1.998 میلیون,پنج‌شنبه
1945,2024-08-14,1.998 میلیون,1.992 میلیون,1.998 میلیون,جمعه
1946,2024-08-17,2.012 میلیون,2.001 میلیون,2.012 میلیون,دوشنبه
1947,2024-08-18,2.031 میلیون,2.018 میلیون,2.031 میلیون,سه‌شنبه
1948,2024-08-20,2.033 میلیون,2.033 میلیون,2.038 میلیون,پنج‌شنبه
1949,2024-08-21,2.037 میلیون,2.033 میلیون,2.037 میلیون,جمعه
1950,2024-08-24,2.052 میلیون,2.039 میلیون,2.052 میلیون,دوشنبه
1951,2024-08-26,2.063 میلیون,2.055 میلیون,2.063 میلیون,چهارشنبه
1952,2024-08-27,2.068 میلیون,2.064 میلیون,2.068 میلیون,پنج‌شنبه
1953,2024-08-28,2.076 میلیون,2.069 میلیون,2.076 میلیون,جمعه
1954,2024-08-31,2.099 میلیون,2.08 میلیون,2.099 میلیون,دوشنبه
1955,2024-09-01,2.111 میلیون,2.104 میلیون,2.111 میلیون,سه‌شنبه
1956,2024-09-07,2.102 میلیون,2.102 میلیون,2.111 میلیون,دوشنبه
1957,2024-09-08,2.088 میلیون,2.088 میلیون,2.101 میلیون,سه‌شنبه
1958,2024-09-09,2.096 میلیون,2.089 میلیون,2.098 میلیون,چهارشنبه
1959,2024-09-10,2.088 میلیون,2.088 میلیون,2.096 میلیون,پنج‌شنبه
1960,2024-09-11,2.085 میلیون,2.084 میلیون,2.089 میلیون,جمعه
1961,2024-09-14,2.075 میلیون,2.075 میلیون,2.086 میلیون,دوشنبه
1962,2024-09-15,2.066 میلیون,2.066 میلیون,2.075 میلیون,سه‌شنبه
1963,2024-09-16,2.068 میلیون,2.065 میلیون,2.069 میلیون,چهارشنبه
1964,2024-09-17,2.084 میلیون,2.068 میلیون,2.084 میلیون,پنج‌شنبه
1965,2024-09-18,2.097 میلیون,2.086 میلیون,2.097 میلیون,جمعه
1966,2024-09-22,2.099 میلیون,2.098 میلیون,2.101 میلیون,سه‌شنبه
1967,2024-09-23,2.117 میلیون,2.099 میلیون,2.117 میلیون,چهارشنبه
1968,2024-09-24,2.153 میلیون,2.12 میلیون,2.153 میلیون,پنج‌شنبه
1969,2024-09-25,2.155 میلیون,2.155 میلیون,2.159 میلیون,جمعه
1970,2024-09-28,2.147 میلیون,2.147 میلیون,2.153 میلیون,دوشنبه
1971,2024-09-29,2.14 میلیون,2.14 میلیون,2.144 میلیون,سه‌شنبه
1972,2024-10-06,2.102 میلیون,2.102 میلیون,2.104 میلیون,سه‌شنبه
1973,2024-10-07,2.094 میلیون,2.094 میلیون,2.097 میلیون,چهارشنبه
1974,2024-10-08,2.097 میلیون,2.094 میلیون,2.097 میلیون,پنج‌شنبه
1975,2024-10-09,2.1 میلیون,2.097 میلیون,2.1 میلیون,جمعه
1976,2024-10-12,2.114 میلیون,2.099 میلیون,2.114 میلیون,دوشنبه
1977,2024-10-13,2.115 میلیون,2.113 میلیون,2.121 میلیون,سه‌شنبه
1978,2024-10-14,2.091 میلیون,2.09 میلیون,2.114 میلیون,چهارشنبه
1979,2024-10-15,2.069 میلیون,2.069 میلیون,2.087 میلیون,پنج‌شنبه
1980,2024-10-16,2.066 میلیون,2.066 میلیون,2.069 میلیون,جمعه
1981,2024-10-19,2.041 میلیون,2.041 میلیون,2.065 میلیون,دوشنبه
1982,2024-10-20,2.021 میلیون,2.021 میلیون,2.038 میلیون,سه‌شنبه
1983,2024-10-21,2.007 میلیون,2.007 میلیون,2.018 میلیون,چهارشنبه
1984,2024-11-05,2.025 میلیون,2.02 میلیون,2.025 میلیون,پنج‌شنبه
1985,2024-11-16,2.192 میلیون,2.159 میلیون,2.192 میلیون,دوشنبه
1986,2024-11-17,2.212 میلیون,2.21 میلیون,2.216 میلیون,سه‌شنبه
1987,2024-11-18,2.255 میلیون,2.215 میلیون,2.255 میلیون,چهارشنبه
1988,2024-11-19,2.27 میلیون,2.263 میلیون,2.279 میلیون,پنج‌شنبه
1989,2024-11-20,2.258 میلیون,2.253 میلیون,2.265 میلیون,جمعه
1990,2024-11-23,2.282 میلیون,2.261 میلیون,2.282 میلیون,دوشنبه
1991,2024-11-24,2.331 میلیون,2.289 میلیون,2.331 میلیون,سه‌شنبه
1992,2024-11-25,2.389 میلیون,2.35 میلیون,2.389 میلیون,چهارشنبه
1993,2024-11-26,2.415 میلیون,2.415 میلیون,2.434 میلیون,پنج‌شنبه
1994,2024-11-27,2.426 میلیون,2.414 میلیون,2.426 میلیون,جمعه
1995,2024-11-30,2.415 میلیون,2.415 میلیون,2.444 میلیون,دوشنبه
1996,2024-12-01,2.399 میلیون,2.399 میلیون,2.407 میلیون,سه‌شنبه
1997,2024-12-02,2.46 میلیون,2.418 میلیون,2.46 میلیون,چهارشنبه
1998,2024-12-03,2.489 میلیون,2.488 میلیون,2.497 میلیون,پنج‌شنبه
1999,2024-12-04,2.502 میلیون,2.488 میلیون,2.502 میلیون,جمعه
2000,2025-01-01,2.788 میلیون,2.772 میلیون,2.788 میلیون,جمعه
2001,2025-01-04,2.85 میلیون,2.804 میلیون,2.85 میلیون,دوشنبه
2002,2025-02-05,2.804 میلیون,2.79 میلیون,2.804 میلیون,جمعه
2003,2025-02-09,2.822 میلیون,2.807 میلیون,2.833 میلیون,سه‌شنبه
2004,2025-02-11,2.784 میلیون,2.784 میلیون,2.826 میلیون,پنج‌شنبه
2005,2025-02-15,2.727 میلیون,2.727 میلیون,2.768 میلیون,دوشنبه
2006,2025-02-16,2.679 میلیون,2.679 میلیون,2.704 میلیون,سه‌شنبه
2007,2025-02-17,2.701 میلیون,2.686 میلیون,2.704 میلیون,چهارشنبه
2008,2025-02-18,2.719 میلیون,2.704 میلیون,2.721 میلیون,پنج‌شنبه
2009,2025-02-19,2.732 میلیون,2.723 میلیون,2.732 میلیون,جمعه
2010,2025-02-22,2.714 میلیون,2.714 میلیون,2.736 میلیون,دوشنبه
2011,2025-02-23,2.736 میلیون,2.718 میلیون,2.736 میلیون,سه‌شنبه
2012,2025-02-24,2.793 میلیون,2.748 میلیون,2.793 میلیون,چهارشنبه
2013,2025-02-25,2.841 میلیون,2.817 میلیون,2.844 میلیون,پنج‌شنبه
2014,2025-02-26,2.844 میلیون,2.831 میلیون,2.845 میلیون,جمعه
2015,2025-03-01,2.854 میلیون,2.844 میلیون,2.863 میلیون,دوشنبه
2016,2025-03-02,2.871 میلیون,2.855 میلیون,2.876 میلیون,سه‌شنبه
2017,2025-03-03,2.813 میلیون,2.813 میلیون,2.837 میلیون,چهارشنبه
2018,2025-03-04,2.805 میلیون,2.805 میلیون,2.828 میلیون,پنج‌شنبه
2019,2025-03-05,2.79 میلیون,2.783 میلیون,2.801 میلیون,جمعه
2020,2025-03-08,2.757 میلیون,2.754 میلیون,2.792 میلیون,دوشنبه
2021,2025-03-09,2.722 میلیون,2.721 میلیون,2.746 میلیون,سه‌شنبه
2022,2025-03-10,2.725 میلیون,2.725 میلیون,2.741 میلیون,چهارشنبه
2023,2025-03-11,2.689 میلیون,2.689 میلیون,2.723 میلیون,پنج‌شنبه
2024,2025-03-12,2.695 میلیون,2.678 میلیون,2.695 میلیون,جمعه
2025,2025-03-15,2.737 میلیون,2.712 میلیون,2.737 میلیون,دوشنبه
2026,2025-03-16,2.754 میلیون,2.748 میلیون,2.755 میلیون,سه‌شنبه
2027,2025-03-17,2.744 میلیون,2.744 میلیون,2.751 میلیون,چهارشنبه
2028,2025-03-18,2.71 میلیون,2.708 میلیون,2.725 میلیون,پنج‌شنبه
2029,2025-03-25,2.741 میلیون,2.715 میلیون,2.741 میلیون,پنج‌شنبه
2030,2025-03-26,2.766 میلیون,2.753 میلیون,2.768 میلیون,جمعه
2031,2025-03-29,2.778 میلیون,2.765 میلیون,2.778 میلیون,دوشنبه
2032,2025-03-30,2.811 میلیون,2.783 میلیون,2.811 میلیون,سه‌شنبه
2033,2025-04-05,2.795 میلیون,2.794 میلیون,2.802 میلیون,دوشنبه
2034,2025-04-06,2.774 میلیون,2.774 میلیون,2.79 میلیون,سه‌شنبه
2035,2025-04-07,2.747 میلیون,2.747 میلیون,2.769 میلیون,چهارشنبه
2036,2025-04-08,2.806 میلیون,2.769 میلیون,2.806 میلیون,پنج‌شنبه
2037,2025-04-09,2.831 میلیون,2.831 میلیون,2.843 میلیون,جمعه
2038,2025-04-12,2.846 میلیون,2.837 میلیون,2.847 میلیون,دوشنبه
2039,2025-04-13,2.909 میلیون,2.872 میلیون,2.909 میلیون,سه‌شنبه
2040,2025-04-14,2.971 میلیون,2.933 میلیون,2.971 میلیون,چهارشنبه
2041,2025-04-15,2.944 میلیون,2.944 میلیون,2.977 میلیون,پنج‌شنبه
2042,2025-04-16,2.967 میلیون,2.945 میلیون,2.968 میلیون,جمعه
2043,2025-04-19,3.013 میلیون,2.98 میلیون,3.013 میلیون,دوشنبه
2044,2025-04-20,3.078 میلیون,3.03 میلیون,3.078 میلیون,سه‌شنبه
2045,2025-04-21,3.137 میلیون,3.099 میلیون,3.143 میلیون,چهارشنبه
2046,2025-04-22,3.133 میلیون,3.116 میلیون,3.133 میلیون,پنج‌شنبه
2047,2025-04-23,3.137 میلیون,3.123 میلیون,3.137 میلیون,جمعه
2048,2025-04-26,3.152 میلیون,3.149 میلیون,3.161 میلیون,دوشنبه
2049,2025-04-27,3.117 میلیون,3.102 میلیون,3.124 میلیون,سه‌شنبه
2050,2025-04-28,3.13 میلیون,3.13 میلیون,3.147 میلیون,چهارشنبه
2051,2025-04-29,3.136 میلیون,3.122 میلیون,3.138 میلیون,پنج‌شنبه
2052,2025-04-30,3.179 میلیون,3.147 میلیون,3.179 میلیون,جمعه
2053,2025-05-03,3.117 میلیون,3.117 میلیون,3.139 میلیون,دوشنبه
2054,2025-05-04,3.093 میلیون,3.085 میلیون,3.093 میلیون,سه‌شنبه
2055,2025-05-05,3.098 میلیون,3.098 میلیون,3.123 میلیون,چهارشنبه
2056,2025-05-06,3.111 میلیون,3.092 میلیون,3.111 میلیون,پنج‌شنبه
2057,2025-05-07,3.17 میلیون,3.136 میلیون,3.173 میلیون,جمعه
2058,2025-05-10,3.116 میلیون,3.116 میلیون,3.15 میلیون,دوشنبه
2059,2025-05-11,3.091 میلیون,3.091 میلیون,3.111 میلیون,سه‌شنبه
2060,2025-05-12,3.171 میلیون,3.119 میلیون,3.171 میلیون,چهارشنبه
2061,2025-05-13,3.207 میلیون,3.194 میلیون,3.207 میلیون,پنج‌شنبه
2062,2025-05-14,3.237 میلیون,3.214 میلیون,3.237 میلیون,جمعه
2063,2025-05-17,3.241 میلیون,3.241 میلیون,3.259 میلیون,دوشنبه
2064,2025-05-18,3.252 میلیون,3.245 میلیون,3.252 میلیون,سه‌شنبه
2065,2025-05-19,3.226 میلیون,3.226 میلیون,3.253 میلیون,چهارشنبه
2066,2025-05-20,3.167 میلیون,3.167 میلیون,3.215 میلیون,پنج‌شنبه
2067,2025-05-21,3.108 میلیون,3.107 میلیون,3.137 میلیون,جمعه
2068,2025-05-24,3.134 میلیون,3.121 میلیون,3.139 میلیون,دوشنبه
2069,2025-05-25,3.102 میلیون,3.102 میلیون,3.136 میلیون,سه‌شنبه
2070,2025-05-26,3.109 میلیون,3.104 میلیون,3.117 میلیون,چهارشنبه
2071,2025-05-27,3.134 میلیون,3.119 میلیون,3.134 میلیون,پنج‌شنبه
2072,2025-05-28,3.129 میلیون,3.129 میلیون,3.137 میلیون,جمعه
2073,2025-05-31,3.143 میلیون,3.138 میلیون,3.151 میلیون,دوشنبه
2074,2025-06-01,3.107 میلیون,3.107 میلیون,3.139 میلیون,سه‌شنبه
2075,2025-06-02,3.125 میلیون,3.111 میلیون,3.126 میلیون,چهارشنبه
2076,2025-06-03,3.102 میلیون,3.102 میلیون,3.124 میلیون,پنج‌شنبه
2077,2025-06-07,3.042 میلیون,3.042 میلیون,3.087 میلیون,دوشنبه
2078,2025-06-08,3.036 میلیون,3.029 میلیون,3.037 میلیون,سه‌شنبه
2079,2025-06-09,2.99 میلیون,2.99 میلیون,3.036 میلیون,چهارشنبه
2080,2025-06-10,2.988 میلیون,2.985 میلیون,2.994 میلیون,پنج‌شنبه
2081,2025-06-11,2.985 میلیون,2.985 میلیون,2.994 میلیون,جمعه
2082,2025-06-28,2.923 میلیون,2.922 میلیون,2.978 میلیون,دوشنبه
2083,2025-06-29,2.845 میلیون,2.845 میلیون,2.914 میلیون,سه‌شنبه
2084,2025-06-30,2.789 میلیون,2.788 میلیون,2.833 میلیون,چهارشنبه
2085,2025-07-01,2.732 میلیون,2.732 میلیون,2.771 میلیون,پنج‌شنبه
2086,2025-07-09,2.638 میلیون,2.635 میلیون,2.644 میلیون,جمعه
2087,2025-07-12,2.678 میلیون,2.653 میلیون,2.678 میلیون,دوشنبه
2088,2025-07-13,2.708 میلیون,2.688 میلیون,2.708 میلیون,سه‌شنبه
2089,2025-07-14,2.734 میلیون,2.713 میلیون,2.734 میلیون,چهارشنبه
2090,2025-07-15,2.761 میلیون,2.743 میلیون,2.762 میلیون,پنج‌شنبه
2091,2025-07-16,2.786 میلیون,2.764 میلیون,2.786 میلیون,جمعه
2092,2025-07-19,2.802 میلیون,2.79 میلیون,2.802 میلیون,دوشنبه
2093,2025-07-20,2.824 میلیون,2.809 میلیون,2.824 میلیون,سه‌شنبه
2094,2025-07-21,2.839 میلیون,2.827 میلیون,2.839 میلیون,چهارشنبه
2095,2025-07-22,2.844 میلیون,2.842 میلیون,2.847 میلیون,پنج‌شنبه
2096,2025-07-23,2.837 میلیون,2.836 میلیون,2.843 میلیون,جمعه
2097,2025-07-26,2.825 میلیون,2.825 میلیون,2.839 میلیون,دوشنبه
2098,2025-07-27,2.811 میلیون,2.811 میلیون,2.822 میلیون,سه‌شنبه
2099,2025-07-28,2.769 میلیون,2.769 میلیون,2.807 میلیون,چهارشنبه
2100,2025-07-29,2.734 میلیون,2.734 میلیون,2.758 میلیون,پنج‌شنبه
2101,2025-07-30,2.682 میلیون,2.682 میلیون,2.724 میلیون,جمعه
2102,2025-08-02,2.655 میلیون,2.655 میلیون,2.676 میلیون,دوشنبه
2103,2025-08-03,2.639 میلیون,2.639 میلیون,2.655 میلیون,سه‌شنبه
2104,2025-08-04,2.625 میلیون,2.623 میلیون,2.637 میلیون,چهارشنبه
2105,2025-08-05,2.589 میلیون,2.589 میلیون,2.625 میلیون,پنج‌شنبه
2106,2025-08-06,2.555 میلیون,2.555 میلیون,2.586 میلیون,جمعه
2107,2025-08-09,2.571 میلیون,2.559 میلیون,2.575 میلیون,دوشنبه
2108,2025-08-10,2.562 میلیون,2.562 میلیون,2.574 میلیون,سه‌شنبه
2109,2025-08-11,2.541 میلیون,2.54 میلیون,2.562 میلیون,چهارشنبه
2110,2025-08-12,2.51 میلیون,2.51 میلیون,2.539 میلیون,پنج‌شنبه
2111,2025-08-13,2.467 میلیون,2.467 میلیون,2.504 میلیون,جمعه
2112,2025-08-16,2.454 میلیون,2.448 میلیون,2.459 میلیون,دوشنبه
2113,2025-08-17,2.5 میلیون,2.457 میلیون,2.5 میلیون,سه‌شنبه
2114,2025-08-18,2.513 میلیون,2.513 میلیون,2.524 میلیون,چهارشنبه
2115,2025-08-19,2.494 میلیون,2.494 میلیون,2.512 میلیون,پنج‌شنبه
2116,2025-08-20,2.475 میلیون,2.475 میلیون,2.493 میلیون,جمعه
2117,2025-08-23,2.471 میلیون,2.471 میلیون,2.475 میلیون,دوشنبه
2118,2025-08-25,2.438 میلیون,2.438 میلیون,2.471 میلیون,چهارشنبه
2119,2025-08-26,2.416 میلیون,2.416 میلیون,2.431 میلیون,پنج‌شنبه
2120,2025-08-27,2.431 میلیون,2.416 میلیون,2.435 میلیون,جمعه
2121,2025-08-30,2.396 میلیون,2.396 میلیون,2.425 میلیون,دوشنبه
2122,2025-08-31,2.43 میلیون,2.403 میلیون,2.43 میلیون,سه‌شنبه
2123,2025-09-02,2.477 میلیون,2.438 میلیون,2.477 میلیون,پنج‌شنبه
2124,2025-09-03,2.524 میلیون,2.497 میلیون,2.524 میلیون,جمعه
2125,2025-09-06,2.543 میلیون,2.54 میلیون,2.55 میلیون,دوشنبه
2126,2025-09-07,2.571 میلیون,2.541 میلیون,2.571 میلیون,سه‌شنبه
2127,2025-09-08,2.623 میلیون,2.579 میلیون,2.623 میلیون,چهارشنبه
2128,2025-09-09,2.629 میلیون,2.628 میلیون,2.644 میلیون,پنج‌شنبه
2129,2025-09-13,2.63 میلیون,2.629 میلیون,2.631 میلیون,دوشنبه
2130,2025-09-14,2.677 میلیون,2.632 میلیون,2.677 میلیون,سه‌شنبه
2131,2025-09-15,2.677 میلیون,2.677 میلیون,2.696 میلیون,چهارشنبه
2132,2025-09-16,2.631 میلیون,2.629 میلیون,2.675 میلیون,پنج‌شنبه
2133,2025-09-17,2.593 میلیون,2.592 میلیون,2.622 میلیون,جمعه
2134,2025-09-20,2.543 میلیون,2.543 میلیون,2.579 میلیون,دوشنبه
2135,2025-09-21,2.504 میلیون,2.504 میلیون,2.523 میلیون,سه‌شنبه
2136,2025-09-22,2.54 میلیون,2.513 میلیون,2.54 میلیون,چهارشنبه
2137,2025-09-23,2.544 میلیون,2.538 میلیون,2.546 میلیون,پنج‌شنبه
2138,2025-09-24,2.524 میلیون,2.522 میلیون,2.532 میلیون,جمعه
2139,2025-09-27,2.578 میلیون,2.536 میلیون,2.578 میلیون,دوشنبه
2140,2025-09-28,2.639 میلیون,2.592 میلیون,2.639 میلیون,سه‌شنبه
2141,2025-09-29,2.701 میلیون,2.655 میلیون,2.701 میلیون,چهارشنبه
2142,2025-09-30,2.735 میلیون,2.735 میلیون,2.745 میلیون,پنج‌شنبه
2143,2025-10-01,2.728 میلیون,2.713 میلیون,2.73 میلیون,جمعه
2144,2025-10-04,2.793 میلیون,2.761 میلیون,2.793 میلیون,دوشنبه
2145,2025-10-05,2.854 میلیون,2.819 میلیون,2.854 میلیون,سه‌شنبه
2146,2025-10-06,2.891 میلیون,2.884 میلیون,2.9 میلیون,چهارشنبه
2147,2025-10-07,2.932 میلیون,2.893 میلیون,2.936 میلیون,پنج‌شنبه
2148,2025-10-08,2.926 میلیون,2.926 میلیون,2.949 میلیون,جمعه
2149,2025-10-11,2.95 میلیون,2.93 میلیون,2.96 میلیون,دوشنبه
2150,2025-10-12,3.019 میلیون,2.962 میلیون,3.019 میلیون,سه‌شنبه
2151,2025-10-13,3.043 میلیون,3.042 میلیون,3.051 میلیون,چهارشنبه
2152,2025-10-14,3.016 میلیون,3.016 میلیون,3.046 میلیون,پنج‌شنبه
2153,2025-10-15,2.975 میلیون,2.972 میلیون,2.996 میلیون,جمعه
2154,2025-10-18,3.049 میلیون,3.004 میلیون,3.049 میلیون,دوشنبه
2155,2025-10-19,3.088 میلیون,3.078 میلیون,3.094 میلیون,سه‌شنبه
2156,2025-10-20,3.057 میلیون,3.057 میلیون,3.086 میلیون,چهارشنبه
2157,2025-10-21,3.052 میلیون,3.052 میلیون,3.068 میلیون,پنج‌شنبه
2158,2025-10-22,3.08 میلیون,3.063 میلیون,3.08 میلیون,جمعه
2159,2025-10-25,3.06 میلیون,3.059 میلیون,3.075 میلیون,دوشنبه
2160,2025-10-26,3.084 میلیون,3.071 میلیون,3.085 میلیون,سه‌شنبه
2161,2025-10-27,3.128 میلیون,3.096 میلیون,3.128 میلیون,چهارشنبه
2162,2025-10-28,3.176 میلیون,3.163 میلیون,3.178 میلیون,پنج‌شنبه
2163,2025-10-29,3.209 میلیون,3.196 میلیون,3.209 میلیون,جمعه
2164,2025-11-01,3.207 میلیون,3.207 میلیون,3.235 میلیون,دوشنبه
2165,2025-11-02,3.218 میلیون,3.19 میلیون,3.218 میلیون,سه‌شنبه
2166,2025-11-03,3.265 میلیون,3.239 میلیون,3.267 میلیون,چهارشنبه
2167,2025-11-04,3.224 میلیون,3.224 میلیون,3.257 میلیون,پنج‌شنبه
2168,2025-11-05,3.203 میلیون,3.188 میلیون,3.212 میلیون,جمعه
2169,2025-11-08,3.224 میلیون,3.218 میلیون,3.247 میلیون,دوشنبه
2170,2025-11-09,3.151 میلیون,3.151 میلیون,3.213 میلیون,سه‌شنبه
2171,2025-11-10,3.115 میلیون,3.114 میلیون,3.131 میلیون,چهارشنبه
2172,2025-11-11,3.107 میلیون,3.107 میلیون,3.132 میلیون,پنج‌شنبه
2173,2025-11-12,3.099 میلیون,3.092 میلیون,3.105 میلیون,جمعه
2174,2025-11-15,3.106 میلیون,3.101 میلیون,3.106 میلیون,دوشنبه
2175,2025-11-16,3.14 میلیون,3.11 میلیون,3.14 میلیون,سه‌شنبه
2176,2025-11-17,3.175 میلیون,3.154 میلیون,3.186 میلیون,چهارشنبه
2177,2025-11-18,3.16 میلیون,3.16 میلیون,3.171 میلیون,پنج‌شنبه
2178,2025-11-19,3.169 میلیون,3.162 میلیون,3.169 میلیون,جمعه
2179,2025-11-22,3.198 میلیون,3.172 میلیون,3.199 میلیون,دوشنبه
2180,2025-11-23,3.251 میلیون,3.209 میلیون,3.251 میلیون,سه‌شنبه
2181,2025-11-25,3.304 میلیون,3.265 میلیون,3.305 میلیون,پنج‌شنبه
2182,2025-11-26,3.282 میلیون,3.282 میلیون,3.314 میلیون,جمعه
2183,2025-11-29,3.273 میلیون,3.273 میلیون,3.3 میلیون,دوشنبه
2184,2025-11-30,3.274 میلیون,3.259 میلیون,3.274 میلیون,سه‌شنبه
2185,2025-12-01,3.315 میلیون,3.291 میلیون,3.321 میلیون,چهارشنبه
2186,2025-12-02,3.34 میلیون,3.32 میلیون,3.34 میلیون,پنج‌شنبه
2187,2025-12-03,3.38 میلیون,3.349 میلیون,3.38 میلیون,جمعه
2188,2025-12-06,3.447 میلیون,3.402 میلیون,3.447 میلیون,دوشنبه
2189,2025-12-07,3.451 میلیون,3.451 میلیون,3.483 میلیون,سه‌شنبه
2190,2025-12-08,3.482 میلیون,3.454 میلیون,3.482 میلیون,چهارشنبه
2191,2025-12-09,3.507 میلیون,3.495 میلیون,3.528 میلیون,پنج‌شنبه
2192,2025-12-10,3.561 میلیون,3.509 میلیون,3.561 میلیون,جمعه
2193,2025-12-13,3.628 میلیون,3.591 میلیون,3.63 میلیون,دوشنبه
2194,2025-12-14,3.656 میلیون,3.599 میلیون,3.656 میلیون,سه‌شنبه
2195,2025-12-15,3.729 میلیون,3.677 میلیون,3.729 میلیون,چهارشنبه
2196,2025-12-16,3.761 میلیون,3.76 میلیون,3.804 میلیون,پنج‌شنبه
2197,2025-12-17,3.767 میلیون,3.753 میلیون,3.768 میلیون,جمعه
2198,2025-12-20,3.861 میلیون,3.805 میلیون,3.861 میلیون,دوشنبه
2199,2025-12-21,3.898 میلیون,3.885 میلیون,3.906 میلیون,سه‌شنبه
2200,2025-12-22,3.909 میلیون,3.909 میلیون,3.942 میلیون,چهارشنبه
2201,2025-12-23,3.936 میلیون,3.914 میلیون,3.937 میلیون,پنج‌شنبه
2202,2025-12-24,4.029 میلیون,4.002 میلیون,4.029 میلیون,جمعه
2203,2025-12-27,4.099 میلیون,4.097 میلیون,4.117 میلیون,دوشنبه
2204,2025-12-28,4.161 میلیون,4.128 میلیون,4.162 میلیون,سه‌شنبه
2205,2025-12-29,4.124 میلیون,4.123 میلیون,4.199 میلیون,چهارشنبه
2206,2025-12-30,4.021 میلیون,4.018 میلیون,4.029 میلیون,پنج‌شنبه
2207,2025-12-31,4.07 میلیون,3.98 میلیون,4.07 میلیون,جمعه
2208,2026-01-04,4.071 میلیون,4.06 میلیون,4.105 میلیون,سه‌شنبه
2209,2026-01-05,4.176 میلیون,4.167 میلیون,4.178 میلیون,چهارشنبه
2210,2026-01-06,4.288 میلیون,4.278 میلیون,4.288 میلیون,پنج‌شنبه
2211,2026-01-07,4.361 میلیون,4.361 میلیون,4.388 میلیون,جمعه
2212,2026-01-28,3.982 میلیون,3.964 میلیون,3.982 میلیون,جمعه
2213,2026-01-31,3.925 میلیون,3.925 میلیون,4.014 میلیون,دوشنبه
2214,2026-02-01,3.96 میلیون,3.923 میلیون,3.96 میلیون,سه‌شنبه
2215,2026-02-02,4.053 میلیون,4.048 میلیون,4.055 میلیون,چهارشنبه
2216,2026-02-03,4.059 میلیون,4.059 میلیون,4.12 میلیون,پنج‌شنبه
2217,2026-02-07,4.164 میلیون,4.151 میلیون,4.164 میلیون,دوشنبه
2218,2026-02-08,4.174 میلیون,4.174 میلیون,4.253 میلیون,سه‌شنبه
2219,2026-02-09,4.069 میلیون,4.069 میلیون,4.1 میلیون,چهارشنبه
2220,2026-02-10,4.03 میلیون,4.001 میلیون,4.03 میلیون,پنج‌شنبه
2221,2026-02-14,3.986 میلیون,3.986 میلیون,4.09 میلیون,دوشنبه
2222,2026-02-15,3.882 میلیون,3.882 میلیون,3.898 میلیون,سه‌شنبه
2223,2026-02-16,3.823 میلیون,3.8 میلیون,3.823 میلیون,چهارشنبه
2224,2026-02-17,3.848 میلیون,3.837 میلیون,3.862 میلیون,پنج‌شنبه
2225,2026-02-18,3.807 میلیون,3.807 میلیون,3.901 میلیون,جمعه
2226,2026-02-21,3.704 میلیون,3.704 میلیون,3.711 میلیون,دوشنبه
2227,2026-02-22,3.618 میلیون,3.612 میلیون,3.618 میلیون,سه‌شنبه
2228,2026-02-23,3.68 میلیون,3.676 میلیون,3.693 میلیون,چهارشنبه
2229,2026-02-24,3.652 میلیون,3.627 میلیون,3.662 میلیون,پنج‌شنبه
2230,2026-02-25,3.714 میلیون,3.671 میلیون,3.722 میلیون,جمعه
2231,2026-02-28,3.693 میلیون,3.693 میلیون,3.75 میلیون,دوشنبه
2232,2026-05-06,3.714 میلیون,3.714 میلیون,3.714 میلیون,جمعه
2233,2026-05-09,3.714 میلیون,3.714 میلیون,3.714 میلیون,دوشنبه
2234,2026-05-10,3.714 میلیون,3.714 میلیون,3.714 میلیون,سه‌شنبه
2235,2026-05-11,3.714 میلیون,3.714 میلیون,3.714 میلیون,چهارشنبه
2236,2026-05-12,3.714 میلیون,3.714 میلیون,3.714 میلیون,پنج‌شنبه
2237,2026-05-13,3.714 میلیون,3.714 میلیون,3.714 میلیون,جمعه
2238,2026-05-16,3.714 میلیون,3.714 میلیون,3.714 میلیون,دوشنبه
2239,2026-05-17,3.714 میلیون,3.714 میلیون,3.714 میلیون,سه‌شنبه
2240,2026-05-18,3.714 میلیون,3.714 میلیون,3.714 میلیون,چهارشنبه
2241,2026-05-19,3.716 میلیون,3.687 میلیون,3.717 میلیون,پنج‌شنبه
2242,2026-05-20,3.761 میلیون,3.749 میلیون,3.761 میلیون,جمعه
2243,2026-05-23,3.832 میلیون,3.815 میلیون,3.832 میلیون,دوشنبه
2244,2026-05-24,3.91 میلیون,3.895 میلیون,3.91 میلیون,سه‌شنبه
2245,2026-05-25,3.993 میلیون,3.975 میلیون,3.994 میلیون,چهارشنبه
2246,2026-05-26,4.074 میلیون,4.032 میلیون,4.074 میلیون,پنج‌شنبه
2247,2026-05-30,4.153 میلیون,4.148 میلیون,4.153 میلیون,دوشنبه
2248,2026-05-31,4.237 میلیون,4.234 میلیون,4.237 میلیون,سه‌شنبه
2249,2026-06-01,4.3 میلیون,4.3 میلیون,4.315 میلیون,چهارشنبه
2250,2026-06-02,4.345 میلیون,4.326 میلیون,4.346 میلیون,پنج‌شنبه
2251,2026-06-03,4.359 میلیون,4.356 میلیون,4.362 میلیون,جمعه
2252,2026-06-06,4.392 میلیون,4.369 میلیون,4.392 میلیون,دوشنبه
2253,2026-06-07,4.494 میلیون,4.474 میلیون,4.494 میلیون,سه‌شنبه
2254,2026-06-09,4.541 میلیون,4.517 میلیون,4.541 میلیون,پنج‌شنبه
2255,2026-06-10,4.593 میلیون,4.586 میلیون,4.603 میلیون,جمعه
2256,2026-06-13,4.696 میلیون,4.69 میلیون,4.714 میلیون,دوشنبه
2257,2026-06-14,4.819 میلیون,4.799 میلیون,4.819 میلیون,سه‌شنبه
2258,2026-06-15,4.98 میلیون,4.93 میلیون,4.983 میلیون,چهارشنبه
2259,2026-06-16,5.1 میلیون,5.063 میلیون,5.102 میلیون,پنج‌شنبه
2260,2026-06-17,5.151 میلیون,5.099 میلیون,5.151 میلیون,جمعه
2261,2026-06-20,5.16 میلیون,5.16 میلیون,5.241 میلیون,دوشنبه
2262,2026-06-21,5.126 میلیون,5.126 میلیون,5.154 میلیون,سه‌شنبه
2263,2026-06-22,5.073 میلیون,5.06 میلیون,5.075 میلیون,چهارشنبه
2264,2026-06-23,5.161 میلیون,5.161 میلیون,5.187 میلیون,پنج‌شنبه
2265,2026-06-27,5.176 میلیون,5.176 میلیون,5.232 میلیون,دوشنبه
2266,2026-06-28,5.076 میلیون,5.075 میلیون,5.079 میلیون,سه‌شنبه
2267,2026-06-29,5.059 میلیون,5.016 میلیون,5.062 میلیون,چهارشنبه
2268,2026-06-30,5.128 میلیون,5.128 میلیون,5.163 میلیون,پنج‌شنبه
2269,2026-07-01,5.187 میلیون,5.128 میلیون,5.187 میلیون,جمعه
2270,2026-07-07,5.312 میلیون,5.284 میلیون,5.312 میلیون,پنج‌شنبه
2271,2026-07-08,5.287 میلیون,5.287 میلیون,5.332 میلیون,جمعه
2272,2026-07-11,5.183 میلیون,5.177 میلیون,5.19 میلیون,دوشنبه
2273,2026-07-12,5.056 میلیون,5.055 میلیون,5.057 میلیون,سه‌شنبه
2274,2026-07-13,4.967 میلیون,4.941 میلیون,4.967 میلیون,چهارشنبه
2275,2026-07-14,4.925 میلیون,4.891 میلیون,4.925 میلیون,پنج‌شنبه
2276,2026-07-15,4.894 میلیون,4.894 میلیون,4.935 میلیون,جمعه
2277,2026-07-18,4.777 میلیون,4.773 میلیون,4.787 میلیون,دوشنبه
2278,2026-07-19,4.756 میلیون,4.732 میلیون,4.756 میلیون,سه‌شنبه
2279,2026-07-20,4.814 میلیون,4.811 میلیون,4.848 میلیون,چهارشنبه
2280,2026-07-21,4.888 میلیون,4.873 میلیون,4.888 میلیون,پنج‌شنبه
2281,2026-07-22,4.884 میلیون,4.884 میلیون,4.909 میلیون,جمعه
2282,2026-07-25,4.894 میلیون,4.88 میلیون,4.919 میلیون,دوشنبه
2283,2026-07-26,5.002 میلیون,4.975 میلیون,5.003 میلیون,سه‌شنبه
2284,2026-07-27,5.052 میلیون,5.046 میلیون,5.062 میلیون,چهارشنبه
2285,2026-07-28,5.109 میلیون,5.09 میلیون,5.109 میلیون,پنج‌شنبه
2286,2026-07-29,5.075 میلیون,5.055 میلیون,5.078 میلیون,جمعه
2287,2026-08-01,5.055 میلیون,5.04 میلیون,5.056 میلیون,دوشنبه
2288,2026-08-02,5.154 میلیون,5.151 میلیون,5.165 میلیون,سه‌شنبه
