,Date,Close,Low,High,weekday_fa,Date_Gregorian
0,1394/11/12,72912.8,71378.5,72912.7,چهارشنبه,2016-02-01
1,1394/11/13,73725.5,73364.2,73844.5,پنج‌شنبه,2016-02-02
2,1394/11/14,73684.0,73648.5,73901.6,جمعه,2016-02-03
3,1394/11/17,74103.6,73976.8,74238.4,دوشنبه,2016-02-06
4,1394/11/18,74569.4,74284.2,74810.6,سه‌شنبه,2016-02-07
5,1394/11/19,75783.8,74911.9,75783.7,چهارشنبه,2016-02-08
6,1394/11/20,78199.1,76814.7,78418.9,پنج‌شنبه,2016-02-09
7,1394/11/21,77497.9,77457.4,77924.4,جمعه,2016-02-10
8,1394/11/24,76594.2,76514.6,77532.3,دوشنبه,2016-02-13
9,1394/11/25,76709.5,76467.6,76780.2,سه‌شنبه,2016-02-14
10,1394/11/26,77377.5,76820.4,77539.2,چهارشنبه,2016-02-15
11,1394/11/27,77141.6,77091.1,77698.4,پنج‌شنبه,2016-02-16
12,1394/11/28,77888.0,77269.9,77888.1,جمعه,2016-02-17
13,1394/12/01,77560.9,77560.9,78333.0,دوشنبه,2016-02-20
14,1394/12/02,77234.9,77141.4,77516.0,سه‌شنبه,2016-02-21
15,1394/12/03,77587.7,77563.7,77781.0,چهارشنبه,2016-02-22
16,1394/12/04,77704.0,77651.3,78037.5,پنج‌شنبه,2016-02-23
17,1394/12/05,77840.2,77573.3,77840.1,جمعه,2016-02-24
18,1394/12/08,78228.3,78086.1,78387.5,دوشنبه,2016-02-27
19,1394/12/09,77733.8,77733.8,78442.6,سه‌شنبه,2016-02-28
20,1394/12/10,77539.2,77376.4,77827.3,چهارشنبه,2016-02-29
21,1394/12/11,77648.8,77614.4,77891.4,پنج‌شنبه,2016-03-01
22,1394/12/12,77697.8,77595.9,77697.7,جمعه,2016-03-02
23,1394/12/15,78022.2,78022.2,78291.5,دوشنبه,2016-03-05
24,1394/12/16,78093.0,78093.0,78295.4,سه‌شنبه,2016-03-06
25,1394/12/17,78158.4,78142.6,78434.3,چهارشنبه,2016-03-07
26,1394/12/18,78220.0,78210.0,78402.5,پنج‌شنبه,2016-03-08
27,1394/12/19,78312.1,78312.1,78451.3,جمعه,2016-03-09
28,1394/12/22,79366.5,78541.9,79430.2,دوشنبه,2016-03-12
29,1394/12/24,80236.7,79930.6,80286.7,چهارشنبه,2016-03-14
30,1394/12/25,80037.5,79993.6,80493.4,پنج‌شنبه,2016-03-15
31,1394/12/26,80219.4,80068.0,80304.9,جمعه,2016-03-16
32,1395/01/07,81200.3,80133.2,81200.3,دوشنبه,2016-03-26
33,1395/01/08,81261.0,81255.4,81447.7,سه‌شنبه,2016-03-27
34,1395/01/09,80935.7,80935.6,81074.8,چهارشنبه,2016-03-28
35,1395/01/10,80561.3,80561.2,80889.5,پنج‌شنبه,2016-03-29
36,1395/01/11,81480.4,80774.7,81498.8,جمعه,2016-03-30
37,1395/01/14,81536.9,81432.1,81723.7,دوشنبه,2016-04-02
38,1395/01/15,80852.7,80590.0,81490.4,سه‌شنبه,2016-04-03
39,1395/01/16,80872.1,80802.6,80965.4,چهارشنبه,2016-04-04
40,1395/01/17,80965.8,80853.1,81030.5,پنج‌شنبه,2016-04-05
41,1395/01/18,80752.7,80743.1,81190.2,جمعه,2016-04-06
42,1395/01/21,80654.0,80653.1,80950.3,دوشنبه,2016-04-09
43,1395/01/22,80280.7,80237.3,80615.5,سه‌شنبه,2016-04-10
44,1395/01/23,80262.4,80164.7,80331.2,چهارشنبه,2016-04-11
45,1395/01/24,80109.3,79994.1,80446.0,پنج‌شنبه,2016-04-12
46,1395/01/25,79588.3,79579.0,80050.2,جمعه,2016-04-13
47,1395/01/28,77984.8,77933.3,79447.7,دوشنبه,2016-04-16
48,1395/01/29,77516.2,77446.5,77709.5,سه‌شنبه,2016-04-17
49,1395/01/30,78435.4,77613.1,78438.3,چهارشنبه,2016-04-18
50,1395/01/31,78430.9,78430.9,78766.1,پنج‌شنبه,2016-04-19
51,1395/02/01,78269.0,78197.2,78636.6,جمعه,2016-04-20
52,1395/02/04,78281.7,78264.9,78396.7,دوشنبه,2016-04-23
53,1395/02/05,78448.3,78278.4,78448.4,سه‌شنبه,2016-04-24
54,1395/02/06,78688.4,78653.1,78945.7,چهارشنبه,2016-04-25
55,1395/02/07,78394.4,78317.8,78699.7,پنج‌شنبه,2016-04-26
56,1395/02/08,78404.7,78341.1,78578.5,جمعه,2016-04-27
57,1395/02/11,78414.6,78399.8,78585.7,دوشنبه,2016-04-30
58,1395/02/12,78384.4,78220.1,78453.7,سه‌شنبه,2016-05-01
59,1395/02/13,78285.4,78259.0,78425.0,چهارشنبه,2016-05-02
60,1395/02/14,78044.4,77968.9,78382.5,پنج‌شنبه,2016-05-03
61,1395/02/15,78033.8,77938.1,78076.9,جمعه,2016-05-04
62,1395/02/18,77423.9,77423.9,78036.6,دوشنبه,2016-05-07
63,1395/02/19,77045.3,77041.2,77378.1,سه‌شنبه,2016-05-08
64,1395/02/20,77106.0,77094.1,77302.3,چهارشنبه,2016-05-09
65,1395/02/21,76630.4,76606.9,77070.8,پنج‌شنبه,2016-05-10
66,1395/02/22,75982.6,75894.8,76611.9,جمعه,2016-05-11
67,1395/02/25,76138.6,76016.6,76176.1,دوشنبه,2016-05-14
68,1395/02/26,75863.2,75863.2,76224.1,سه‌شنبه,2016-05-15
69,1395/02/27,75980.5,75866.4,76006.5,چهارشنبه,2016-05-16
70,1395/02/28,76292.9,76071.5,76305.5,پنج‌شنبه,2016-05-17
71,1395/02/29,76413.3,76329.8,76463.5,جمعه,2016-05-18
72,1395/03/01,76448.3,76443.4,76530.2,دوشنبه,2016-05-21
73,1395/03/03,76613.9,76493.5,76708.1,چهارشنبه,2016-05-23
74,1395/03/04,76692.8,76543.2,76692.7,پنج‌شنبه,2016-05-24
75,1395/03/05,76853.0,76702.3,76957.7,جمعه,2016-05-25
76,1395/03/08,76690.6,76618.2,76945.7,دوشنبه,2016-05-28
77,1395/03/09,76387.0,76387.0,76744.1,سه‌شنبه,2016-05-29
78,1395/03/10,76431.5,76396.1,76463.7,چهارشنبه,2016-05-30
79,1395/03/11,76144.2,76144.2,76534.5,پنج‌شنبه,2016-05-31
80,1395/03/12,76084.2,76077.7,76207.2,جمعه,2016-06-01
81,1395/03/16,76160.6,76133.2,76200.3,سه‌شنبه,2016-06-05
82,1395/03/17,76128.6,76102.9,76284.7,چهارشنبه,2016-06-06
83,1395/03/18,75874.5,75874.4,76177.0,پنج‌شنبه,2016-06-07
84,1395/03/19,75876.2,75775.9,75929.1,جمعه,2016-06-08
85,1395/03/22,74850.1,74850.1,75909.8,دوشنبه,2016-06-11
86,1395/03/23,74817.8,74670.9,74870.5,سه‌شنبه,2016-06-12
87,1395/03/24,74700.5,74594.6,74904.5,چهارشنبه,2016-06-13
88,1395/03/25,73959.7,73959.7,74716.2,پنج‌شنبه,2016-06-14
89,1395/03/26,73877.1,73705.4,73966.4,جمعه,2016-06-15
90,1395/03/29,73906.5,73887.1,74018.5,دوشنبه,2016-06-18
91,1395/03/30,73027.9,73027.9,73915.6,سه‌شنبه,2016-06-19
92,1395/03/31,72615.0,72614.8,72945.2,چهارشنبه,2016-06-20
93,1395/04/01,72799.2,72563.6,72799.2,پنج‌شنبه,2016-06-21
94,1395/04/02,73644.8,72930.1,73644.7,جمعه,2016-06-22
95,1395/04/05,73672.0,73671.7,73863.3,دوشنبه,2016-06-25
96,1395/04/06,73743.5,73651.1,73771.7,سه‌شنبه,2016-06-26
97,1395/04/08,74190.5,73935.4,74300.3,پنج‌شنبه,2016-06-28
98,1395/04/09,73940.3,73934.4,74283.2,جمعه,2016-06-29
99,1395/04/12,73965.5,73931.8,74000.8,دوشنبه,2016-07-02
100,1395/04/12,73965.5,73931.8,74000.8,دوشنبه,2016-07-02
101,1395/04/13,74064.0,74063.3,74137.1,سه‌شنبه,2016-07-03
102,1395/04/14,73947.2,73947.2,74095.4,چهارشنبه,2016-07-04
103,1395/04/15,74049.1,73959.0,74113.9,پنج‌شنبه,2016-07-05
104,1395/04/19,73716.6,73716.6,74051.4,دوشنبه,2016-07-09
105,1395/04/20,73764.2,73695.4,73799.7,سه‌شنبه,2016-07-10
106,1395/04/21,73816.7,73737.2,73893.0,چهارشنبه,2016-07-11
107,1395/04/22,73736.0,73725.3,73987.1,پنج‌شنبه,2016-07-12
108,1395/04/23,73763.0,73625.5,73763.0,جمعه,2016-07-13
109,1395/04/26,73868.0,73756.2,73888.5,دوشنبه,2016-07-16
110,1395/04/27,74194.8,74010.9,74282.5,سه‌شنبه,2016-07-17
111,1395/04/28,74196.9,74045.0,74214.8,چهارشنبه,2016-07-18
112,1395/04/29,74313.6,74249.7,74385.9,پنج‌شنبه,2016-07-19
113,1395/04/30,74514.1,74364.7,74516.4,جمعه,2016-07-20
114,1395/05/02,74934.3,74629.9,74934.2,دوشنبه,2016-07-23
115,1395/05/03,75183.9,75043.6,75197.8,سه‌شنبه,2016-07-24
116,1395/05/04,75466.5,75315.7,75540.3,چهارشنبه,2016-07-25
117,1395/05/05,75501.0,75402.0,75501.2,پنج‌شنبه,2016-07-26
118,1395/05/06,76225.7,75755.9,76294.3,جمعه,2016-07-27
119,1395/05/10,76579.7,76333.8,76699.2,سه‌شنبه,2016-07-31
120,1395/05/11,76647.4,76408.5,76647.3,چهارشنبه,2016-08-01
121,1395/05/12,77089.8,76672.4,77094.0,پنج‌شنبه,2016-08-02
122,1395/05/13,77856.5,77415.3,77915.1,جمعه,2016-08-03
123,1395/05/16,78324.9,78324.8,78324.9,دوشنبه,2016-08-06
124,1395/05/17,78704.6,78423.0,78837.9,سه‌شنبه,2016-08-07
125,1395/05/18,78324.9,78324.7,78830.5,چهارشنبه,2016-08-08
126,1395/05/19,78368.4,78345.1,78437.2,پنج‌شنبه,2016-08-09
127,1395/05/20,78190.5,78190.4,78463.8,جمعه,2016-08-10
128,1395/05/23,78218.8,78093.1,78218.9,دوشنبه,2016-08-13
129,1395/05/24,78205.1,78205.0,78417.1,سه‌شنبه,2016-08-14
130,1395/05/25,77828.8,77828.7,78205.5,چهارشنبه,2016-08-15
131,1395/05/26,77855.5,77791.2,77857.6,پنج‌شنبه,2016-08-16
132,1395/05/27,77879.0,77863.8,77925.8,جمعه,2016-08-17
133,1395/05/30,77968.7,77919.2,78009.5,دوشنبه,2016-08-20
134,1395/05/31,78086.4,77962.3,78113.8,سه‌شنبه,2016-08-21
135,1395/06/01,78086.1,78086.1,78274.9,چهارشنبه,2016-08-22
136,1395/06/02,77964.0,77907.3,78094.3,پنج‌شنبه,2016-08-23
137,1395/06/03,78081.5,78063.3,78205.7,جمعه,2016-08-24
138,1395/06/06,77757.6,77757.1,78095.9,دوشنبه,2016-08-27
139,1395/06/07,77313.6,77313.6,77846.9,سه‌شنبه,2016-08-28
140,1395/06/08,77345.6,77326.3,77374.9,چهارشنبه,2016-08-29
141,1395/06/09,77358.6,77352.4,77381.5,پنج‌شنبه,2016-08-30
142,1395/06/10,77167.9,77167.8,77381.7,جمعه,2016-08-31
143,1395/06/13,76747.0,76747.0,77184.5,دوشنبه,2016-09-03
144,1395/06/14,76509.4,76509.4,76784.8,سه‌شنبه,2016-09-04
145,1395/06/15,76522.2,76485.9,76522.9,چهارشنبه,2016-09-05
146,1395/06/16,76669.6,76546.0,76703.2,پنج‌شنبه,2016-09-06
147,1395/06/17,76742.2,76742.1,76885.5,جمعه,2016-09-07
148,1395/06/20,76640.3,76610.8,76746.8,دوشنبه,2016-09-10
149,1395/06/21,76643.9,76643.8,76698.3,سه‌شنبه,2016-09-11
150,1395/06/23,76444.2,76444.1,76677.9,پنج‌شنبه,2016-09-13
151,1395/06/24,76455.4,76348.3,76476.7,جمعه,2016-09-14
152,1395/06/27,76104.9,76104.8,76460.1,دوشنبه,2016-09-17
153,1395/06/28,76166.7,76099.3,76179.3,سه‌شنبه,2016-09-18
154,1395/06/29,76272.6,76176.5,76321.4,چهارشنبه,2016-09-19
155,1395/06/31,76450.9,76338.4,76450.9,جمعه,2016-09-21
156,1395/07/03,76906.9,76487.8,76907.4,دوشنبه,2016-09-24
157,1395/07/04,77081.5,77009.8,77121.4,سه‌شنبه,2016-09-25
158,1395/07/05,77089.8,77058.8,77152.7,چهارشنبه,2016-09-26
159,1395/07/06,77143.1,77116.1,77209.1,پنج‌شنبه,2016-09-27
160,1395/07/07,77300.3,77198.8,77357.1,جمعه,2016-09-28
161,1395/07/10,77478.8,77459.2,77605.2,دوشنبه,2016-10-01
162,1395/07/11,77287.6,77287.5,77533.1,سه‌شنبه,2016-10-02
163,1395/07/12,77265.3,77265.3,77413.7,چهارشنبه,2016-10-03
164,1395/07/13,77335.3,77335.3,77494.5,پنج‌شنبه,2016-10-04
165,1395/07/14,77183.0,77182.9,77342.6,جمعه,2016-10-05
166,1395/07/17,77217.0,77190.2,77278.1,دوشنبه,2016-10-08
167,1395/07/18,77435.8,77207.9,77480.1,سه‌شنبه,2016-10-09
168,1395/07/19,77655.1,77469.9,77671.0,چهارشنبه,2016-10-10
169,1395/07/24,77886.4,77725.7,77915.4,دوشنبه,2016-10-15
170,1395/07/25,77569.1,77569.0,77911.0,سه‌شنبه,2016-10-16
171,1395/07/26,77707.2,77525.6,77720.3,چهارشنبه,2016-10-17
172,1395/07/27,77849.5,77773.8,77885.4,پنج‌شنبه,2016-10-18
173,1395/07/28,78091.5,77889.6,78092.0,جمعه,2016-10-19
174,1395/08/01,78387.2,78154.9,78430.0,دوشنبه,2016-10-22
175,1395/08/02,78370.3,78370.3,78517.2,سه‌شنبه,2016-10-23
176,1395/08/03,78568.8,78452.4,78579.5,چهارشنبه,2016-10-24
177,1395/08/04,78761.9,78568.8,78761.9,پنج‌شنبه,2016-10-25
178,1395/08/05,79299.6,78836.8,79304.3,جمعه,2016-10-26
179,1395/08/08,80340.7,79299.6,80493.3,دوشنبه,2016-10-29
180,1395/08/09,80339.2,80338.3,80511.9,سه‌شنبه,2016-10-30
181,1395/08/10,80263.7,80263.7,80527.6,چهارشنبه,2016-10-31
182,1395/08/11,79659.2,79659.0,80285.3,پنج‌شنبه,2016-11-01
183,1395/08/12,79670.9,79634.6,79681.1,جمعه,2016-11-02
184,1395/08/15,79253.5,79253.4,79735.5,دوشنبه,2016-11-05
185,1395/08/16,79137.5,79137.5,79278.0,سه‌شنبه,2016-11-06
186,1395/08/17,79632.3,79270.5,79635.2,چهارشنبه,2016-11-07
187,1395/08/18,79871.4,79718.1,79902.7,پنج‌شنبه,2016-11-08
188,1395/08/19,78411.6,78396.0,79340.1,جمعه,2016-11-09
189,1395/08/22,79010.7,78781.5,79069.7,دوشنبه,2016-11-12
190,1395/08/23,79048.5,79048.4,79258.3,سه‌شنبه,2016-11-13
191,1395/08/24,79341.5,79095.3,79378.2,چهارشنبه,2016-11-14
192,1395/08/25,79236.2,79153.5,79458.7,پنج‌شنبه,2016-11-15
193,1395/08/26,79268.4,79268.4,79418.2,جمعه,2016-11-16
194,1395/08/29,79278.6,79127.7,79335.6,دوشنبه,2016-11-19
195,1395/09/01,79318.9,79306.1,79369.2,چهارشنبه,2016-11-21
196,1395/09/02,79393.8,79361.3,79418.9,پنج‌شنبه,2016-11-22
197,1395/09/03,79385.6,79384.1,79449.9,جمعه,2016-11-23
198,1395/09/06,79541.4,79511.0,79607.8,دوشنبه,2016-11-26
199,1395/09/07,79625.9,79579.1,79685.2,سه‌شنبه,2016-11-27
200,1395/09/09,80018.6,79645.7,80018.6,پنج‌شنبه,2016-11-29
201,1395/09/13,80058.8,80033.9,80180.0,دوشنبه,2016-12-03
202,1395/09/14,80063.7,80050.1,80115.1,سه‌شنبه,2016-12-04
203,1395/09/15,80081.2,80014.1,80174.7,چهارشنبه,2016-12-05
204,1395/09/16,80830.5,80139.8,80851.1,پنج‌شنبه,2016-12-06
205,1395/09/17,81341.6,80965.3,81344.3,جمعه,2016-12-07
206,1395/09/20,81250.5,81250.5,81505.7,دوشنبه,2016-12-10
207,1395/09/21,80925.9,80925.9,81264.8,سه‌شنبه,2016-12-11
208,1395/09/22,80915.5,80913.9,81129.6,چهارشنبه,2016-12-12
209,1395/09/23,80741.2,80741.1,80929.2,پنج‌شنبه,2016-12-13
210,1395/09/24,80683.6,80683.6,80806.8,جمعه,2016-12-14
211,1395/09/28,80709.0,80675.2,80782.7,سه‌شنبه,2016-12-18
212,1395/09/29,80413.1,80413.1,80766.0,چهارشنبه,2016-12-19
213,1395/09/30,80122.7,80122.6,80511.4,پنج‌شنبه,2016-12-20
214,1395/10/01,80250.0,80128.0,80250.9,جمعه,2016-12-21
215,1395/10/04,80161.2,80161.1,80270.8,دوشنبه,2016-12-24
216,1395/10/05,79898.9,79898.8,80159.2,سه‌شنبه,2016-12-25
217,1395/10/06,79966.5,79926.3,80092.3,چهارشنبه,2016-12-26
218,1395/10/07,79800.8,79800.7,80002.1,پنج‌شنبه,2016-12-27
219,1395/10/08,79691.8,79598.4,79871.0,جمعه,2016-12-28
220,1395/10/11,79486.6,79486.6,79758.3,دوشنبه,2016-12-31
221,1395/10/12,78896.0,78895.8,79482.2,سه‌شنبه,2017-01-01
222,1395/10/13,78968.9,78699.0,78968.9,چهارشنبه,2017-01-02
223,1395/10/14,78983.7,78952.2,79011.1,پنج‌شنبه,2017-01-03
224,1395/10/15,78990.3,78959.5,79017.2,جمعه,2017-01-04
225,1395/10/18,78826.5,78826.5,79010.5,دوشنبه,2017-01-07
226,1395/10/19,78833.4,78828.7,78911.4,سه‌شنبه,2017-01-08
227,1395/10/20,78609.5,78609.5,78823.8,چهارشنبه,2017-01-09
228,1395/10/22,78622.0,78555.4,78652.9,جمعه,2017-01-11
229,1395/10/25,78876.2,78709.1,78946.2,دوشنبه,2017-01-14
230,1395/10/26,79073.2,78961.1,79131.2,سه‌شنبه,2017-01-15
231,1395/10/27,79084.2,79069.5,79117.9,چهارشنبه,2017-01-16
232,1395/10/28,79280.4,79032.9,79293.1,پنج‌شنبه,2017-01-17
233,1395/10/29,79382.2,79310.2,79464.9,جمعه,2017-01-18
234,1395/11/02,79206.6,79206.5,79394.5,دوشنبه,2017-01-21
235,1395/11/03,79218.0,79153.6,79218.0,سه‌شنبه,2017-01-22
236,1395/11/04,79263.5,79217.1,79311.3,چهارشنبه,2017-01-23
237,1395/11/05,78249.1,78249.1,79311.9,پنج‌شنبه,2017-01-24
238,1395/11/06,78049.0,78048.9,78325.7,جمعه,2017-01-25
239,1395/11/09,77714.1,77714.1,78053.9,دوشنبه,2017-01-28
240,1395/11/10,77707.3,77706.5,77755.9,سه‌شنبه,2017-01-29
241,1395/11/11,77961.4,77753.2,77999.7,چهارشنبه,2017-01-30
242,1395/11/12,77975.4,77975.4,78123.4,پنج‌شنبه,2017-01-31
243,1395/11/13,77414.9,77414.8,78004.2,جمعه,2017-02-01
244,1395/11/16,76825.7,76825.7,77414.8,دوشنبه,2017-02-04
245,1395/11/17,76616.0,76616.0,76830.7,سه‌شنبه,2017-02-05
246,1395/11/18,76678.7,76615.3,76750.5,چهارشنبه,2017-02-06
247,1395/11/19,76766.0,76766.0,76874.2,پنج‌شنبه,2017-02-07
248,1395/11/20,76792.8,76731.8,76796.1,جمعه,2017-02-08
249,1395/11/23,76816.8,76798.2,76968.2,دوشنبه,2017-02-11
250,1395/11/24,76827.7,76772.6,76836.9,سه‌شنبه,2017-02-12
251,1395/11/25,76975.5,76867.7,77125.8,چهارشنبه,2017-02-13
252,1395/11/26,77000.2,76964.7,77061.2,پنج‌شنبه,2017-02-14
253,1395/11/27,77189.7,77023.9,77209.5,جمعه,2017-02-15
254,1395/11/30,77599.1,77202.8,77613.3,دوشنبه,2017-02-18
255,1395/12/01,77658.6,77648.3,77772.6,سه‌شنبه,2017-02-19
256,1395/12/02,77698.2,77697.8,77753.7,چهارشنبه,2017-02-20
257,1395/12/03,77800.2,77733.8,77815.9,پنج‌شنبه,2017-02-21
258,1395/12/04,77847.2,77818.1,77898.4,جمعه,2017-02-22
259,1395/12/07,77863.5,77850.3,77924.5,دوشنبه,2017-02-25
260,1395/12/08,77574.7,77574.7,77891.7,سه‌شنبه,2017-02-26
261,1395/12/09,77590.7,77573.2,77617.4,چهارشنبه,2017-02-27
262,1395/12/10,77602.3,77593.5,77693.7,پنج‌شنبه,2017-02-28
263,1395/12/11,77475.2,77475.2,77654.0,جمعه,2017-03-01
264,1395/12/14,77135.1,77135.1,77463.5,دوشنبه,2017-03-04
265,1395/12/15,76766.9,76766.9,77139.6,سه‌شنبه,2017-03-05
266,1395/12/16,76789.7,76780.2,76869.8,چهارشنبه,2017-03-06
267,1395/12/17,76800.4,76735.3,76829.7,پنج‌شنبه,2017-03-07
268,1395/12/18,76285.5,76285.5,76806.4,جمعه,2017-03-08
269,1395/12/21,76315.6,76196.5,76315.6,دوشنبه,2017-03-11
270,1395/12/22,76329.0,76286.5,76374.9,سه‌شنبه,2017-03-12
271,1395/12/23,76332.0,76331.9,76464.4,چهارشنبه,2017-03-13
272,1395/12/24,76639.0,76394.6,76639.6,پنج‌شنبه,2017-03-14
273,1395/12/25,76737.9,76659.1,76775.8,جمعه,2017-03-15
274,1395/12/28,77230.0,76788.7,77230.0,دوشنبه,2017-03-18
275,1396/01/05,77485.8,77238.9,77493.9,دوشنبه,2017-03-25
276,1396/01/06,77502.9,77492.8,77541.6,سه‌شنبه,2017-03-26
277,1396/01/07,77523.3,77480.9,77529.4,چهارشنبه,2017-03-27
278,1396/01/08,77548.5,77533.3,77577.2,پنج‌شنبه,2017-03-28
279,1396/01/09,77584.4,77565.1,77607.5,جمعه,2017-03-29
280,1396/01/14,77616.8,77598.8,77668.0,چهارشنبه,2017-04-03
281,1396/01/15,77647.1,77611.5,77698.1,پنج‌شنبه,2017-04-04
282,1396/01/16,77689.9,77680.0,77739.5,جمعه,2017-04-05
283,1396/01/19,77804.7,77783.6,77911.8,دوشنبه,2017-04-08
284,1396/01/20,77860.4,77860.4,78048.2,سه‌شنبه,2017-04-09
285,1396/01/21,78107.8,78007.3,78204.5,چهارشنبه,2017-04-10
286,1396/01/23,78132.4,78122.5,78174.0,جمعه,2017-04-12
287,1396/01/26,78383.3,78229.6,78509.9,دوشنبه,2017-04-15
288,1396/01/27,78471.7,78455.8,78650.0,سه‌شنبه,2017-04-16
289,1396/01/28,78247.5,78247.5,78561.4,چهارشنبه,2017-04-17
290,1396/01/29,78339.8,78306.5,78431.8,پنج‌شنبه,2017-04-18
291,1396/01/30,78651.4,78464.8,78657.6,جمعه,2017-04-19
292,1396/02/02,79302.7,78812.6,79302.7,دوشنبه,2017-04-22
293,1396/02/03,79390.6,79390.6,79577.6,سه‌شنبه,2017-04-23
294,1396/02/04,79425.9,79365.8,79461.4,چهارشنبه,2017-04-24
295,1396/02/06,79596.9,79511.6,79596.9,جمعه,2017-04-26
296,1396/02/09,79755.6,79670.1,79822.9,دوشنبه,2017-04-29
297,1396/02/10,79785.0,79785.0,79919.4,سه‌شنبه,2017-04-30
298,1396/02/11,79826.6,79730.6,79909.9,چهارشنبه,2017-05-01
299,1396/02/12,79942.1,79887.6,80013.8,پنج‌شنبه,2017-05-02
300,1396/02/13,79969.2,79951.7,80099.4,جمعه,2017-05-03
301,1396/02/16,79697.4,79697.4,80027.2,دوشنبه,2017-05-06
302,1396/02/17,79660.9,79604.1,79705.1,سه‌شنبه,2017-05-07
303,1396/02/18,79744.1,79732.8,79773.1,چهارشنبه,2017-05-08
304,1396/02/19,79858.8,79664.2,79858.8,پنج‌شنبه,2017-05-09
305,1396/02/20,80127.1,80012.7,80143.4,جمعه,2017-05-10
306,1396/02/23,80142.0,80139.5,80177.0,دوشنبه,2017-05-13
307,1396/02/24,79963.0,79958.7,80140.8,سه‌شنبه,2017-05-14
308,1396/02/25,79957.5,79957.4,80004.7,چهارشنبه,2017-05-15
309,1396/02/26,80129.3,80042.8,80171.3,پنج‌شنبه,2017-05-16
310,1396/02/27,80344.2,80234.8,80397.6,جمعه,2017-05-17
311,1396/02/30,81077.6,80837.5,81132.6,دوشنبه,2017-05-20
312,1396/02/31,81194.0,81149.2,81256.3,سه‌شنبه,2017-05-21
313,1396/03/01,81124.4,81121.9,81308.7,چهارشنبه,2017-05-22
314,1396/03/02,81124.4,81124.2,81183.4,پنج‌شنبه,2017-05-23
315,1396/03/03,81146.2,81068.4,81148.6,جمعه,2017-05-24
316,1396/03/06,80921.2,80921.2,81161.7,دوشنبه,2017-05-27
317,1396/03/07,80713.2,80713.2,80943.8,سه‌شنبه,2017-05-28
318,1396/03/08,80607.9,80599.6,80730.0,چهارشنبه,2017-05-29
319,1396/03/09,80511.5,80503.7,80621.9,پنج‌شنبه,2017-05-30
320,1396/03/10,80513.3,80513.3,80565.8,جمعه,2017-05-31
321,1396/03/13,80288.9,80288.9,80548.2,دوشنبه,2017-06-03
322,1396/03/16,80293.5,80283.5,80332.6,پنج‌شنبه,2017-06-06
323,1396/03/17,79758.5,79758.5,80299.8,جمعه,2017-06-07
324,1396/03/20,79855.7,79811.3,79898.4,دوشنبه,2017-06-10
325,1396/03/21,79870.7,79845.5,79884.4,سه‌شنبه,2017-06-11
326,1396/03/22,79564.1,79564.1,79872.9,چهارشنبه,2017-06-12
327,1396/03/23,79426.9,79426.9,79575.7,پنج‌شنبه,2017-06-13
328,1396/03/24,79465.7,79432.2,79474.2,جمعه,2017-06-14
329,1396/03/27,79285.0,79285.0,79533.8,دوشنبه,2017-06-17
330,1396/03/28,78990.4,78990.4,79297.9,سه‌شنبه,2017-06-18
331,1396/03/29,78859.2,78859.2,79001.7,چهارشنبه,2017-06-19
332,1396/03/30,78867.5,78833.6,78884.4,پنج‌شنبه,2017-06-20
333,1396/03/31,78736.2,78736.2,78883.8,جمعه,2017-06-21
334,1396/04/03,78652.7,78652.7,78772.6,دوشنبه,2017-06-24
335,1396/04/04,78665.5,78661.5,78707.4,سه‌شنبه,2017-06-25
336,1396/04/07,78704.5,78687.1,78760.4,جمعه,2017-06-28
337,1396/04/10,78799.7,78751.1,78820.9,دوشنبه,2017-07-01
338,1396/04/11,78765.3,78765.3,78821.2,سه‌شنبه,2017-07-02
339,1396/04/12,78659.2,78659.2,78775.5,چهارشنبه,2017-07-03
340,1396/04/13,78632.5,78622.2,78671.2,پنج‌شنبه,2017-07-04
341,1396/04/14,78685.6,78652.1,78694.6,جمعه,2017-07-05
342,1396/04/24,79658.9,79530.5,79684.0,دوشنبه,2017-07-15
343,1396/04/25,79620.8,79608.7,79699.9,سه‌شنبه,2017-07-16
344,1396/04/26,79692.9,79628.7,79705.5,چهارشنبه,2017-07-17
345,1396/04/27,79735.7,79733.3,79792.7,پنج‌شنبه,2017-07-18
346,1396/04/28,80162.5,79764.3,80178.5,جمعه,2017-07-19
347,1396/04/31,80670.8,80250.1,80671.6,دوشنبه,2017-07-22
348,1396/05/01,80863.0,80676.5,80889.1,سه‌شنبه,2017-07-23
349,1396/05/02,80933.9,80894.4,81008.2,چهارشنبه,2017-07-24
350,1396/05/03,81181.7,80882.5,81242.6,پنج‌شنبه,2017-07-25
351,1396/05/04,81509.3,81297.6,81628.6,جمعه,2017-07-26
352,1396/05/07,81420.9,81351.1,81572.0,دوشنبه,2017-07-29
353,1396/05/08,81491.4,81438.5,81635.0,سه‌شنبه,2017-07-30
354,1396/05/09,81533.5,81502.5,81596.8,چهارشنبه,2017-07-31
355,1396/05/10,81415.9,81415.8,81565.8,پنج‌شنبه,2017-08-01
356,1396/05/11,81265.9,81265.8,81445.9,جمعه,2017-08-02
357,1396/05/15,81384.1,81302.7,81424.7,سه‌شنبه,2017-08-06
358,1396/05/16,81285.7,81285.7,81402.2,چهارشنبه,2017-08-07
359,1396/05/17,81313.9,81278.2,81346.7,پنج‌شنبه,2017-08-08
360,1396/05/18,81579.3,81370.7,81626.5,جمعه,2017-08-09
361,1396/05/21,81763.1,81613.0,81805.6,دوشنبه,2017-08-12
362,1396/05/22,81661.5,81661.5,81818.7,سه‌شنبه,2017-08-13
363,1396/05/23,81659.3,81597.1,81673.6,چهارشنبه,2017-08-14
364,1396/05/24,81696.3,81611.4,81716.7,پنج‌شنبه,2017-08-15
365,1396/05/25,81741.9,81696.3,81741.9,جمعه,2017-08-16
366,1396/05/28,81954.9,81808.2,82021.2,دوشنبه,2017-08-19
367,1396/05/29,82016.2,81984.3,82016.3,سه‌شنبه,2017-08-20
368,1396/05/30,82075.0,82023.0,82084.2,چهارشنبه,2017-08-21
369,1396/05/31,82372.4,82119.7,82428.6,پنج‌شنبه,2017-08-22
370,1396/06/01,82541.8,82413.6,82570.1,جمعه,2017-08-23
371,1396/06/04,82897.1,82583.5,82933.2,دوشنبه,2017-08-26
372,1396/06/05,82885.0,82853.4,82968.2,سه‌شنبه,2017-08-27
373,1396/06/06,83012.1,82898.5,83015.3,چهارشنبه,2017-08-28
374,1396/06/07,83252.0,83106.5,83401.9,پنج‌شنبه,2017-08-29
375,1396/06/08,83272.9,83262.7,83342.9,جمعه,2017-08-30
376,1396/06/11,83428.2,83290.5,83441.0,دوشنبه,2017-09-02
377,1396/06/12,83345.2,83297.8,83586.3,سه‌شنبه,2017-09-03
378,1396/06/13,83452.1,83333.7,83503.9,چهارشنبه,2017-09-04
379,1396/06/14,83733.5,83460.6,83764.1,پنج‌شنبه,2017-09-05
380,1396/06/15,83675.3,83674.8,83762.4,جمعه,2017-09-06
381,1396/06/19,83255.7,83255.7,83530.6,سه‌شنبه,2017-09-10
382,1396/06/20,83369.1,83238.1,83369.1,چهارشنبه,2017-09-11
383,1396/06/21,83469.2,83371.3,83490.4,پنج‌شنبه,2017-09-12
384,1396/06/22,83523.8,83480.8,83534.5,جمعه,2017-09-13
385,1396/06/25,83683.2,83524.2,83685.6,دوشنبه,2017-09-16
386,1396/06/26,83916.6,83732.0,83916.6,سه‌شنبه,2017-09-17
387,1396/06/27,84414.5,83944.1,84414.5,چهارشنبه,2017-09-18
388,1396/06/28,85343.9,84455.2,85344.2,پنج‌شنبه,2017-09-19
389,1396/06/29,85831.8,85416.4,85832.1,جمعه,2017-09-20
390,1396/07/01,85798.4,85769.1,85873.4,دوشنبه,2017-09-23
391,1396/07/02,85588.8,85572.6,85820.2,سه‌شنبه,2017-09-24
392,1396/07/03,85516.9,85516.8,85645.8,چهارشنبه,2017-09-25
393,1396/07/04,85628.8,85619.7,85656.5,پنج‌شنبه,2017-09-26
394,1396/07/05,85819.0,85742.3,85879.0,جمعه,2017-09-27
395,1396/07/10,85514.9,85488.5,85839.6,چهارشنبه,2017-10-02
396,1396/07/11,85355.0,85354.9,85517.5,پنج‌شنبه,2017-10-03
397,1396/07/12,85429.5,85364.2,85480.9,جمعه,2017-10-04
398,1396/07/15,85069.5,85069.5,85520.5,دوشنبه,2017-10-07
399,1396/07/16,84564.9,84554.7,85306.5,سه‌شنبه,2017-10-08
400,1396/07/17,84611.6,84568.2,84626.5,چهارشنبه,2017-10-09
401,1396/07/18,84734.4,84618.7,84751.1,پنج‌شنبه,2017-10-10
402,1396/07/19,84744.1,84725.8,84753.4,جمعه,2017-10-11
403,1396/07/22,85263.6,84852.9,85263.6,دوشنبه,2017-10-14
404,1396/07/23,85394.9,85283.8,85394.9,سه‌شنبه,2017-10-15
405,1396/07/24,85590.7,85424.5,85593.9,چهارشنبه,2017-10-16
406,1396/07/25,85660.0,85615.5,85686.0,پنج‌شنبه,2017-10-17
407,1396/07/26,85768.0,85696.6,85771.3,جمعه,2017-10-18
408,1396/07/29,86430.5,85856.7,86430.6,دوشنبه,2017-10-21
409,1396/07/30,86480.2,86459.2,86553.3,سه‌شنبه,2017-10-22
410,1396/08/01,86346.2,86326.2,86481.8,چهارشنبه,2017-10-23
411,1396/08/02,86529.2,86351.0,86529.2,پنج‌شنبه,2017-10-24
412,1396/08/03,86636.8,86564.1,86651.6,جمعه,2017-10-25
413,1396/08/06,86935.4,86681.1,86940.0,دوشنبه,2017-10-28
414,1396/08/07,87416.6,86985.6,87416.6,سه‌شنبه,2017-10-29
415,1396/08/08,87477.2,87476.8,87579.8,چهارشنبه,2017-10-30
416,1396/08/09,87649.9,87484.0,87650.0,پنج‌شنبه,2017-10-31
417,1396/08/10,87844.9,87731.3,87883.5,جمعه,2017-11-01
418,1396/08/13,87868.6,87842.2,87933.4,دوشنبه,2017-11-04
419,1396/08/14,87905.1,87886.0,87974.4,سه‌شنبه,2017-11-05
420,1396/08/15,87843.7,87843.6,87951.4,چهارشنبه,2017-11-06
421,1396/08/16,87883.1,87867.3,87970.4,پنج‌شنبه,2017-11-07
422,1396/08/17,87897.4,87879.6,87912.5,جمعه,2017-11-08
423,1396/08/20,87795.2,87795.2,87925.6,دوشنبه,2017-11-11
424,1396/08/21,87744.7,87744.7,87811.6,سه‌شنبه,2017-11-12
425,1396/08/22,87832.5,87761.9,87867.7,چهارشنبه,2017-11-13
426,1396/08/23,87949.8,87850.6,87976.5,پنج‌شنبه,2017-11-14
427,1396/08/24,88005.9,87951.5,88017.3,جمعه,2017-11-15
428,1396/08/27,88202.3,88027.9,88222.5,دوشنبه,2017-11-18
429,1396/08/29,88261.2,88258.8,88354.9,چهارشنبه,2017-11-20
430,1396/08/30,88774.6,88465.4,88774.7,پنج‌شنبه,2017-11-21
431,1396/09/01,89339.1,88829.3,89339.1,جمعه,2017-11-22
432,1396/09/04,90469.5,89626.5,90491.0,دوشنبه,2017-11-25
433,1396/09/05,90655.5,90599.6,90727.9,سه‌شنبه,2017-11-26
434,1396/09/07,91255.2,90774.1,91264.9,پنج‌شنبه,2017-11-28
435,1396/09/08,91152.2,91114.5,91329.2,جمعه,2017-11-29
436,1396/09/11,91296.7,91208.1,91358.2,دوشنبه,2017-12-02
437,1396/09/12,90951.8,90951.8,91313.0,سه‌شنبه,2017-12-03
438,1396/09/13,90936.6,90936.4,91055.4,چهارشنبه,2017-12-04
439,1396/09/14,91092.2,90937.2,91182.9,پنج‌شنبه,2017-12-05
440,1396/09/18,91160.3,91119.5,91239.8,دوشنبه,2017-12-09
441,1396/09/19,91198.9,91197.2,91278.8,سه‌شنبه,2017-12-10
442,1396/09/20,91552.4,91266.5,91552.4,چهارشنبه,2017-12-11
443,1396/09/21,92628.9,91840.7,92643.0,پنج‌شنبه,2017-12-12
444,1396/09/22,93283.7,92766.3,93343.4,جمعه,2017-12-13
445,1396/09/23,93283.65,93283.65,93283.65,شنبه,2017-12-14
446,1396/09/24,93283.65,93283.65,93283.65,یکشنبه,2017-12-15
447,1396/09/25,94606.42,93283.65,94606.43,دوشنبه,2017-12-16
448,1396/09/26,95600.75,94820.85,95784.94,سه‌شنبه,2017-12-17
449,1396/09/27,95477.41,95394.47,95634.44,چهارشنبه,2017-12-18
450,1396/09/28,95590.61,95477.68,95703.35,پنج‌شنبه,2017-12-19
451,1396/09/29,95508.64,95428.11,95607.4,جمعه,2017-12-20
452,1396/10/02,96816.03,95579.83,96816.32,دوشنبه,2017-12-23
453,1396/10/03,97529.35,96840.87,97529.35,سه‌شنبه,2017-12-24
454,1396/10/04,98358.42,97601.17,98373.72,چهارشنبه,2017-12-25
455,1396/10/05,98152.8,98150.66,98627.12,پنج‌شنبه,2017-12-26
456,1396/10/06,97899.16,97899.15,98514.19,جمعه,2017-12-27
457,1396/10/09,97211.41,96981.05,97847.87,دوشنبه,2017-12-30
458,1396/10/10,95561.58,95454.56,97166.53,سه‌شنبه,2017-12-31
459,1396/10/11,96208.0,95569.34,96232.85,چهارشنبه,2018-01-01
460,1396/10/12,96241.28,96215.99,96354.49,پنج‌شنبه,2018-01-02
461,1396/10/13,95929.46,95929.45,96263.86,جمعه,2018-01-03
462,1396/10/16,96270.39,95919.05,96280.96,دوشنبه,2018-01-06
463,1396/10/17,96234.54,96234.53,96374.34,سه‌شنبه,2018-01-07
464,1396/10/18,96332.55,96237.41,96351.9,چهارشنبه,2018-01-08
465,1396/10/19,96149.27,96141.07,96359.92,پنج‌شنبه,2018-01-09
466,1396/10/20,96185.99,96147.68,96261.33,جمعه,2018-01-10
467,1396/10/23,96627.55,96267.65,96734.45,دوشنبه,2018-01-13
468,1396/10/24,97228.67,96647.17,97230.65,سه‌شنبه,2018-01-14
469,1396/10/25,97944.03,97245.38,97966.58,چهارشنبه,2018-01-15
470,1396/10/26,98596.93,97958.36,98603.65,پنج‌شنبه,2018-01-16
471,1396/10/27,98923.55,98616.52,98959.46,جمعه,2018-01-17
472,1396/10/30,98817.28,98817.28,99075.05,دوشنبه,2018-01-20
473,1396/11/01,98221.09,98221.08,98813.3,سه‌شنبه,2018-01-21
474,1396/11/02,98628.43,98217.94,98679.89,چهارشنبه,2018-01-22
475,1396/11/03,99224.8,98644.3,99224.8,پنج‌شنبه,2018-01-23
476,1396/11/04,99522.18,99271.43,99607.05,جمعه,2018-01-24
477,1396/11/07,99355.55,99355.54,99607.11,دوشنبه,2018-01-27
478,1396/11/08,99414.55,99363.59,99563.76,سه‌شنبه,2018-01-28
479,1396/11/09,99046.12,99046.12,99501.71,چهارشنبه,2018-01-29
480,1396/11/10,98557.87,98557.73,99065.31,پنج‌شنبه,2018-01-30
481,1396/11/11,98133.52,98133.5,98561.54,جمعه,2018-01-31
482,1396/11/14,97718.81,97718.75,98145.53,دوشنبه,2018-02-03
483,1396/11/15,97808.19,97706.48,97878.95,سه‌شنبه,2018-02-04
484,1396/11/16,98033.54,97809.26,98050.93,چهارشنبه,2018-02-05
485,1396/11/17,97927.5,97913.59,98093.53,پنج‌شنبه,2018-02-06
486,1396/11/18,98299.74,97931.41,98320.11,جمعه,2018-02-07
487,1396/11/21,97782.73,97782.51,98246.55,دوشنبه,2018-02-10
488,1396/11/23,97924.73,97789.05,98003.88,چهارشنبه,2018-02-12
489,1396/11/24,98103.36,97930.9,98180.22,پنج‌شنبه,2018-02-13
490,1396/11/25,98347.92,98119.66,98349.7,جمعه,2018-02-14
491,1396/11/28,98429.69,98371.02,98603.78,دوشنبه,2018-02-17
492,1396/11/29,98311.62,98300.4,98462.97,سه‌شنبه,2018-02-18
493,1396/11/30,98148.52,98148.52,98338.93,چهارشنبه,2018-02-19
494,1396/12/02,98157.3,98155.51,98249.66,جمعه,2018-02-21
495,1396/12/05,98176.9,98176.9,98313.72,دوشنبه,2018-02-24
496,1396/12/06,98080.27,98080.18,98211.47,سه‌شنبه,2018-02-25
497,1396/12/07,98098.51,98096.84,98173.29,چهارشنبه,2018-02-26
498,1396/12/08,98100.84,98096.99,98229.87,پنج‌شنبه,2018-02-27
499,1396/12/09,97961.75,97961.42,98181.61,جمعه,2018-02-28
500,1396/12/12,97388.71,97388.44,97968.94,دوشنبه,2018-03-03
501,1396/12/13,97354.34,97354.3,97446.17,سه‌شنبه,2018-03-04
502,1396/12/14,97182.65,97182.65,97401.16,چهارشنبه,2018-03-05
503,1396/12/15,96991.02,96991.02,97217.59,پنج‌شنبه,2018-03-06
504,1396/12/16,96860.33,96860.3,96997.6,جمعه,2018-03-07
505,1396/12/19,96594.52,96594.52,96889.57,دوشنبه,2018-03-10
506,1396/12/20,96028.48,96028.48,96608.41,سه‌شنبه,2018-03-11
507,1396/12/21,96194.47,96032.02,96240.6,چهارشنبه,2018-03-12
508,1396/12/22,96314.17,96202.15,96314.17,پنج‌شنبه,2018-03-13
509,1396/12/23,95525.91,95525.89,96463.51,جمعه,2018-03-14
510,1396/12/26,95577.34,95530.49,95688.53,دوشنبه,2018-03-17
511,1396/12/27,95819.63,95616.66,95819.64,سه‌شنبه,2018-03-18
512,1396/12/28,96289.99,95863.1,96336.98,چهارشنبه,2018-03-19
513,1397/01/05,96425.91,96338.97,96432.37,سه‌شنبه,2018-03-25
514,1397/01/06,96489.72,96420.31,96611.83,چهارشنبه,2018-03-26
515,1397/01/07,96596.65,96493.51,96623.11,پنج‌شنبه,2018-03-27
516,1397/01/08,96938.88,96599.36,96951.45,جمعه,2018-03-28
517,1397/01/14,97086.17,96948.95,97162.24,پنج‌شنبه,2018-04-03
518,1397/01/15,97150.58,97089.92,97150.6,جمعه,2018-04-04
519,1397/01/18,96779.87,96779.87,97186.62,دوشنبه,2018-04-07
520,1397/01/19,96341.27,96340.96,96750.43,سه‌شنبه,2018-04-08
521,1397/01/20,97120.77,96376.84,97135.37,چهارشنبه,2018-04-09
522,1397/01/21,96748.01,96747.99,97164.5,پنج‌شنبه,2018-04-10
523,1397/01/22,96287.05,96265.37,96799.22,جمعه,2018-04-11
524,1397/01/26,95987.56,95987.56,96308.34,سه‌شنبه,2018-04-15
525,1397/01/27,95506.26,95506.26,96000.42,چهارشنبه,2018-04-16
526,1397/01/28,95522.73,95522.73,95589.24,پنج‌شنبه,2018-04-17
527,1397/01/29,95523.89,95518.23,95627.95,جمعه,2018-04-18
528,1397/02/01,95265.87,95265.87,95565.88,دوشنبه,2018-04-21
529,1397/02/02,94494.27,94494.27,95270.91,سه‌شنبه,2018-04-22
530,1397/02/03,94299.53,94299.51,94512.68,چهارشنبه,2018-04-23
531,1397/02/04,94576.36,94316.09,94629.01,پنج‌شنبه,2018-04-24
532,1397/02/05,94796.14,94583.78,94883.9,جمعه,2018-04-25
533,1397/02/08,94284.49,94284.49,94804.57,دوشنبه,2018-04-28
534,1397/02/09,93805.58,93805.51,94298.74,سه‌شنبه,2018-04-29
535,1397/02/10,93586.93,93586.89,93866.56,چهارشنبه,2018-04-30
536,1397/02/11,93612.14,93586.11,93630.8,پنج‌شنبه,2018-05-01
537,1397/02/15,93100.67,93100.66,93642.22,دوشنبه,2018-05-05
538,1397/02/16,92849.93,92849.89,93100.96,سه‌شنبه,2018-05-06
539,1397/02/17,93165.92,92855.6,93165.92,چهارشنبه,2018-05-07
540,1397/02/18,93605.87,93208.25,93605.87,پنج‌شنبه,2018-05-08
541,1397/02/19,93691.16,93654.13,93834.9,جمعه,2018-05-09
542,1397/02/22,93891.12,93684.27,93933.96,دوشنبه,2018-05-12
543,1397/02/23,94165.83,93953.69,94182.74,سه‌شنبه,2018-05-13
544,1397/02/24,94703.45,94214.31,94704.43,چهارشنبه,2018-05-14
545,1397/02/25,94905.92,94769.6,94941.99,پنج‌شنبه,2018-05-15
546,1397/02/26,94940.24,94902.21,94980.16,جمعه,2018-05-16
547,1397/02/29,95103.12,94972.48,95173.78,دوشنبه,2018-05-19
548,1397/02/30,95136.46,95118.17,95235.2,سه‌شنبه,2018-05-20
549,1397/02/31,95227.47,95133.7,95260.24,چهارشنبه,2018-05-21
550,1397/03/01,95229.93,95219.0,95282.82,پنج‌شنبه,2018-05-22
551,1397/03/02,95445.06,95243.91,95510.99,جمعه,2018-05-23
552,1397/03/05,95794.01,95498.98,95929.96,دوشنبه,2018-05-26
553,1397/03/06,95626.01,95625.76,95887.25,سه‌شنبه,2018-05-27
554,1397/03/07,95529.61,95529.6,95654.85,چهارشنبه,2018-05-28
555,1397/03/08,95409.62,95409.6,95647.44,پنج‌شنبه,2018-05-29
556,1397/03/09,95577.68,95434.03,95665.17,جمعه,2018-05-30
557,1397/03/12,95951.92,95609.51,96026.57,دوشنبه,2018-06-02
558,1397/03/13,95998.86,95970.13,96024.73,سه‌شنبه,2018-06-03
559,1397/03/19,96077.14,96064.06,96251.69,دوشنبه,2018-06-09
560,1397/03/20,95915.99,95915.99,96139.07,سه‌شنبه,2018-06-10
561,1397/03/21,95847.47,95846.28,95974.63,چهارشنبه,2018-06-11
562,1397/03/22,96378.72,95875.22,96378.72,پنج‌شنبه,2018-06-12
563,1397/03/23,99146.28,96445.17,99146.28,جمعه,2018-06-13
564,1397/03/27,102452.39,100306.54,102452.4,سه‌شنبه,2018-06-17
565,1397/03/28,104533.52,103957.73,104806.07,چهارشنبه,2018-06-18
566,1397/03/29,106504.07,104444.42,106511.7,پنج‌شنبه,2018-06-19
567,1397/03/30,108872.86,106787.35,109037.36,جمعه,2018-06-20
568,1397/04/02,109401.41,109005.18,109401.41,دوشنبه,2018-06-23
569,1397/04/03,112061.32,109586.22,112080.38,سه‌شنبه,2018-06-24
570,1397/04/04,115174.54,112454.21,115226.05,چهارشنبه,2018-06-25
571,1397/04/05,113527.66,113450.2,115555.0,پنج‌شنبه,2018-06-26
572,1397/04/06,111324.82,111324.82,113810.99,جمعه,2018-06-27
573,1397/04/09,111528.19,111441.16,111850.34,دوشنبه,2018-06-30
574,1397/04/10,108694.08,108694.08,111509.04,سه‌شنبه,2018-07-01
575,1397/04/11,109937.07,108836.77,109937.07,چهارشنبه,2018-07-02
576,1397/04/12,112346.47,110385.62,112472.68,پنج‌شنبه,2018-07-03
577,1397/04/13,112490.0,112490.0,113243.03,جمعه,2018-07-04
578,1397/04/16,111051.6,111051.29,112397.54,دوشنبه,2018-07-07
579,1397/04/17,110851.43,110851.41,111333.79,سه‌شنبه,2018-07-08
580,1397/04/19,110848.96,110848.92,111259.42,پنج‌شنبه,2018-07-10
581,1397/04/20,109505.13,109505.13,110831.52,جمعه,2018-07-11
582,1397/04/23,108916.6,108916.6,109545.08,دوشنبه,2018-07-14
583,1397/04/24,108072.26,108058.64,109101.02,سه‌شنبه,2018-07-15
584,1397/04/25,108109.99,108062.4,108566.27,چهارشنبه,2018-07-16
585,1397/04/26,107780.61,107693.99,108340.57,پنج‌شنبه,2018-07-17
586,1397/04/27,107776.55,107737.74,108216.16,جمعه,2018-07-18
587,1397/04/30,108295.52,108047.77,108367.9,دوشنبه,2018-07-21
588,1397/04/31,108830.78,108595.77,108989.38,سه‌شنبه,2018-07-22
589,1397/05/01,108658.88,108444.95,108885.53,چهارشنبه,2018-07-23
590,1397/05/02,108395.93,108395.85,108853.94,پنج‌شنبه,2018-07-24
591,1397/05/03,108800.13,108326.29,108800.13,جمعه,2018-07-25
592,1397/05/04,108800.13,108800.13,108800.13,شنبه,2018-07-26
593,1397/05/05,108800.13,108800.13,108800.13,یکشنبه,2018-07-27
594,1397/05/06,111877.94,109754.35,111921.83,دوشنبه,2018-07-28
595,1397/05/07,113852.25,112854.34,114032.64,سه‌شنبه,2018-07-29
596,1397/05/08,116759.5,114498.96,116843.96,چهارشنبه,2018-07-30
597,1397/05/09,121173.48,117132.28,121173.57,پنج‌شنبه,2018-07-31
598,1397/05/10,123951.26,121438.35,124590.43,جمعه,2018-08-01
599,1397/05/13,124353.67,123579.85,124837.56,دوشنبه,2018-08-04
600,1397/05/14,128448.01,125074.62,128591.37,سه‌شنبه,2018-08-05
601,1397/05/15,133328.3,128955.59,133842.94,چهارشنبه,2018-08-06
602,1397/05/16,133584.41,132718.02,134421.5,پنج‌شنبه,2018-08-07
603,1397/05/17,131521.62,131521.62,133714.37,جمعه,2018-08-08
604,1397/05/20,129013.76,129013.73,131504.77,دوشنبه,2018-08-11
605,1397/05/21,129901.86,129018.39,130579.38,سه‌شنبه,2018-08-12
606,1397/05/22,128522.72,128314.93,129944.4,چهارشنبه,2018-08-13
607,1397/05/23,130927.68,128728.34,131233.61,پنج‌شنبه,2018-08-14
608,1397/05/24,130476.88,130476.79,130960.18,جمعه,2018-08-15
609,1397/05/27,131535.83,130524.43,131536.18,دوشنبه,2018-08-18
610,1397/05/28,134354.77,132080.73,134835.51,سه‌شنبه,2018-08-19
611,1397/05/29,137072.92,135265.91,137180.59,چهارشنبه,2018-08-20
612,1397/05/30,136910.6,136880.67,137261.48,پنج‌شنبه,2018-08-21
613,1397/06/03,136343.37,136343.35,138195.23,دوشنبه,2018-08-25
614,1397/06/04,138582.58,136594.05,138582.61,سه‌شنبه,2018-08-26
615,1397/06/05,140309.21,138924.69,140540.99,چهارشنبه,2018-08-27
616,1397/06/06,136765.93,136765.93,139996.89,پنج‌شنبه,2018-08-28
617,1397/06/07,137472.36,136757.84,137687.2,جمعه,2018-08-29
618,1397/06/10,136109.73,136109.65,137792.99,دوشنبه,2018-09-01
619,1397/06/11,133676.13,133674.8,136239.28,سه‌شنبه,2018-09-02
620,1397/06/12,135257.76,134002.63,135257.76,چهارشنبه,2018-09-03
621,1397/06/13,137983.83,136882.6,138292.95,پنج‌شنبه,2018-09-04
622,1397/06/14,137714.15,137629.25,138445.05,جمعه,2018-09-05
623,1397/06/17,139628.69,137960.3,139786.14,دوشنبه,2018-09-08
624,1397/06/18,142234.44,139930.03,142234.88,سه‌شنبه,2018-09-09
625,1397/06/19,146998.66,142507.68,147093.94,چهارشنبه,2018-09-10
626,1397/06/20,148577.59,147269.67,148577.59,پنج‌شنبه,2018-09-11
627,1397/06/21,155061.06,149179.64,155061.06,جمعه,2018-09-12
628,1397/06/24,158119.22,155637.15,159445.1,دوشنبه,2018-09-15
629,1397/06/25,155710.24,154200.54,158215.41,سه‌شنبه,2018-09-16
630,1397/06/26,158071.91,156203.11,158971.84,چهارشنبه,2018-09-17
631,1397/06/27,157328.65,157032.58,158397.21,پنج‌شنبه,2018-09-18
632,1397/06/31,160538.23,157889.33,160643.82,دوشنبه,2018-09-22
633,1397/07/01,165072.08,160880.49,165072.15,سه‌شنبه,2018-09-23
634,1397/07/02,168624.7,165397.42,168624.54,چهارشنبه,2018-09-24
635,1397/07/03,174618.18,169728.97,174618.48,پنج‌شنبه,2018-09-25
636,1397/07/04,180635.63,174958.99,180635.64,جمعه,2018-09-26
637,1397/07/07,187406.06,181413.52,187406.15,دوشنبه,2018-09-29
638,1397/07/08,195104.01,187434.86,195104.04,سه‌شنبه,2018-09-30
639,1397/07/09,195480.16,194476.71,197000.68,چهارشنبه,2018-10-01
640,1397/07/10,188259.41,188259.37,195241.54,پنج‌شنبه,2018-10-02
641,1397/07/11,185559.29,184042.22,188259.41,جمعه,2018-10-03
642,1397/07/14,184085.22,184084.3,189893.95,دوشنبه,2018-10-06
643,1397/07/15,176419.37,176419.37,183664.36,سه‌شنبه,2018-10-07
644,1397/07/16,175185.48,173879.32,176194.9,چهارشنبه,2018-10-08
645,1397/07/17,180847.62,175215.94,181226.96,پنج‌شنبه,2018-10-09
646,1397/07/18,181015.74,180847.62,181621.66,جمعه,2018-10-10
647,1397/07/21,175033.0,175032.97,181008.99,دوشنبه,2018-10-13
648,1397/07/22,174826.41,174118.0,175033.0,سه‌شنبه,2018-10-14
649,1397/07/23,180601.45,174826.41,180601.45,چهارشنبه,2018-10-15
650,1397/07/24,182834.07,180601.45,183813.15,پنج‌شنبه,2018-10-16
651,1397/07/25,182929.09,180322.59,182929.27,جمعه,2018-10-17
652,1397/07/28,188575.76,182929.09,188582.71,دوشنبه,2018-10-20
653,1397/07/29,189438.03,188575.76,190040.85,سه‌شنبه,2018-10-21
654,1397/07/30,187778.92,187553.41,190025.86,چهارشنبه,2018-10-22
655,1397/08/01,185318.74,185279.71,187844.23,پنج‌شنبه,2018-10-23
656,1397/08/02,181060.04,180975.67,185318.74,جمعه,2018-10-24
657,1397/08/05,178841.31,178841.3,181060.04,دوشنبه,2018-10-27
658,1397/08/06,180626.91,178841.31,180626.91,سه‌شنبه,2018-10-28
659,1397/08/07,183219.5,180626.91,183678.12,چهارشنبه,2018-10-29
660,1397/08/09,183367.34,183219.5,183669.56,جمعه,2018-10-31
661,1397/08/12,183448.81,183346.43,183585.29,دوشنبه,2018-11-03
662,1397/08/13,182918.58,182918.53,184428.02,سه‌شنبه,2018-11-04
663,1397/08/14,184159.76,182918.58,184335.07,چهارشنبه,2018-11-05
664,1397/08/15,185100.3,184380.52,185455.84,پنج‌شنبه,2018-11-06
665,1397/08/19,184231.05,184230.95,185297.15,دوشنبه,2018-11-10
666,1397/08/20,180668.29,180636.94,184265.48,سه‌شنبه,2018-11-11
667,1397/08/21,182211.7,180756.5,182231.34,چهارشنبه,2018-11-12
668,1397/08/22,183212.17,182497.53,183906.65,پنج‌شنبه,2018-11-13
669,1397/08/23,181994.32,181994.29,183028.9,جمعه,2018-11-14
670,1397/08/26,178819.28,178819.28,182009.72,دوشنبه,2018-11-17
671,1397/08/27,173557.69,173326.09,178648.52,سه‌شنبه,2018-11-18
672,1397/08/28,175816.45,173537.64,176040.43,چهارشنبه,2018-11-19
673,1397/08/29,176458.73,175844.31,176645.88,پنج‌شنبه,2018-11-20
674,1397/08/30,175713.15,175713.09,176806.22,جمعه,2018-11-21
675,1397/09/03,171252.93,171252.93,175611.3,دوشنبه,2018-11-24
676,1397/09/05,166463.46,166463.44,170336.38,چهارشنبه,2018-11-26
677,1397/09/06,167199.77,166472.07,167864.48,پنج‌شنبه,2018-11-27
678,1397/09/07,163772.11,163772.05,167144.44,جمعه,2018-11-28
679,1397/09/10,159853.77,159202.13,163502.36,دوشنبه,2018-12-01
680,1397/09/11,163138.46,160022.69,163138.62,سه‌شنبه,2018-12-02
681,1397/09/12,166304.44,164030.8,166557.31,چهارشنبه,2018-12-03
682,1397/09/13,165701.66,165567.21,166851.82,پنج‌شنبه,2018-12-04
683,1397/09/14,166860.1,165776.0,167132.37,جمعه,2018-12-05
684,1397/09/17,167083.22,167083.22,167539.56,دوشنبه,2018-12-08
685,1397/09/18,166891.24,166891.24,167544.6,سه‌شنبه,2018-12-09
686,1397/09/19,166915.93,166915.86,167329.66,چهارشنبه,2018-12-10
687,1397/09/20,166235.02,166235.02,167083.23,پنج‌شنبه,2018-12-11
688,1397/09/21,165352.07,165352.07,166198.9,جمعه,2018-12-12
689,1397/09/24,164485.89,164485.84,165690.07,دوشنبه,2018-12-15
690,1397/09/25,161708.08,161707.77,164474.12,سه‌شنبه,2018-12-16
691,1397/09/26,159749.86,159749.82,162063.08,چهارشنبه,2018-12-17
692,1397/09/27,159146.43,159146.21,159924.55,پنج‌شنبه,2018-12-18
693,1397/09/28,156083.15,156083.13,159119.43,جمعه,2018-12-19
694,1397/10/01,154550.48,154550.43,156374.71,دوشنبه,2018-12-22
695,1397/10/02,156693.78,154596.4,156764.47,سه‌شنبه,2018-12-23
696,1397/10/03,157484.03,156818.5,157693.42,چهارشنبه,2018-12-24
697,1397/10/04,156950.33,156950.33,157457.81,پنج‌شنبه,2018-12-25
698,1397/10/05,158443.72,157209.57,158443.76,جمعه,2018-12-26
699,1397/10/08,160774.03,158662.22,160774.59,دوشنبه,2018-12-29
700,1397/10/09,161309.8,160858.71,161508.72,سه‌شنبه,2018-12-30
701,1397/10/10,161405.32,161343.72,161474.74,چهارشنبه,2018-12-31
702,1397/10/11,161840.79,161448.99,161912.19,پنج‌شنبه,2019-01-01
703,1397/10/12,160898.86,160898.85,162087.63,جمعه,2019-01-02
704,1397/10/15,161107.44,161000.79,161340.11,دوشنبه,2019-01-05
705,1397/10/16,161275.82,161143.2,161482.99,سه‌شنبه,2019-01-06
706,1397/10/17,162323.63,161377.55,162456.13,چهارشنبه,2019-01-07
707,1397/10/18,163967.16,162482.03,164174.85,پنج‌شنبه,2019-01-08
708,1397/10/19,164829.4,164085.82,166072.9,جمعه,2019-01-09
709,1397/10/22,164929.85,164904.28,165270.99,دوشنبه,2019-01-12
710,1397/10/23,164493.78,164493.78,165019.02,سه‌شنبه,2019-01-13
711,1397/10/24,164696.44,164566.31,164917.63,چهارشنبه,2019-01-14
712,1397/10/25,165445.54,164780.87,165683.56,پنج‌شنبه,2019-01-15
713,1397/10/26,165595.0,165561.6,165995.11,جمعه,2019-01-16
714,1397/10/29,166131.11,165664.45,166446.64,دوشنبه,2019-01-19
715,1397/10/30,165575.1,165574.95,167028.24,سه‌شنبه,2019-01-20
716,1397/11/01,161922.23,161922.23,165206.28,چهارشنبه,2019-01-21
717,1397/11/02,162805.69,161965.83,162805.72,پنج‌شنبه,2019-01-22
718,1397/11/03,162940.86,162940.86,163335.48,جمعه,2019-01-23
719,1397/11/06,162477.52,162477.52,163169.33,دوشنبه,2019-01-26
720,1397/11/07,160797.96,160797.61,162832.15,سه‌شنبه,2019-01-27
721,1397/11/08,159818.19,159818.19,160943.64,چهارشنبه,2019-01-28
722,1397/11/09,160153.02,159878.57,160362.64,پنج‌شنبه,2019-01-29
723,1397/11/10,160294.85,160245.96,160491.19,جمعه,2019-01-30
724,1397/11/13,159856.07,159853.1,160525.46,دوشنبه,2019-02-02
725,1397/11/14,157355.23,157352.26,159808.69,سه‌شنبه,2019-02-03
726,1397/11/15,158043.94,157594.69,158485.96,چهارشنبه,2019-02-04
727,1397/11/16,158394.2,158240.81,158456.19,پنج‌شنبه,2019-02-05
728,1397/11/17,158535.53,158535.37,158832.98,جمعه,2019-02-06
729,1397/11/21,158468.15,158467.66,158776.61,سه‌شنبه,2019-02-10
730,1397/11/23,157973.25,157972.7,158550.18,پنج‌شنبه,2019-02-12
731,1397/11/24,157310.78,157311.05,157963.35,جمعه,2019-02-13
732,1397/11/27,157113.59,157113.82,157839.07,دوشنبه,2019-02-16
733,1397/11/28,156154.97,156155.03,157218.89,سه‌شنبه,2019-02-17
734,1397/11/29,156705.13,156304.21,156832.26,چهارشنبه,2019-02-18
735,1397/11/30,157387.49,156827.98,157513.14,پنج‌شنبه,2019-02-19
736,1397/12/01,159489.48,157727.59,159489.56,جمعه,2019-02-20
737,1397/12/04,164267.83,160548.71,164289.31,دوشنبه,2019-02-23
738,1397/12/05,166030.32,164789.16,166030.4,سه‌شنبه,2019-02-24
739,1397/12/06,166793.63,166211.74,166944.51,چهارشنبه,2019-02-25
740,1397/12/07,164712.17,164711.46,165950.08,پنج‌شنبه,2019-02-26
741,1397/12/08,165295.08,164880.9,165359.16,جمعه,2019-02-27
742,1397/12/11,164370.29,164370.47,165552.45,دوشنبه,2019-03-02
743,1397/12/12,164442.69,164440.03,164571.14,سه‌شنبه,2019-03-03
744,1397/12/13,164238.6,164238.54,164778.93,چهارشنبه,2019-03-04
745,1397/12/14,162593.62,162593.53,164433.0,پنج‌شنبه,2019-03-05
746,1397/12/15,162827.28,162726.62,162956.65,جمعه,2019-03-06
747,1397/12/18,163007.26,162982.22,163086.08,دوشنبه,2019-03-09
748,1397/12/19,164470.36,162989.94,164470.61,سه‌شنبه,2019-03-10
749,1397/12/20,167371.49,165036.68,167443.22,چهارشنبه,2019-03-11
750,1397/12/21,167909.65,167503.32,168095.46,پنج‌شنبه,2019-03-12
751,1397/12/22,169115.54,168140.62,169663.73,جمعه,2019-03-13
752,1397/12/25,171124.93,169274.14,171708.73,دوشنبه,2019-03-16
753,1397/12/26,172522.49,171391.77,172539.14,سه‌شنبه,2019-03-17
754,1397/12/27,175898.8,172613.63,175898.85,چهارشنبه,2019-03-18
755,1397/12/28,178659.05,176272.82,178673.49,پنج‌شنبه,2019-03-19
756,1398/01/05,179194.34,178743.48,179194.36,چهارشنبه,2019-03-25
757,1398/01/06,179766.35,179444.42,179847.54,پنج‌شنبه,2019-03-26
758,1398/01/07,181542.38,180037.18,181542.39,جمعه,2019-03-27
759,1398/01/10,185358.02,181906.22,185358.04,دوشنبه,2019-03-30
760,1398/01/11,185281.12,185281.4,186783.93,سه‌شنبه,2019-03-31
761,1398/01/17,186535.52,185529.41,186535.7,دوشنبه,2019-04-06
762,1398/01/18,188073.78,187055.19,188645.81,سه‌شنبه,2019-04-07
763,1398/01/19,188592.76,186667.85,188592.7,چهارشنبه,2019-04-08
764,1398/01/20,190425.1,188937.82,190585.46,پنج‌شنبه,2019-04-09
765,1398/01/21,193978.3,190824.55,193981.21,جمعه,2019-04-10
766,1398/01/24,195202.73,194884.36,195739.23,دوشنبه,2019-04-13
767,1398/01/25,196084.12,194037.66,196085.0,سه‌شنبه,2019-04-14
768,1398/01/26,201805.82,196861.16,201827.85,چهارشنبه,2019-04-15
769,1398/01/27,201890.83,201789.33,202679.06,پنج‌شنبه,2019-04-16
770,1398/01/28,199911.32,198631.34,201091.88,جمعه,2019-04-17
771,1398/01/31,204375.3,200734.76,204375.67,دوشنبه,2019-04-20
772,1398/02/02,204322.0,204321.77,206835.11,چهارشنبه,2019-04-22
773,1398/02/03,202857.46,202656.9,203732.62,پنج‌شنبه,2019-04-23
774,1398/02/04,203776.89,203071.14,203904.08,جمعه,2019-04-24
775,1398/02/07,205287.42,204195.42,205287.69,دوشنبه,2019-04-27
776,1398/02/08,209243.88,206169.83,209264.93,سه‌شنبه,2019-04-28
777,1398/02/09,214867.58,210440.76,214867.73,چهارشنبه,2019-04-29
778,1398/02/10,216641.98,216637.54,219086.39,پنج‌شنبه,2019-04-30
779,1398/02/11,220108.95,217222.72,220108.95,جمعه,2019-05-01
780,1398/02/14,224589.61,221546.78,224589.66,دوشنبه,2019-05-04
781,1398/02/15,224057.3,224057.23,226952.78,سه‌شنبه,2019-05-05
782,1398/02/16,215820.61,215818.78,223368.76,چهارشنبه,2019-05-06
783,1398/02/17,208197.1,207966.53,213710.65,پنج‌شنبه,2019-05-07
784,1398/02/18,211344.12,207779.31,211344.0,جمعه,2019-05-08
785,1398/02/21,209154.94,209154.97,212479.92,دوشنبه,2019-05-11
786,1398/02/22,204069.3,203489.1,208660.44,سه‌شنبه,2019-05-12
787,1398/02/23,207751.68,204751.06,207752.35,چهارشنبه,2019-05-13
788,1398/02/24,211746.37,208474.09,211995.43,پنج‌شنبه,2019-05-14
789,1398/02/25,211017.78,210898.35,212270.75,جمعه,2019-05-15
790,1398/02/28,212747.72,211922.72,213169.11,دوشنبه,2019-05-18
791,1398/02/29,212851.49,212751.43,213110.32,سه‌شنبه,2019-05-19
792,1398/02/30,211871.68,211708.65,213149.85,چهارشنبه,2019-05-20
793,1398/02/31,215091.61,212367.47,215211.45,پنج‌شنبه,2019-05-21
794,1398/03/01,215168.55,215115.65,215756.79,جمعه,2019-05-22
795,1398/03/04,214314.24,213802.46,215141.59,دوشنبه,2019-05-25
796,1398/03/05,217573.93,214651.19,217577.57,سه‌شنبه,2019-05-26
797,1398/03/07,223253.79,219484.05,223254.05,پنج‌شنبه,2019-05-28
798,1398/03/08,224476.82,224476.53,225232.27,جمعه,2019-05-29
799,1398/03/11,222387.76,221336.45,223723.03,دوشنبه,2019-06-01
800,1398/03/12,224544.38,222588.03,224731.11,سه‌شنبه,2019-06-02
801,1398/03/13,226983.38,225231.52,227308.85,چهارشنبه,2019-06-03
802,1398/03/18,226888.2,226205.42,226888.32,دوشنبه,2019-06-08
803,1398/03/19,229808.83,227333.81,232416.39,سه‌شنبه,2019-06-09
804,1398/03/20,230267.72,230267.87,232619.1,چهارشنبه,2019-06-10
805,1398/03/21,230617.53,229771.15,230679.45,پنج‌شنبه,2019-06-11
806,1398/03/22,233352.82,232196.93,233791.95,جمعه,2019-06-12
807,1398/03/25,234167.67,232107.2,234167.7,دوشنبه,2019-06-15
808,1398/03/26,238220.17,235215.09,239154.29,سه‌شنبه,2019-06-16
809,1398/03/27,238160.65,237557.9,238420.19,چهارشنبه,2019-06-17
810,1398/03/28,237148.24,237146.33,239122.8,پنج‌شنبه,2019-06-18
811,1398/03/29,234879.41,234879.31,237502.45,جمعه,2019-06-19
812,1398/04/01,233886.06,233477.33,234307.67,دوشنبه,2019-06-22
813,1398/04/02,237459.89,234409.94,237459.98,سه‌شنبه,2019-06-23
814,1398/04/03,242568.12,238274.99,242567.9,چهارشنبه,2019-06-24
815,1398/04/04,245098.7,242339.64,245111.21,پنج‌شنبه,2019-06-25
816,1398/04/05,248577.76,246532.94,248640.94,جمعه,2019-06-26
817,1398/04/09,248533.04,248532.9,250184.6,سه‌شنبه,2019-06-30
818,1398/04/10,247122.46,246730.1,248349.85,چهارشنبه,2019-07-01
819,1398/04/11,248275.87,247302.08,248276.09,پنج‌شنبه,2019-07-02
820,1398/04/12,248943.99,248920.89,249550.25,جمعه,2019-07-03
821,1398/04/15,245445.63,245445.71,249117.05,دوشنبه,2019-07-06
822,1398/04/16,246447.46,245729.83,246565.07,سه‌شنبه,2019-07-07
823,1398/04/17,249252.59,247006.68,249399.91,چهارشنبه,2019-07-08
824,1398/04/18,248716.14,248507.68,249530.54,پنج‌شنبه,2019-07-09
825,1398/04/19,249622.06,248902.29,249622.06,جمعه,2019-07-10
826,1398/04/22,250605.02,250056.6,250605.02,دوشنبه,2019-07-13
827,1398/04/23,253577.77,251166.3,253640.52,سه‌شنبه,2019-07-14
828,1398/04/24,253303.32,253303.52,254841.75,چهارشنبه,2019-07-15
829,1398/04/25,246268.05,246267.58,253130.92,پنج‌شنبه,2019-07-16
830,1398/04/26,246790.39,245363.92,246992.38,جمعه,2019-07-17
831,1398/04/29,246437.38,246437.13,247380.61,دوشنبه,2019-07-20
832,1398/04/30,249661.56,246938.51,249809.2,سه‌شنبه,2019-07-21
833,1398/04/31,253056.79,251818.43,253591.0,چهارشنبه,2019-07-22
834,1398/05/01,251278.29,251131.27,253353.79,پنج‌شنبه,2019-07-23
835,1398/05/02,252864.57,251387.92,253052.3,جمعه,2019-07-24
836,1398/05/05,252275.39,252049.6,253164.18,دوشنبه,2019-07-27
837,1398/05/06,252324.66,252280.5,252751.8,سه‌شنبه,2019-07-28
838,1398/05/07,252488.28,252394.79,252987.32,چهارشنبه,2019-07-29
839,1398/05/08,252898.05,252576.85,252898.18,پنج‌شنبه,2019-07-30
840,1398/05/09,254445.72,253110.43,254445.74,جمعه,2019-07-31
841,1398/05/12,254453.87,254300.38,254756.51,دوشنبه,2019-08-03
842,1398/05/13,255530.16,254961.15,255530.31,سه‌شنبه,2019-08-04
843,1398/05/14,256698.24,256351.56,256783.46,چهارشنبه,2019-08-05
844,1398/05/15,255511.99,255512.14,257742.04,پنج‌شنبه,2019-08-06
845,1398/05/16,255163.28,255099.36,255910.87,جمعه,2019-08-07
846,1398/05/19,255306.38,255299.03,255838.02,دوشنبه,2019-08-10
847,1398/05/20,255876.2,255696.47,255919.1,سه‌شنبه,2019-08-11
848,1398/05/22,257097.18,256151.87,257097.18,پنج‌شنبه,2019-08-13
849,1398/05/27,260991.95,260991.47,262047.72,سه‌شنبه,2019-08-18
850,1398/05/28,262941.2,261673.37,262941.25,چهارشنبه,2019-08-19
851,1398/05/30,266127.21,263901.15,266127.23,جمعه,2019-08-21
852,1398/06/02,269986.11,266969.78,269998.53,دوشنبه,2019-08-24
853,1398/06/03,269225.29,268220.13,271172.15,سه‌شنبه,2019-08-25
854,1398/06/04,274871.63,269951.99,274871.65,چهارشنبه,2019-08-26
855,1398/06/05,278469.94,276682.21,279508.21,پنج‌شنبه,2019-08-27
856,1398/06/06,278674.74,274551.52,278674.74,جمعه,2019-08-28
857,1398/06/09,284139.2,280867.63,285265.43,دوشنبه,2019-08-31
858,1398/06/10,286114.68,284218.64,286114.7,سه‌شنبه,2019-09-01
859,1398/06/11,283062.68,283001.55,287147.92,چهارشنبه,2019-09-02
860,1398/06/12,285573.57,283066.49,285573.57,پنج‌شنبه,2019-09-03
861,1398/06/13,290178.44,286841.84,290178.55,جمعه,2019-09-04
862,1398/06/16,294601.58,291612.57,294601.58,دوشنبه,2019-09-07
863,1398/06/17,296731.81,296089.39,297232.34,سه‌شنبه,2019-09-08
864,1398/06/20,299930.74,297863.75,299930.62,جمعه,2019-09-11
865,1398/06/23,304460.12,301523.48,304738.61,دوشنبه,2019-09-14
866,1398/06/24,302395.71,301828.09,304779.99,سه‌شنبه,2019-09-15
867,1398/06/25,305917.16,304545.77,307415.76,چهارشنبه,2019-09-16
868,1398/06/26,302081.99,302081.99,305698.97,پنج‌شنبه,2019-09-17
869,1398/06/27,294166.68,293770.39,301559.51,جمعه,2019-09-18
870,1398/06/30,297712.59,294542.3,297874.9,دوشنبه,2019-09-21
871,1398/06/31,302103.55,299001.81,302103.54,سه‌شنبه,2019-09-22
872,1398/07/01,311471.38,304176.9,311483.86,چهارشنبه,2019-09-23
873,1398/07/02,312206.48,312206.49,314835.49,پنج‌شنبه,2019-09-24
874,1398/07/03,314409.19,312092.14,314409.19,جمعه,2019-09-25
875,1398/07/06,320023.9,316772.28,320261.32,دوشنبه,2019-09-28
876,1398/07/07,318250.56,317645.39,321958.92,سه‌شنبه,2019-09-29
877,1398/07/08,324705.88,320747.86,324744.58,چهارشنبه,2019-09-30
878,1398/07/09,326104.45,326104.45,328732.63,پنج‌شنبه,2019-10-01
879,1398/07/10,326117.04,321606.54,326341.14,جمعه,2019-10-02
880,1398/07/13,327305.77,327305.73,330447.0,دوشنبه,2019-10-05
881,1398/07/14,320208.44,319562.45,326250.63,سه‌شنبه,2019-10-06
882,1398/07/15,320909.72,320762.38,324075.28,چهارشنبه,2019-10-07
883,1398/07/16,314469.77,314468.48,320678.09,پنج‌شنبه,2019-10-08
884,1398/07/17,313048.97,309961.67,313049.22,جمعه,2019-10-09
885,1398/07/20,322059.82,315433.12,322059.82,دوشنبه,2019-10-12
886,1398/07/21,326190.69,326190.57,329667.01,سه‌شنبه,2019-10-13
887,1398/07/22,319871.62,318215.27,325280.76,چهارشنبه,2019-10-14
888,1398/07/23,308978.94,308957.4,320335.45,پنج‌شنبه,2019-10-15
889,1398/07/24,309640.32,308307.95,310194.09,جمعه,2019-10-16
890,1398/07/28,301391.08,301390.82,310145.78,سه‌شنبه,2019-10-20
891,1398/07/29,302173.07,299880.05,302177.2,چهارشنبه,2019-10-21
892,1398/07/30,308314.9,303956.43,309420.93,پنج‌شنبه,2019-10-22
893,1398/08/01,305807.61,305806.01,309188.24,جمعه,2019-10-23
894,1398/08/04,303449.76,303449.76,305911.52,دوشنبه,2019-10-26
895,1398/08/06,305969.9,303780.64,305971.62,چهارشنبه,2019-10-28
896,1398/08/08,309660.8,306874.74,309671.67,جمعه,2019-10-30
897,1398/08/11,308730.16,308730.15,311466.56,دوشنبه,2019-11-02
898,1398/08/12,308960.9,308188.08,309522.8,سه‌شنبه,2019-11-03
899,1398/08/13,304676.48,304676.42,308948.82,چهارشنبه,2019-11-04
900,1398/08/14,305333.36,304091.75,305342.79,پنج‌شنبه,2019-11-05
901,1398/08/18,305858.88,305858.77,307029.21,دوشنبه,2019-11-09
902,1398/08/19,302795.09,302795.0,305911.94,سه‌شنبه,2019-11-10
903,1398/08/20,303944.22,302892.66,303944.24,چهارشنبه,2019-11-11
904,1398/08/21,306655.34,304730.8,306978.86,پنج‌شنبه,2019-11-12
905,1398/08/22,307094.08,307083.36,307291.48,جمعه,2019-11-13
906,1398/08/25,306885.78,306885.72,308852.3,دوشنبه,2019-11-16
907,1398/08/26,302340.55,302340.66,304278.22,سه‌شنبه,2019-11-17
908,1398/08/27,302726.28,301763.06,302828.46,چهارشنبه,2019-11-18
909,1398/08/28,304688.53,303137.61,304891.28,پنج‌شنبه,2019-11-19
910,1398/08/29,304997.0,304996.48,305450.19,جمعه,2019-11-20
911,1398/09/02,305622.48,305622.44,306145.21,دوشنبه,2019-11-23
912,1398/09/03,305774.01,305452.17,306045.71,سه‌شنبه,2019-11-24
913,1398/09/04,308477.15,306843.13,308477.18,چهارشنبه,2019-11-25
914,1398/09/05,309643.34,309349.31,309865.43,پنج‌شنبه,2019-11-26
915,1398/09/06,311230.07,310186.78,311312.26,جمعه,2019-11-27
916,1398/09/09,314587.85,312325.52,314587.85,دوشنبه,2019-11-30
917,1398/09/10,318670.5,315757.19,318670.87,سه‌شنبه,2019-12-01
918,1398/09/11,320194.83,320194.8,322896.44,چهارشنبه,2019-12-02
919,1398/09/12,320814.37,319104.91,320840.27,پنج‌شنبه,2019-12-03
920,1398/09/13,322528.02,321561.42,322562.13,جمعه,2019-12-04
921,1398/09/16,327624.81,325322.39,328471.76,دوشنبه,2019-12-07
922,1398/09/17,332567.22,328787.68,332582.47,سه‌شنبه,2019-12-08
923,1398/09/18,335792.01,334541.6,336002.81,چهارشنبه,2019-12-09
924,1398/09/19,339434.41,337580.33,340733.15,پنج‌شنبه,2019-12-10
925,1398/09/20,339386.61,337025.24,339386.57,جمعه,2019-12-11
926,1398/09/23,343291.75,340862.71,343291.82,دوشنبه,2019-12-14
927,1398/09/24,344115.07,344115.02,346738.08,سه‌شنبه,2019-12-15
928,1398/09/25,344487.62,343711.28,344585.27,چهارشنبه,2019-12-16
929,1398/09/26,346870.73,345685.09,346974.71,پنج‌شنبه,2019-12-17
930,1398/09/27,350322.58,347815.27,350323.08,جمعه,2019-12-18
931,1398/09/30,353996.74,352224.09,354259.8,دوشنبه,2019-12-21
932,1398/10/01,356721.11,354693.25,356721.11,سه‌شنبه,2019-12-22
933,1398/10/02,359365.51,359004.12,363242.83,چهارشنبه,2019-12-23
934,1398/10/03,362259.34,359138.55,362651.73,پنج‌شنبه,2019-12-24
935,1398/10/04,361088.37,360376.64,362815.5,جمعه,2019-12-25
936,1398/10/07,367632.12,363207.64,367632.12,دوشنبه,2019-12-28
937,1398/10/08,369729.85,367904.19,369779.15,سه‌شنبه,2019-12-29
938,1398/10/09,375547.68,371713.17,375548.1,چهارشنبه,2019-12-30
939,1398/10/10,377012.73,376371.19,379674.81,پنج‌شنبه,2019-12-31
940,1398/10/11,384099.6,378690.58,384934.84,جمعه,2020-01-01
941,1398/10/14,367334.2,367333.95,371447.38,دوشنبه,2020-01-04
942,1398/10/15,365815.49,362467.06,365836.71,سه‌شنبه,2020-01-05
943,1398/10/17,358843.21,358842.17,368504.05,پنج‌شنبه,2020-01-07
944,1398/10/18,353807.68,353672.68,355759.15,جمعه,2020-01-08
945,1398/10/21,359807.44,355946.77,359807.14,دوشنبه,2020-01-11
946,1398/10/22,375650.17,370863.1,375650.17,سه‌شنبه,2020-01-12
947,1398/10/23,392038.38,383453.52,392057.84,چهارشنبه,2020-01-13
948,1398/10/24,395912.64,395679.21,398920.69,پنج‌شنبه,2020-01-14
949,1398/10/25,399445.29,393990.64,399445.26,جمعه,2020-01-15
950,1398/10/28,409962.46,403849.22,410668.94,دوشنبه,2020-01-18
951,1398/10/29,410694.53,407054.26,410977.62,سه‌شنبه,2020-01-19
952,1398/10/30,409807.77,409044.43,411460.3,چهارشنبه,2020-01-20
953,1398/11/01,406008.93,406008.47,409238.14,پنج‌شنبه,2020-01-21
954,1398/11/02,411211.48,405366.07,411211.48,جمعه,2020-01-22
955,1398/11/05,417001.88,415342.07,417100.26,دوشنبه,2020-01-25
956,1398/11/06,418312.46,418310.4,422713.89,سه‌شنبه,2020-01-26
957,1398/11/07,420668.11,415189.94,420668.13,چهارشنبه,2020-01-27
958,1398/11/08,427139.41,423383.43,427497.48,پنج‌شنبه,2020-01-28
959,1398/11/12,426184.92,426184.92,430737.39,دوشنبه,2020-02-01
960,1398/11/13,428216.97,422587.22,428216.97,سه‌شنبه,2020-02-02
961,1398/11/14,438880.23,432109.47,438893.61,چهارشنبه,2020-02-03
962,1398/11/15,440199.08,440184.93,444403.35,پنج‌شنبه,2020-02-04
963,1398/11/16,445894.14,441468.77,445894.33,جمعه,2020-02-05
964,1398/11/19,452842.34,452842.12,456488.27,دوشنبه,2020-02-08
965,1398/11/20,454618.54,454398.98,455488.66,سه‌شنبه,2020-02-09
966,1398/11/21,447151.87,445498.83,456680.55,چهارشنبه,2020-02-10
967,1398/11/23,459079.5,449813.53,459565.45,جمعه,2020-02-12
968,1398/11/26,461988.42,460615.1,465978.2,دوشنبه,2020-02-15
969,1398/11/27,472749.87,465788.3,472750.23,سه‌شنبه,2020-02-16
970,1398/11/28,476812.76,476812.75,480712.72,چهارشنبه,2020-02-17
971,1398/11/29,472120.38,468834.45,477209.97,پنج‌شنبه,2020-02-18
972,1398/11/30,478755.66,474805.95,479180.84,جمعه,2020-02-19
973,1398/12/03,481869.64,467120.34,481869.64,دوشنبه,2020-02-22
974,1398/12/04,498904.49,489531.81,499031.09,سه‌شنبه,2020-02-23
975,1398/12/05,503735.84,501914.48,507269.65,چهارشنبه,2020-02-24
976,1398/12/06,518512.81,509472.01,518514.01,پنج‌شنبه,2020-02-25
977,1398/12/07,524393.85,524393.85,530073.39,جمعه,2020-02-26
978,1398/12/10,505801.02,504035.93,509022.59,دوشنبه,2020-02-29
979,1398/12/11,515583.37,505920.68,515583.97,سه‌شنبه,2020-03-01
980,1398/12/12,529328.95,518203.39,529328.95,چهارشنبه,2020-03-02
981,1398/12/13,544239.9,532962.69,544239.9,پنج‌شنبه,2020-03-03
982,1398/12/14,555167.13,547292.93,555293.95,جمعه,2020-03-04
983,1398/12/17,549186.07,549186.05,555081.47,دوشنبه,2020-03-07
984,1398/12/19,534379.46,534376.22,545656.45,چهارشنبه,2020-03-09
985,1398/12/20,519847.33,519847.33,529129.78,پنج‌شنبه,2020-03-10
986,1398/12/21,520211.05,518747.71,522301.12,جمعه,2020-03-11
987,1398/12/24,502738.94,502688.24,520048.32,دوشنبه,2020-03-14
988,1398/12/25,494278.57,493276.37,498654.91,سه‌شنبه,2020-03-15
989,1398/12/26,506079.32,495605.54,506083.32,چهارشنبه,2020-03-16
990,1398/12/27,502429.71,501053.0,506880.22,پنج‌شنبه,2020-03-17
991,1398/12/28,512900.53,503411.58,512909.87,جمعه,2020-03-18
992,1399/01/05,508661.53,508533.07,513347.74,پنج‌شنبه,2020-03-24
993,1399/01/06,521267.67,509932.14,521268.11,جمعه,2020-03-25
994,1399/01/09,532525.21,524609.77,532526.05,دوشنبه,2020-03-28
995,1399/01/10,545649.66,537130.87,545908.74,سه‌شنبه,2020-03-29
996,1399/01/11,547657.84,543655.18,547661.95,چهارشنبه,2020-03-30
997,1399/01/16,567531.59,551839.88,567665.35,دوشنبه,2020-04-04
998,1399/01/17,573903.18,571165.66,574020.34,سه‌شنبه,2020-04-05
999,1399/01/18,569673.61,568336.34,575338.6,چهارشنبه,2020-04-06
1000,1399/01/19,583344.42,571035.86,583599.65,پنج‌شنبه,2020-04-07
1001,1399/01/20,597068.92,586287.94,597351.06,جمعه,2020-04-08
1002,1399/01/23,607854.94,600705.77,608289.05,دوشنبه,2020-04-11
1003,1399/01/24,623260.14,610281.34,623328.68,سه‌شنبه,2020-04-12
1004,1399/01/25,624527.45,624527.45,643951.85,چهارشنبه,2020-04-13
1005,1399/01/26,626388.68,617224.1,626515.65,پنج‌شنبه,2020-04-14
1006,1399/01/27,645722.63,629198.12,645781.22,جمعه,2020-04-15
1007,1399/01/30,668905.68,653689.74,668981.69,دوشنبه,2020-04-18
1008,1399/01/31,690126.46,677297.41,691183.61,سه‌شنبه,2020-04-19
1009,1399/02/01,708994.61,691277.73,709012.94,چهارشنبه,2020-04-20
1010,1399/02/02,726137.35,716060.44,726964.89,پنج‌شنبه,2020-04-21
1011,1399/02/03,741901.81,729307.09,741952.44,جمعه,2020-04-22
1012,1399/02/06,769384.64,750464.45,770549.36,دوشنبه,2020-04-25
1013,1399/02/07,797824.21,780468.16,798105.02,سه‌شنبه,2020-04-26
1014,1399/02/08,820505.34,806172.25,820534.46,چهارشنبه,2020-04-27
1015,1399/02/09,845952.45,830580.29,846008.38,پنج‌شنبه,2020-04-28
1016,1399/02/10,878093.72,853992.75,878434.98,جمعه,2020-04-29
1017,1399/02/13,917405.96,892690.13,917501.48,دوشنبه,2020-05-02
1018,1399/02/14,956816.56,932736.38,964308.51,سه‌شنبه,2020-05-03
1019,1399/02/15,979105.71,956324.84,979106.39,چهارشنبه,2020-05-04
1020,1399/02/16,980571.13,978019.48,995966.21,پنج‌شنبه,2020-05-05
1021,1399/02/17,977923.47,965587.2,980515.87,جمعه,2020-05-06
1022,1399/02/20,1020000.0,990339.21,1020999.9999999999,دوشنبه,2020-05-09
1023,1399/02/21,1042999.9999999999,1034000.0,1044999.9999999999,سه‌شنبه,2020-05-10
1024,1399/02/22,1048000.0,1042999.9999999999,1049000.0,چهارشنبه,2020-05-11
1025,1399/02/23,1020999.9999999999,1020000.0,1046000.0,پنج‌شنبه,2020-05-12
1026,1399/02/24,1018000.0,1008000.0,1026000.0,جمعه,2020-05-13
1027,1399/02/27,987475.32,982410.19,1016999.9999999999,دوشنبه,2020-05-16
1028,1399/02/28,968460.69,964004.97,979444.32,سه‌شنبه,2020-05-17
1029,1399/02/29,995176.82,978644.81,995184.85,چهارشنبه,2020-05-18
1030,1399/02/30,1002000.0,1000999.9999999999,1008999.9999999999,پنج‌شنبه,2020-05-19
1031,1399/02/31,986759.18,985119.15,996750.54,جمعه,2020-05-20
1032,1399/03/03,959840.53,959306.14,986677.39,دوشنبه,2020-05-23
1033,1399/03/06,926132.74,926121.0,946195.8,پنج‌شنبه,2020-05-26
1034,1399/03/07,938549.69,913435.21,938557.14,جمعه,2020-05-27
1035,1399/03/10,973495.24,939162.73,973495.92,دوشنبه,2020-05-30
1036,1399/03/11,970411.22,970270.15,987440.13,سه‌شنبه,2020-05-31
1037,1399/03/12,988120.76,971214.29,988120.76,چهارشنبه,2020-06-01
1038,1399/03/13,1028999.9999999999,996019.78,1028999.9999999999,پنج‌شنبه,2020-06-02
1039,1399/03/17,1069000.0,1046000.0,1069000.0,دوشنبه,2020-06-06
1040,1399/03/18,1116000.0,1091000.0,1116000.0,سه‌شنبه,2020-06-07
1041,1399/03/19,1119000.0,1114000.0,1128000.0,چهارشنبه,2020-06-08
1042,1399/03/20,1118000.0,1117000.0,1129000.0,پنج‌شنبه,2020-06-09
1043,1399/03/21,1154000.0,1128000.0,1154000.0,جمعه,2020-06-10
1044,1399/03/24,1190000.0,1174000.0,1191000.0,دوشنبه,2020-06-13
1045,1399/03/25,1185000.0,1178000.0,1202000.0,سه‌شنبه,2020-06-14
1046,1399/03/26,1200000.0,1191000.0,1206000.0,چهارشنبه,2020-06-15
1047,1399/03/27,1230000.0,1204000.0,1230000.0,پنج‌شنبه,2020-06-16
1048,1399/03/31,1271000.0,1245000.0,1271000.0,دوشنبه,2020-06-20
1049,1399/04/01,1301000.0,1293000.0,1301000.0,سه‌شنبه,2020-06-21
1050,1399/04/02,1342000.0,1316000.0,1342000.0,چهارشنبه,2020-06-22
1051,1399/04/03,1391000.0,1364000.0,1392000.0,پنج‌شنبه,2020-06-23
1052,1399/04/04,1419000.0,1394000.0,1419000.0,جمعه,2020-06-24
1053,1399/04/07,1466000.0,1419000.0,1466000.0,دوشنبه,2020-06-27
1054,1399/04/08,1492000.0,1488000.0,1500000.0,سه‌شنبه,2020-06-28
1055,1399/04/09,1482000.0,1460000.0,1482000.0,چهارشنبه,2020-06-29
1056,1399/04/10,1547000.0,1503000.0,1547000.0,پنج‌شنبه,2020-06-30
1057,1399/04/11,1613000.0,1578000.0,1613000.0,جمعه,2020-07-01
1058,1399/04/14,1621000.0,1619000.0,1645000.0,دوشنبه,2020-07-04
1059,1399/04/15,1655000.0,1620000.0,1655000.0,سه‌شنبه,2020-07-05
1060,1399/04/16,1736000.0,1676000.0,1741000.0,چهارشنبه,2020-07-06
1061,1399/04/17,1747000.0,1735000.0,1748000.0,پنج‌شنبه,2020-07-07
1062,1399/04/18,1754000.0,1753000.0,1767000.0,جمعه,2020-07-08
1063,1399/04/21,1741000.0,1719000.0,1741000.0,دوشنبه,2020-07-11
1064,1399/04/22,1813000.0,1763000.0,1815000.0,سه‌شنبه,2020-07-12
1065,1399/04/23,1822000.0,1800000.0,1822000.0,چهارشنبه,2020-07-13
1066,1399/04/24,1845000.0,1835000.0,1846000.0,پنج‌شنبه,2020-07-14
1067,1399/04/25,1842000.0,1839000.0,1845000.0,جمعه,2020-07-15
1068,1399/04/28,1809000.0,1809000.0,1823000.0,دوشنبه,2020-07-18
1069,1399/04/29,1865000.0,1798000.0,1865000.0,سه‌شنبه,2020-07-19
1070,1399/04/30,1925000.0,1894000.0,1925000.0,چهارشنبه,2020-07-20
1071,1399/04/31,1916000.0,1901000.0,1920000.0,پنج‌شنبه,2020-07-21
1072,1399/05/01,1901000.0,1889000.0,1910000.0,جمعه,2020-07-22
1073,1399/05/04,1953000.0,1919000.0,1957000.0,دوشنبه,2020-07-25
1074,1399/05/05,1946000.0,1936000.0,1964000.0,سه‌شنبه,2020-07-26
1075,1399/05/06,1934000.0,1900000.0,1934000.0,چهارشنبه,2020-07-27
1076,1399/05/07,1941000.0,1941000.0,1973000.0,پنج‌شنبه,2020-07-28
1077,1399/05/08,1904000.0,1900000.0,1924000.0,جمعه,2020-07-29
1078,1399/05/11,1962000.0,1913000.0,1962000.0,دوشنبه,2020-08-01
1079,1399/05/12,2011000.0000000002,1962000.0,2013999.9999999998,سه‌شنبه,2020-08-02
1080,1399/05/13,1993000.0,1988000.0,2015000.0000000002,چهارشنبه,2020-08-03
1081,1399/05/14,1995000.0,1986000.0,1995000.0,پنج‌شنبه,2020-08-04
1082,1399/05/15,2033999.9999999998,2012000.0,2033999.9999999998,جمعه,2020-08-05
1083,1399/05/19,2079000.0000000002,2069000.0,2083000.0000000002,سه‌شنبه,2020-08-09
1084,1399/05/20,2065000.0,2065000.0,2103000.0,چهارشنبه,2020-08-10
1085,1399/05/21,2000000.0,1999000.0,2040000.0,پنج‌شنبه,2020-08-11
1086,1399/05/22,1976000.0,1975000.0,2039000.0000000002,جمعه,2020-08-12
1087,1399/05/25,1903000.0,1903000.0,1945000.0,دوشنبه,2020-08-15
1088,1399/05/26,1814000.0,1814000.0,1881000.0,سه‌شنبه,2020-08-16
1089,1399/05/27,1816000.0,1794000.0,1816000.0,چهارشنبه,2020-08-17
1090,1399/05/28,1825000.0,1825000.0,1857000.0,پنج‌شنبه,2020-08-18
1091,1399/05/29,1757000.0,1757000.0,1812000.0,جمعه,2020-08-19
1092,1399/06/01,1727000.0,1727000.0,1780000.0,دوشنبه,2020-08-22
1093,1399/06/02,1662000.0,1662000.0,1711000.0,سه‌شنبه,2020-08-23
1094,1399/06/03,1609000.0,1607000.0,1651000.0,چهارشنبه,2020-08-24
1095,1399/06/04,1650000.0,1622000.0,1650000.0,پنج‌شنبه,2020-08-25
1096,1399/06/05,1719000.0,1677000.0,1719000.0,جمعه,2020-08-26
1097,1399/06/10,1728000.0,1728000.0,1762000.0,چهارشنبه,2020-08-31
1098,1399/06/11,1685000.0,1685000.0,1715000.0,پنج‌شنبه,2020-09-01
1099,1399/06/12,1632000.0,1632000.0,1661000.0,جمعه,2020-09-02
1100,1399/06/15,1642000.0,1639000.0,1645000.0,دوشنبه,2020-09-05
1101,1399/06/16,1648000.0,1648000.0,1669000.0,سه‌شنبه,2020-09-06
1102,1399/06/17,1607000.0,1607000.0,1632000.0,چهارشنبه,2020-09-07
1103,1399/06/18,1570000.0,1570000.0,1587000.0,پنج‌شنبه,2020-09-08
1104,1399/06/19,1556000.0,1546000.0,1556000.0,جمعه,2020-09-09
1105,1399/06/22,1584000.0,1571000.0,1590000.0,دوشنبه,2020-09-12
1106,1399/06/23,1578000.0,1575000.0,1593000.0,سه‌شنبه,2020-09-13
1107,1399/06/24,1608000.0,1584000.0,1607000.0,چهارشنبه,2020-09-14
1108,1399/06/25,1665000.0,1633000.0,1667000.0,پنج‌شنبه,2020-09-15
1109,1399/06/26,1704000.0,1695000.0,1712000.0,جمعه,2020-09-16
1110,1399/06/29,1699000.0,1686000.0,1713000.0,دوشنبه,2020-09-19
1111,1399/06/30,1652000.0,1652000.0,1691000.0,سه‌شنبه,2020-09-20
1112,1399/06/31,1595000.0,1595000.0,1620000.0,چهارشنبه,2020-09-21
1113,1399/07/01,1581000.0,1567000.0,1594000.0,پنج‌شنبه,2020-09-22
1114,1399/07/02,1611000.0,1596000.0,1622000.0,جمعه,2020-09-23
1115,1399/07/05,1616000.0,1616000.0,1635000.0,دوشنبه,2020-09-26
1116,1399/07/06,1572000.0,1572000.0,1599000.0,سه‌شنبه,2020-09-27
1117,1399/07/07,1516000.0,1516000.0,1551000.0,چهارشنبه,2020-09-28
1118,1399/07/08,1493000.0,1484000.0,1498000.0,پنج‌شنبه,2020-09-29
1119,1399/07/09,1503000.0,1489000.0,1503000.0,جمعه,2020-09-30
1120,1399/07/12,1546000.0,1513000.0,1546000.0,دوشنبه,2020-10-03
1121,1399/07/13,1523000.0,1523000.0,1549000.0,سه‌شنبه,2020-10-04
1122,1399/07/14,1490000.0,1490000.0,1504000.0,چهارشنبه,2020-10-05
1123,1399/07/15,1515000.0,1496000.0,1515000.0,پنج‌شنبه,2020-10-06
1124,1399/07/16,1541000.0,1527000.0,1542000.0,جمعه,2020-10-07
1125,1399/07/19,1542000.0,1534000.0,1542000.0,دوشنبه,2020-10-10
1126,1399/07/20,1597000.0,1555000.0,1600000.0,سه‌شنبه,2020-10-11
1127,1399/07/21,1580000.0,1579000.0,1596000.0,چهارشنبه,2020-10-12
1128,1399/07/22,1580000.0,1571000.0,1589000.0,پنج‌شنبه,2020-10-13
1129,1399/07/23,1561000.0,1561000.0,1581000.0,جمعه,2020-10-14
1130,1399/07/27,1514000.0,1514000.0,1548000.0,سه‌شنبه,2020-10-18
1131,1399/07/28,1462000.0,1462000.0,1494000.0,چهارشنبه,2020-10-19
1132,1399/07/29,1419000.0,1419000.0,1451000.0,پنج‌شنبه,2020-10-20
1133,1399/07/30,1412000.0,1412000.0,1431000.0,جمعه,2020-10-21
1134,1399/08/03,1374000.0,1374000.0,1396000.0,دوشنبه,2020-10-24
1135,1399/08/05,1337000.0,1337000.0,1360000.0,چهارشنبه,2020-10-26
1136,1399/08/06,1302000.0,1302000.0,1329000.0,پنج‌شنبه,2020-10-27
1137,1399/08/07,1288000.0,1279000.0,1288000.0,جمعه,2020-10-28
1138,1399/08/10,1288000.0,1288000.0,1288000.0,دوشنبه,2020-10-31
1139,1399/08/11,1280000.0,1280000.0,1304000.0,سه‌شنبه,2020-11-01
1140,1399/08/12,1264000.0,1262000.0,1267000.0,چهارشنبه,2020-11-02
1141,1399/08/14,1291000.0,1272000.0,1291000.0,جمعه,2020-11-04
1142,1399/08/17,1263000.0,1262000.0,1277000.0,دوشنبه,2020-11-07
1143,1399/08/18,1241000.0,1240000.0,1252000.0,سه‌شنبه,2020-11-08
1144,1399/08/19,1215000.0,1215000.0,1225000.0,چهارشنبه,2020-11-09
1145,1399/08/20,1212000.0,1212000.0,1223000.0,پنج‌شنبه,2020-11-10
1146,1399/08/21,1221000.0,1210000.0,1221000.0,جمعه,2020-11-11
1147,1399/08/24,1248000.0,1231000.0,1250000.0,دوشنبه,2020-11-14
1148,1399/08/25,1257000.0,1257000.0,1269000.0,سه‌شنبه,2020-11-15
1149,1399/08/26,1274000.0,1251000.0,1274000.0,چهارشنبه,2020-11-16
1150,1399/08/27,1297000.0,1283000.0,1309000.0,پنج‌شنبه,2020-11-17
1151,1399/08/28,1345000.0,1320000.0,1345000.0,جمعه,2020-11-18
1152,1399/09/01,1367000.0,1367000.0,1375000.0,دوشنبه,2020-11-21
1153,1399/09/02,1359000.0,1338000.0,1359000.0,سه‌شنبه,2020-11-22
1154,1399/09/03,1376000.0,1369000.0,1384000.0,چهارشنبه,2020-11-23
1155,1399/09/04,1357000.0,1357000.0,1382000.0,پنج‌شنبه,2020-11-24
1156,1399/09/05,1367000.0,1345000.0,1367000.0,جمعه,2020-11-25
1157,1399/09/08,1391000.0,1369000.0,1391000.0,دوشنبه,2020-11-28
1158,1399/09/09,1427000.0,1406000.0,1427000.0,سه‌شنبه,2020-11-29
1159,1399/09/10,1466000.0,1446000.0,1466000.0,چهارشنبه,2020-11-30
1160,1399/09/11,1474000.0,1458000.0,1475000.0,پنج‌شنبه,2020-12-01
1161,1399/09/12,1471000.0,1469000.0,1481000.0,جمعه,2020-12-02
1162,1399/09/15,1491000.0,1464000.0,1491000.0,دوشنبه,2020-12-05
1163,1399/09/16,1523000.0,1505000.0,1527000.0,سه‌شنبه,2020-12-06
1164,1399/09/17,1513000.0,1513000.0,1532000.0,چهارشنبه,2020-12-07
1165,1399/09/18,1507000.0,1493000.0,1513000.0,پنج‌شنبه,2020-12-08
1166,1399/09/19,1506000.0,1503000.0,1515000.0,جمعه,2020-12-09
1167,1399/09/22,1527000.0,1521000.0,1535000.0,دوشنبه,2020-12-12
1168,1399/09/23,1516000.0,1510000.0,1520000.0,سه‌شنبه,2020-12-13
1169,1399/09/24,1484000.0,1484000.0,1518000.0,چهارشنبه,2020-12-14
1170,1399/09/25,1428000.0,1428000.0,1460000.0,پنج‌شنبه,2020-12-15
1171,1399/09/26,1413000.0,1400000.0,1413000.0,جمعه,2020-12-16
1172,1399/09/29,1445000.0,1429000.0,1445000.0,دوشنبه,2020-12-19
1173,1399/09/30,1439000.0,1437000.0,1453000.0,سه‌شنبه,2020-12-20
1174,1399/10/01,1436000.0,1429000.0,1444000.0,چهارشنبه,2020-12-21
1175,1399/10/02,1445000.0,1434000.0,1445000.0,پنج‌شنبه,2020-12-22
1176,1399/10/03,1448000.0,1448000.0,1454000.0,جمعه,2020-12-23
1177,1399/10/06,1424000.0,1424000.0,1448000.0,دوشنبه,2020-12-26
1178,1399/10/07,1419000.0,1408000.0,1421000.0,سه‌شنبه,2020-12-27
1179,1399/10/08,1437000.0,1423000.0,1441000.0,چهارشنبه,2020-12-28
1180,1399/10/09,1412000.0,1411000.0,1439000.0,پنج‌شنبه,2020-12-29
1181,1399/10/10,1398000.0,1398000.0,1412000.0,جمعه,2020-12-30
1182,1399/10/13,1354000.0,1354000.0,1390000.0,دوشنبه,2021-01-02
1183,1399/10/14,1355000.0,1346000.0,1358000.0,سه‌شنبه,2021-01-03
1184,1399/10/15,1374000.0,1362000.0,1375000.0,چهارشنبه,2021-01-04
1185,1399/10/16,1350000.0,1350000.0,1372000.0,پنج‌شنبه,2021-01-05
1186,1399/10/17,1311000.0,1310000.0,1342000.0,جمعه,2021-01-06
1187,1399/10/20,1286000.0,1286000.0,1304000.0,دوشنبه,2021-01-09
1188,1399/10/21,1307000.0,1296000.0,1310000.0,سه‌شنبه,2021-01-10
1189,1399/10/22,1301000.0,1301000.0,1313000.0,چهارشنبه,2021-01-11
1190,1399/10/23,1261000.0,1261000.0,1296000.0,پنج‌شنبه,2021-01-12
1191,1399/10/24,1230000.0,1230000.0,1249000.0,جمعه,2021-01-13
1192,1399/10/27,1187000.0,1187000.0,1223000.0,دوشنبه,2021-01-16
1193,1399/10/29,1150000.0,1150000.0,1168000.0,چهارشنبه,2021-01-18
1194,1399/10/30,1151000.0,1130000.0,1151000.0,پنج‌شنبه,2021-01-19
1195,1399/11/01,1184000.0,1159000.0,1185000.0,جمعه,2021-01-20
1196,1399/11/04,1222000.0,1199000.0,1222000.0,دوشنبه,2021-01-23
1197,1399/11/05,1235000.0,1235000.0,1251000.0,سه‌شنبه,2021-01-24
1198,1399/11/06,1236000.0,1221000.0,1236000.0,چهارشنبه,2021-01-25
1199,1399/11/07,1215000.0,1215000.0,1240000.0,پنج‌شنبه,2021-01-26
1200,1399/11/08,1208000.0,1196000.0,1208000.0,جمعه,2021-01-27
1201,1399/11/11,1247000.0,1217000.0,1247000.0,دوشنبه,2021-01-30
1202,1399/11/12,1251000.0,1251000.0,1269000.0,سه‌شنبه,2021-01-31
1203,1399/11/13,1234000.0,1234000.0,1250000.0,چهارشنبه,2021-02-01
1204,1399/11/14,1205000.0,1205000.0,1227000.0,پنج‌شنبه,2021-02-02
1205,1399/11/15,1173000.0,1173000.0,1208000.0,جمعه,2021-02-03
1206,1399/11/18,1135000.0,1135000.0,1164000.0,دوشنبه,2021-02-06
1207,1399/11/19,1171000.0,1148000.0,1170000.0,سه‌شنبه,2021-02-07
1208,1399/11/20,1193000.0,1185000.0,1195000.0,چهارشنبه,2021-02-08
1209,1399/11/21,1214000.0,1194000.0,1214000.0,پنج‌شنبه,2021-02-09
1210,1399/11/25,1262000.0,1239000.0,1262000.0,دوشنبه,2021-02-13
1211,1399/11/26,1264000.0,1264000.0,1272000.0,سه‌شنبه,2021-02-14
1212,1399/11/27,1257000.0,1257000.0,1260000.0,چهارشنبه,2021-02-15
1213,1399/11/28,1246000.0,1246000.0,1257000.0,پنج‌شنبه,2021-02-16
1214,1399/11/29,1238000.0,1238000.0,1247000.0,جمعه,2021-02-17
1215,1399/12/02,1233000.0,1233000.0,1241000.0,دوشنبه,2021-02-20
1216,1399/12/03,1223000.0,1223000.0,1230000.0,سه‌شنبه,2021-02-21
1217,1399/12/04,1215000.0,1215000.0,1220000.0,چهارشنبه,2021-02-22
1218,1399/12/05,1212000.0,1209000.0,1212000.0,پنج‌شنبه,2021-02-23
1219,1399/12/06,1206000.0,1206000.0,1216000.0,جمعه,2021-02-24
1220,1399/12/09,1194000.0,1194000.0,1202000.0,دوشنبه,2021-02-27
1221,1399/12/10,1186000.0,1185000.0,1192000.0,سه‌شنبه,2021-02-28
1222,1399/12/11,1182000.0,1181000.0,1184000.0,چهارشنبه,2021-03-01
1223,1399/12/12,1186000.0,1183000.0,1191000.0,پنج‌شنبه,2021-03-02
1224,1399/12/13,1178000.0,1178000.0,1186000.0,جمعه,2021-03-03
1225,1399/12/16,1170000.0,1170000.0,1176000.0,دوشنبه,2021-03-06
1226,1399/12/17,1176000.0,1168000.0,1176000.0,سه‌شنبه,2021-03-07
1227,1399/12/18,1200000.0,1178000.0,1200000.0,چهارشنبه,2021-03-08
1228,1399/12/19,1210000.0,1204000.0,1216000.0,پنج‌شنبه,2021-03-09
1229,1399/12/20,1207000.0,1204000.0,1207000.0,جمعه,2021-03-10
1230,1399/12/23,1229000.0,1206000.0,1229000.0,دوشنبه,2021-03-13
1231,1399/12/24,1245000.0,1234000.0,1246000.0,سه‌شنبه,2021-03-14
1232,1399/12/25,1254000.0,1241000.0,1254000.0,چهارشنبه,2021-03-15
1233,1399/12/26,1291000.0,1255000.0,1291000.0,پنج‌شنبه,2021-03-16
1234,1399/12/27,1308000.0,1305000.0,1310000.0,جمعه,2021-03-17
1235,1400/01/07,1310000.0,1304000.0,1310000.0,دوشنبه,2021-03-27
1236,1400/01/08,1307000.0,1305000.0,1311000.0,سه‌شنبه,2021-03-28
1237,1400/01/10,1303000.0,1303000.0,1306000.0,پنج‌شنبه,2021-03-30
1238,1400/01/11,1295000.0,1295000.0,1303000.0,جمعه,2021-03-31
1239,1400/01/14,1283000.0,1283000.0,1292000.0,دوشنبه,2021-04-03
1240,1400/01/15,1269000.0,1270000.0,1281000.0,سه‌شنبه,2021-04-04
1241,1400/01/16,1263000.0,1261000.0,1267000.0,چهارشنبه,2021-04-05
1242,1400/01/17,1261000.0,1261000.0,1267000.0,پنج‌شنبه,2021-04-06
1243,1400/01/18,1250000.0,1250000.0,1259000.0,جمعه,2021-04-07
1244,1400/01/21,1241000.0,1241000.0,1247000.0,دوشنبه,2021-04-10
1245,1400/01/22,1231000.0,1231000.0,1237000.0,سه‌شنبه,2021-04-11
1246,1400/01/23,1226000.0,1226000.0,1229000.0,چهارشنبه,2021-04-12
1247,1400/01/24,1245000.0,1235000.0,1246000.0,پنج‌شنبه,2021-04-13
1248,1400/01/25,1243000.0,1243000.0,1246000.0,جمعه,2021-04-14
1249,1400/01/28,1234000.0,1234000.0,1241000.0,دوشنبه,2021-04-17
1250,1400/01/29,1225000.0,1225000.0,1231000.0,سه‌شنبه,2021-04-18
1251,1400/01/30,1217000.0,1216000.0,1221000.0,چهارشنبه,2021-04-19
1252,1400/01/31,1220000.0,1217000.0,1221000.0,پنج‌شنبه,2021-04-20
1253,1400/02/01,1207000.0,1207000.0,1217000.0,جمعه,2021-04-21
1254,1400/02/04,1199000.0,1199000.0,1205000.0,دوشنبه,2021-04-24
1255,1400/02/05,1188000.0,1188000.0,1197000.0,سه‌شنبه,2021-04-25
1256,1400/02/06,1187000.0,1184000.0,1187000.0,چهارشنبه,2021-04-26
1257,1400/02/07,1203000.0,1190000.0,1203000.0,پنج‌شنبه,2021-04-27
1258,1400/02/08,1208000.0,1204000.0,1211000.0,جمعه,2021-04-28
1259,1400/02/11,1194000.0,1194000.0,1209000.0,دوشنبه,2021-05-01
1260,1400/02/12,1181000.0,1181000.0,1191000.0,سه‌شنبه,2021-05-02
1261,1400/02/13,1167000.0,1167000.0,1177000.0,چهارشنبه,2021-05-03
1262,1400/02/15,1172000.0,1168000.0,1173000.0,جمعه,2021-05-05
1263,1400/02/18,1167000.0,1167000.0,1176000.0,دوشنبه,2021-05-08
1264,1400/02/19,1152000.0,1152000.0,1165000.0,سه‌شنبه,2021-05-09
1265,1400/02/20,1158000.0,1149000.0,1158000.0,چهارشنبه,2021-05-10
1266,1400/02/21,1180000.0,1161000.0,1180000.0,پنج‌شنبه,2021-05-11
1267,1400/02/22,1184000.0,1184000.0,1190000.0,جمعه,2021-05-12
1268,1400/02/25,1190000.0,1182000.0,1193000.0,دوشنبه,2021-05-15
1269,1400/02/26,1189000.0,1189000.0,1192000.0,سه‌شنبه,2021-05-16
1270,1400/02/27,1175000.0,1175000.0,1188000.0,چهارشنبه,2021-05-17
1271,1400/02/28,1177000.0,1172000.0,1177000.0,پنج‌شنبه,2021-05-18
1272,1400/02/29,1155000.0,1155000.0,1173000.0,جمعه,2021-05-19
1273,1400/03/01,1128000.0,1127000.0,1149000.0,دوشنبه,2021-05-22
1274,1400/03/02,1108000.0,1108000.0,1124000.0,سه‌شنبه,2021-05-23
1275,1400/03/03,1096000.0,1096000.0,1105000.0,چهارشنبه,2021-05-24
1276,1400/03/04,1105000.0,1096000.0,1106000.0,پنج‌شنبه,2021-05-25
1277,1400/03/05,1109000.0,1106000.0,1111000.0,جمعه,2021-05-26
1278,1400/03/08,1140000.0,1112000.0,1140000.0,دوشنبه,2021-05-29
1279,1400/03/09,1157000.0,1153000.0,1164000.0,سه‌شنبه,2021-05-30
1280,1400/03/10,1146000.0,1146000.0,1156000.0,چهارشنبه,2021-05-31
1281,1400/03/11,1140000.0,1140000.0,1147000.0,پنج‌شنبه,2021-06-01
1282,1400/03/12,1149000.0,1141000.0,1149000.0,جمعه,2021-06-02
1283,1400/03/17,1157000.0,1151000.0,1157000.0,چهارشنبه,2021-06-07
1284,1400/03/18,1161000.0,1160000.0,1167000.0,پنج‌شنبه,2021-06-08
1285,1400/03/19,1152000.0,1152000.0,1160000.0,جمعه,2021-06-09
1286,1400/03/22,1145000.0,1145000.0,1152000.0,دوشنبه,2021-06-12
1287,1400/03/23,1141000.0,1141000.0,1145000.0,سه‌شنبه,2021-06-13
1288,1400/03/24,1150000.0,1142000.0,1150000.0,چهارشنبه,2021-06-14
1289,1400/03/25,1150000.0,1150000.0,1155000.0,پنج‌شنبه,2021-06-15
1290,1400/03/26,1148000.0,1148000.0,1150000.0,جمعه,2021-06-16
1291,1400/03/29,1162000.0,1151000.0,1162000.0,دوشنبه,2021-06-19
1292,1400/03/30,1164000.0,1164000.0,1169000.0,سه‌شنبه,2021-06-20
1293,1400/03/31,1169000.0,1161000.0,1169000.0,چهارشنبه,2021-06-21
1294,1400/04/01,1187000.0,1173000.0,1187000.0,پنج‌شنبه,2021-06-22
1295,1400/04/02,1213000.0,1191000.0,1213000.0,جمعه,2021-06-23
1296,1400/04/05,1234000.0,1219000.0,1236000.0,دوشنبه,2021-06-26
1297,1400/04/06,1238000.0,1230000.0,1241000.0,سه‌شنبه,2021-06-27
1298,1400/04/07,1244000.0,1236000.0,1244000.0,چهارشنبه,2021-06-28
1299,1400/04/08,1249000.0,1244000.0,1251000.0,پنج‌شنبه,2021-06-29
1300,1400/04/09,1257000.0,1248000.0,1257000.0,جمعه,2021-06-30
1301,1400/04/12,1246000.0,1246000.0,1259000.0,دوشنبه,2021-07-03
1302,1400/04/13,1244000.0,1238000.0,1245000.0,سه‌شنبه,2021-07-04
1303,1400/04/14,1255000.0,1245000.0,1255000.0,چهارشنبه,2021-07-05
1304,1400/04/15,1281000.0,1262000.0,1281000.0,پنج‌شنبه,2021-07-06
1305,1400/04/16,1282000.0,1282000.0,1285000.0,جمعه,2021-07-07
1306,1400/04/19,1271000.0,1271000.0,1282000.0,دوشنبه,2021-07-10
1307,1400/04/20,1285000.0,1271000.0,1285000.0,سه‌شنبه,2021-07-11
1308,1400/04/21,1304000.0,1289000.0,1308000.0,چهارشنبه,2021-07-12
1309,1400/04/22,1304000.0,1302000.0,1309000.0,پنج‌شنبه,2021-07-13
1310,1400/04/23,1305000.0,1301000.0,1306000.0,جمعه,2021-07-14
1311,1400/04/26,1311000.0,1311000.0,1318000.0,دوشنبه,2021-07-17
1312,1400/04/27,1303000.0,1301000.0,1310000.0,سه‌شنبه,2021-07-18
1313,1400/04/28,1311000.0,1305000.0,1311000.0,چهارشنبه,2021-07-19
1314,1400/05/04,1323000.0,1313000.0,1324000.0,چهارشنبه,2021-07-26
1315,1400/05/05,1315000.0,1315000.0,1329000.0,پنج‌شنبه,2021-07-27
1316,1400/05/06,1317000.0,1315000.0,1321000.0,جمعه,2021-07-28
1317,1400/05/09,1351000.0,1320000.0,1351000.0,دوشنبه,2021-07-31
1318,1400/05/10,1360000.0,1358000.0,1362000.0,سه‌شنبه,2021-08-01
1319,1400/05/11,1358000.0,1358000.0,1361000.0,چهارشنبه,2021-08-02
1320,1400/05/12,1376000.0,1359000.0,1376000.0,پنج‌شنبه,2021-08-03
1321,1400/05/13,1406000.0,1382000.0,1406000.0,جمعه,2021-08-04
1322,1400/05/16,1408000.0,1408000.0,1418000.0,دوشنبه,2021-08-07
1323,1400/05/17,1418000.0,1407000.0,1419000.0,سه‌شنبه,2021-08-08
1324,1400/05/18,1433000.0,1420000.0,1433000.0,چهارشنبه,2021-08-09
1325,1400/05/19,1454000.0,1437000.0,1454000.0,پنج‌شنبه,2021-08-10
1326,1400/05/20,1485000.0,1463000.0,1485000.0,جمعه,2021-08-11
1327,1400/05/23,1481000.0,1478000.0,1490000.0,دوشنبه,2021-08-14
1328,1400/05/24,1500000.0,1481000.0,1500000.0,سه‌شنبه,2021-08-15
1329,1400/05/31,1516000.0,1506000.0,1519000.0,سه‌شنبه,2021-08-22
1330,1400/06/01,1516000.0,1509000.0,1517000.0,چهارشنبه,2021-08-23
1331,1400/06/02,1543000.0,1519000.0,1543000.0,پنج‌شنبه,2021-08-24
1332,1400/06/03,1550000.0,1540000.0,1550000.0,جمعه,2021-08-25
1333,1400/06/06,1576000.0,1555000.0,1576000.0,دوشنبه,2021-08-28
1334,1400/06/07,1573000.0,1572000.0,1586000.0,سه‌شنبه,2021-08-29
1335,1400/06/08,1524000.0,1524000.0,1555000.0,چهارشنبه,2021-08-30
1336,1400/06/09,1496000.0,1478000.0,1502000.0,پنج‌شنبه,2021-08-31
1337,1400/06/10,1521000.0,1500000.0,1521000.0,جمعه,2021-09-01
1338,1400/06/13,1541000.0,1528000.0,1545000.0,دوشنبه,2021-09-04
1339,1400/06/14,1537000.0,1532000.0,1540000.0,سه‌شنبه,2021-09-05
1340,1400/06/15,1539000.0,1539000.0,1545000.0,چهارشنبه,2021-09-06
1341,1400/06/16,1523000.0,1523000.0,1536000.0,پنج‌شنبه,2021-09-07
1342,1400/06/17,1526000.0,1523000.0,1527000.0,جمعه,2021-09-08
1343,1400/06/20,1530000.0,1531000.0,1539000.0,دوشنبه,2021-09-11
1344,1400/06/21,1490000.0,1489000.0,1529000.0,سه‌شنبه,2021-09-12
1345,1400/06/22,1475000.0,1473000.0,1490000.0,چهارشنبه,2021-09-13
1346,1400/06/23,1497000.0,1477000.0,1497000.0,پنج‌شنبه,2021-09-14
1347,1400/06/24,1488000.0,1488000.0,1497000.0,جمعه,2021-09-15
1348,1400/06/27,1450000.0,1450000.0,1489000.0,دوشنبه,2021-09-18
1349,1400/06/28,1420000.0,1420000.0,1448000.0,سه‌شنبه,2021-09-19
1350,1400/06/29,1428000.0,1422000.0,1429000.0,چهارشنبه,2021-09-20
1351,1400/06/30,1391000.0,1391000.0,1428000.0,پنج‌شنبه,2021-09-21
1352,1400/06/31,1386000.0,1380000.0,1394000.0,جمعه,2021-09-22
1353,1400/07/03,1422000.0,1392000.0,1422000.0,دوشنبه,2021-09-25
1354,1400/07/04,1425000.0,1425000.0,1429000.0,سه‌شنبه,2021-09-26
1355,1400/07/06,1425000.0,1425000.0,1432000.0,پنج‌شنبه,2021-09-28
1356,1400/07/07,1437000.0,1425000.0,1437000.0,جمعه,2021-09-29
1357,1400/07/10,1473000.0,1443000.0,1473000.0,دوشنبه,2021-10-02
1358,1400/07/11,1477000.0,1475000.0,1481000.0,سه‌شنبه,2021-10-03
1359,1400/07/12,1485000.0,1477000.0,1485000.0,چهارشنبه,2021-10-04
1360,1400/07/14,1488000.0,1487000.0,1489000.0,جمعه,2021-10-06
1361,1400/07/17,1466000.0,1466000.0,1489000.0,دوشنبه,2021-10-09
1362,1400/07/18,1456000.0,1453000.0,1464000.0,سه‌شنبه,2021-10-10
1363,1400/07/19,1457000.0,1457000.0,1461000.0,چهارشنبه,2021-10-11
1364,1400/07/20,1419000.0,1419000.0,1455000.0,پنج‌شنبه,2021-10-12
1365,1400/07/21,1397000.0,1397000.0,1418000.0,جمعه,2021-10-13
1366,1400/07/24,1437000.0,1406000.0,1437000.0,دوشنبه,2021-10-16
1367,1400/07/25,1436000.0,1436000.0,1445000.0,سه‌شنبه,2021-10-17
1368,1400/07/26,1437000.0,1430000.0,1437000.0,چهارشنبه,2021-10-18
1369,1400/07/27,1449000.0,1438000.0,1450000.0,پنج‌شنبه,2021-10-19
1370,1400/07/28,1436000.0,1436000.0,1450000.0,جمعه,2021-10-20
1371,1400/08/01,1408000.0,1408000.0,1436000.0,دوشنبه,2021-10-23
1372,1400/08/03,1384000.0,1384000.0,1405000.0,چهارشنبه,2021-10-25
1373,1400/08/04,1384000.0,1382000.0,1385000.0,پنج‌شنبه,2021-10-26
1374,1400/08/05,1394000.0,1385000.0,1394000.0,جمعه,2021-10-27
1375,1400/08/08,1376000.0,1376000.0,1395000.0,دوشنبه,2021-10-30
1376,1400/08/09,1340000.0,1340000.0,1375000.0,سه‌شنبه,2021-10-31
1377,1400/08/10,1361000.0,1346000.0,1361000.0,چهارشنبه,2021-11-01
1378,1400/08/11,1376000.0,1363000.0,1376000.0,پنج‌شنبه,2021-11-02
1379,1400/08/12,1398000.0,1378000.0,1398000.0,جمعه,2021-11-03
1380,1400/08/15,1441000.0,1403000.0,1441000.0,دوشنبه,2021-11-06
1381,1400/08/16,1431000.0,1431000.0,1443000.0,سه‌شنبه,2021-11-07
1382,1400/08/17,1434000.0,1427000.0,1436000.0,چهارشنبه,2021-11-08
1383,1400/08/18,1448000.0,1435000.0,1449000.0,پنج‌شنبه,2021-11-09
1384,1400/08/19,1456000.0,1449000.0,1457000.0,جمعه,2021-11-10
1385,1400/08/22,1439000.0,1439000.0,1450000.0,دوشنبه,2021-11-13
1386,1400/08/23,1443000.0,1441000.0,1447000.0,سه‌شنبه,2021-11-14
1387,1400/08/24,1416000.0,1416000.0,1442000.0,چهارشنبه,2021-11-15
1388,1400/08/25,1409000.0,1409000.0,1415000.0,پنج‌شنبه,2021-11-16
1389,1400/08/26,1411000.0,1410000.0,1414000.0,جمعه,2021-11-17
1390,1400/08/29,1383000.0,1383000.0,1412000.0,دوشنبه,2021-11-20
1391,1400/08/30,1387000.0,1382000.0,1387000.0,سه‌شنبه,2021-11-21
1392,1400/09/01,1407000.0,1390000.0,1408000.0,چهارشنبه,2021-11-22
1393,1400/09/02,1405000.0,1404000.0,1409000.0,پنج‌شنبه,2021-11-23
1394,1400/09/03,1394000.0,1394000.0,1405000.0,جمعه,2021-11-24
1395,1400/09/06,1367000.0,1367000.0,1390000.0,دوشنبه,2021-11-27
1396,1400/09/07,1368000.0,1367000.0,1370000.0,سه‌شنبه,2021-11-28
1397,1400/09/08,1364000.0,1364000.0,1370000.0,چهارشنبه,2021-11-29
1398,1400/09/09,1357000.0,1357000.0,1364000.0,پنج‌شنبه,2021-11-30
1399,1400/09/10,1340000.0,1340000.0,1357000.0,جمعه,2021-12-01
1400,1400/09/13,1335000.0,1334000.0,1343000.0,دوشنبه,2021-12-04
1401,1400/09/14,1343000.0,1336000.0,1343000.0,سه‌شنبه,2021-12-05
1402,1400/09/15,1342000.0,1342000.0,1346000.0,چهارشنبه,2021-12-06
1403,1400/09/16,1338000.0,1338000.0,1342000.0,پنج‌شنبه,2021-12-07
1404,1400/09/17,1349000.0,1338000.0,1349000.0,جمعه,2021-12-08
1405,1400/09/20,1344000.0,1344000.0,1350000.0,دوشنبه,2021-12-11
1406,1400/09/21,1321000.0,1321000.0,1343000.0,سه‌شنبه,2021-12-12
1407,1400/09/22,1296000.0,1296000.0,1320000.0,چهارشنبه,2021-12-13
1408,1400/09/23,1292000.0,1289000.0,1293000.0,پنج‌شنبه,2021-12-14
1409,1400/09/24,1293000.0,1292000.0,1296000.0,جمعه,2021-12-15
1410,1400/09/27,1306000.0,1295000.0,1306000.0,دوشنبه,2021-12-18
1411,1400/09/28,1292000.0,1292000.0,1306000.0,سه‌شنبه,2021-12-19
1412,1400/09/29,1302000.0,1293000.0,1302000.0,چهارشنبه,2021-12-20
1413,1400/09/30,1318000.0,1303000.0,1318000.0,پنج‌شنبه,2021-12-21
1414,1400/10/01,1359000.0,1322000.0,1359000.0,جمعه,2021-12-22
1415,1400/10/04,1386000.0,1367000.0,1387000.0,دوشنبه,2021-12-25
1416,1400/10/05,1384000.0,1379000.0,1385000.0,سه‌شنبه,2021-12-26
1417,1400/10/06,1400000.0,1386000.0,1401000.0,چهارشنبه,2021-12-27
1418,1400/10/07,1400000.0,1397000.0,1400000.0,پنج‌شنبه,2021-12-28
1419,1400/10/08,1397000.0,1397000.0,1401000.0,جمعه,2021-12-29
1420,1400/10/11,1379000.0,1379000.0,1396000.0,دوشنبه,2022-01-01
1421,1400/10/12,1379000.0,1379000.0,1381000.0,سه‌شنبه,2022-01-02
1422,1400/10/13,1376000.0,1376000.0,1380000.0,چهارشنبه,2022-01-03
1423,1400/10/14,1363000.0,1363000.0,1376000.0,پنج‌شنبه,2022-01-04
1424,1400/10/15,1363000.0,1362000.0,1363000.0,جمعه,2022-01-05
1425,1400/10/18,1362000.0,1362000.0,1368000.0,دوشنبه,2022-01-08
1426,1400/10/19,1337000.0,1337000.0,1362000.0,سه‌شنبه,2022-01-09
1427,1400/10/20,1333000.0,1330000.0,1336000.0,چهارشنبه,2022-01-10
1428,1400/10/21,1336000.0,1334000.0,1338000.0,پنج‌شنبه,2022-01-11
1429,1400/10/22,1334000.0,1334000.0,1335000.0,جمعه,2022-01-12
1430,1400/10/25,1323000.0,1323000.0,1334000.0,دوشنبه,2022-01-15
1431,1400/10/26,1311000.0,1311000.0,1322000.0,سه‌شنبه,2022-01-16
1432,1400/10/27,1307000.0,1307000.0,1314000.0,چهارشنبه,2022-01-17
1433,1400/10/28,1276000.0,1276000.0,1306000.0,پنج‌شنبه,2022-01-18
1434,1400/10/29,1279000.0,1275000.0,1280000.0,جمعه,2022-01-19
1435,1400/11/02,1282000.0,1282000.0,1287000.0,دوشنبه,2022-01-22
1436,1400/11/03,1257000.0,1257000.0,1281000.0,سه‌شنبه,2022-01-23
1437,1400/11/04,1235000.0,1235000.0,1255000.0,چهارشنبه,2022-01-24
1438,1400/11/05,1208000.0,1208000.0,1234000.0,پنج‌شنبه,2022-01-25
1439,1400/11/06,1229000.0,1214000.0,1229000.0,جمعه,2022-01-26
1440,1400/11/09,1259000.0,1233000.0,1259000.0,دوشنبه,2022-01-29
1441,1400/11/10,1285000.0,1268000.0,1285000.0,سه‌شنبه,2022-01-30
1442,1400/11/11,1295000.0,1285000.0,1295000.0,چهارشنبه,2022-01-31
1443,1400/11/12,1301000.0,1297000.0,1301000.0,پنج‌شنبه,2022-02-01
1444,1400/11/13,1301000.0,1299000.0,1301000.0,جمعه,2022-02-02
1445,1400/11/16,1304000.0,1304000.0,1306000.0,دوشنبه,2022-02-05
1446,1400/11/17,1282000.0,1282000.0,1304000.0,سه‌شنبه,2022-02-06
1447,1400/11/18,1274000.0,1274000.0,1279000.0,چهارشنبه,2022-02-07
1448,1400/11/19,1281000.0,1276000.0,1281000.0,پنج‌شنبه,2022-02-08
1449,1400/11/20,1284000.0,1279000.0,1284000.0,جمعه,2022-02-09
1450,1400/11/23,1284000.0,1284000.0,1286000.0,دوشنبه,2022-02-12
1451,1400/11/24,1276000.0,1276000.0,1284000.0,سه‌شنبه,2022-02-13
1452,1400/11/25,1283000.0,1277000.0,1283000.0,چهارشنبه,2022-02-14
1453,1400/11/27,1282000.0,1282000.0,1284000.0,جمعه,2022-02-16
1454,1400/11/30,1282000.0,1282000.0,1283000.0,دوشنبه,2022-02-19
1455,1400/12/01,1274000.0,1274000.0,1283000.0,سه‌شنبه,2022-02-20
1456,1400/12/02,1282000.0,1275000.0,1283000.0,چهارشنبه,2022-02-21
1457,1400/12/03,1285000.0,1283000.0,1285000.0,پنج‌شنبه,2022-02-22
1458,1400/12/04,1288000.0,1285000.0,1288000.0,جمعه,2022-02-23
1459,1400/12/07,1283000.0,1283000.0,1288000.0,دوشنبه,2022-02-26
1460,1400/12/08,1279000.0,1279000.0,1282000.0,سه‌شنبه,2022-02-27
1461,1400/12/09,1282000.0,1280000.0,1282000.0,چهارشنبه,2022-02-28
1462,1400/12/11,1281000.0,1281000.0,1285000.0,جمعه,2022-03-02
1463,1400/12/14,1299000.0,1287000.0,1299000.0,دوشنبه,2022-03-05
1464,1400/12/15,1323000.0,1304000.0,1323000.0,سه‌شنبه,2022-03-06
1465,1400/12/16,1343000.0,1328000.0,1345000.0,چهارشنبه,2022-03-07
1466,1400/12/17,1337000.0,1337000.0,1342000.0,پنج‌شنبه,2022-03-08
1467,1400/12/18,1348000.0,1338000.0,1348000.0,جمعه,2022-03-09
1468,1400/12/21,1333000.0,1333000.0,1341000.0,دوشنبه,2022-03-12
1469,1400/12/22,1335000.0,1332000.0,1336000.0,سه‌شنبه,2022-03-13
1470,1400/12/23,1335000.0,1335000.0,1337000.0,چهارشنبه,2022-03-14
1471,1400/12/24,1337000.0,1334000.0,1338000.0,پنج‌شنبه,2022-03-15
1472,1400/12/25,1345000.0,1339000.0,1345000.0,جمعه,2022-03-16
1473,1400/12/28,1367000.0,1348000.0,1367000.0,دوشنبه,2022-03-19
1474,1401/01/06,1391000.0,1374000.0,1391000.0,دوشنبه,2022-03-26
1475,1401/01/07,1404000.0,1392000.0,1404000.0,سه‌شنبه,2022-03-27
1476,1401/01/08,1419000.0,1404000.0,1419000.0,چهارشنبه,2022-03-28
1477,1401/01/09,1414000.0,1414000.0,1423000.0,پنج‌شنبه,2022-03-29
1478,1401/01/10,1432000.0,1412000.0,1432000.0,جمعه,2022-03-30
1479,1401/01/14,1462000.0,1435000.0,1462000.0,سه‌شنبه,2022-04-03
1480,1401/01/15,1469000.0,1469000.0,1477000.0,چهارشنبه,2022-04-04
1481,1401/01/16,1471000.0,1465000.0,1471000.0,پنج‌شنبه,2022-04-05
1482,1401/01/17,1464000.0,1464000.0,1474000.0,جمعه,2022-04-06
1483,1401/01/20,1459000.0,1452000.0,1461000.0,دوشنبه,2022-04-09
1484,1401/01/21,1474000.0,1462000.0,1474000.0,سه‌شنبه,2022-04-10
1485,1401/01/22,1479000.0,1475000.0,1480000.0,چهارشنبه,2022-04-11
1486,1401/01/23,1446000.0,1446000.0,1474000.0,پنج‌شنبه,2022-04-12
1487,1401/01/24,1454000.0,1443000.0,1454000.0,جمعه,2022-04-13
1488,1401/01/27,1468000.0,1458000.0,1468000.0,دوشنبه,2022-04-16
1489,1401/01/28,1475000.0,1466000.0,1475000.0,سه‌شنبه,2022-04-17
1490,1401/01/29,1502000.0,1479000.0,1503000.0,چهارشنبه,2022-04-18
1491,1401/01/30,1513000.0,1500000.0,1513000.0,پنج‌شنبه,2022-04-19
1492,1401/01/31,1512000.0,1511000.0,1516000.0,جمعه,2022-04-20
1493,1401/02/04,1505000.0,1505000.0,1513000.0,سه‌شنبه,2022-04-24
1494,1401/02/05,1507000.0,1502000.0,1507000.0,چهارشنبه,2022-04-25
1495,1401/02/06,1523000.0,1509000.0,1523000.0,پنج‌شنبه,2022-04-26
1496,1401/02/07,1521000.0,1521000.0,1526000.0,جمعه,2022-04-27
1497,1401/02/10,1522000.0,1521000.0,1524000.0,دوشنبه,2022-04-30
1498,1401/02/11,1523000.0,1522000.0,1526000.0,سه‌شنبه,2022-05-01
1499,1401/02/12,1530000.0,1523000.0,1530000.0,چهارشنبه,2022-05-02
1500,1401/02/17,1544000.0,1536000.0,1544000.0,دوشنبه,2022-05-07
1501,1401/02/18,1553000.0,1547000.0,1553000.0,سه‌شنبه,2022-05-08
1502,1401/02/19,1540000.0,1540000.0,1554000.0,چهارشنبه,2022-05-09
1503,1401/02/20,1540000.0,1535000.0,1540000.0,پنج‌شنبه,2022-05-10
1504,1401/02/21,1564000.0,1544000.0,1564000.0,جمعه,2022-05-11
1505,1401/02/24,1578000.0,1569000.0,1578000.0,دوشنبه,2022-05-14
1506,1401/02/25,1573000.0,1570000.0,1580000.0,سه‌شنبه,2022-05-15
1507,1401/02/26,1584000.0,1575000.0,1584000.0,چهارشنبه,2022-05-16
1508,1401/02/27,1606000.0,1589000.0,1607000.0,پنج‌شنبه,2022-05-17
1509,1401/02/28,1595000.0,1595000.0,1605000.0,جمعه,2022-05-18
1510,1401/02/31,1580000.0,1580000.0,1592000.0,دوشنبه,2022-05-21
1511,1401/03/01,1582000.0,1580000.0,1582000.0,سه‌شنبه,2022-05-22
1512,1401/03/03,1556000.0,1556000.0,1557000.0,پنج‌شنبه,2022-05-24
1513,1401/03/04,1564000.0,1558000.0,1564000.0,جمعه,2022-05-25
1514,1401/03/07,1553000.0,1553000.0,1568000.0,دوشنبه,2022-05-28
1515,1401/03/08,1534000.0,1533000.0,1552000.0,سه‌شنبه,2022-05-29
1516,1401/03/09,1537000.0,1535000.0,1538000.0,چهارشنبه,2022-05-30
1517,1401/03/10,1543000.0,1537000.0,1543000.0,پنج‌شنبه,2022-05-31
1518,1401/03/11,1542000.0,1540000.0,1544000.0,جمعه,2022-06-01
1519,1401/03/16,1514000.0,1514000.0,1541000.0,چهارشنبه,2022-06-06
1520,1401/03/17,1515000.0,1513000.0,1516000.0,پنج‌شنبه,2022-06-07
1521,1401/03/18,1520000.0,1516000.0,1520000.0,جمعه,2022-06-08
1522,1401/03/21,1518000.0,1518000.0,1521000.0,دوشنبه,2022-06-11
1523,1401/03/22,1532000.0,1517000.0,1532000.0,سه‌شنبه,2022-06-12
1524,1401/03/23,1571000.0,1537000.0,1571000.0,چهارشنبه,2022-06-13
1525,1401/03/24,1574000.0,1573000.0,1575000.0,پنج‌شنبه,2022-06-14
1526,1401/03/25,1564000.0,1564000.0,1574000.0,جمعه,2022-06-15
1527,1401/03/28,1548000.0,1548000.0,1564000.0,دوشنبه,2022-06-18
1528,1401/03/29,1546000.0,1546000.0,1549000.0,سه‌شنبه,2022-06-19
1529,1401/03/30,1547000.0,1547000.0,1550000.0,چهارشنبه,2022-06-20
1530,1401/03/31,1540000.0,1540000.0,1547000.0,پنج‌شنبه,2022-06-21
1531,1401/04/01,1533000.0,1533000.0,1540000.0,جمعه,2022-06-22
1532,1401/04/04,1520000.0,1520000.0,1533000.0,دوشنبه,2022-06-25
1533,1401/04/05,1501000.0,1501000.0,1520000.0,سه‌شنبه,2022-06-26
1534,1401/04/06,1504000.0,1501000.0,1504000.0,چهارشنبه,2022-06-27
1535,1401/04/08,1514000.0,1512000.0,1514000.0,جمعه,2022-06-29
1536,1401/04/11,1502000.0,1502000.0,1513000.0,دوشنبه,2022-07-02
1537,1401/04/12,1503000.0,1500000.0,1503000.0,سه‌شنبه,2022-07-03
1538,1401/04/13,1507000.0,1504000.0,1507000.0,چهارشنبه,2022-07-04
1539,1401/04/14,1511000.0,1507000.0,1511000.0,پنج‌شنبه,2022-07-05
1540,1401/04/15,1503000.0,1503000.0,1510000.0,جمعه,2022-07-06
1541,1401/04/20,1488000.0,1488000.0,1499000.0,چهارشنبه,2022-07-11
1542,1401/04/21,1484000.0,1480000.0,1487000.0,پنج‌شنبه,2022-07-12
1543,1401/04/22,1490000.0,1487000.0,1491000.0,جمعه,2022-07-13
1544,1401/04/25,1480000.0,1480000.0,1490000.0,دوشنبه,2022-07-16
1545,1401/04/26,1470000.0,1468000.0,1480000.0,سه‌شنبه,2022-07-17
1546,1401/04/28,1469000.0,1469000.0,1471000.0,پنج‌شنبه,2022-07-19
1547,1401/04/29,1472000.0,1469000.0,1472000.0,جمعه,2022-07-20
1548,1401/05/01,1473000.0,1473000.0,1477000.0,دوشنبه,2022-07-23
1549,1401/05/03,1439000.0,1439000.0,1463000.0,چهارشنبه,2022-07-25
1550,1401/05/04,1438000.0,1438000.0,1441000.0,پنج‌شنبه,2022-07-26
1551,1401/05/05,1444000.0,1439000.0,1444000.0,جمعه,2022-07-27
1552,1401/05/08,1441000.0,1441000.0,1449000.0,دوشنبه,2022-07-30
1553,1401/05/09,1423000.0,1423000.0,1441000.0,سه‌شنبه,2022-07-31
1554,1401/05/10,1428000.0,1424000.0,1428000.0,چهارشنبه,2022-08-01
1555,1401/05/11,1430000.0,1428000.0,1430000.0,پنج‌شنبه,2022-08-02
1556,1401/05/12,1437000.0,1431000.0,1437000.0,جمعه,2022-08-03
1557,1401/05/15,1449000.0,1439000.0,1449000.0,دوشنبه,2022-08-06
1558,1401/05/18,1452000.0,1448000.0,1453000.0,پنج‌شنبه,2022-08-09
1559,1401/05/19,1448000.0,1448000.0,1453000.0,جمعه,2022-08-10
1560,1401/05/22,1467000.0,1451000.0,1467000.0,دوشنبه,2022-08-13
1561,1401/05/23,1464000.0,1464000.0,1470000.0,سه‌شنبه,2022-08-14
1562,1401/05/24,1464000.0,1461000.0,1464000.0,چهارشنبه,2022-08-15
1563,1401/05/25,1460000.0,1460000.0,1467000.0,پنج‌شنبه,2022-08-16
1564,1401/05/26,1451000.0,1451000.0,1461000.0,جمعه,2022-08-17
1565,1401/05/29,1439000.0,1439000.0,1450000.0,دوشنبه,2022-08-20
1566,1401/05/30,1430000.0,1430000.0,1439000.0,سه‌شنبه,2022-08-21
1567,1401/05/31,1424000.0,1424000.0,1431000.0,چهارشنبه,2022-08-22
1568,1401/06/01,1431000.0,1425000.0,1431000.0,پنج‌شنبه,2022-08-23
1569,1401/06/02,1442000.0,1432000.0,1442000.0,جمعه,2022-08-24
1570,1401/06/05,1450000.0,1443000.0,1451000.0,دوشنبه,2022-08-27
1571,1401/06/06,1444000.0,1444000.0,1450000.0,سه‌شنبه,2022-08-28
1572,1401/06/07,1445000.0,1444000.0,1446000.0,چهارشنبه,2022-08-29
1573,1401/06/08,1441000.0,1441000.0,1446000.0,پنج‌شنبه,2022-08-30
1574,1401/06/09,1439000.0,1439000.0,1441000.0,جمعه,2022-08-31
1575,1401/06/12,1427000.0,1427000.0,1439000.0,دوشنبه,2022-09-03
1576,1401/06/13,1427000.0,1427000.0,1428000.0,سه‌شنبه,2022-09-04
1577,1401/06/14,1427000.0,1427000.0,1429000.0,چهارشنبه,2022-09-05
1578,1401/06/15,1421000.0,1421000.0,1427000.0,پنج‌شنبه,2022-09-06
1579,1401/06/16,1413000.0,1413000.0,1421000.0,جمعه,2022-09-07
1580,1401/06/19,1397000.0,1397000.0,1412000.0,دوشنبه,2022-09-10
1581,1401/06/20,1391000.0,1391000.0,1397000.0,سه‌شنبه,2022-09-11
1582,1401/06/21,1389000.0,1389000.0,1393000.0,چهارشنبه,2022-09-12
1583,1401/06/22,1393000.0,1389000.0,1393000.0,پنج‌شنبه,2022-09-13
1584,1401/06/23,1389000.0,1389000.0,1394000.0,جمعه,2022-09-14
1585,1401/06/27,1378000.0,1378000.0,1389000.0,سه‌شنبه,2022-09-18
1586,1401/06/28,1374000.0,1374000.0,1378000.0,چهارشنبه,2022-09-19
1587,1401/06/29,1367000.0,1367000.0,1374000.0,پنج‌شنبه,2022-09-20
1588,1401/06/30,1355000.0,1355000.0,1366000.0,جمعه,2022-09-21
1589,1401/07/02,1328000.0,1328000.0,1354000.0,دوشنبه,2022-09-24
1590,1401/07/04,1334000.0,1328000.0,1334000.0,چهارشنبه,2022-09-26
1591,1401/07/06,1347000.0,1335000.0,1347000.0,جمعه,2022-09-28
1592,1401/07/09,1331000.0,1331000.0,1346000.0,دوشنبه,2022-10-01
1593,1401/07/10,1322000.0,1322000.0,1330000.0,سه‌شنبه,2022-10-02
1594,1401/07/11,1319000.0,1319000.0,1323000.0,چهارشنبه,2022-10-03
1595,1401/07/12,1314000.0,1314000.0,1319000.0,پنج‌شنبه,2022-10-04
1596,1401/07/17,1305000.0,1305000.0,1316000.0,سه‌شنبه,2022-10-09
1597,1401/07/18,1304000.0,1303000.0,1306000.0,چهارشنبه,2022-10-10
1598,1401/07/19,1314000.0,1305000.0,1314000.0,پنج‌شنبه,2022-10-11
1599,1401/07/20,1320000.0,1314000.0,1320000.0,جمعه,2022-10-12
1600,1401/07/23,1318000.0,1318000.0,1320000.0,دوشنبه,2022-10-15
1601,1401/07/24,1314000.0,1314000.0,1318000.0,سه‌شنبه,2022-10-16
1602,1401/07/26,1313000.0,1311000.0,1314000.0,پنج‌شنبه,2022-10-18
1603,1401/07/27,1310000.0,1310000.0,1312000.0,جمعه,2022-10-19
1604,1401/07/30,1309000.0,1309000.0,1312000.0,دوشنبه,2022-10-22
1605,1401/08/01,1297000.0,1297000.0,1309000.0,سه‌شنبه,2022-10-23
1606,1401/08/02,1278000.0,1278000.0,1296000.0,چهارشنبه,2022-10-24
1607,1401/08/03,1267000.0,1267000.0,1278000.0,پنج‌شنبه,2022-10-25
1608,1401/08/04,1241000.0,1241000.0,1267000.0,جمعه,2022-10-26
1609,1401/08/07,1245000.0,1243000.0,1247000.0,دوشنبه,2022-10-29
1610,1401/08/08,1254000.0,1245000.0,1254000.0,سه‌شنبه,2022-10-30
1611,1401/08/09,1270000.0,1255000.0,1270000.0,چهارشنبه,2022-10-31
1612,1401/08/10,1280000.0,1271000.0,1280000.0,پنج‌شنبه,2022-11-01
1613,1401/08/11,1284000.0,1279000.0,1284000.0,جمعه,2022-11-02
1614,1401/08/14,1328000.0,1286000.0,1328000.0,دوشنبه,2022-11-05
1615,1401/08/15,1345000.0,1332000.0,1345000.0,سه‌شنبه,2022-11-06
1616,1401/08/16,1390000.0,1347000.0,1390000.0,چهارشنبه,2022-11-07
1617,1401/08/17,1408000.0,1400000.0,1413000.0,پنج‌شنبه,2022-11-08
1618,1401/08/18,1414000.0,1403000.0,1414000.0,جمعه,2022-11-09
1619,1401/08/21,1426000.0,1417000.0,1427000.0,دوشنبه,2022-11-12
1620,1401/08/22,1419000.0,1419000.0,1426000.0,سه‌شنبه,2022-11-13
1621,1401/08/23,1408000.0,1408000.0,1419000.0,چهارشنبه,2022-11-14
1622,1401/08/24,1410000.0,1409000.0,1411000.0,پنج‌شنبه,2022-11-15
1623,1401/08/25,1414000.0,1410000.0,1414000.0,جمعه,2022-11-16
1624,1401/08/29,1405000.0,1396000.0,1405000.0,سه‌شنبه,2022-11-20
1625,1401/08/30,1409000.0,1406000.0,1409000.0,چهارشنبه,2022-11-21
1626,1401/09/01,1408000.0,1407000.0,1408000.0,پنج‌شنبه,2022-11-22
1627,1401/09/02,1410000.0,1408000.0,1411000.0,جمعه,2022-11-23
1628,1401/09/05,1408000.0,1408000.0,1412000.0,دوشنبه,2022-11-26
1629,1401/09/06,1406000.0,1406000.0,1408000.0,سه‌شنبه,2022-11-27
1630,1401/09/07,1408000.0,1407000.0,1408000.0,چهارشنبه,2022-11-28
1631,1401/09/08,1414000.0,1408000.0,1414000.0,پنج‌شنبه,2022-11-29
1632,1401/09/09,1417000.0,1415000.0,1418000.0,جمعه,2022-11-30
1633,1401/09/12,1418000.0,1417000.0,1419000.0,دوشنبه,2022-12-03
1634,1401/09/13,1418000.0,1418000.0,1420000.0,سه‌شنبه,2022-12-04
1635,1401/09/14,1414000.0,1414000.0,1419000.0,چهارشنبه,2022-12-05
1636,1401/09/15,1409000.0,1409000.0,1414000.0,پنج‌شنبه,2022-12-06
1637,1401/09/16,1403000.0,1403000.0,1411000.0,جمعه,2022-12-07
1638,1401/09/19,1384000.0,1384000.0,1402000.0,دوشنبه,2022-12-10
1639,1401/09/20,1389000.0,1384000.0,1389000.0,سه‌شنبه,2022-12-11
1640,1401/09/21,1409000.0,1390000.0,1409000.0,چهارشنبه,2022-12-12
1641,1401/09/22,1454000.0,1412000.0,1454000.0,پنج‌شنبه,2022-12-13
1642,1401/09/23,1473000.0,1462000.0,1474000.0,جمعه,2022-12-14
1643,1401/09/26,1470000.0,1469000.0,1472000.0,دوشنبه,2022-12-17
1644,1401/09/27,1500000.0,1473000.0,1500000.0,سه‌شنبه,2022-12-18
1645,1401/09/28,1501000.0,1500000.0,1505000.0,چهارشنبه,2022-12-19
1646,1401/09/29,1492000.0,1492000.0,1501000.0,پنج‌شنبه,2022-12-20
1647,1401/09/30,1496000.0,1493000.0,1496000.0,جمعه,2022-12-21
1648,1401/10/03,1538000.0,1501000.0,1538000.0,دوشنبه,2022-12-24
1649,1401/10/04,1564000.0,1547000.0,1564000.0,سه‌شنبه,2022-12-25
1650,1401/10/05,1576000.0,1563000.0,1576000.0,چهارشنبه,2022-12-26
1651,1401/10/07,1647000.0,1589000.0,1647000.0,جمعه,2022-12-28
1652,1401/10/10,1590000.0,1590000.0,1620000.0,دوشنبه,2022-12-31
1653,1401/10/11,1564000.0,1564000.0,1592000.0,سه‌شنبه,2023-01-01
1654,1401/10/12,1593000.0,1569000.0,1593000.0,چهارشنبه,2023-01-02
1655,1401/10/13,1591000.0,1591000.0,1603000.0,پنج‌شنبه,2023-01-03
1656,1401/10/14,1579000.0,1579000.0,1589000.0,جمعه,2023-01-04
1657,1401/10/17,1598000.0,1584000.0,1598000.0,دوشنبه,2023-01-07
1658,1401/10/18,1635000.0,1610000.0,1636000.0,سه‌شنبه,2023-01-08
1659,1401/10/19,1647000.0,1636000.0,1647000.0,چهارشنبه,2023-01-09
1660,1401/10/20,1668000.0,1659000.0,1675000.0,پنج‌شنبه,2023-01-10
1661,1401/10/21,1652000.0,1652000.0,1665000.0,جمعه,2023-01-11
1662,1401/10/24,1644000.0,1631000.0,1644000.0,دوشنبه,2023-01-14
1663,1401/10/25,1644000.0,1644000.0,1644000.0,سه‌شنبه,2023-01-15
1664,1401/10/26,1681000.0,1650000.0,1681000.0,چهارشنبه,2023-01-16
1665,1401/10/27,1687000.0,1687000.0,1693000.0,پنج‌شنبه,2023-01-17
1666,1401/10/28,1689000.0,1683000.0,1689000.0,جمعه,2023-01-18
1667,1401/11/01,1658000.0,1658000.0,1689000.0,دوشنبه,2023-01-21
1668,1401/11/02,1653000.0,1649000.0,1663000.0,سه‌شنبه,2023-01-22
1669,1401/11/03,1654000.0,1654000.0,1668000.0,چهارشنبه,2023-01-23
1670,1401/11/04,1646000.0,1646000.0,1654000.0,پنج‌شنبه,2023-01-24
1671,1401/11/05,1612000.0,1612000.0,1647000.0,جمعه,2023-01-25
1672,1401/11/08,1600000.0,1600000.0,1613000.0,دوشنبه,2023-01-28
1673,1401/11/09,1542000.0,1542000.0,1598000.0,سه‌شنبه,2023-01-29
1674,1401/11/10,1540000.0,1531000.0,1544000.0,چهارشنبه,2023-01-30
1675,1401/11/11,1557000.0,1542000.0,1558000.0,پنج‌شنبه,2023-01-31
1676,1401/11/12,1557000.0,1556000.0,1558000.0,جمعه,2023-02-01
1677,1401/11/16,1540000.0,1540000.0,1557000.0,سه‌شنبه,2023-02-05
1678,1401/11/17,1538000.0,1535000.0,1539000.0,چهارشنبه,2023-02-06
1679,1401/11/18,1557000.0,1540000.0,1557000.0,پنج‌شنبه,2023-02-07
1680,1401/11/19,1558000.0,1558000.0,1561000.0,جمعه,2023-02-08
1681,1401/11/23,1546000.0,1546000.0,1558000.0,سه‌شنبه,2023-02-12
1682,1401/11/24,1548000.0,1547000.0,1552000.0,چهارشنبه,2023-02-13
1683,1401/11/25,1538000.0,1538000.0,1548000.0,پنج‌شنبه,2023-02-14
1684,1401/11/26,1525000.0,1525000.0,1538000.0,جمعه,2023-02-15
1685,1401/11/30,1533000.0,1525000.0,1533000.0,سه‌شنبه,2023-02-19
1686,1401/12/01,1594000.0,1549000.0,1594000.0,چهارشنبه,2023-02-20
1687,1401/12/02,1659000.0,1625000.0,1662000.0,پنج‌شنبه,2023-02-21
1688,1401/12/03,1657000.0,1654000.0,1663000.0,جمعه,2023-02-22
1689,1401/12/06,1739000.0,1695000.0,1739000.0,دوشنبه,2023-02-25
1690,1401/12/07,1804000.0,1792000.0,1814000.0,سه‌شنبه,2023-02-26
1691,1401/12/08,1809000.0,1793000.0,1818000.0,چهارشنبه,2023-02-27
1692,1401/12/09,1838000.0,1810000.0,1838000.0,پنج‌شنبه,2023-02-28
1693,1401/12/10,1822000.0,1822000.0,1835000.0,جمعه,2023-03-01
1694,1401/12/13,1788000.0,1788000.0,1812000.0,دوشنبه,2023-03-04
1695,1401/12/14,1796000.0,1791000.0,1799000.0,سه‌شنبه,2023-03-05
1696,1401/12/15,1786000.0,1781000.0,1793000.0,چهارشنبه,2023-03-06
1697,1401/12/16,1818000.0,1787000.0,1818000.0,پنج‌شنبه,2023-03-07
1698,1401/12/20,1817000.0,1817000.0,1828000.0,دوشنبه,2023-03-11
1699,1401/12/21,1783000.0,1783000.0,1810000.0,سه‌شنبه,2023-03-12
1700,1401/12/22,1782000.0,1782000.0,1789000.0,چهارشنبه,2023-03-13
1701,1401/12/23,1783000.0,1782000.0,1784000.0,پنج‌شنبه,2023-03-14
1702,1401/12/24,1821000.0,1785000.0,1821000.0,جمعه,2023-03-15
1703,1401/12/27,1906000.0,1831000.0,1907000.0,دوشنبه,2023-03-18
1704,1401/12/28,1960000.0,1922000.0,1960000.0,سه‌شنبه,2023-03-19
1705,1402/01/05,1998000.0,1969000.0,1998000.0,دوشنبه,2023-03-25
1706,1402/01/06,2019000.0000000002,2001999.9999999998,2033999.9999999998,سه‌شنبه,2023-03-26
1707,1402/01/07,2029000.0,2009999.9999999998,2029000.0,چهارشنبه,2023-03-27
1708,1402/01/08,2044000.0,2035000.0000000002,2047000.0000000002,پنج‌شنبه,2023-03-28
1709,1402/01/09,2079000.0000000002,2048000.0,2079000.0000000002,جمعه,2023-03-29
1710,1402/01/14,2089999.9999999998,2056000.0,2089999.9999999998,چهارشنبه,2023-04-03
1711,1402/01/15,2119000.0,2100000.0,2134000.0,پنج‌شنبه,2023-04-04
1712,1402/01/16,2137000.0,2111000.0,2137000.0,جمعه,2023-04-05
1713,1402/01/19,2202000.0,2141000.0,2204000.0,دوشنبه,2023-04-08
1714,1402/01/20,2213000.0,2204000.0,2214000.0,سه‌شنبه,2023-04-09
1715,1402/01/22,2180000.0,2173000.0,2184000.0,پنج‌شنبه,2023-04-11
1716,1402/01/26,2254000.0,2199000.0,2254000.0,دوشنبه,2023-04-15
1717,1402/01/27,2275000.0,2263000.0,2276000.0,سه‌شنبه,2023-04-16
1718,1402/01/28,2289000.0,2269000.0,2290000.0,چهارشنبه,2023-04-17
1719,1402/01/29,2325000.0,2296000.0,2331000.0,پنج‌شنبه,2023-04-18
1720,1402/01/30,2324000.0,2319000.0,2330000.0,جمعه,2023-04-19
1721,1402/02/04,2326000.0,2315000.0,2326000.0,چهارشنبه,2023-04-24
1722,1402/02/05,2369000.0,2336000.0,2378000.0,پنج‌شنبه,2023-04-25
1723,1402/02/06,2365000.0,2352000.0,2368000.0,جمعه,2023-04-26
1724,1402/02/09,2439000.0,2394000.0,2439000.0,دوشنبه,2023-04-29
1725,1402/02/10,2479000.0,2462000.0,2479000.0,سه‌شنبه,2023-04-30
1726,1402/02/11,2481000.0,2471000.0,2489000.0,چهارشنبه,2023-05-01
1727,1402/02/12,2518000.0,2487000.0,2518000.0,پنج‌شنبه,2023-05-02
1728,1402/02/13,2515000.0,2515000.0,2526000.0,جمعه,2023-05-03
1729,1402/02/16,2535000.0,2528000.0,2535000.0,دوشنبه,2023-05-06
1730,1402/02/17,2440000.0,2440000.0,2548000.0,سه‌شنبه,2023-05-07
1731,1402/02/18,2314000.0,2314000.0,2383000.0,چهارشنبه,2023-05-08
1732,1402/02/19,2306000.0,2261000.0,2306000.0,پنج‌شنبه,2023-05-09
1733,1402/02/20,2278000.0,2278000.0,2334000.0,جمعه,2023-05-10
1734,1402/02/23,2214000.0,2212000.0,2268000.0,دوشنبه,2023-05-13
1735,1402/02/24,2286000.0,2229000.0,2286000.0,سه‌شنبه,2023-05-14
1736,1402/02/25,2301000.0,2291000.0,2302000.0,چهارشنبه,2023-05-15
1737,1402/02/27,2321000.0,2302000.0,2321000.0,جمعه,2023-05-17
1738,1402/02/30,2298000.0,2298000.0,2329000.0,دوشنبه,2023-05-20
1739,1402/02/31,2303000.0,2291000.0,2303000.0,سه‌شنبه,2023-05-21
1740,1402/03/01,2319000.0,2309000.0,2320000.0,چهارشنبه,2023-05-22
1741,1402/03/02,2331000.0,2322000.0,2337000.0,پنج‌شنبه,2023-05-23
1742,1402/03/03,2346000.0,2346000.0,2352000.0,جمعه,2023-05-24
1743,1402/03/06,2311000.0,2311000.0,2342000.0,دوشنبه,2023-05-27
1744,1402/03/07,2257000.0,2255000.0,2308000.0,سه‌شنبه,2023-05-28
1745,1402/03/08,2275000.0,2260000.0,2275000.0,چهارشنبه,2023-05-29
1746,1402/03/09,2288000.0,2278000.0,2290000.0,پنج‌شنبه,2023-05-30
1747,1402/03/10,2271000.0,2269000.0,2289000.0,جمعه,2023-05-31
1748,1402/03/13,2280000.0,2271000.0,2280000.0,دوشنبه,2023-06-03
1749,1402/03/16,2290000.0,2282000.0,2290000.0,پنج‌شنبه,2023-06-06
1750,1402/03/17,2288000.0,2288000.0,2292000.0,جمعه,2023-06-07
1751,1402/03/20,2215000.0,2215000.0,2277000.0,دوشنبه,2023-06-10
1752,1402/03/22,2145000.0,2145000.0,2209000.0,چهارشنبه,2023-06-12
1753,1402/03/23,2155000.0,2146000.0,2155000.0,پنج‌شنبه,2023-06-13
1754,1402/03/24,2182000.0,2159000.0,2184000.0,جمعه,2023-06-14
1755,1402/03/27,2183000.0,2183000.0,2190000.0,دوشنبه,2023-06-17
1756,1402/03/28,2163000.0,2163000.0,2182000.0,سه‌شنبه,2023-06-18
1757,1402/03/29,2164000.0,2162000.0,2168000.0,چهارشنبه,2023-06-19
1758,1402/03/30,2167000.0,2161000.0,2167000.0,پنج‌شنبه,2023-06-20
1759,1402/03/31,2174000.0,2169000.0,2177000.0,جمعه,2023-06-21
1760,1402/04/03,2163000.0,2163000.0,2174000.0,دوشنبه,2023-06-24
1761,1402/04/04,2190000.0,2170000.0,2190000.0,سه‌شنبه,2023-06-25
1762,1402/04/05,2196000.0,2188000.0,2197000.0,چهارشنبه,2023-06-26
1763,1402/04/06,2168000.0,2168000.0,2196000.0,پنج‌شنبه,2023-06-27
1764,1402/04/07,2153000.0,2152000.0,2162000.0,جمعه,2023-06-28
1765,1402/04/10,2144000.0,2144000.0,2154000.0,دوشنبه,2023-07-01
1766,1402/04/11,2157000.0,2144000.0,2158000.0,سه‌شنبه,2023-07-02
1767,1402/04/12,2183000.0,2159000.0,2183000.0,چهارشنبه,2023-07-03
1768,1402/04/13,2202000.0,2185000.0,2204000.0,پنج‌شنبه,2023-07-04
1769,1402/04/14,2203000.0,2202000.0,2206000.0,جمعه,2023-07-05
1770,1402/07/12,2069999.9999999998,2068000.0,2071000.0000000002,جمعه,2023-10-04
1771,1402/07/15,2053000.0,2053000.0,2069999.9999999998,دوشنبه,2023-10-07
1772,1402/07/16,2001000.0,2001000.0,2049999.9999999998,سه‌شنبه,2023-10-08
1773,1402/07/17,2005999.9999999998,2000000.0,2009999.9999999998,چهارشنبه,2023-10-09
1774,1402/07/18,2013999.9999999998,2005999.9999999998,2013999.9999999998,پنج‌شنبه,2023-10-10
1775,1402/07/19,2020000.0,2015000.0000000002,2020000.0,جمعه,2023-10-11
1776,1402/07/22,2001000.0,2001000.0,2019000.0000000002,دوشنبه,2023-10-14
1777,1402/07/23,2001999.9999999998,2001000.0,2003000.0,سه‌شنبه,2023-10-15
1778,1402/07/24,2017999.9999999998,2001999.9999999998,2017999.9999999998,چهارشنبه,2023-10-16
1779,1402/07/26,2024000.0,2024000.0,2029999.9999999998,جمعه,2023-10-18
1780,1402/07/29,2025000.0,2024000.0,2025999.9999999998,دوشنبه,2023-10-21
1781,1402/07/30,2032000.0,2027000.0000000002,2033000.0,سه‌شنبه,2023-10-22
1782,1402/08/01,2021999.9999999998,2021999.9999999998,2031000.0000000002,چهارشنبه,2023-10-23
1783,1402/08/02,2000000.0,2000000.0,2021999.9999999998,پنج‌شنبه,2023-10-24
1784,1402/08/10,1968000.0,1968000.0,1980000.0,جمعه,2023-11-01
1785,1402/08/27,2029000.0,2029000.0,2039000.0000000002,دوشنبه,2023-11-18
1786,1402/08/28,2025999.9999999998,2025999.9999999998,2031000.0000000002,سه‌شنبه,2023-11-19
1787,1402/08/29,2023000.0000000002,2021999.9999999998,2025999.9999999998,چهارشنبه,2023-11-20
1788,1402/09/01,2023000.0000000002,2021000.0,2024000.0,جمعه,2023-11-22
1789,1402/09/06,2025999.9999999998,2025000.0,2028000.0,چهارشنبه,2023-11-27
1790,1402/09/07,2032000.0,2025999.9999999998,2032000.0,پنج‌شنبه,2023-11-28
1791,1402/09/08,2044000.0,2033999.9999999998,2044000.0,جمعه,2023-11-29
1792,1402/09/11,2088000.0,2064000.0,2088000.0,دوشنبه,2023-12-02
1793,1402/09/12,2121000.0,2088000.0,2121000.0,سه‌شنبه,2023-12-03
1794,1402/09/13,2165000.0,2142000.0,2165000.0,چهارشنبه,2023-12-04
1795,1402/09/14,2177000.0,2165000.0,2177000.0,پنج‌شنبه,2023-12-05
1796,1402/09/15,2171000.0,2171000.0,2177000.0,جمعه,2023-12-06
1797,1402/09/18,2161000.0,2161000.0,2171000.0,دوشنبه,2023-12-09
1798,1402/09/19,2161000.0,2159000.0,2161000.0,سه‌شنبه,2023-12-10
1799,1402/09/20,2163000.0,2162000.0,2166000.0,چهارشنبه,2023-12-11
1800,1402/09/21,2161000.0,2161000.0,2164000.0,پنج‌شنبه,2023-12-12
1801,1402/09/22,2158000.0,2158000.0,2162000.0,جمعه,2023-12-13
1802,1402/09/25,2172000.0,2159000.0,2172000.0,دوشنبه,2023-12-16
1803,1402/09/27,2208000.0,2174000.0,2208000.0,چهارشنبه,2023-12-18
1804,1402/09/28,2212000.0,2207000.0,2216000.0,پنج‌شنبه,2023-12-19
1805,1402/09/29,2210000.0,2210000.0,2214000.0,جمعه,2023-12-20
1806,1402/10/02,2208000.0,2208000.0,2211000.0,دوشنبه,2023-12-23
1807,1402/10/03,2200000.0,2200000.0,2209000.0,سه‌شنبه,2023-12-24
1808,1402/10/05,2179000.0,2179000.0,2194000.0,پنج‌شنبه,2023-12-26
1809,1402/10/06,2177000.0,2177000.0,2179000.0,جمعه,2023-12-27
1810,1402/10/09,2183000.0,2179000.0,2184000.0,دوشنبه,2023-12-30
1811,1402/10/10,2176000.0,2176000.0,2183000.0,سه‌شنبه,2023-12-31
1812,1402/10/11,2168000.0,2168000.0,2176000.0,چهارشنبه,2024-01-01
1813,1402/10/12,2159000.0,2159000.0,2168000.0,پنج‌شنبه,2024-01-02
1814,1402/10/13,2155000.0,2155000.0,2159000.0,جمعه,2024-01-03
1815,1402/10/16,2154000.0,2152000.0,2155000.0,دوشنبه,2024-01-06
1816,1402/10/17,2155000.0,2154000.0,2157000.0,سه‌شنبه,2024-01-07
1817,1402/10/18,2154000.0,2154000.0,2157000.0,چهارشنبه,2024-01-08
1818,1402/10/19,2156000.0,2153000.0,2157000.0,پنج‌شنبه,2024-01-09
1819,1402/10/20,2171000.0,2157000.0,2171000.0,جمعه,2024-01-10
1820,1402/10/23,2181000.0,2171000.0,2181000.0,دوشنبه,2024-01-13
1821,1402/10/24,2197000.0,2181000.0,2197000.0,سه‌شنبه,2024-01-14
1822,1402/10/25,2195000.0,2195000.0,2198000.0,چهارشنبه,2024-01-15
1823,1402/10/26,2187000.0,2187000.0,2194000.0,پنج‌شنبه,2024-01-16
1824,1402/10/27,2186000.0,2186000.0,2189000.0,جمعه,2024-01-17
1825,1402/10/30,2167000.0,2167000.0,2188000.0,دوشنبه,2024-01-20
1826,1402/11/01,2153000.0,2153000.0,2164000.0,سه‌شنبه,2024-01-21
1827,1402/11/02,2147000.0,2147000.0,2156000.0,چهارشنبه,2024-01-22
1828,1402/11/03,2120000.0,2120000.0,2146000.0,پنج‌شنبه,2024-01-23
1829,1402/11/04,2123000.0,2120000.0,2124000.0,جمعه,2024-01-24
1830,1402/11/07,2127000.0,2124000.0,2128000.0,دوشنبه,2024-01-27
1831,1402/11/08,2128000.0,2127000.0,2128000.0,سه‌شنبه,2024-01-28
1832,1402/11/09,2120000.0,2120000.0,2128000.0,چهارشنبه,2024-01-29
1833,1402/11/10,2110000.0,2110000.0,2120000.0,پنج‌شنبه,2024-01-30
1834,1402/11/11,2107000.0,2106000.0,2110000.0,جمعه,2024-01-31
1835,1402/11/14,2111000.0,2107000.0,2114000.0,دوشنبه,2024-02-03
1836,1402/11/15,2100000.0,2100000.0,2112000.0,سه‌شنبه,2024-02-04
1837,1402/11/16,2098000.0,2098000.0,2100000.0,چهارشنبه,2024-02-05
1838,1402/11/17,2097000.0,2097000.0,2099000.0,پنج‌شنبه,2024-02-06
1839,1402/11/18,2098000.0,2097000.0,2098000.0,جمعه,2024-02-07
1840,1402/11/21,2100000.0,2098000.0,2101000.0,دوشنبه,2024-02-10
1841,1402/11/23,2092000.0,2092000.0,2100000.0,چهارشنبه,2024-02-12
1842,1402/11/24,2089999.9999999998,2089999.9999999998,2095000.0000000002,پنج‌شنبه,2024-02-13
1843,1402/11/25,2079000.0000000002,2079000.0000000002,2089999.9999999998,جمعه,2024-02-14
1844,1402/11/28,2060000.0,2060000.0,2079000.0000000002,دوشنبه,2024-02-17
1845,1402/11/29,2065000.0,2060000.0,2065000.0,سه‌شنبه,2024-02-18
1846,1402/11/30,2071000.0000000002,2065000.0,2071000.0000000002,چهارشنبه,2024-02-19
1847,1402/12/01,2072000.0,2071000.0000000002,2072000.0,پنج‌شنبه,2024-02-20
1848,1402/12/02,2071000.0000000002,2071000.0000000002,2072000.0,جمعه,2024-02-21
1849,1402/12/05,2065999.9999999998,2065999.9999999998,2072000.0,دوشنبه,2024-02-24
1850,1402/12/07,2049999.9999999998,2049000.0,2065999.9999999998,چهارشنبه,2024-02-26
1851,1402/12/08,2045999.9999999998,2045999.9999999998,2049999.9999999998,پنج‌شنبه,2024-02-27
1852,1402/12/09,2055000.0000000002,2047000.0000000002,2056000.0,جمعه,2024-02-28
1853,1402/12/12,2087000.0000000002,2056000.0,2087000.0000000002,دوشنبه,2024-03-02
1854,1402/12/13,2147000.0,2098000.0,2148000.0,سه‌شنبه,2024-03-03
1855,1402/12/14,2140000.0,2140000.0,2151000.0,چهارشنبه,2024-03-04
1856,1402/12/15,2172000.0,2141000.0,2173000.0,پنج‌شنبه,2024-03-05
1857,1402/12/16,2166000.0,2166000.0,2174000.0,جمعه,2024-03-06
1858,1402/12/19,2164000.0,2164000.0,2170000.0,دوشنبه,2024-03-09
1859,1402/12/20,2160000.0,2160000.0,2164000.0,سه‌شنبه,2024-03-10
1860,1402/12/21,2162000.0,2160000.0,2163000.0,چهارشنبه,2024-03-11
1861,1402/12/22,2164000.0,2163000.0,2169000.0,پنج‌شنبه,2024-03-12
1862,1402/12/23,2150000.0,2150000.0,2164000.0,جمعه,2024-03-13
1863,1402/12/26,2148000.0,2148000.0,2156000.0,دوشنبه,2024-03-16
1864,1402/12/27,2160000.0,2149000.0,2160000.0,سه‌شنبه,2024-03-17
1865,1402/12/28,2195000.0,2161000.0,2195000.0,چهارشنبه,2024-03-18
1866,1403/01/06,2254000.0,2241000.0,2255000.0,چهارشنبه,2024-03-25
1867,1403/01/07,2249000.0,2249000.0,2254000.0,پنج‌شنبه,2024-03-26
1868,1403/01/08,2261000.0,2250000.0,2261000.0,جمعه,2024-03-27
1869,1403/01/11,2261000.0,2259000.0,2262000.0,دوشنبه,2024-03-30
1870,1403/01/14,2245000.0,2239000.0,2252000.0,پنج‌شنبه,2024-04-02
1871,1403/01/15,2251000.0,2246000.0,2256000.0,جمعه,2024-04-03
1872,1403/01/18,2231000.0,2231000.0,2255000.0,دوشنبه,2024-04-06
1873,1403/01/19,2235000.0,2234000.0,2237000.0,سه‌شنبه,2024-04-07
1874,1403/01/20,2255000.0,2237000.0,2255000.0,چهارشنبه,2024-04-08
1875,1403/01/21,2262000.0,2255000.0,2262000.0,پنج‌شنبه,2024-04-09
1876,1403/01/25,2208000.0,2208000.0,2256000.0,دوشنبه,2024-04-13
1877,1403/01/26,2197000.0,2197000.0,2204000.0,سه‌شنبه,2024-04-14
1878,1403/01/27,2207000.0,2199000.0,2207000.0,چهارشنبه,2024-04-15
1879,1403/01/28,2202000.0,2201000.0,2207000.0,پنج‌شنبه,2024-04-16
1880,1403/02/16,2260000.0,2260000.0,2266000.0,سه‌شنبه,2024-05-05
1881,1403/02/17,2239000.0,2239000.0,2259000.0,چهارشنبه,2024-05-06
1882,1403/02/18,2231000.0,2231000.0,2240000.0,پنج‌شنبه,2024-05-07
1883,1403/02/19,2219000.0,2219000.0,2231000.0,جمعه,2024-05-08
1884,1403/02/22,2208000.0,2208000.0,2220000.0,دوشنبه,2024-05-11
1885,1403/02/23,2193000.0,2193000.0,2209000.0,سه‌شنبه,2024-05-12
1886,1403/02/24,2161000.0,2161000.0,2193000.0,چهارشنبه,2024-05-13
1887,1403/02/25,2166000.0,2162000.0,2174000.0,پنج‌شنبه,2024-05-14
1888,1403/02/26,2165000.0,2159000.0,2166000.0,جمعه,2024-05-15
1889,1403/02/29,2169000.0,2167000.0,2175000.0,دوشنبه,2024-05-18
1890,1403/02/30,2113000.0,2106000.0,2166000.0,سه‌شنبه,2024-05-19
1891,1403/02/31,2113000.0,2113000.0,2113000.0,چهارشنبه,2024-05-20
1892,1403/03/01,2114000.0,2112000.0,2115000.0,پنج‌شنبه,2024-05-21
1893,1403/03/05,2098000.0,2097000.0,2114000.0,دوشنبه,2024-05-25
1894,1403/03/06,2079000.0000000002,2077999.9999999998,2097000.0,سه‌شنبه,2024-05-26
1895,1403/03/07,2057999.9999999998,2057000.0,2076000.0,چهارشنبه,2024-05-27
1896,1403/03/08,2069999.9999999998,2057000.0,2069999.9999999998,پنج‌شنبه,2024-05-28
1897,1403/03/09,2085999.9999999998,2073000.0,2085999.9999999998,جمعه,2024-05-29
1898,1403/03/12,2093999.9999999998,2089000.0,2097000.0,دوشنبه,2024-06-01
1899,1403/03/13,2088000.0,2087000.0000000002,2093999.9999999998,سه‌شنبه,2024-06-02
1900,1403/03/16,2081999.9999999998,2081999.9999999998,2089000.0,جمعه,2024-06-05
1901,1403/03/19,2064000.0,2064000.0,2081000.0,دوشنبه,2024-06-08
1902,1403/03/20,2061999.9999999998,2057999.9999999998,2063000.0000000002,سه‌شنبه,2024-06-09
1903,1403/03/21,2077999.9999999998,2063000.0000000002,2077999.9999999998,چهارشنبه,2024-06-10
1904,1403/03/22,2081000.0,2081000.0,2084000.0,پنج‌شنبه,2024-06-11
1905,1403/03/23,2076000.0,2075000.0000000002,2081999.9999999998,جمعه,2024-06-12
1906,1403/03/26,2061999.9999999998,2061000.0,2076000.0,دوشنبه,2024-06-15
1907,1403/03/27,2045000.0,2045000.0,2061000.0,سه‌شنبه,2024-06-16
1908,1403/03/29,2036000.0,2036000.0,2044000.0,پنج‌شنبه,2024-06-18
1909,1403/03/30,2044000.0,2036000.0,2044000.0,جمعه,2024-06-19
1910,1403/04/02,2048000.0,2045000.0,2048000.0,دوشنبه,2024-06-22
1911,1403/04/03,2051000.0000000002,2048000.0,2052000.0,سه‌شنبه,2024-06-23
1912,1403/04/04,2065000.0,2052000.0,2065000.0,چهارشنبه,2024-06-24
1913,1403/04/06,2085000.0,2069000.0,2085000.0,جمعه,2024-06-26
1914,1403/04/09,2096000.0,2089000.0,2097000.0,دوشنبه,2024-06-29
1915,1403/04/10,2073000.0,2073000.0,2095000.0000000002,سه‌شنبه,2024-06-30
1916,1403/04/11,2075000.0000000002,2073000.0,2075000.0000000002,چهارشنبه,2024-07-01
1917,1403/04/12,2089999.9999999998,2076000.0,2089999.9999999998,پنج‌شنبه,2024-07-02
1918,1403/04/13,2101000.0,2092000.0,2101000.0,جمعه,2024-07-03
1919,1403/04/16,2189000.0,2119000.0,2189000.0,دوشنبه,2024-07-06
1920,1403/04/17,2226000.0,2224000.0,2230000.0,سه‌شنبه,2024-07-07
1921,1403/04/18,2221000.0,2221000.0,2227000.0,چهارشنبه,2024-07-08
1922,1403/04/19,2217000.0,2217000.0,2222000.0,پنج‌شنبه,2024-07-09
1923,1403/04/20,2209000.0,2209000.0,2217000.0,جمعه,2024-07-10
1924,1403/04/23,2200000.0,2200000.0,2210000.0,دوشنبه,2024-07-13
1925,1403/04/24,2201000.0,2201000.0,2205000.0,سه‌شنبه,2024-07-14
1926,1403/04/27,2203000.0,2201000.0,2203000.0,جمعه,2024-07-17
1927,1403/04/30,2192000.0,2192000.0,2203000.0,دوشنبه,2024-07-20
1928,1403/04/31,2172000.0,2172000.0,2192000.0,سه‌شنبه,2024-07-21
1929,1403/05/01,2169000.0,2168000.0,2172000.0,چهارشنبه,2024-07-22
1930,1403/05/02,2178000.0,2171000.0,2180000.0,پنج‌شنبه,2024-07-23
1931,1403/05/03,2175000.0,2175000.0,2182000.0,جمعه,2024-07-24
1932,1403/05/06,2161000.0,2161000.0,2175000.0,دوشنبه,2024-07-27
1933,1403/05/08,2132000.0,2132000.0,2161000.0,چهارشنبه,2024-07-29
1934,1403/05/09,2120000.0,2120000.0,2132000.0,پنج‌شنبه,2024-07-30
1935,1403/05/10,2068000.0,2068000.0,2100000.0,جمعه,2024-07-31
1936,1403/05/13,2007000.0000000002,2007000.0000000002,2065000.0,دوشنبه,2024-08-03
1937,1403/05/14,2005999.9999999998,2003000.0,2005999.9999999998,سه‌شنبه,2024-08-04
1938,1403/05/15,2005000.0,2004000.0,2005999.9999999998,چهارشنبه,2024-08-05
1939,1403/05/16,2003000.0,2003000.0,2005000.0,پنج‌شنبه,2024-08-06
1940,1403/05/17,2003000.0,2003000.0,2003000.0,جمعه,2024-08-07
1941,1403/05/20,2004000.0,2003000.0,2005000.0,دوشنبه,2024-08-10
1942,1403/05/21,2003000.0,2003000.0,2005000.0,سه‌شنبه,2024-08-11
1943,1403/05/22,1999000.0,1999000.0,2004000.0,چهارشنبه,2024-08-12
1944,1403/05/23,1991000.0,1991000.0,1998000.0,پنج‌شنبه,2024-08-13
1945,1403/05/24,1998000.0,1992000.0,1998000.0,جمعه,2024-08-14
1946,1403/05/27,2012000.0,2001000.0,2012000.0,دوشنبه,2024-08-17
1947,1403/05/28,2031000.0000000002,2017999.9999999998,2031000.0000000002,سه‌شنبه,2024-08-18
1948,1403/05/30,2033000.0,2033000.0,2037999.9999999998,پنج‌شنبه,2024-08-20
1949,1403/05/31,2037000.0,2033000.0,2037000.0,جمعه,2024-08-21
1950,1403/06/03,2052000.0,2039000.0000000002,2052000.0,دوشنبه,2024-08-24
1951,1403/06/05,2063000.0000000002,2055000.0000000002,2063000.0000000002,چهارشنبه,2024-08-26
1952,1403/06/06,2068000.0,2064000.0,2068000.0,پنج‌شنبه,2024-08-27
1953,1403/06/07,2076000.0,2069000.0,2076000.0,جمعه,2024-08-28
1954,1403/06/10,2099000.0,2080000.0,2099000.0,دوشنبه,2024-08-31
1955,1403/06/11,2111000.0,2104000.0,2111000.0,سه‌شنبه,2024-09-01
1956,1403/06/17,2102000.0,2102000.0,2111000.0,دوشنبه,2024-09-07
1957,1403/06/18,2088000.0,2088000.0,2101000.0,سه‌شنبه,2024-09-08
1958,1403/06/19,2096000.0,2089000.0,2098000.0,چهارشنبه,2024-09-09
1959,1403/06/20,2088000.0,2088000.0,2096000.0,پنج‌شنبه,2024-09-10
1960,1403/06/21,2085000.0,2084000.0,2089000.0,جمعه,2024-09-11
1961,1403/06/24,2075000.0000000002,2075000.0000000002,2085999.9999999998,دوشنبه,2024-09-14
1962,1403/06/25,2065999.9999999998,2065999.9999999998,2075000.0000000002,سه‌شنبه,2024-09-15
1963,1403/06/26,2068000.0,2065000.0,2069000.0,چهارشنبه,2024-09-16
1964,1403/06/27,2084000.0,2068000.0,2084000.0,پنج‌شنبه,2024-09-17
1965,1403/06/28,2097000.0,2085999.9999999998,2097000.0,جمعه,2024-09-18
1966,1403/07/01,2099000.0,2098000.0,2101000.0,سه‌شنبه,2024-09-22
1967,1403/07/02,2117000.0,2099000.0,2117000.0,چهارشنبه,2024-09-23
1968,1403/07/03,2153000.0,2120000.0,2153000.0,پنج‌شنبه,2024-09-24
1969,1403/07/04,2155000.0,2155000.0,2159000.0,جمعه,2024-09-25
1970,1403/07/07,2147000.0,2147000.0,2153000.0,دوشنبه,2024-09-28
1971,1403/07/08,2140000.0,2140000.0,2144000.0,سه‌شنبه,2024-09-29
1972,1403/07/15,2102000.0,2102000.0,2104000.0,سه‌شنبه,2024-10-06
1973,1403/07/16,2093999.9999999998,2093999.9999999998,2097000.0,چهارشنبه,2024-10-07
1974,1403/07/17,2097000.0,2093999.9999999998,2097000.0,پنج‌شنبه,2024-10-08
1975,1403/07/18,2100000.0,2097000.0,2100000.0,جمعه,2024-10-09
1976,1403/07/21,2114000.0,2099000.0,2114000.0,دوشنبه,2024-10-12
1977,1403/07/22,2115000.0,2113000.0,2121000.0,سه‌شنبه,2024-10-13
1978,1403/07/23,2091000.0000000002,2089999.9999999998,2114000.0,چهارشنبه,2024-10-14
1979,1403/07/24,2069000.0,2069000.0,2087000.0000000002,پنج‌شنبه,2024-10-15
1980,1403/07/25,2065999.9999999998,2065999.9999999998,2069000.0,جمعه,2024-10-16
1981,1403/07/28,2041000.0,2041000.0,2065000.0,دوشنبه,2024-10-19
1982,1403/07/29,2021000.0,2021000.0,2037999.9999999998,سه‌شنبه,2024-10-20
1983,1403/07/30,2007000.0000000002,2007000.0000000002,2017999.9999999998,چهارشنبه,2024-10-21
1984,1403/08/15,2025000.0,2020000.0,2025000.0,پنج‌شنبه,2024-11-05
1985,1403/08/26,2192000.0,2159000.0,2192000.0,دوشنبه,2024-11-16
1986,1403/08/27,2212000.0,2210000.0,2216000.0,سه‌شنبه,2024-11-17
1987,1403/08/28,2255000.0,2215000.0,2255000.0,چهارشنبه,2024-11-18
1988,1403/08/29,2270000.0,2263000.0,2279000.0,پنج‌شنبه,2024-11-19
1989,1403/08/30,2258000.0,2253000.0,2265000.0,جمعه,2024-11-20
1990,1403/09/03,2282000.0,2261000.0,2282000.0,دوشنبه,2024-11-23
1991,1403/09/04,2331000.0,2289000.0,2331000.0,سه‌شنبه,2024-11-24
1992,1403/09/05,2389000.0,2350000.0,2389000.0,چهارشنبه,2024-11-25
1993,1403/09/06,2415000.0,2415000.0,2434000.0,پنج‌شنبه,2024-11-26
1994,1403/09/07,2426000.0,2414000.0,2426000.0,جمعه,2024-11-27
1995,1403/09/10,2415000.0,2415000.0,2444000.0,دوشنبه,2024-11-30
1996,1403/09/11,2399000.0,2399000.0,2407000.0,سه‌شنبه,2024-12-01
1997,1403/09/12,2460000.0,2418000.0,2460000.0,چهارشنبه,2024-12-02
1998,1403/09/13,2489000.0,2488000.0,2497000.0,پنج‌شنبه,2024-12-03
1999,1403/09/14,2502000.0,2488000.0,2502000.0,جمعه,2024-12-04
2000,1403/10/12,2788000.0,2772000.0,2788000.0,جمعه,2025-01-01
2001,1403/10/15,2850000.0,2804000.0,2850000.0,دوشنبه,2025-01-04
2002,1403/11/17,2804000.0,2790000.0,2804000.0,جمعه,2025-02-05
2003,1403/11/21,2822000.0,2807000.0,2833000.0,سه‌شنبه,2025-02-09
2004,1403/11/23,2784000.0,2784000.0,2826000.0,پنج‌شنبه,2025-02-11
2005,1403/11/27,2727000.0,2727000.0,2768000.0,دوشنبه,2025-02-15
2006,1403/11/28,2679000.0,2679000.0,2704000.0,سه‌شنبه,2025-02-16
2007,1403/11/29,2701000.0,2686000.0,2704000.0,چهارشنبه,2025-02-17
2008,1403/11/30,2719000.0,2704000.0,2721000.0,پنج‌شنبه,2025-02-18
2009,1403/12/01,2732000.0,2723000.0,2732000.0,جمعه,2025-02-19
2010,1403/12/04,2714000.0,2714000.0,2736000.0,دوشنبه,2025-02-22
2011,1403/12/05,2736000.0,2718000.0,2736000.0,سه‌شنبه,2025-02-23
2012,1403/12/06,2793000.0,2748000.0,2793000.0,چهارشنبه,2025-02-24
2013,1403/12/07,2841000.0,2817000.0,2844000.0,پنج‌شنبه,2025-02-25
2014,1403/12/08,2844000.0,2831000.0,2845000.0,جمعه,2025-02-26
2015,1403/12/11,2854000.0,2844000.0,2863000.0,دوشنبه,2025-03-01
2016,1403/12/12,2871000.0,2855000.0,2876000.0,سه‌شنبه,2025-03-02
2017,1403/12/13,2813000.0,2813000.0,2837000.0,چهارشنبه,2025-03-03
2018,1403/12/14,2805000.0,2805000.0,2828000.0,پنج‌شنبه,2025-03-04
2019,1403/12/15,2790000.0,2783000.0,2801000.0,جمعه,2025-03-05
2020,1403/12/18,2757000.0,2754000.0,2792000.0,دوشنبه,2025-03-08
2021,1403/12/19,2722000.0,2721000.0,2746000.0,سه‌شنبه,2025-03-09
2022,1403/12/20,2725000.0,2725000.0,2741000.0,چهارشنبه,2025-03-10
2023,1403/12/21,2689000.0,2689000.0,2723000.0,پنج‌شنبه,2025-03-11
2024,1403/12/22,2695000.0,2678000.0,2695000.0,جمعه,2025-03-12
2025,1403/12/25,2737000.0,2712000.0,2737000.0,دوشنبه,2025-03-15
2026,1403/12/26,2754000.0,2748000.0,2755000.0,سه‌شنبه,2025-03-16
2027,1403/12/27,2744000.0,2744000.0,2751000.0,چهارشنبه,2025-03-17
2028,1403/12/28,2710000.0,2708000.0,2725000.0,پنج‌شنبه,2025-03-18
2029,1404/01/05,2741000.0,2715000.0,2741000.0,پنج‌شنبه,2025-03-25
2030,1404/01/06,2766000.0,2753000.0,2768000.0,جمعه,2025-03-26
2031,1404/01/09,2778000.0,2765000.0,2778000.0,دوشنبه,2025-03-29
2032,1404/01/10,2811000.0,2783000.0,2811000.0,سه‌شنبه,2025-03-30
2033,1404/01/16,2795000.0,2794000.0,2802000.0,دوشنبه,2025-04-05
2034,1404/01/17,2774000.0,2774000.0,2790000.0,سه‌شنبه,2025-04-06
2035,1404/01/18,2747000.0,2747000.0,2769000.0,چهارشنبه,2025-04-07
2036,1404/01/19,2806000.0,2769000.0,2806000.0,پنج‌شنبه,2025-04-08
2037,1404/01/20,2831000.0,2831000.0,2843000.0,جمعه,2025-04-09
2038,1404/01/23,2846000.0,2837000.0,2847000.0,دوشنبه,2025-04-12
2039,1404/01/24,2909000.0,2872000.0,2909000.0,سه‌شنبه,2025-04-13
2040,1404/01/25,2971000.0,2933000.0,2971000.0,چهارشنبه,2025-04-14
2041,1404/01/26,2944000.0,2944000.0,2977000.0,پنج‌شنبه,2025-04-15
2042,1404/01/27,2967000.0,2945000.0,2968000.0,جمعه,2025-04-16
2043,1404/01/30,3013000.0,2980000.0,3013000.0,دوشنبه,2025-04-19
2044,1404/01/31,3078000.0,3030000.0,3078000.0,سه‌شنبه,2025-04-20
2045,1404/02/01,3137000.0,3099000.0,3143000.0,چهارشنبه,2025-04-21
2046,1404/02/02,3133000.0,3116000.0,3133000.0,پنج‌شنبه,2025-04-22
2047,1404/02/03,3137000.0,3123000.0,3137000.0,جمعه,2025-04-23
2048,1404/02/06,3152000.0,3149000.0,3161000.0,دوشنبه,2025-04-26
2049,1404/02/07,3117000.0,3102000.0,3124000.0,سه‌شنبه,2025-04-27
2050,1404/02/08,3130000.0,3130000.0,3147000.0,چهارشنبه,2025-04-28
2051,1404/02/09,3136000.0,3122000.0,3138000.0,پنج‌شنبه,2025-04-29
2052,1404/02/10,3179000.0,3147000.0,3179000.0,جمعه,2025-04-30
2053,1404/02/13,3117000.0,3117000.0,3139000.0,دوشنبه,2025-05-03
2054,1404/02/14,3093000.0,3085000.0,3093000.0,سه‌شنبه,2025-05-04
2055,1404/02/15,3098000.0,3098000.0,3123000.0,چهارشنبه,2025-05-05
2056,1404/02/16,3111000.0,3092000.0,3111000.0,پنج‌شنبه,2025-05-06
2057,1404/02/17,3170000.0,3136000.0,3173000.0,جمعه,2025-05-07
2058,1404/02/20,3116000.0,3116000.0,3150000.0,دوشنبه,2025-05-10
2059,1404/02/21,3091000.0,3091000.0,3111000.0,سه‌شنبه,2025-05-11
2060,1404/02/22,3171000.0,3119000.0,3171000.0,چهارشنبه,2025-05-12
2061,1404/02/23,3207000.0,3194000.0,3207000.0,پنج‌شنبه,2025-05-13
2062,1404/02/24,3237000.0,3214000.0,3237000.0,جمعه,2025-05-14
2063,1404/02/27,3241000.0,3241000.0,3259000.0,دوشنبه,2025-05-17
2064,1404/02/28,3252000.0,3245000.0,3252000.0,سه‌شنبه,2025-05-18
2065,1404/02/29,3226000.0,3226000.0,3253000.0,چهارشنبه,2025-05-19
2066,1404/02/30,3167000.0,3167000.0,3215000.0,پنج‌شنبه,2025-05-20
2067,1404/02/31,3108000.0,3107000.0,3137000.0,جمعه,2025-05-21
2068,1404/03/03,3134000.0,3121000.0,3139000.0,دوشنبه,2025-05-24
2069,1404/03/04,3102000.0,3102000.0,3136000.0,سه‌شنبه,2025-05-25
2070,1404/03/05,3109000.0,3104000.0,3117000.0,چهارشنبه,2025-05-26
2071,1404/03/06,3134000.0,3119000.0,3134000.0,پنج‌شنبه,2025-05-27
2072,1404/03/07,3129000.0,3129000.0,3137000.0,جمعه,2025-05-28
2073,1404/03/10,3143000.0,3138000.0,3151000.0,دوشنبه,2025-05-31
2074,1404/03/11,3107000.0,3107000.0,3139000.0,سه‌شنبه,2025-06-01
2075,1404/03/12,3125000.0,3111000.0,3126000.0,چهارشنبه,2025-06-02
2076,1404/03/13,3102000.0,3102000.0,3124000.0,پنج‌شنبه,2025-06-03
2077,1404/03/17,3042000.0,3042000.0,3087000.0,دوشنبه,2025-06-07
2078,1404/03/18,3036000.0,3029000.0,3037000.0,سه‌شنبه,2025-06-08
2079,1404/03/19,2990000.0,2990000.0,3036000.0,چهارشنبه,2025-06-09
2080,1404/03/20,2988000.0,2985000.0,2994000.0,پنج‌شنبه,2025-06-10
2081,1404/03/21,2985000.0,2985000.0,2994000.0,جمعه,2025-06-11
2082,1404/04/07,2923000.0,2922000.0,2978000.0,دوشنبه,2025-06-28
2083,1404/04/08,2845000.0,2845000.0,2914000.0,سه‌شنبه,2025-06-29
2084,1404/04/09,2789000.0,2788000.0,2833000.0,چهارشنبه,2025-06-30
2085,1404/04/10,2732000.0,2732000.0,2771000.0,پنج‌شنبه,2025-07-01
2086,1404/04/18,2638000.0,2635000.0,2644000.0,جمعه,2025-07-09
2087,1404/04/21,2678000.0,2653000.0,2678000.0,دوشنبه,2025-07-12
2088,1404/04/22,2708000.0,2688000.0,2708000.0,سه‌شنبه,2025-07-13
2089,1404/04/23,2734000.0,2713000.0,2734000.0,چهارشنبه,2025-07-14
2090,1404/04/24,2761000.0,2743000.0,2762000.0,پنج‌شنبه,2025-07-15
2091,1404/04/25,2786000.0,2764000.0,2786000.0,جمعه,2025-07-16
2092,1404/04/28,2802000.0,2790000.0,2802000.0,دوشنبه,2025-07-19
2093,1404/04/29,2824000.0,2809000.0,2824000.0,سه‌شنبه,2025-07-20
2094,1404/04/30,2839000.0,2827000.0,2839000.0,چهارشنبه,2025-07-21
2095,1404/04/31,2844000.0,2842000.0,2847000.0,پنج‌شنبه,2025-07-22
2096,1404/05/01,2837000.0,2836000.0,2843000.0,جمعه,2025-07-23
2097,1404/05/04,2825000.0,2825000.0,2839000.0,دوشنبه,2025-07-26
2098,1404/05/05,2811000.0,2811000.0,2822000.0,سه‌شنبه,2025-07-27
2099,1404/05/06,2769000.0,2769000.0,2807000.0,چهارشنبه,2025-07-28
2100,1404/05/07,2734000.0,2734000.0,2758000.0,پنج‌شنبه,2025-07-29
2101,1404/05/08,2682000.0,2682000.0,2724000.0,جمعه,2025-07-30
2102,1404/05/11,2655000.0,2655000.0,2676000.0,دوشنبه,2025-08-02
2103,1404/05/12,2639000.0,2639000.0,2655000.0,سه‌شنبه,2025-08-03
2104,1404/05/13,2625000.0,2623000.0,2637000.0,چهارشنبه,2025-08-04
2105,1404/05/14,2589000.0,2589000.0,2625000.0,پنج‌شنبه,2025-08-05
2106,1404/05/15,2555000.0,2555000.0,2586000.0,جمعه,2025-08-06
2107,1404/05/18,2571000.0,2559000.0,2575000.0,دوشنبه,2025-08-09
2108,1404/05/19,2562000.0,2562000.0,2574000.0,سه‌شنبه,2025-08-10
2109,1404/05/20,2541000.0,2540000.0,2562000.0,چهارشنبه,2025-08-11
2110,1404/05/21,2510000.0,2510000.0,2539000.0,پنج‌شنبه,2025-08-12
2111,1404/05/22,2467000.0,2467000.0,2504000.0,جمعه,2025-08-13
2112,1404/05/25,2454000.0,2448000.0,2459000.0,دوشنبه,2025-08-16
2113,1404/05/26,2500000.0,2457000.0,2500000.0,سه‌شنبه,2025-08-17
2114,1404/05/27,2513000.0,2513000.0,2524000.0,چهارشنبه,2025-08-18
2115,1404/05/28,2494000.0,2494000.0,2512000.0,پنج‌شنبه,2025-08-19
2116,1404/05/29,2475000.0,2475000.0,2493000.0,جمعه,2025-08-20
2117,1404/06/01,2471000.0,2471000.0,2475000.0,دوشنبه,2025-08-23
2118,1404/06/03,2438000.0,2438000.0,2471000.0,چهارشنبه,2025-08-25
2119,1404/06/04,2416000.0,2416000.0,2431000.0,پنج‌شنبه,2025-08-26
2120,1404/06/05,2431000.0,2416000.0,2435000.0,جمعه,2025-08-27
2121,1404/06/08,2396000.0,2396000.0,2425000.0,دوشنبه,2025-08-30
2122,1404/06/09,2430000.0,2403000.0,2430000.0,سه‌شنبه,2025-08-31
2123,1404/06/11,2477000.0,2438000.0,2477000.0,پنج‌شنبه,2025-09-02
2124,1404/06/12,2524000.0,2497000.0,2524000.0,جمعه,2025-09-03
2125,1404/06/15,2543000.0,2540000.0,2550000.0,دوشنبه,2025-09-06
2126,1404/06/16,2571000.0,2541000.0,2571000.0,سه‌شنبه,2025-09-07
2127,1404/06/17,2623000.0,2579000.0,2623000.0,چهارشنبه,2025-09-08
2128,1404/06/18,2629000.0,2628000.0,2644000.0,پنج‌شنبه,2025-09-09
2129,1404/06/22,2630000.0,2629000.0,2631000.0,دوشنبه,2025-09-13
2130,1404/06/23,2677000.0,2632000.0,2677000.0,سه‌شنبه,2025-09-14
2131,1404/06/24,2677000.0,2677000.0,2696000.0,چهارشنبه,2025-09-15
2132,1404/06/25,2631000.0,2629000.0,2675000.0,پنج‌شنبه,2025-09-16
2133,1404/06/26,2593000.0,2592000.0,2622000.0,جمعه,2025-09-17
2134,1404/06/29,2543000.0,2543000.0,2579000.0,دوشنبه,2025-09-20
2135,1404/06/30,2504000.0,2504000.0,2523000.0,سه‌شنبه,2025-09-21
2136,1404/06/31,2540000.0,2513000.0,2540000.0,چهارشنبه,2025-09-22
2137,1404/07/01,2544000.0,2538000.0,2546000.0,پنج‌شنبه,2025-09-23
2138,1404/07/02,2524000.0,2522000.0,2532000.0,جمعه,2025-09-24
2139,1404/07/05,2578000.0,2536000.0,2578000.0,دوشنبه,2025-09-27
2140,1404/07/06,2639000.0,2592000.0,2639000.0,سه‌شنبه,2025-09-28
2141,1404/07/07,2701000.0,2655000.0,2701000.0,چهارشنبه,2025-09-29
2142,1404/07/08,2735000.0,2735000.0,2745000.0,پنج‌شنبه,2025-09-30
2143,1404/07/09,2728000.0,2713000.0,2730000.0,جمعه,2025-10-01
2144,1404/07/12,2793000.0,2761000.0,2793000.0,دوشنبه,2025-10-04
2145,1404/07/13,2854000.0,2819000.0,2854000.0,سه‌شنبه,2025-10-05
2146,1404/07/14,2891000.0,2884000.0,2900000.0,چهارشنبه,2025-10-06
2147,1404/07/15,2932000.0,2893000.0,2936000.0,پنج‌شنبه,2025-10-07
2148,1404/07/16,2926000.0,2926000.0,2949000.0,جمعه,2025-10-08
2149,1404/07/19,2950000.0,2930000.0,2960000.0,دوشنبه,2025-10-11
2150,1404/07/20,3019000.0,2962000.0,3019000.0,سه‌شنبه,2025-10-12
2151,1404/07/21,3043000.0,3042000.0,3051000.0,چهارشنبه,2025-10-13
2152,1404/07/22,3016000.0,3016000.0,3046000.0,پنج‌شنبه,2025-10-14
2153,1404/07/23,2975000.0,2972000.0,2996000.0,جمعه,2025-10-15
2154,1404/07/26,3049000.0,3004000.0,3049000.0,دوشنبه,2025-10-18
2155,1404/07/27,3088000.0,3078000.0,3094000.0,سه‌شنبه,2025-10-19
2156,1404/07/28,3057000.0,3057000.0,3086000.0,چهارشنبه,2025-10-20
2157,1404/07/29,3052000.0,3052000.0,3068000.0,پنج‌شنبه,2025-10-21
2158,1404/07/30,3080000.0,3063000.0,3080000.0,جمعه,2025-10-22
2159,1404/08/03,3060000.0,3059000.0,3075000.0,دوشنبه,2025-10-25
2160,1404/08/04,3084000.0,3071000.0,3085000.0,سه‌شنبه,2025-10-26
2161,1404/08/05,3128000.0,3096000.0,3128000.0,چهارشنبه,2025-10-27
2162,1404/08/06,3176000.0,3163000.0,3178000.0,پنج‌شنبه,2025-10-28
2163,1404/08/07,3209000.0,3196000.0,3209000.0,جمعه,2025-10-29
2164,1404/08/10,3207000.0,3207000.0,3235000.0,دوشنبه,2025-11-01
2165,1404/08/11,3218000.0,3190000.0,3218000.0,سه‌شنبه,2025-11-02
2166,1404/08/12,3265000.0,3239000.0,3267000.0,چهارشنبه,2025-11-03
2167,1404/08/13,3224000.0,3224000.0,3257000.0,پنج‌شنبه,2025-11-04
2168,1404/08/14,3203000.0,3188000.0,3212000.0,جمعه,2025-11-05
2169,1404/08/17,3224000.0,3218000.0,3247000.0,دوشنبه,2025-11-08
2170,1404/08/18,3151000.0,3151000.0,3213000.0,سه‌شنبه,2025-11-09
2171,1404/08/19,3115000.0,3114000.0,3131000.0,چهارشنبه,2025-11-10
2172,1404/08/20,3107000.0,3107000.0,3132000.0,پنج‌شنبه,2025-11-11
2173,1404/08/21,3099000.0,3092000.0,3105000.0,جمعه,2025-11-12
2174,1404/08/24,3106000.0,3101000.0,3106000.0,دوشنبه,2025-11-15
2175,1404/08/25,3140000.0,3110000.0,3140000.0,سه‌شنبه,2025-11-16
2176,1404/08/26,3175000.0,3154000.0,3186000.0,چهارشنبه,2025-11-17
2177,1404/08/27,3160000.0,3160000.0,3171000.0,پنج‌شنبه,2025-11-18
2178,1404/08/28,3169000.0,3162000.0,3169000.0,جمعه,2025-11-19
2179,1404/09/01,3198000.0,3172000.0,3199000.0,دوشنبه,2025-11-22
2180,1404/09/02,3251000.0,3209000.0,3251000.0,سه‌شنبه,2025-11-23
2181,1404/09/04,3304000.0,3265000.0,3305000.0,پنج‌شنبه,2025-11-25
2182,1404/09/05,3282000.0,3282000.0,3314000.0,جمعه,2025-11-26
2183,1404/09/08,3273000.0,3273000.0,3300000.0,دوشنبه,2025-11-29
2184,1404/09/09,3274000.0,3259000.0,3274000.0,سه‌شنبه,2025-11-30
2185,1404/09/10,3315000.0,3291000.0,3321000.0,چهارشنبه,2025-12-01
2186,1404/09/11,3340000.0,3320000.0,3340000.0,پنج‌شنبه,2025-12-02
2187,1404/09/12,3380000.0,3349000.0,3380000.0,جمعه,2025-12-03
2188,1404/09/15,3447000.0,3402000.0,3447000.0,دوشنبه,2025-12-06
2189,1404/09/16,3451000.0,3451000.0,3483000.0,سه‌شنبه,2025-12-07
2190,1404/09/17,3482000.0,3454000.0,3482000.0,چهارشنبه,2025-12-08
2191,1404/09/18,3507000.0,3495000.0,3528000.0,پنج‌شنبه,2025-12-09
2192,1404/09/19,3561000.0,3509000.0,3561000.0,جمعه,2025-12-10
2193,1404/09/22,3628000.0,3591000.0,3630000.0,دوشنبه,2025-12-13
2194,1404/09/23,3656000.0,3599000.0,3656000.0,سه‌شنبه,2025-12-14
2195,1404/09/24,3729000.0,3677000.0,3729000.0,چهارشنبه,2025-12-15
2196,1404/09/25,3761000.0,3760000.0,3804000.0,پنج‌شنبه,2025-12-16
2197,1404/09/26,3767000.0,3753000.0,3768000.0,جمعه,2025-12-17
2198,1404/09/29,3861000.0,3805000.0,3861000.0,دوشنبه,2025-12-20
2199,1404/09/30,3898000.0,3885000.0,3906000.0,سه‌شنبه,2025-12-21
2200,1404/10/01,3909000.0,3909000.0,3942000.0,چهارشنبه,2025-12-22
2201,1404/10/02,3936000.0,3914000.0,3937000.0,پنج‌شنبه,2025-12-23
2202,1404/10/03,4029000.0,4002000.0,4029000.0,جمعه,2025-12-24
2203,1404/10/06,4099000.0,4097000.0000000005,4117000.0,دوشنبه,2025-12-27
2204,1404/10/07,4160999.9999999995,4128000.0,4162000.0,سه‌شنبه,2025-12-28
2205,1404/10/08,4123999.9999999995,4123000.0,4199000.0,چهارشنبه,2025-12-29
2206,1404/10/09,4021000.0,4018000.0,4029000.0,پنج‌شنبه,2025-12-30
2207,1404/10/10,4070000.0000000005,3980000.0,4070000.0000000005,جمعه,2025-12-31
2208,1404/10/14,4070999.9999999995,4059999.9999999995,4105000.0000000005,سه‌شنبه,2026-01-04
2209,1404/10/15,4176000.0,4167000.0,4178000.0,چهارشنبه,2026-01-05
2210,1404/10/16,4288000.0,4278000.0,4288000.0,پنج‌شنبه,2026-01-06
2211,1404/10/17,4361000.0,4361000.0,4388000.0,جمعه,2026-01-07
2212,1404/11/08,3982000.0,3964000.0,3982000.0,جمعه,2026-01-28
2213,1404/11/11,3925000.0,3925000.0,4014000.0000000005,دوشنبه,2026-01-31
2214,1404/11/12,3960000.0,3923000.0,3960000.0,سه‌شنبه,2026-02-01
2215,1404/11/13,4053000.0,4048000.0,4054999.9999999995,چهارشنبه,2026-02-02
2216,1404/11/14,4059000.0,4059000.0,4120000.0,پنج‌شنبه,2026-02-03
2217,1404/11/18,4163999.9999999995,4151000.0,4163999.9999999995,دوشنبه,2026-02-07
2218,1404/11/19,4174000.0000000005,4174000.0000000005,4253000.0,سه‌شنبه,2026-02-08
2219,1404/11/20,4069000.0,4069000.0,4099999.9999999995,چهارشنبه,2026-02-09
2220,1404/11/21,4030000.0000000005,4001000.0000000005,4030000.0000000005,پنج‌شنبه,2026-02-10
2221,1404/11/25,3986000.0,3986000.0,4090000.0,دوشنبه,2026-02-14
2222,1404/11/26,3882000.0,3882000.0,3898000.0,سه‌شنبه,2026-02-15
2223,1404/11/27,3823000.0,3800000.0,3823000.0,چهارشنبه,2026-02-16
2224,1404/11/28,3848000.0,3837000.0,3862000.0,پنج‌شنبه,2026-02-17
2225,1404/11/29,3807000.0,3807000.0,3901000.0,جمعه,2026-02-18
2226,1404/12/02,3704000.0,3704000.0,3711000.0,دوشنبه,2026-02-21
2227,1404/12/03,3618000.0,3612000.0,3618000.0,سه‌شنبه,2026-02-22
2228,1404/12/04,3680000.0,3676000.0,3693000.0,چهارشنبه,2026-02-23
2229,1404/12/05,3652000.0,3627000.0,3662000.0,پنج‌شنبه,2026-02-24
2230,1404/12/06,3714000.0,3671000.0,3722000.0,جمعه,2026-02-25
2231,1404/12/09,3693000.0,3693000.0,3750000.0,دوشنبه,2026-02-28
2232,1405/02/16,3714000.0,3714000.0,3714000.0,جمعه,2026-05-06
2233,1405/02/19,3714000.0,3714000.0,3714000.0,دوشنبه,2026-05-09
2234,1405/02/20,3714000.0,3714000.0,3714000.0,سه‌شنبه,2026-05-10
2235,1405/02/21,3714000.0,3714000.0,3714000.0,چهارشنبه,2026-05-11
2236,1405/02/22,3714000.0,3714000.0,3714000.0,پنج‌شنبه,2026-05-12
2237,1405/02/23,3714000.0,3714000.0,3714000.0,جمعه,2026-05-13
2238,1405/02/26,3714000.0,3714000.0,3714000.0,دوشنبه,2026-05-16
2239,1405/02/27,3714000.0,3714000.0,3714000.0,سه‌شنبه,2026-05-17
2240,1405/02/28,3714000.0,3714000.0,3714000.0,چهارشنبه,2026-05-18
2241,1405/02/29,3716000.0,3687000.0,3717000.0,پنج‌شنبه,2026-05-19
2242,1405/02/30,3761000.0,3749000.0,3761000.0,جمعه,2026-05-20
2243,1405/03/02,3832000.0,3815000.0,3832000.0,دوشنبه,2026-05-23
2244,1405/03/03,3910000.0,3895000.0,3910000.0,سه‌شنبه,2026-05-24
2245,1405/03/04,3993000.0,3975000.0,3994000.0,چهارشنبه,2026-05-25
2246,1405/03/05,4074000.0,4032000.0,4074000.0,پنج‌شنبه,2026-05-26
2247,1405/03/09,4152999.9999999995,4147999.9999999995,4152999.9999999995,دوشنبه,2026-05-30
2248,1405/03/10,4237000.0,4234000.0,4237000.0,سه‌شنبه,2026-05-31
2249,1405/03/11,4300000.0,4300000.0,4315000.0,چهارشنبه,2026-06-01
2250,1405/03/12,4345000.0,4326000.0,4346000.0,پنج‌شنبه,2026-06-02
2251,1405/03/13,4359000.0,4356000.0,4362000.0,جمعه,2026-06-03
2252,1405/03/16,4392000.0,4369000.0,4392000.0,دوشنبه,2026-06-06
2253,1405/03/17,4494000.0,4474000.0,4494000.0,سه‌شنبه,2026-06-07
2254,1405/03/19,4541000.0,4517000.0,4541000.0,پنج‌شنبه,2026-06-09
2255,1405/03/20,4593000.0,4586000.0,4603000.0,جمعه,2026-06-10
2256,1405/03/23,4696000.0,4690000.0,4714000.0,دوشنبه,2026-06-13
2257,1405/03/24,4819000.0,4799000.0,4819000.0,سه‌شنبه,2026-06-14
2258,1405/03/25,4980000.0,4930000.0,4983000.0,چهارشنبه,2026-06-15
2259,1405/03/26,5100000.0,5063000.0,5102000.0,پنج‌شنبه,2026-06-16
2260,1405/03/27,5151000.0,5099000.0,5151000.0,جمعه,2026-06-17
2261,1405/03/30,5160000.0,5160000.0,5241000.0,دوشنبه,2026-06-20
2262,1405/03/31,5126000.0,5126000.0,5154000.0,سه‌شنبه,2026-06-21
2263,1405/04/01,5073000.0,5060000.0,5075000.0,چهارشنبه,2026-06-22
2264,1405/04/02,5161000.0,5161000.0,5187000.0,پنج‌شنبه,2026-06-23
2265,1405/04/06,5176000.0,5176000.0,5232000.0,دوشنبه,2026-06-27
2266,1405/04/07,5076000.0,5075000.0,5079000.0,سه‌شنبه,2026-06-28
2267,1405/04/08,5059000.0,5016000.0,5062000.0,چهارشنبه,2026-06-29
2268,1405/04/09,5128000.0,5128000.0,5163000.0,پنج‌شنبه,2026-06-30
2269,1405/04/10,5187000.0,5128000.0,5187000.0,جمعه,2026-07-01
2270,1405/04/16,5312000.0,5284000.0,5312000.0,پنج‌شنبه,2026-07-07
2271,1405/04/17,5287000.0,5287000.0,5332000.0,جمعه,2026-07-08
2272,1405/04/20,5183000.0,5177000.0,5190000.0,دوشنبه,2026-07-11
2273,1405/04/21,5056000.0,5055000.0,5057000.0,سه‌شنبه,2026-07-12
2274,1405/04/22,4967000.0,4941000.0,4967000.0,چهارشنبه,2026-07-13
2275,1405/04/23,4925000.0,4891000.0,4925000.0,پنج‌شنبه,2026-07-14
2276,1405/04/24,4894000.0,4894000.0,4935000.0,جمعه,2026-07-15
2277,1405/04/27,4777000.0,4773000.0,4787000.0,دوشنبه,2026-07-18
2278,1405/04/28,4756000.0,4732000.0,4756000.0,سه‌شنبه,2026-07-19
2279,1405/04/29,4814000.0,4811000.0,4848000.0,چهارشنبه,2026-07-20
2280,1405/04/30,4888000.0,4873000.0,4888000.0,پنج‌شنبه,2026-07-21
2281,1405/04/31,4884000.0,4884000.0,4909000.0,جمعه,2026-07-22
2282,1405/05/03,4894000.0,4880000.0,4919000.0,دوشنبه,2026-07-25
2283,1405/05/04,5002000.0,4975000.0,5003000.0,سه‌شنبه,2026-07-26
2284,1405/05/05,5052000.0,5046000.0,5062000.0,چهارشنبه,2026-07-27
2285,1405/05/06,5109000.0,5090000.0,5109000.0,پنج‌شنبه,2026-07-28
2286,1405/05/07,5075000.0,5055000.0,5078000.0,جمعه,2026-07-29
2287,1405/05/10,5055000.0,5040000.0,5056000.0,دوشنبه,2026-08-01
2288,1405/05/11,5154000.0,5151000.0,5165000.0,سه‌شنبه,2026-08-02
